Id,Title,RegionCode,ISO3Code,CountryName,Mandate,Type,Coordination,Monitoring,LeadGovernmentAgency,StartYear,OtherTopics,Partner_Gov,Partner_Gov_Details,Partner_Un,Partner_Un_Details,Partner_Ngo,Partner_Ngo_Details,Partner_Donors,Partner_Donors_Details,Partner_National_Ngo,Partner_Nat_Ngo_Details,Partner_Private,Partner_Private_Details,Topics,Policies,Url,Notes
26905,Comité de pilotage de la plateforme multisectorielle de sécurité alimentaire et nutrition au Burundi,AFR,BDI,Burundi,"conduire toutes les initiatives visant à améliorer l situation nutritionnelle au Burundi, fixer les actions prioritaires et les axes de leur mise en oeuvre, mettre sur peid le comité technique SUN/REACH, nalyser et valider le plan d'actiondu comité technique SUN/REACH, superviser la mise en oeuvre des politiques et programmes de sécurité alimentaire et de nutrition dans les secteurs concernés, intégrer les indicateurs de sécurité alimentaire et de nutrition dans tous les plans stratégiques des ministère(es sectoriels, approuver les politiques et les plans sectoriels de sécurité alimentaire et nutritionnelle, inscrire une ligne budgétaire pour la sécurité alimentaire et la nutrition dans le budget de chaque ministère sectoriel, organiser des campagnes d'information et de sensibilisation de la population tant au niveau central que decentralisé",Coordination,Convening nutrition partners|Coordination in development of national nutrition policies and programmes|Coordination in implementation of national nutrition policies and programmes,,President's Office,2014,,"Development|Health|Trade|Food and agriculture|Finance, budget and planning|Environment|Industry|Cabinet/Presidency","2ème Vice Préssidence, ministères (santé, agriculture, commerce-industrie,finance-planifiction,eau-environnement, developemment communal, solidarité-genre-droit de l'homme)|2ème Vice Préssidence, ministères (santé, agriculture, commerce-industrie,finance-planifiction,eau-environnement, developemment communal, solidarité-genre-droit de l'homme)|2ème Vice Préssidence, ministères (santé, agriculture, commerce-industrie,finance-planifiction,eau-environnement, developemment communal, solidarité-genre-droit de l'homme)|2ème Vice Préssidence, ministères (santé, agriculture, commerce-industrie,finance-planifiction,eau-environnement, developemment communal, solidarité-genre-droit de l'homme)|2ème Vice Préssidence, ministères (santé, agriculture, commerce-industrie,finance-planifiction,eau-environnement, developemment communal, solidarité-genre-droit de l'homme)|2ème Vice Préssidence, ministères (santé, agriculture, commerce-industrie,finance-planifiction,eau-environnement, developemment communal, solidarité-genre-droit de l'homme)|2ème Vice Préssidence, ministères (santé, agriculture, commerce-industrie,finance-planifiction,eau-environnement, developemment communal, solidarité-genre-droit de l'homme)|2ème Vice Préssidence, ministères (santé, agriculture, commerce-industrie,finance-planifiction,eau-environnement, developemment communal, solidarité-genre-droit de l'homme)",United Nations Children's Fund (UNICEF),UNICEF (représentant les agences du SNU),,,European Commission (EC)|US Agency for International Development (USAID),"Union européenne, USAID, Pays Bas, GIZ|Union européenne, USAID, Pays Bas, GIZ",National NGOs,,,,"Maternal, infant and young child nutrition|Nutrition in schools|Promotion of healthy diet and prevention of obesity and diet-related NCDs|Vitamin and mineral nutrition|Acute malnutrition|Nutrition sensitive actions",,,<p>This coordination mechanism was reported to the WHO Global Nutrition Policy Review 2016-2017. Country progress in creating enabling policy environments for promoting healthy diets and nutrition. https://www.who.int/nutrition/publications/policies/global_nut_policyreview_2016-2017/en/</p>
26889,Conseil National d'Alimentation et de Nutrition (CAN),AFR,BEN,Benin,,Coordination,Convening nutrition partners,,,2009,,,,,,,,,,National NGOs,,,,,,,<p>This coordination mechanism was reported to the WHO Global Nutrition Policy Review 2016-2017. Country progress in creating enabling policy environments for promoting healthy diets and nutrition. https://www.who.int/nutrition/publications/policies/global_nut_policyreview_2016-2017/en/</p>
26890,Groupe technique de Travail (GTT) survie de l'enfant,AFR,BEN,Benin,,Coordination,Convening nutrition partners,,,2010,,,,,,,,,,National NGOs,,,,,,,<p>This coordination mechanism was reported to the WHO Global Nutrition Policy Review 2016-2017. Country progress in creating enabling policy environments for promoting healthy diets and nutrition. https://www.who.int/nutrition/publications/policies/global_nut_policyreview_2016-2017/en/</p>
26545,Monitoring mechanism for fortification of wheat flour,AFR,BFA,Burkina Faso,,Monitoring,,,,,,,,,,,,,,,,,,Fortification of wheat flour,,,<p>This monitoring mechanism was reported to the WHO Global Nutrition Policy Review 2016-2017. Country progress in creating enabling policy environments for promoting healthy diets and nutrition. https://www.who.int/nutrition/publications/policies/global_nut_policyreview_2016-2017/en/</p>
26546,Monitoring mechanism for fortification of oils and margarine,AFR,BFA,Burkina Faso,,Monitoring,,Monitoring compliance|Public dissemination of monitoring results,,,,,,,,,,,,,,,,Fortification of oils and margarine,,,<p>This monitoring mechanism was reported to the WHO Global Nutrition Policy Review 2016-2017. Country progress in creating enabling policy environments for promoting healthy diets and nutrition. https://www.who.int/nutrition/publications/policies/global_nut_policyreview_2016-2017/en/</p>
26547,Monitoring mechanism for fortification of salt,AFR,BFA,Burkina Faso,,Monitoring,,Monitoring compliance,,,,,,,,,,,,,,,,Fortification of salt,,,<p>This monitoring mechanism was reported to the WHO Global Nutrition Policy Review 2016-2017. Country progress in creating enabling policy environments for promoting healthy diets and nutrition. https://www.who.int/nutrition/publications/policies/global_nut_policyreview_2016-2017/en/</p>
26903,Conseil national de concertation en nutrition,AFR,BFA,Burkina Faso,Coordonner les interventions et intervenants en nutrition,Coordination,Convening nutrition partners|Coordination in implementation of national nutrition policies and programmes,,Ministry of Health,2009,,Health,,,,,,,,National NGOs,,,,"Maternal, infant and young child nutrition|Nutrition in schools|Promotion of healthy diet and prevention of obesity and diet-related NCDs|Vitamin and mineral nutrition|Acute malnutrition|Nutrition and infectious disease|Nutrition sensitive actions",,,<p>This coordination mechanism was reported to the WHO Global Nutrition Policy Review 2016-2017. Country progress in creating enabling policy environments for promoting healthy diets and nutrition. https://www.who.int/nutrition/publications/policies/global_nut_policyreview_2016-2017/en/</p>
26904,Conseil national de la sécurité alimentaire,AFR,BFA,Burkina Faso,Coordonner les interventions et intervenants sur la sécurité alimentaire et nutritionnelle,Coordination,Convening nutrition partners|Coordination in implementation of national nutrition policies and programmes,,Ministry of Agriculture,,,Food and agriculture,,,,,,,,National NGOs,,,,Promotion of healthy diet and prevention of obesity and diet-related NCDs|Nutrition sensitive actions,,,<p>This coordination mechanism was reported to the WHO Global Nutrition Policy Review 2016-2017. Country progress in creating enabling policy environments for promoting healthy diets and nutrition. https://www.who.int/nutrition/publications/policies/global_nut_policyreview_2016-2017/en/</p>
24417,Monitoring through delegated authority of Authorized Officers,AFR,BWA,Botswana,"Mandated to monitor compliance with national legislative or other appropriate measure. Monitoring in: health facilities, media, billboards, retail shops, pharmacies, other (websites, social events).",Monitoring,,Monitoring compliance|Applying sanctions to identified violations,Nutrition and Food Control Division,2005,,Health|Consumer affairs,"Nutrition and Food Control Division, District Health Management Team, Local authorities|Nutrition and Food Control Division, District Health Management Team, Local authorities",United Nations Children's Fund (UNICEF),,Other,IGBM,,,National NGOs,Local Botswana Breast-feeding Association,,,International Code of Marketing of Breast-milk Substitutes,14994,,"Monitoring has been conducted since 2005. It is conducted on a daily basis. The last monitoring exercise reported to WHO in 2014 mainly took place in the Capital - Gaborone.  Monitoring takes place in health facilities, media, retail shops, pharmacies and other (workshops and meetings). Sanctionss were imposed on the violations identified during monitoring, including criminal and administrative sanctions. The responsible agency for imposing sanctions is the Ministry of Health and local authorities. There was a public dissemination of the sanctions."
26895,Rural Development Council (makes decisions on high level food security issues. Not yet consensus on the structure for the nutrition multisectoral platform),AFR,BWA,Botswana,,Coordination,Convening nutrition partners,,,,,,,,,,,,,National NGOs,,,,,,,<p>This coordination mechanism was reported to the WHO Global Nutrition Policy Review 2016-2017. Country progress in creating enabling policy environments for promoting healthy diets and nutrition. https://www.who.int/nutrition/publications/policies/global_nut_policyreview_2016-2017/en/</p>
26929,le Secretariat Technique Permanent (STP-CNN),AFR,CIV,Côte d'Ivoire,,Coordination,Convening nutrition partners,,,2014,,,,,,,,,,National NGOs,,,,,,,<p>This coordination mechanism was reported to the WHO Global Nutrition Policy Review 2016-2017. Country progress in creating enabling policy environments for promoting healthy diets and nutrition. https://www.who.int/nutrition/publications/policies/global_nut_policyreview_2016-2017/en/</p>
26911,Nutrition Technical Working Group,AFR,CMR,Cameroon,,Coordination,Convening nutrition partners,,Ministry of Health,2015,,Health,,,,,,,,National NGOs,,,,,,,<p>This coordination mechanism was reported to the WHO Global Nutrition Policy Review 2016-2017. Country progress in creating enabling policy environments for promoting healthy diets and nutrition. https://www.who.int/nutrition/publications/policies/global_nut_policyreview_2016-2017/en/</p>
26912,"Comité Interministériel de lutte contre la Malnutrition à EST, Nord, Adamaoua et Extreme-Nord",AFR,CMR,Cameroon,,Coordination,Convening nutrition partners,,,2014,,,,,,,,,,National NGOs,,,,,,,<p>This coordination mechanism was reported to the WHO Global Nutrition Policy Review 2016-2017. Country progress in creating enabling policy environments for promoting healthy diets and nutrition. https://www.who.int/nutrition/publications/policies/global_nut_policyreview_2016-2017/en/</p>
26571,Controle aux frontières et aux marchés,AFR,COD,Democratic Republic of the Congo,,Monitoring,,Public dissemination of monitoring results|Applying sanctions to identified violations|Monitoring compliance,Office congolais de controle,1991,,Other,,,,,,,,,,,,Fortification of salt,,,<p>This monitoring mechanism was reported to the WHO Global Nutrition Policy Review 2016-2017. Country progress in creating enabling policy environments for promoting healthy diets and nutrition. https://www.who.int/nutrition/publications/policies/global_nut_policyreview_2016-2017/en/</p>
26572,COMMISSION NATIONALE DE FORTIFICATION DES ALIMENTS (CNFA),AFR,COG,Congo,,Monitoring,,Monitoring compliance|Applying sanctions to identified violations|Public dissemination of monitoring results|Public dissemination of sanctions applied,,2016,,,,,,,,,,,,,,Fortification of oils and margarine|Fortification of sugar|Fortification of wheat flour,,,"<p>Le gouvernement a créé, par décret n°2012-674 du 24 mai 2012, un cadre institutionnel multisectoriel et multi acteurs qu’est la commission nationale pour la fortification des aliments</p><p></p><p>This monitoring mechanism was reported to the WHO Global Nutrition Policy Review 2016-2017. Country progress in creating enabling policy environments for promoting healthy diets and nutrition. https://www.who.int/nutrition/publications/policies/global_nut_policyreview_2016-2017/en/</p>"
26923,Comite national et comites de parlementaux pour la serveillance du sel de cuisine,AFR,COG,Congo,"<p>Les attributions de la CNFA sont définies dans l’article 2 du décret, en ce qu’elle est chargée, notamment, de :</p><p>-{tab}définir les normes en matière de fortification des aliments ;</p><p>-{tab}proposer au gouvernement les mesures réglementaires devant régir la production, l’importation, la commercialisation et le transit des aliments fortifiés;</p><p>-{tab}élaborer et mettre en œuvre un plan de communication et de marketing social pour la promotion de la consommation des aliments fortifiés ;</p><p>-{tab}définir les mécanismes de contrôle de qualité de la conformité a la norme des aliments fortifiés en vitamines et minéraux, commercialisés en République du Congo ;</p><p>-{tab}susciter et entretenir l’engagement du Gouvernement, des industriels et des partenaires au développement, pour assurer le soutien institutionnel, matériel et financier nécessaire pour garantir la pérennité du processus national de fortification des aliments ;</p><p>-{tab}proposer des plans d’action et des mécanismes de mobilisation des ressources requises pour leur exécution ;</p><p>-{tab}développer et mettre en œuvre un plan de recherche sur la fortification des aliments en vitamines et minéraux ;</p><p>-{tab}suivre et évaluer la mise en œuvre du processus national pour la fortification des aliments.</p>",Coordination,Convening nutrition partners|Coordination in development of national nutrition policies and programmes|Coordination in monitoring of national nutrition policies and programmes,,"Ministry of Planning, Ministry of Health, Ministry of Agriculture, Ministry of Education",,,"Trade|Health|Education and research|Finance, budget and planning|Food and agriculture|Industry","Health, Agriculture, Trade, Industry|Health, Agriculture, Trade, Industry|Health, Agriculture, Trade, Industry|Health, Agriculture, Trade, Industry|Health, Agriculture, Trade, Industry|Health, Agriculture, Trade, Industry",,,,,,,National NGOs,,,,"Maternal, infant and young child nutrition|Nutrition in schools|Promotion of healthy diet and prevention of obesity and diet-related NCDs|Vitamin and mineral nutrition|Acute malnutrition|Nutrition and infectious disease|Nutrition sensitive actions",,,<p>This coordination mechanism was reported to the WHO Global Nutrition Policy Review 2016-2017. Country progress in creating enabling policy environments for promoting healthy diets and nutrition. https://www.who.int/nutrition/publications/policies/global_nut_policyreview_2016-2017/en/</p>
26924,Point focal SUN,AFR,COG,Congo,Coordonner la réponse multi sectorielles aux problèmes de malnutrition et des carences en micronutriments,Coordination,Convening nutrition partners,,President's Office,2010,,Cabinet/Presidency,,,,,,,,National NGOs,,,,"Maternal, infant and young child nutrition|Nutrition in schools|Promotion of healthy diet and prevention of obesity and diet-related NCDs|Vitamin and mineral nutrition|Acute malnutrition|Nutrition and infectious disease|Nutrition sensitive actions",,,<p>This coordination mechanism was reported to the WHO Global Nutrition Policy Review 2016-2017. Country progress in creating enabling policy environments for promoting healthy diets and nutrition. https://www.who.int/nutrition/publications/policies/global_nut_policyreview_2016-2017/en/</p>
26938,Coordintaion nationale de nutrition,AFR,COG,Congo,Coodonner les interventions et les intervenants en matière de nutrition,Coordination,Convening nutrition partners,,Ministry of Health,2000,,Health,,,,,,,,National NGOs,,,,"Maternal, infant and young child nutrition|Vitamin and mineral nutrition|Acute malnutrition|Nutrition and infectious disease|Nutrition sensitive actions",,,<p>This coordination mechanism was reported to the WHO Global Nutrition Policy Review 2016-2017. Country progress in creating enabling policy environments for promoting healthy diets and nutrition. https://www.who.int/nutrition/publications/policies/global_nut_policyreview_2016-2017/en/</p>
26939,Mouvement SUN,AFR,COG,Congo,Mettre la nutrition au centre des priorités de tous les secteurs,Coordination,Convening nutrition partners,,Prime Minister's Office,2013,,Cabinet/Presidency,,,,,,,,National NGOs,,,,"Maternal, infant and young child nutrition|Nutrition in schools|Promotion of healthy diet and prevention of obesity and diet-related NCDs|Vitamin and mineral nutrition|Acute malnutrition|Nutrition and infectious disease|Nutrition sensitive actions",,,<p>This coordination mechanism was reported to the WHO Global Nutrition Policy Review 2016-2017. Country progress in creating enabling policy environments for promoting healthy diets and nutrition. https://www.who.int/nutrition/publications/policies/global_nut_policyreview_2016-2017/en/</p>
26940,Task force SRMNEA,AFR,COG,Congo,"Coordonner les interventions et les intervenants impliqués dans la santé de la mère, du nouveau-né, de l'enfant et de l'adolescent et la nutrition",Coordination,Convening nutrition partners|Coordination in implementation of national nutrition policies and programmes,,Ministry of Health,2010,,Health,,,,,,,,National NGOs,,,,"Maternal, infant and young child nutrition",,,<p>This coordination mechanism was reported to the WHO Global Nutrition Policy Review 2016-2017. Country progress in creating enabling policy environments for promoting healthy diets and nutrition. https://www.who.int/nutrition/publications/policies/global_nut_policyreview_2016-2017/en/</p>
26941,National Multisectoral Nutrition Committee (CNMN),AFR,COG,Congo,,Coordination,Convening nutrition partners,,,2015,,,,,,,,,,National NGOs,,,,,,,<p>This coordination mechanism was reported to the WHO Global Nutrition Policy Review 2016-2017. Country progress in creating enabling policy environments for promoting healthy diets and nutrition. https://www.who.int/nutrition/publications/policies/global_nut_policyreview_2016-2017/en/</p>
26573,Surveillance du sel iode dans les commerces,AFR,COM,Comoros,,Monitoring,,Applying sanctions to identified violations,Ministère économie,1998,,Trade,,,,,,,,,,,,Fortification of salt,,,<p>This monitoring mechanism was reported to the WHO Global Nutrition Policy Review 2016-2017. Country progress in creating enabling policy environments for promoting healthy diets and nutrition. https://www.who.int/nutrition/publications/policies/global_nut_policyreview_2016-2017/en/</p>
26922,Plate forme multisectorielle sur l'alimenttaion et de lanutrition,AFR,COM,Comoros,"Assurer la coordination de toutes les activités relatives à la nutrition, la gouvernance ,le plaidoyer et la mobilisation des ressources",Coordination,Convening nutrition partners|Coordination in implementation of national nutrition policies and programmes,,Ministry of Health,,"nutrition en situation d'urgence,",Education and research|Health,"Ministèrse de la santé, de la Production, de l'économie, comissariat au plan, éducation|Ministèrse de la santé, de la Production, de l'économie, comissariat au plan, éducation",World Health Organization (WHO)|United Nations Children's Fund (UNICEF),"OMS, UNICEF|OMS, UNICEF",,,Japan International Co-operation Agency (JICA),"AFD, JICA",National NGOs,,,,"Maternal, infant and young child nutrition|Nutrition in schools|Promotion of healthy diet and prevention of obesity and diet-related NCDs|Vitamin and mineral nutrition|Acute malnutrition|Nutrition and infectious disease|Nutrition sensitive actions",,,<p>This coordination mechanism was reported to the WHO Global Nutrition Policy Review 2016-2017. Country progress in creating enabling policy environments for promoting healthy diets and nutrition. https://www.who.int/nutrition/publications/policies/global_nut_policyreview_2016-2017/en/</p>
24419,formulaire de suivi du code CSLM (formulaire standard rapide et facile),AFR,CPV,Cabo Verde,"Mandated to monitor compliance with national legislative or other appropriate measure. Monitoring in: health facilities, retail shops, pharmacies.",Monitoring,,Monitoring compliance,Programme national de nutrition - Direction Nationale de la Santé,,,Health|Other,"Programme national de nutrition - Direction Nationale de la Santé, délégations de santé, agence de regulation (IGAE, ARFA)|Programme national de nutrition - Direction Nationale de la Santé, délégations de santé, agence de regulation (IGAE, ARFA)",,,,,,,,,,,International Code of Marketing of Breast-milk Substitutes,15000|15001,,"Monitoring has been conducted since 2014. The last monitoring exercise reported to WHO in 2014 took place in 2014, in all health facilities/delegations."
26574,Monitoring mechanism for standards or rules for foods and beverages available in schools: Mecanismos administrativos (relatórios e visitas de seguimento) e legais (lei e regulamento),AFR,CPV,Cabo Verde,,Monitoring,,Applying sanctions to identified violations|Public dissemination of monitoring results|Monitoring compliance,"Fundação Caboverdiana de Ação Social Escolar - FICASE, tutelado pelo Ministério de Educação",2009,,Education and research,,,,,,,,,,,,Standards or rules for foods and beverages available in schools,,,<p>This monitoring mechanism was reported to the WHO Global Nutrition Policy Review 2016-2017. Country progress in creating enabling policy environments for promoting healthy diets and nutrition. https://www.who.int/nutrition/publications/policies/global_nut_policyreview_2016-2017/en/</p>
26575,Monitoring mechanism for fortification of salt: Practical Guide to follow the consumption of iodized salt strategy in Cape Verde,AFR,CPV,Cabo Verde,,Monitoring,,Monitoring compliance|Public dissemination of monitoring results|Applying sanctions to identified violations|Public dissemination of sanctions applied,Ministry of Health,2003,,Health|Food and agriculture,"Ministry of Agriculture, Ministry of Economy|Ministry of Agriculture, Ministry of Economy",United Nations Children's Fund (UNICEF),,,,,,,,,,Fortification of salt,,,<p>This monitoring mechanism was reported to the WHO Global Nutrition Policy Review 2016-2017. Country progress in creating enabling policy environments for promoting healthy diets and nutrition. https://www.who.int/nutrition/publications/policies/global_nut_policyreview_2016-2017/en/</p>
26914,PNAN M&E,AFR,CPV,Cabo Verde,To do the Food and Nutrition National Plan Monitoring and Evaluation,Coordination,Convening nutrition partners|Coordination in monitoring of national nutrition policies and programmes,,Ministry of Health,2015,,Sub-national|Health,Central and Local|Central and Local,,,,,,,National NGOs,,,,"Maternal, infant and young child nutrition|Nutrition in schools|Promotion of healthy diet and prevention of obesity and diet-related NCDs|Vitamin and mineral nutrition|Acute malnutrition|Nutrition and infectious disease|Nutrition sensitive actions",,,<p>This coordination mechanism was reported to the WHO Global Nutrition Policy Review 2016-2017. Country progress in creating enabling policy environments for promoting healthy diets and nutrition. https://www.who.int/nutrition/publications/policies/global_nut_policyreview_2016-2017/en/</p>
26943,National Program of Nutrition,EMR,DJI,Djibouti,,Coordination,Convening nutrition partners,,,2006,,,,,,,,,,National NGOs,,,,,,,<p>This coordination mechanism was reported to the WHO Global Nutrition Policy Review 2016-2017. Country progress in creating enabling policy environments for promoting healthy diets and nutrition. https://www.who.int/nutrition/publications/policies/global_nut_policyreview_2016-2017/en/</p>
26672,Eritrean Standards Institute (ESI),AFR,ERI,Eritrea,,Monitoring,,Monitoring compliance,Ministry of Trade and Industry,1994,,Industry|Health|Trade,"Ministry of Trade and Industry, Ministry of Health|Ministry of Trade and Industry, Ministry of Health|Ministry of Trade and Industry, Ministry of Health",United Nations Children's Fund (UNICEF)|World Health Organization (WHO),,,,,,,,,,Fortification of salt|Fortification of wheat flour,,,<p>Fortification of salt is monitored since 1996.<br />Fortification of wheat flour is monitored since 1994.</p><p></p><p>This monitoring mechanism was reported to the WHO Global Nutrition Policy Review 2016-2017. Country progress in creating enabling policy environments for promoting healthy diets and nutrition. https://www.who.int/nutrition/publications/policies/global_nut_policyreview_2016-2017/en/</p>
26959,National Health and Nutrition Coordination Committee,AFR,ERI,Eritrea,"They are responsible for the development of nutrition policy and strategic plan of action, resource mobilization and advocacy, coordination of implementation, monitoring and evaluation.",Coordination,Convening nutrition partners|Coordination in development of national nutrition policies and programmes|Coordination in implementation of national nutrition policies and programmes|Coordination in monitoring of national nutrition policies and programmes,,Ministry of Health,1995,,Health|Food and agriculture,"MOH, MOA,|MOH, MOA,",United Nations Children's Fund (UNICEF)|World Health Organization (WHO)|United Nations Population Fund (UNFPA),"UNICEF, WHO, UNFPA, FAO,|UNICEF, WHO, UNFPA, FAO,|UNICEF, WHO, UNFPA, FAO,",,,European Commission (EC),"Italian Cooperation, European Union,",National NGOs,,,,"Maternal, infant and young child nutrition|Nutrition in schools|Promotion of healthy diet and prevention of obesity and diet-related NCDs|Vitamin and mineral nutrition|Acute malnutrition|Nutrition and infectious disease|Nutrition sensitive actions",,,<p>This coordination mechanism was reported to the WHO Global Nutrition Policy Review 2016-2017. Country progress in creating enabling policy environments for promoting healthy diets and nutrition. https://www.who.int/nutrition/publications/policies/global_nut_policyreview_2016-2017/en/</p>
26960,Child Survival Working Group,AFR,ETH,Ethiopia,,Coordination,Convening nutrition partners,,Ministry of Health,,,Health,,,,,,,,National NGOs,,,,,,,<p>This coordination mechanism was reported to the WHO Global Nutrition Policy Review 2016-2017. Country progress in creating enabling policy environments for promoting healthy diets and nutrition. https://www.who.int/nutrition/publications/policies/global_nut_policyreview_2016-2017/en/</p>
26961,Nutrition Technical Working Group,AFR,ETH,Ethiopia,,Coordination,Convening nutrition partners,,Ministry of Health,,,Health,,,,,,,,National NGOs,,,,,,,<p>This coordination mechanism was reported to the WHO Global Nutrition Policy Review 2016-2017. Country progress in creating enabling policy environments for promoting healthy diets and nutrition. https://www.who.int/nutrition/publications/policies/global_nut_policyreview_2016-2017/en/</p>
26962,Emergency Health and Nutrition Taskforce,AFR,ETH,Ethiopia,,Coordination,Convening nutrition partners,,Ministry of Health,,,Health,,,,,,,,National NGOs,,,,,,,<p>This coordination mechanism was reported to the WHO Global Nutrition Policy Review 2016-2017. Country progress in creating enabling policy environments for promoting healthy diets and nutrition. https://www.who.int/nutrition/publications/policies/global_nut_policyreview_2016-2017/en/</p>
26963,Multi-Agency Nutrition Task Force (Nutrition Cluster),AFR,ETH,Ethiopia,,Coordination,Convening nutrition partners,,Ministry of Agriculture,,,Food and agriculture,,,,,,,,National NGOs,,,,,,,<p>This coordination mechanism was reported to the WHO Global Nutrition Policy Review 2016-2017. Country progress in creating enabling policy environments for promoting healthy diets and nutrition. https://www.who.int/nutrition/publications/policies/global_nut_policyreview_2016-2017/en/</p>
26964,Multisectoral Nutrition Coordination,AFR,ETH,Ethiopia,,Coordination,Convening nutrition partners,,Ministry of Health,,,Health,,,,,,,,National NGOs,,,,,,,<p>This coordination mechanism was reported to the WHO Global Nutrition Policy Review 2016-2017. Country progress in creating enabling policy environments for promoting healthy diets and nutrition. https://www.who.int/nutrition/publications/policies/global_nut_policyreview_2016-2017/en/</p>
26585,Post-market Surveillance,AFR,GHA,Ghana,,Monitoring,,Monitoring compliance|Applying sanctions to identified violations,"Food and Drugs Authority, Environment Health Directorate",2007,,Health|Food and agriculture,,,,Global Alliance for Improved Nutrition (GAIN),,,,,,,,Fortification of oils and margarine|Fortification of salt|Fortification of wheat flour,,,<p>This monitoring mechanism was reported to the WHO Global Nutrition Policy Review 2016-2017. Country progress in creating enabling policy environments for promoting healthy diets and nutrition. https://www.who.int/nutrition/publications/policies/global_nut_policyreview_2016-2017/en/</p>
26974,Cross Sector Planning Group,AFR,GHA,Ghana,Coordinate Multi-sector Nutrition Policy Implementation,Coordination,Convening nutrition partners|Coordination in implementation of national nutrition policies and programmes,,Ministry of Planning,2012,,"Food and agriculture|Finance, budget and planning|Health|Education and research","Health, Agriculture, Education,|Health, Agriculture, Education,|Health, Agriculture, Education,|Health, Agriculture, Education,",,,,,,,National NGOs,,,,"Maternal, infant and young child nutrition|Nutrition in schools|Promotion of healthy diet and prevention of obesity and diet-related NCDs|Vitamin and mineral nutrition|Acute malnutrition|Nutrition and infectious disease|Nutrition sensitive actions",,,<p>This coordination mechanism was reported to the WHO Global Nutrition Policy Review 2016-2017. Country progress in creating enabling policy environments for promoting healthy diets and nutrition. https://www.who.int/nutrition/publications/policies/global_nut_policyreview_2016-2017/en/</p>
26975,National Nutrition Partners Coordination Committee,AFR,GHA,Ghana,Platform set up within the Health Sector to coordinate nutrition activities of all key partners,Coordination,Convening nutrition partners|Coordination in implementation of national nutrition policies and programmes,,Ministry of Health,2011,,Health,,,,,,,,National NGOs,,,,"Maternal, infant and young child nutrition|Nutrition in schools|Promotion of healthy diet and prevention of obesity and diet-related NCDs|Vitamin and mineral nutrition|Acute malnutrition|Nutrition and infectious disease|Nutrition sensitive actions",,,<p>This coordination mechanism was reported to the WHO Global Nutrition Policy Review 2016-2017. Country progress in creating enabling policy environments for promoting healthy diets and nutrition. https://www.who.int/nutrition/publications/policies/global_nut_policyreview_2016-2017/en/</p>
26976,Regional Nutrition Coordinating Committees,AFR,GHA,Ghana,Coordination of nutrition activities at the regional level (currently functional in 3 regions),Coordination,Convening nutrition partners|Coordination in implementation of national nutrition policies and programmes,,,2013,,Sub-national,Regional Coordination Council,,,,,US Agency for International Development (USAID),USAID Funded Projects,National NGOs,,,,"Maternal, infant and young child nutrition|Nutrition in schools|Promotion of healthy diet and prevention of obesity and diet-related NCDs|Vitamin and mineral nutrition|Acute malnutrition|Nutrition and infectious disease|Nutrition sensitive actions",,,<p>This coordination mechanism was reported to the WHO Global Nutrition Policy Review 2016-2017. Country progress in creating enabling policy environments for promoting healthy diets and nutrition. https://www.who.int/nutrition/publications/policies/global_nut_policyreview_2016-2017/en/</p>
26586,Monitoring mechanism for regulations for foods and beverages allowed in schools,AFR,GIN,Guinea,,Monitoring,,Monitoring compliance,LA PRIMATURE,,,,,United Nations Children's Fund (UNICEF)|World Food Programme (WFP)|World Health Organization (WHO),,Helen Keller International (HKI),,,,,,,,Standards or rules for foods and beverages available in schools,,,<p>This monitoring mechanism was reported to the WHO Global Nutrition Policy Review 2016-2017. Country progress in creating enabling policy environments for promoting healthy diets and nutrition. https://www.who.int/nutrition/publications/policies/global_nut_policyreview_2016-2017/en/</p>
26673,Alliance Nationale pour la Fortification,AFR,GIN,Guinea,,Monitoring,,Monitoring compliance|Applying sanctions to identified violations,"Primature, Division de Nutrition",1998,,Cabinet/Presidency|Health,,,,,,,,,,,,Fortification of oils and margarine|Fortification of salt|Fortification of wheat flour,,,<p>Fortification of salt is monitored since 1998.<br />Fortification of wheat flour is monitored since 2012.</p><p></p><p>This monitoring mechanism was reported to the WHO Global Nutrition Policy Review 2016-2017. Country progress in creating enabling policy environments for promoting healthy diets and nutrition. https://www.who.int/nutrition/publications/policies/global_nut_policyreview_2016-2017/en/</p>
26983,Comite technique multisectoriel de Nutrition,AFR,GIN,Guinea,"<p>Élaborer le plan multisectoriel de nutrition ,</p><p>Elaborer le plan et la politique d'alimentation et nutrition</p><p>Faire le plaidoyer pour le financement</p><p>Veiller à la mise en oeuvre du plan stratégique multisectorielle</p><p>Faire le suivi et l’évaluation du plan</p><p>Veiller à la fonctionnalité de différentes plateformes du plan </p><p>Veiller à la régularité des réunions multisectorielles</p><p>Faire le plaidoyer pour l'obtention d'une ligne budgétaire</p>",Coordination,Convening nutrition partners|Coordination in development of national nutrition policies and programmes|Coordination in implementation of national nutrition policies and programmes,,President's Office,2013,,Cabinet/Presidency,,,,,,,,National NGOs,,,,"Maternal, infant and young child nutrition|Nutrition in schools|Promotion of healthy diet and prevention of obesity and diet-related NCDs|Vitamin and mineral nutrition|Acute malnutrition|Nutrition and infectious disease|Nutrition sensitive actions",,Non,<p>This coordination mechanism was reported to the WHO Global Nutrition Policy Review 2016-2017. Country progress in creating enabling policy environments for promoting healthy diets and nutrition. https://www.who.int/nutrition/publications/policies/global_nut_policyreview_2016-2017/en/</p>
26984,Comité Technique de Nutrition,AFR,GNB,Guinea-Bissau,,Coordination,Convening nutrition partners,,,2014,,,,,,,,,,National NGOs,,,,,,Non existe,<p>This coordination mechanism was reported to the WHO Global Nutrition Policy Review 2016-2017. Country progress in creating enabling policy environments for promoting healthy diets and nutrition. https://www.who.int/nutrition/publications/policies/global_nut_policyreview_2016-2017/en/</p>
26587,Food Quality and Safety Authority,AFR,GMB,Gambia,,Monitoring,,Monitoring compliance,Food Quality and Safety Authority,2012,,Food and agriculture|Health,"NaNA, Ministry of Health and Social Welfare|NaNA, Ministry of Health and Social Welfare",World Food Programme (WFP)|United Nations Children's Fund (UNICEF)|World Health Organization (WHO),,,,,,,,,,Standards or rules for foods and beverages available in schools,,,<p>This monitoring mechanism was reported to the WHO Global Nutrition Policy Review 2016-2017. Country progress in creating enabling policy environments for promoting healthy diets and nutrition. https://www.who.int/nutrition/publications/policies/global_nut_policyreview_2016-2017/en/</p>
26588,Code and breastfeeding promotion regulation monitoring,AFR,GMB,Gambia,,Monitoring,,Monitoring compliance,"NaNA, MOHSW and now Food Quality and Safety Authority (FSQA)",2006,,Food and agriculture|Health,,,,,,,,,,,,Regulating marketing of unhealthy foods and beverages to children,,,<p>This monitoring mechanism was reported to the WHO Global Nutrition Policy Review 2016-2017. Country progress in creating enabling policy environments for promoting healthy diets and nutrition. https://www.who.int/nutrition/publications/policies/global_nut_policyreview_2016-2017/en/</p>
26589,National IDD Control,AFR,GMB,Gambia,,Monitoring,,Monitoring compliance,"NaNA, MOHSW and now FSQA",2007,,Health,,United Nations Children's Fund (UNICEF),,,,,,,,,,Fortification of salt,,,<p>This monitoring mechanism was reported to the WHO Global Nutrition Policy Review 2016-2017. Country progress in creating enabling policy environments for promoting healthy diets and nutrition. https://www.who.int/nutrition/publications/policies/global_nut_policyreview_2016-2017/en/</p>
26971,National Nutrition Council,AFR,GMB,Gambia,"<p>Ensuring political commitment to nutrition security</p><p>, Ensuring overall policy implementation and review</p><p>, Advocating for increased support for nutrition</p>",Coordination,Convening nutrition partners|Coordination in implementation of national nutrition policies and programmes,,Prime Minister's Office,2010,,"Sport|Sub-national|Women, children, families|Cabinet/Presidency|Food and agriculture|Finance, budget and planning|Health|Education and research|Trade|Social welfare","Vice President and Minister of Women’s Affairs (Chairperson), Minister of Health and Social Welfare, Minister of Fisheries, Minister of Agriculture, Minister of Basic and Secondary Education, Minister of Finance, Minister of Trade, Employment and Regional Integration, Minister of Local Government and Lands, Minister of Higher Education, Research, Science and Technology, Minister of Youth and Sports, Chairperson - NaNA Board, Executive Director - NaNA (Secretary)|Vice President and Minister of Women’s Affairs (Chairperson), Minister of Health and Social Welfare, Minister of Fisheries, Minister of Agriculture, Minister of Basic and Secondary Education, Minister of Finance, Minister of Trade, Employment and Regional Integration, Minister of Local Government and Lands, Minister of Higher Education, Research, Science and Technology, Minister of Youth and Sports, Chairperson - NaNA Board, Executive Director - NaNA (Secretary)|Vice President and Minister of Women’s Affairs (Chairperson), Minister of Health and Social Welfare, Minister of Fisheries, Minister of Agriculture, Minister of Basic and Secondary Education, Minister of Finance, Minister of Trade, Employment and Regional Integration, Minister of Local Government and Lands, Minister of Higher Education, Research, Science and Technology, Minister of Youth and Sports, Chairperson - NaNA Board, Executive Director - NaNA (Secretary)|Vice President and Minister of Women’s Affairs (Chairperson), Minister of Health and Social Welfare, Minister of Fisheries, Minister of Agriculture, Minister of Basic and Secondary Education, Minister of Finance, Minister of Trade, Employment and Regional Integration, Minister of Local Government and Lands, Minister of Higher Education, Research, Science and Technology, Minister of Youth and Sports, Chairperson - NaNA Board, Executive Director - NaNA (Secretary)|Vice President and Minister of Women’s Affairs (Chairperson), Minister of Health and Social Welfare, Minister of Fisheries, Minister of Agriculture, Minister of Basic and Secondary Education, Minister of Finance, Minister of Trade, Employment and Regional Integration, Minister of Local Government and Lands, Minister of Higher Education, Research, Science and Technology, Minister of Youth and Sports, Chairperson - NaNA Board, Executive Director - NaNA (Secretary)|Vice President and Minister of Women’s Affairs (Chairperson), Minister of Health and Social Welfare, Minister of Fisheries, Minister of Agriculture, Minister of Basic and Secondary Education, Minister of Finance, Minister of Trade, Employment and Regional Integration, Minister of Local Government and Lands, Minister of Higher Education, Research, Science and Technology, Minister of Youth and Sports, Chairperson - NaNA Board, Executive Director - NaNA (Secretary)|Vice President and Minister of Women’s Affairs (Chairperson), Minister of Health and Social Welfare, Minister of Fisheries, Minister of Agriculture, Minister of Basic and Secondary Education, Minister of Finance, Minister of Trade, Employment and Regional Integration, Minister of Local Government and Lands, Minister of Higher Education, Research, Science and Technology, Minister of Youth and Sports, Chairperson - NaNA Board, Executive Director - NaNA (Secretary)|Vice President and Minister of Women’s Affairs (Chairperson), Minister of Health and Social Welfare, Minister of Fisheries, Minister of Agriculture, Minister of Basic and Secondary Education, Minister of Finance, Minister of Trade, Employment and Regional Integration, Minister of Local Government and Lands, Minister of Higher Education, Research, Science and Technology, Minister of Youth and Sports, Chairperson - NaNA Board, Executive Director - NaNA (Secretary)|Vice President and Minister of Women’s Affairs (Chairperson), Minister of Health and Social Welfare, Minister of Fisheries, Minister of Agriculture, Minister of Basic and Secondary Education, Minister of Finance, Minister of Trade, Employment and Regional Integration, Minister of Local Government and Lands, Minister of Higher Education, Research, Science and Technology, Minister of Youth and Sports, Chairperson - NaNA Board, Executive Director - NaNA (Secretary)|Vice President and Minister of Women’s Affairs (Chairperson), Minister of Health and Social Welfare, Minister of Fisheries, Minister of Agriculture, Minister of Basic and Secondary Education, Minister of Finance, Minister of Trade, Employment and Regional Integration, Minister of Local Government and Lands, Minister of Higher Education, Research, Science and Technology, Minister of Youth and Sports, Chairperson - NaNA Board, Executive Director - NaNA (Secretary)",,,,,,,National NGOs,,,,"Maternal, infant and young child nutrition|Nutrition in schools|Promotion of healthy diet and prevention of obesity and diet-related NCDs|Vitamin and mineral nutrition|Acute malnutrition|Nutrition and infectious disease|Nutrition sensitive actions",,,<p>This coordination mechanism was reported to the WHO Global Nutrition Policy Review 2016-2017. Country progress in creating enabling policy environments for promoting healthy diets and nutrition. https://www.who.int/nutrition/publications/policies/global_nut_policyreview_2016-2017/en/</p>
26972,Nutrition Technical Advisory Committee,AFR,GMB,Gambia,<p>Provide technical support to NaNA and ensure sectoral and institutional linkages and collaboration</p><p>Acts as the Scaling Up of Nutrition National Platform</p>,Coordination,Convening nutrition partners,,,2011,,"Finance, budget and planning|Food and agriculture|Sub-national|Social welfare|Trade|Education and research|Health","NaNA,, Minister of Health and Social Welfare, Minister of Fisheries , Minister of Agriculture, Minister of Basic and Secondary Education, Minister of Finance , Minister of Trade, Employment and Regional Integration, Minister of Local Government and Lands , Minister of Higher Education, Research, Science and Technology|NaNA,, Minister of Health and Social Welfare, Minister of Fisheries , Minister of Agriculture, Minister of Basic and Secondary Education, Minister of Finance , Minister of Trade, Employment and Regional Integration, Minister of Local Government and Lands , Minister of Higher Education, Research, Science and Technology|NaNA,, Minister of Health and Social Welfare, Minister of Fisheries , Minister of Agriculture, Minister of Basic and Secondary Education, Minister of Finance , Minister of Trade, Employment and Regional Integration, Minister of Local Government and Lands , Minister of Higher Education, Research, Science and Technology|NaNA,, Minister of Health and Social Welfare, Minister of Fisheries , Minister of Agriculture, Minister of Basic and Secondary Education, Minister of Finance , Minister of Trade, Employment and Regional Integration, Minister of Local Government and Lands , Minister of Higher Education, Research, Science and Technology|NaNA,, Minister of Health and Social Welfare, Minister of Fisheries , Minister of Agriculture, Minister of Basic and Secondary Education, Minister of Finance , Minister of Trade, Employment and Regional Integration, Minister of Local Government and Lands , Minister of Higher Education, Research, Science and Technology|NaNA,, Minister of Health and Social Welfare, Minister of Fisheries , Minister of Agriculture, Minister of Basic and Secondary Education, Minister of Finance , Minister of Trade, Employment and Regional Integration, Minister of Local Government and Lands , Minister of Higher Education, Research, Science and Technology|NaNA,, Minister of Health and Social Welfare, Minister of Fisheries , Minister of Agriculture, Minister of Basic and Secondary Education, Minister of Finance , Minister of Trade, Employment and Regional Integration, Minister of Local Government and Lands , Minister of Higher Education, Research, Science and Technology",World Health Organization (WHO)|World Food Programme (WFP)|United Nations Children's Fund (UNICEF),"UNICEF, WHO, FAO, WFP|UNICEF, WHO, FAO, WFP|UNICEF, WHO, FAO, WFP",,,,,National NGOs,,,,"Maternal, infant and young child nutrition|Nutrition in schools|Promotion of healthy diet and prevention of obesity and diet-related NCDs|Vitamin and mineral nutrition|Acute malnutrition|Nutrition and infectious disease|Nutrition sensitive actions",,,<p>This coordination mechanism was reported to the WHO Global Nutrition Policy Review 2016-2017. Country progress in creating enabling policy environments for promoting healthy diets and nutrition. https://www.who.int/nutrition/publications/policies/global_nut_policyreview_2016-2017/en/</p>
26973,Regional Technical Advisory Committee,AFR,GMB,Gambia,Effective coordination and monitoring of nutrition and nutrition related interventions.,Coordination,Convening nutrition partners|Coordination in monitoring of national nutrition policies and programmes,,,2011,,Sub-national,"Heads of Government Departments and Agencies in the region, Ministry of Lands and Regional Governement",,,,,,,National NGOs,,,,"Maternal, infant and young child nutrition|Nutrition in schools|Promotion of healthy diet and prevention of obesity and diet-related NCDs|Vitamin and mineral nutrition|Acute malnutrition|Nutrition and infectious disease|Nutrition sensitive actions",,,<p>This coordination mechanism was reported to the WHO Global Nutrition Policy Review 2016-2017. Country progress in creating enabling policy environments for promoting healthy diets and nutrition. https://www.who.int/nutrition/publications/policies/global_nut_policyreview_2016-2017/en/</p>
24425,National Committee on Infants and Young Child Feeding,AFR,KEN,Kenya,"Mandated to monitor in: health facilities, media, billboards, retail shops, pharmacies, other (children&#39;s homes).",Monitoring,,,Ministry of Health,,,Health,Ministry of Health,,,International Baby Food Action Network (IBFAN),IBFAN Kenya,,,,,,,International Code of Marketing of Breast-milk Substitutes,15022,,"Monitoring has been conducted since  September 2013. The last monitoring exercise reported to WHO in 2014 took place in the location of Nairobi, Muranga, Isiolo, Dadaab. Monitoring is done in health facilities, media and other (companies)."
26601,Food Fortification Monitoring and Evaluation Committee,AFR,KEN,Kenya,,Monitoring,,Public dissemination of monitoring results|Monitoring compliance,Ministry of Health,2013,,Health|Other,"Ministry of Health, Kenya Bureau of Standards|Ministry of Health, Kenya Bureau of Standards",United Nations Children's Fund (UNICEF),,Global Alliance for Improved Nutrition (GAIN)|Nutrition International,,,,,,,,Fortification of oils and margarine,,,<p>This monitoring mechanism was reported to the WHO Global Nutrition Policy Review 2016-2017. Country progress in creating enabling policy environments for promoting healthy diets and nutrition. https://www.who.int/nutrition/publications/policies/global_nut_policyreview_2016-2017/en/</p>
26678,"Food safety unit in Ministry of Health monitoring of the foods, drugs and chemical substances (food labelling, additives and standards)(ammendement) regulation",AFR,KEN,Kenya,,Monitoring,,Applying sanctions to identified violations|Public dissemination of monitoring results|Monitoring compliance,,1978,,Food and agriculture|Other|Health,Kenya Bureau of Standards|Kenya Bureau of Standards|Kenya Bureau of Standards,,,,,,,,,,,Fortification of maize flour|Fortification of salt|Fortification of wheat flour,,,<p>Fortification of salt is monitored since 1978. Fortification of wheat flour and maize flour is monitored since 2012.</p><p></p><p>This monitoring mechanism was reported to the WHO Global Nutrition Policy Review 2016-2017. Country progress in creating enabling policy environments for promoting healthy diets and nutrition. https://www.who.int/nutrition/publications/policies/global_nut_policyreview_2016-2017/en/</p>
26679,Food Fortification Monitoring and Evalaution Committee,AFR,KEN,Kenya,,Monitoring,,Monitoring compliance|Public dissemination of monitoring results,Ministry of Health,2013,,Health|Other,"Ministry of Health, Kenya Bureau of Standards|Ministry of Health, Kenya Bureau of Standards",United Nations Children's Fund (UNICEF),,Global Alliance for Improved Nutrition (GAIN)|Nutrition International,,,,,,,,Fortification of oils and margarine,,,<p>This monitoring mechanism was reported to the WHO Global Nutrition Policy Review 2016-2017. Country progress in creating enabling policy environments for promoting healthy diets and nutrition. https://www.who.int/nutrition/publications/policies/global_nut_policyreview_2016-2017/en/</p>
27015,Nutrition inter agency coordinating Committee,AFR,KEN,Kenya,<p>To bring together various stakeholder to discuss matters on nutrition</p><p>. Resource Mobilization and financial tracking</p><p>. Approval of projects and programs</p><p>. Share information</p>,Coordination,Convening nutrition partners|Coordination in development of national nutrition policies and programmes,,Ministry of Health,2006,,Health,,,,,,,,National NGOs,,,,"Maternal, infant and young child nutrition|Nutrition in schools|Promotion of healthy diet and prevention of obesity and diet-related NCDs|Vitamin and mineral nutrition|Acute malnutrition|Nutrition and infectious disease|Nutrition sensitive actions",,,<p>This coordination mechanism was reported to the WHO Global Nutrition Policy Review 2016-2017. Country progress in creating enabling policy environments for promoting healthy diets and nutrition. https://www.who.int/nutrition/publications/policies/global_nut_policyreview_2016-2017/en/</p>
27016,Kenya National Food Fortification Alliance,AFR,KEN,Kenya,<p>Coordination of food fortification program</p><p>Resource mobilization </p><p>Mobilization of private sector</p><p>Information sharing</p>,Coordination,Convening nutrition partners|Coordination in development of national nutrition policies and programmes,,Ministry of Health,2005,Food fortification,Health,,,,,,,,National NGOs,,,,Nutrition sensitive actions,,,<p>This coordination mechanism was reported to the WHO Global Nutrition Policy Review 2016-2017. Country progress in creating enabling policy environments for promoting healthy diets and nutrition. https://www.who.int/nutrition/publications/policies/global_nut_policyreview_2016-2017/en/</p>
27017,Kenya Food Security Steering Group,AFR,KEN,Kenya,<p>Coordinates food security with focus on emergency response and planning</p><p>Mobilizes resources </p><p>Brings stakeholders together</p><p>Conducts short and long rain assessments</p>,Coordination,Convening nutrition partners,,Ministry of Planning,2005,,"Finance, budget and planning",,,,,,,,National NGOs,,,,Acute malnutrition|Nutrition sensitive actions,,,<p>This coordination mechanism was reported to the WHO Global Nutrition Policy Review 2016-2017. Country progress in creating enabling policy environments for promoting healthy diets and nutrition. https://www.who.int/nutrition/publications/policies/global_nut_policyreview_2016-2017/en/</p>
27032,National Nutrition Coordination Committee,AFR,LBR,Liberia,,Coordination,Convening nutrition partners,,,2008,,,,,,,,,,National NGOs,,,,,,,<p>This coordination mechanism was reported to the WHO Global Nutrition Policy Review 2016-2017. Country progress in creating enabling policy environments for promoting healthy diets and nutrition. https://www.who.int/nutrition/publications/policies/global_nut_policyreview_2016-2017/en/</p>
27033,Agriculture Coordination Committee,AFR,LBR,Liberia,,Coordination,Convening nutrition partners,,,2008,,,,,,,,,,National NGOs,,,,Nutrition sensitive actions,,,<p>This coordination mechanism was reported to the WHO Global Nutrition Policy Review 2016-2017. Country progress in creating enabling policy environments for promoting healthy diets and nutrition. https://www.who.int/nutrition/publications/policies/global_nut_policyreview_2016-2017/en/</p>
27034,Scaling Up Nutrition Country Coordination,AFR,LBR,Liberia,,Coordination,Convening nutrition partners,,,2014,,,,,,,,,,National NGOs,,,,,,,<p>This coordination mechanism was reported to the WHO Global Nutrition Policy Review 2016-2017. Country progress in creating enabling policy environments for promoting healthy diets and nutrition. https://www.who.int/nutrition/publications/policies/global_nut_policyreview_2016-2017/en/</p>
27035,National Food Fortification Alliance ,AFR,LBR,Liberia,,Coordination,Convening nutrition partners,,,2012,,,,,,,,,,National NGOs,,,,,,,<p>This coordination mechanism was reported to the WHO Global Nutrition Policy Review 2016-2017. Country progress in creating enabling policy environments for promoting healthy diets and nutrition. https://www.who.int/nutrition/publications/policies/global_nut_policyreview_2016-2017/en/</p>
26605,Micronutrient task force,AFR,LSO,Lesotho,,Monitoring,,Monitoring compliance|Applying sanctions to identified violations,MOH - Environmental health,1980,,Health,"Ministry of Health,Ministry of police, Ministry of home affairs - customs, Prime Minister's Office - FNCO, Ministry of Trade and Industry",United Nations Children's Fund (UNICEF),,,,,,,,,,Fortification of salt,,,<p>This monitoring mechanism was reported to the WHO Global Nutrition Policy Review 2016-2017. Country progress in creating enabling policy environments for promoting healthy diets and nutrition. https://www.who.int/nutrition/publications/policies/global_nut_policyreview_2016-2017/en/</p>
27031,Food and Nutrition Coordinating Office,AFR,LSO,Lesotho,To coordinate all food and nutrition activities within the country,Coordination,Convening nutrition partners|Coordination in implementation of national nutrition policies and programmes,,Prime Minister's Office,1977,"Monitoring, research","Social welfare|Trade|Development|Education and research|Labour|Food and agriculture|Finance, budget and planning|Cabinet/Presidency|Sport|Sub-national|Industry","Ministry of Heath, Agriculture and food security, Education and training, Trade and industry, Small business development cooperatives and marketing, local government and chiftainship, Finance, Development planning, Social development, Gender, youth and sports, Water, Forestry and land reclamation, Labour and emplyment|Ministry of Heath, Agriculture and food security, Education and training, Trade and industry, Small business development cooperatives and marketing, local government and chiftainship, Finance, Development planning, Social development, Gender, youth and sports, Water, Forestry and land reclamation, Labour and emplyment|Ministry of Heath, Agriculture and food security, Education and training, Trade and industry, Small business development cooperatives and marketing, local government and chiftainship, Finance, Development planning, Social development, Gender, youth and sports, Water, Forestry and land reclamation, Labour and emplyment|Ministry of Heath, Agriculture and food security, Education and training, Trade and industry, Small business development cooperatives and marketing, local government and chiftainship, Finance, Development planning, Social development, Gender, youth and sports, Water, Forestry and land reclamation, Labour and emplyment|Ministry of Heath, Agriculture and food security, Education and training, Trade and industry, Small business development cooperatives and marketing, local government and chiftainship, Finance, Development planning, Social development, Gender, youth and sports, Water, Forestry and land reclamation, Labour and emplyment|Ministry of Heath, Agriculture and food security, Education and training, Trade and industry, Small business development cooperatives and marketing, local government and chiftainship, Finance, Development planning, Social development, Gender, youth and sports, Water, Forestry and land reclamation, Labour and emplyment|Ministry of Heath, Agriculture and food security, Education and training, Trade and industry, Small business development cooperatives and marketing, local government and chiftainship, Finance, Development planning, Social development, Gender, youth and sports, Water, Forestry and land reclamation, Labour and emplyment|Ministry of Heath, Agriculture and food security, Education and training, Trade and industry, Small business development cooperatives and marketing, local government and chiftainship, Finance, Development planning, Social development, Gender, youth and sports, Water, Forestry and land reclamation, Labour and emplyment|Ministry of Heath, Agriculture and food security, Education and training, Trade and industry, Small business development cooperatives and marketing, local government and chiftainship, Finance, Development planning, Social development, Gender, youth and sports, Water, Forestry and land reclamation, Labour and emplyment|Ministry of Heath, Agriculture and food security, Education and training, Trade and industry, Small business development cooperatives and marketing, local government and chiftainship, Finance, Development planning, Social development, Gender, youth and sports, Water, Forestry and land reclamation, Labour and emplyment|Ministry of Heath, Agriculture and food security, Education and training, Trade and industry, Small business development cooperatives and marketing, local government and chiftainship, Finance, Development planning, Social development, Gender, youth and sports, Water, Forestry and land reclamation, Labour and emplyment",World Food Programme (WFP)|World Health Organization (WHO)|United Nations Children's Fund (UNICEF),"WHO, WFP, UNICEF, FAO,|WHO, WFP, UNICEF, FAO,|WHO, WFP, UNICEF, FAO,",,,,,National NGOs,,,,"Maternal, infant and young child nutrition|Nutrition in schools|Promotion of healthy diet and prevention of obesity and diet-related NCDs|Vitamin and mineral nutrition|Acute malnutrition|Nutrition and infectious disease|Nutrition sensitive actions",,,<p>This coordination mechanism was reported to the WHO Global Nutrition Policy Review 2016-2017. Country progress in creating enabling policy environments for promoting healthy diets and nutrition. https://www.who.int/nutrition/publications/policies/global_nut_policyreview_2016-2017/en/</p>
26664,Département laboratoire du Service de la Nutrition: Analyse de sel iodé des ménages à l'école,AFR,MDG,Madagascar,,Monitoring,,Monitoring compliance,Département laboratoire du Service de la Nutrition,1996,,Food and agriculture|Health|Trade,"Ministère commerce, Gendarmes routiers|Ministère commerce, Gendarmes routiers|Ministère commerce, Gendarmes routiers",,,,,,,,,,,Fortification of condiments and seasonings|Fortification of salt,,,<p>This monitoring mechanism was reported to the WHO Global Nutrition Policy Review 2016-2017. Country progress in creating enabling policy environments for promoting healthy diets and nutrition. https://www.who.int/nutrition/publications/policies/global_nut_policyreview_2016-2017/en/</p>
27037,Office National de Nutrition (ONN),AFR,MDG,Madagascar,L'Office National de Nutrition est chargé de la coordination multisectorielle et le suivi de la mise en oeuvre de la Politique Nationale de Nutrition et du Plan National d'Actions en Nutrition. Il assure l'harmonisation et la cohérence des interventions,Coordination,Convening nutrition partners|Coordination in implementation of national nutrition policies and programmes,,Prime Minister's Office,2004,,Cabinet/Presidency|Food and agriculture|Health|Education and research|Development|Trade,"Health, Agriculture, Food, Development, Education, Trade,|Health, Agriculture, Food, Development, Education, Trade,|Health, Agriculture, Food, Development, Education, Trade,|Health, Agriculture, Food, Development, Education, Trade,|Health, Agriculture, Food, Development, Education, Trade,|Health, Agriculture, Food, Development, Education, Trade,",,,,,,,National NGOs,,,,"Maternal, infant and young child nutrition|Nutrition in schools|Promotion of healthy diet and prevention of obesity and diet-related NCDs|Vitamin and mineral nutrition|Acute malnutrition|Nutrition and infectious disease|Nutrition sensitive actions",,,<p>This coordination mechanism was reported to the WHO Global Nutrition Policy Review 2016-2017. Country progress in creating enabling policy environments for promoting healthy diets and nutrition. https://www.who.int/nutrition/publications/policies/global_nut_policyreview_2016-2017/en/</p>
24430,Les membres du conseil consultatif national pour la promotion de l'allaitement,AFR,MLI,Mali,"Mandated to monitor compliance with national legislative or other appropriate measure. Monitoring in: health facilities, retail shops.",Monitoring,,Monitoring compliance,Direction Nationale du commerce et de la concurrence,,,Food and agriculture|Health|Trade,"Direction Nationale du commerce et de la concurrence, Direction Nationale du commerce et de la concurrence, Direction Nationale de la santé, Direction Nationale de la production vétérinaire|Direction Nationale du commerce et de la concurrence, Direction Nationale du commerce et de la concurrence, Direction Nationale de la santé, Direction Nationale de la production vétérinaire|Direction Nationale du commerce et de la concurrence, Direction Nationale du commerce et de la concurrence, Direction Nationale de la santé, Direction Nationale de la production vétérinaire",United Nations Children's Fund (UNICEF)|World Health Organization (WHO)|Food and Agriculture Organisation (FAO),,,,,,National NGOs,ONG nutrition nationale,,,International Code of Marketing of Breast-milk Substitutes,8651,,"Monitoring is done in health facilities, media, retail shops, pharmacies."
27049,Conseil National de Nutrition,AFR,MLI,Mali,,Coordination,Convening nutrition partners,,,2014,,,,,,,,,,National NGOs,,,,,,Not available,<p>This coordination mechanism was reported to the WHO Global Nutrition Policy Review 2016-2017. Country progress in creating enabling policy environments for promoting healthy diets and nutrition. https://www.who.int/nutrition/publications/policies/global_nut_policyreview_2016-2017/en/</p>
27050,Comité Technique Intersectoriel de Nutrition ,AFR,MLI,Mali,,Coordination,Convening nutrition partners,,,2014,,,,,,,,,,National NGOs,,,,,,Not available,<p>This coordination mechanism was reported to the WHO Global Nutrition Policy Review 2016-2017. Country progress in creating enabling policy environments for promoting healthy diets and nutrition. https://www.who.int/nutrition/publications/policies/global_nut_policyreview_2016-2017/en/</p>
27051,La Cellule de coordination de la Nutrition,AFR,MLI,Mali,,Coordination,Convening nutrition partners,,,2016,,,,,,,,,,National NGOs,,,,,,Not available,<p>This coordination mechanism was reported to the WHO Global Nutrition Policy Review 2016-2017. Country progress in creating enabling policy environments for promoting healthy diets and nutrition. https://www.who.int/nutrition/publications/policies/global_nut_policyreview_2016-2017/en/</p>
27060,Breastfeeding Committee,AFR,MOZ,Mozambique,,Coordination,Convening nutrition partners,,Ministry of Health,,,Social welfare|Trade|Consumer affairs|Health|Food and agriculture,"Health, Agriculture, Food, Social Welfare, Consumer Affairs, Trade, Culture|Health, Agriculture, Food, Social Welfare, Consumer Affairs, Trade, Culture|Health, Agriculture, Food, Social Welfare, Consumer Affairs, Trade, Culture|Health, Agriculture, Food, Social Welfare, Consumer Affairs, Trade, Culture|Health, Agriculture, Food, Social Welfare, Consumer Affairs, Trade, Culture",,,,,,,National NGOs,,,,"Maternal, infant and young child nutrition",,,<p>This coordination mechanism was reported to the WHO Global Nutrition Policy Review 2016-2017. Country progress in creating enabling policy environments for promoting healthy diets and nutrition. https://www.who.int/nutrition/publications/policies/global_nut_policyreview_2016-2017/en/</p>
27052,Le Conseil National de Développement de la Nutrition/Comité Technique Permanent ,AFR,MRT,Mauritania,,Coordination,Convening nutrition partners,,Prime Minister's Office,2010,,Cabinet/Presidency,,,,,,,,National NGOs,,,,,,,<p>This coordination mechanism was reported to the WHO Global Nutrition Policy Review 2016-2017. Country progress in creating enabling policy environments for promoting healthy diets and nutrition. https://www.who.int/nutrition/publications/policies/global_nut_policyreview_2016-2017/en/</p>
27038,National Nutrition Committee,AFR,MWI,Malawi,,Coordination,Convening nutrition partners,,,2004,,,,,,,,,,National NGOs,,,,,,,<p>This coordination mechanism was reported to the WHO Global Nutrition Policy Review 2016-2017. Country progress in creating enabling policy environments for promoting healthy diets and nutrition. https://www.who.int/nutrition/publications/policies/global_nut_policyreview_2016-2017/en/</p>
27039,Government Development Partners Committee,AFR,MWI,Malawi,,Coordination,Convening nutrition partners,,,2004,,,,,,,,,,National NGOs,,,,,,,<p>This coordination mechanism was reported to the WHO Global Nutrition Policy Review 2016-2017. Country progress in creating enabling policy environments for promoting healthy diets and nutrition. https://www.who.int/nutrition/publications/policies/global_nut_policyreview_2016-2017/en/</p>
27040,Donors Community on Nutrition,AFR,MWI,Malawi,,Coordination,Convening nutrition partners,,,,,,,,,,,,,National NGOs,,,,,,,<p>This coordination mechanism was reported to the WHO Global Nutrition Policy Review 2016-2017. Country progress in creating enabling policy environments for promoting healthy diets and nutrition. https://www.who.int/nutrition/publications/policies/global_nut_policyreview_2016-2017/en/</p>
27041,"Parliamentary committee on Nutrition, HIV and AIDS",AFR,MWI,Malawi,,Coordination,Convening nutrition partners,,,,,,,,,,,,,National NGOs,,,,Nutrition and infectious disease,,,<p>This coordination mechanism was reported to the WHO Global Nutrition Policy Review 2016-2017. Country progress in creating enabling policy environments for promoting healthy diets and nutrition. https://www.who.int/nutrition/publications/policies/global_nut_policyreview_2016-2017/en/</p>
27042,District Nutrition Coordinating Committee,AFR,MWI,Malawi,,Coordination,Convening nutrition partners,,,2014,,,,,,,,,,National NGOs,,,,,,,<p>This coordination mechanism was reported to the WHO Global Nutrition Policy Review 2016-2017. Country progress in creating enabling policy environments for promoting healthy diets and nutrition. https://www.who.int/nutrition/publications/policies/global_nut_policyreview_2016-2017/en/</p>
27062,Namibia Alliance for Improved Nutrition,AFR,NAM,Namibia,To address malnutrition,Coordination,Convening nutrition partners,,Prime Minister's Office,2010,,Cabinet/Presidency,,,,,,,,National NGOs,,,,"Maternal, infant and young child nutrition|Nutrition in schools|Promotion of healthy diet and prevention of obesity and diet-related NCDs|Vitamin and mineral nutrition|Acute malnutrition|Nutrition and infectious disease|Nutrition sensitive actions",,,<p>This coordination mechanism was reported to the WHO Global Nutrition Policy Review 2016-2017. Country progress in creating enabling policy environments for promoting healthy diets and nutrition. https://www.who.int/nutrition/publications/policies/global_nut_policyreview_2016-2017/en/</p>
27063,"Maternal, Child Health and Nutrition Technical Committee",AFR,NAM,Namibia,"1. To oversee the overall management of the mother, child health and nutrition programmes. 2. To identify programme management needs and appropriate interventions and continuous monitor and evaluate the programmes.",Coordination,Convening nutrition partners|Coordination in implementation of national nutrition policies and programmes|Coordination in monitoring of national nutrition policies and programmes,,Ministry of Health,2009,,Health,,,,,,,,National NGOs,,,,"Maternal, infant and young child nutrition|Nutrition in schools|Promotion of healthy diet and prevention of obesity and diet-related NCDs|Vitamin and mineral nutrition|Acute malnutrition|Nutrition and infectious disease|Nutrition sensitive actions",,,<p>This coordination mechanism was reported to the WHO Global Nutrition Policy Review 2016-2017. Country progress in creating enabling policy environments for promoting healthy diets and nutrition. https://www.who.int/nutrition/publications/policies/global_nut_policyreview_2016-2017/en/</p>
27070,Groupe Thématique Nutrition (GTN) qui est sectoriel,AFR,NER,Niger,,Coordination,Convening nutrition partners,,,2005,,,,,,,,,,National NGOs,,,,,,,<p>This coordination mechanism was reported to the WHO Global Nutrition Policy Review 2016-2017. Country progress in creating enabling policy environments for promoting healthy diets and nutrition. https://www.who.int/nutrition/publications/policies/global_nut_policyreview_2016-2017/en/</p>
27071,Comité Multisectoriel de Pilotage de Programme Stratégique (CMPS) qui est multisectoriel,AFR,NER,Niger,,Coordination,Convening nutrition partners,,,2012,,,,,,,,,,National NGOs,,,,,,,<p>This coordination mechanism was reported to the WHO Global Nutrition Policy Review 2016-2017. Country progress in creating enabling policy environments for promoting healthy diets and nutrition. https://www.who.int/nutrition/publications/policies/global_nut_policyreview_2016-2017/en/</p>
24432,"The Regulatoy Agency, NAFDAC",AFR,NGA,Nigeria,,Monitoring,,Monitoring compliance,NAFDAC,,,,,,,,,,,,,,,International Code of Marketing of Breast-milk Substitutes,8659|15034,,Sanctions have been imposed (imposition of fine).
27072,National Committee on Food and Nutrition,AFR,NGA,Nigeria,,Coordination,Convening nutrition partners,,"President's Office, Ministry of Planning",,,"Cabinet/Presidency|Finance, budget and planning",,,,,,,,National NGOs,,,,,,,<p>This coordination mechanism was reported to the WHO Global Nutrition Policy Review 2016-2017. Country progress in creating enabling policy environments for promoting healthy diets and nutrition. https://www.who.int/nutrition/publications/policies/global_nut_policyreview_2016-2017/en/</p>
27073,Nutrition Partners,AFR,NGA,Nigeria,,Coordination,Convening nutrition partners,,Ministry of Planning,,,"Finance, budget and planning",,,,,,,,National NGOs,,,,,,,<p>This coordination mechanism was reported to the WHO Global Nutrition Policy Review 2016-2017. Country progress in creating enabling policy environments for promoting healthy diets and nutrition. https://www.who.int/nutrition/publications/policies/global_nut_policyreview_2016-2017/en/</p>
27074,USI/IDD Task force,AFR,NGA,Nigeria,,Coordination,Convening nutrition partners,,,,,,,,,,,,,National NGOs,,,,,,,<p>This coordination mechanism was reported to the WHO Global Nutrition Policy Review 2016-2017. Country progress in creating enabling policy environments for promoting healthy diets and nutrition. https://www.who.int/nutrition/publications/policies/global_nut_policyreview_2016-2017/en/</p>
27097,Inter-Ministerial Coordination Committee,AFR,RWA,Rwanda,,Coordination,Convening nutrition partners,,Ministry of Health,,,Health,,,,,,,,National NGOs,,,,,,,<p>This coordination mechanism was reported to the WHO Global Nutrition Policy Review 2016-2017. Country progress in creating enabling policy environments for promoting healthy diets and nutrition. https://www.who.int/nutrition/publications/policies/global_nut_policyreview_2016-2017/en/</p>
27098,Social Cluster Food and Nutrition Steering Committee (SCF&NSC),AFR,RWA,Rwanda,Coordinate and implement the National Food and Nutrition Policy (NFNP) and the National Food and Nutrition Strategic Plan (NFNSP),Coordination,Convening nutrition partners|Coordination in implementation of national nutrition policies and programmes,,"Ministry of Health, Ministry of Agriculture",2013,,Labour|Sub-national|Food and agriculture|Health|Education and research,"Health, agriculture, education, gender and family promotion, local gov, disaster management and refugees, public service and labour|Health, agriculture, education, gender and family promotion, local gov, disaster management and refugees, public service and labour|Health, agriculture, education, gender and family promotion, local gov, disaster management and refugees, public service and labour|Health, agriculture, education, gender and family promotion, local gov, disaster management and refugees, public service and labour|Health, agriculture, education, gender and family promotion, local gov, disaster management and refugees, public service and labour",,,,,,,National NGOs,,,,,,,<p>This coordination mechanism was reported to the WHO Global Nutrition Policy Review 2016-2017. Country progress in creating enabling policy environments for promoting healthy diets and nutrition. https://www.who.int/nutrition/publications/policies/global_nut_policyreview_2016-2017/en/</p>
26628,QC and QA for Iodized Salt Guideline,EMR,SDN,Sudan,,Monitoring,,Applying sanctions to identified violations|Public dissemination of monitoring results|Monitoring compliance|Public dissemination of sanctions applied,Federal Ministry of health,2015,,Health,SSMO,,,,,,,,,,,Fortification of salt,,,<p>This monitoring mechanism was reported to the WHO Global Nutrition Policy Review 2016-2017. Country progress in creating enabling policy environments for promoting healthy diets and nutrition. https://www.who.int/nutrition/publications/policies/global_nut_policyreview_2016-2017/en/</p>
27132,Advisory Committee for the Food Security Association,EMR,SDN,Sudan,"Coordination, Planning, Advocacy and Fund Raising",Coordination,Convening nutrition partners|Coordination in development of national nutrition policies and programmes|Coordination in implementation of national nutrition policies and programmes,,Prime Minister's Office,,,Social welfare|Health|Education and research|Cabinet/Presidency|Food and agriculture,"Health, Agriculture, Social Welfare, Education,|Health, Agriculture, Social Welfare, Education,|Health, Agriculture, Social Welfare, Education,|Health, Agriculture, Social Welfare, Education,|Health, Agriculture, Social Welfare, Education,",,,,,,,National NGOs,,,,Nutrition sensitive actions,,,<p>This coordination mechanism was reported to the WHO Global Nutrition Policy Review 2016-2017. Country progress in creating enabling policy environments for promoting healthy diets and nutrition. https://www.who.int/nutrition/publications/policies/global_nut_policyreview_2016-2017/en/</p>
27122,Steering Committee,AFR,SSD,South Sudan,,Coordination,Convening nutrition partners,,,,,,,,,,,,,National NGOs,,,,,,,<p>This coordination mechanism was reported to the WHO Global Nutrition Policy Review 2016-2017. Country progress in creating enabling policy environments for promoting healthy diets and nutrition. https://www.who.int/nutrition/publications/policies/global_nut_policyreview_2016-2017/en/</p>
26629,Controle qualité officiel des aliments enrichis par le ministére du commerce,AFR,SEN,Senegal,,Monitoring,,Monitoring compliance|Applying sanctions to identified violations,Ministère du commerce,2010,,Health|Trade|Food and agriculture,Institut de technologie alimentaire|Institut de technologie alimentaire|Institut de technologie alimentaire,,,,,,,,,,,Fortification of wheat flour,,,<p>This monitoring mechanism was reported to the WHO Global Nutrition Policy Review 2016-2017. Country progress in creating enabling policy environments for promoting healthy diets and nutrition. https://www.who.int/nutrition/publications/policies/global_nut_policyreview_2016-2017/en/</p>
26630,Controle officiel à la production et à la distribution,AFR,SEN,Senegal,,Monitoring,,Applying sanctions to identified violations|Monitoring compliance,Ministère du commerce,2009,,Trade,,,,,,,,,,,,Fortification of oils and margarine,,,<p>This monitoring mechanism was reported to the WHO Global Nutrition Policy Review 2016-2017. Country progress in creating enabling policy environments for promoting healthy diets and nutrition. https://www.who.int/nutrition/publications/policies/global_nut_policyreview_2016-2017/en/</p>
26631,Contrôle officiel par le ministère du commerce,AFR,SEN,Senegal,,Monitoring,,Monitoring compliance|Applying sanctions to identified violations,Ministére du commerce,2000,,Trade,forces de sécurité,,,,,,,,,,,Fortification of salt,,,<p>This monitoring mechanism was reported to the WHO Global Nutrition Policy Review 2016-2017. Country progress in creating enabling policy environments for promoting healthy diets and nutrition. https://www.who.int/nutrition/publications/policies/global_nut_policyreview_2016-2017/en/</p>
26659,Controle qualité officiel à la production et à la distribution des aliments enrichis par le ministére du commerce,AFR,SEN,Senegal,,Monitoring,,Applying sanctions to identified violations|Monitoring compliance,Ministère du commerce,2000,,Food and agriculture|Trade|Health,"Institut de technologie alimentaire, forces de sécurité|Institut de technologie alimentaire, forces de sécurité|Institut de technologie alimentaire, forces de sécurité",,,,,,,,,,,Fortification of oils and margarine|Fortification of salt|Fortification of wheat flour,,,"<p>Fortification of salt monitored since 2000, fortification of oils and margarine monitored since 2009, fortification of wheat flour monitored since 2010.</p><p></p><p>This monitoring mechanism was reported to the WHO Global Nutrition Policy Review 2016-2017. Country progress in creating enabling policy environments for promoting healthy diets and nutrition. https://www.who.int/nutrition/publications/policies/global_nut_policyreview_2016-2017/en/</p>"
27106,Cellule de Lutte contre la Malnutrition,AFR,SEN,Senegal,"<p>Placée sous l'autorité du Premier Ministre, elle l'assiste dans la définition et la mise en œuvre de la politique nationale en matière de nutrition. Elle élabore les stratégies appropriées pour l'éxecution des programmes nationaux de nutrition, s'assure de leur bonne exécution ainsi que de leur suivi évaluation.</p><p>La CLM est spécialement chargée de :</p><p>- s'assurer de l'effectivité des engagements pris dans le cadre de la lettre de politique de dévelloppement de la nutrition du Gouvernement,</p><p>- mettre en place un cadre concertation entre les ministères et entités en charge des politiques de nutrition notamment les ONG et les organismes communautaires de base,</p><p>- développer une bonne synergie avec les autres programmes de lutte contre la pauvreté en général</p>",Coordination,Convening nutrition partners|Coordination in development of national nutrition policies and programmes|Coordination in implementation of national nutrition policies and programmes,,Prime Minister's Office,2001,"Appui à la sécurité alimentaire des menages vulnérables; appui à la demande de soins maternels, tranferts monetaires pour les mères d'enfants malnutris",Education and research|Health|Trade|Social welfare|Food and agriculture|Cabinet/Presidency|Environment,"Etat et Ministère de la Santé, Ministère de l'éducation, Ministère de l'agriculture, Ministère de la famille et la petitte enfance, Ministère de la pêche, Ministère de l'environnement et l'assainissement, Ministère du Commerce Délégation protection sociale|Etat et Ministère de la Santé, Ministère de l'éducation, Ministère de l'agriculture, Ministère de la famille et la petitte enfance, Ministère de la pêche, Ministère de l'environnement et l'assainissement, Ministère du Commerce Délégation protection sociale|Etat et Ministère de la Santé, Ministère de l'éducation, Ministère de l'agriculture, Ministère de la famille et la petitte enfance, Ministère de la pêche, Ministère de l'environnement et l'assainissement, Ministère du Commerce Délégation protection sociale|Etat et Ministère de la Santé, Ministère de l'éducation, Ministère de l'agriculture, Ministère de la famille et la petitte enfance, Ministère de la pêche, Ministère de l'environnement et l'assainissement, Ministère du Commerce Délégation protection sociale|Etat et Ministère de la Santé, Ministère de l'éducation, Ministère de l'agriculture, Ministère de la famille et la petitte enfance, Ministère de la pêche, Ministère de l'environnement et l'assainissement, Ministère du Commerce Délégation protection sociale|Etat et Ministère de la Santé, Ministère de l'éducation, Ministère de l'agriculture, Ministère de la famille et la petitte enfance, Ministère de la pêche, Ministère de l'environnement et l'assainissement, Ministère du Commerce Délégation protection sociale|Etat et Ministère de la Santé, Ministère de l'éducation, Ministère de l'agriculture, Ministère de la famille et la petitte enfance, Ministère de la pêche, Ministère de l'environnement et l'assainissement, Ministère du Commerce Délégation protection sociale",United Nations Children's Fund (UNICEF)|World Health Organization (WHO)|World Food Programme (WFP),"OMS, PAM, FAO, UNICEF|OMS, PAM, FAO, UNICEF|OMS, PAM, FAO, UNICEF",Plan International|Nutrition International,"MI, ACF, Plan international, Child fund, Word vision, Partenariat, KAFOO, Croix rouge, CRF|MI, ACF, Plan international, Child fund, Word vision, Partenariat, KAFOO, Croix rouge, CRF",US Agency for International Development (USAID)|Global Affairs Canada,"Coopération Canadiènne et coopération espagnole, USAID|Coopération Canadiènne et coopération espagnole, USAID",National NGOs,,,,"Maternal, infant and young child nutrition|Nutrition in schools|Promotion of healthy diet and prevention of obesity and diet-related NCDs|Vitamin and mineral nutrition|Acute malnutrition|Nutrition and infectious disease|Nutrition sensitive actions",,www.clm.sn,<p>This coordination mechanism was reported to the WHO Global Nutrition Policy Review 2016-2017. Country progress in creating enabling policy environments for promoting healthy diets and nutrition. https://www.who.int/nutrition/publications/policies/global_nut_policyreview_2016-2017/en/</p>
27107,Comité régional de suivi des activités de nutrition,AFR,SEN,Senegal,veiller à l'application des directives de la nutrition et faire le suivi évaluation de des actions au niveau régional,Coordination,Convening nutrition partners|Coordination in implementation of national nutrition policies and programmes|Coordination in monitoring of national nutrition policies and programmes,,,2002,,Nutrition council,"Autorité administrative, Région Médicale, Programme de renforcement de la nutrition",,,,,,,National NGOs,,,,"Maternal, infant and young child nutrition|Nutrition in schools|Promotion of healthy diet and prevention of obesity and diet-related NCDs|Vitamin and mineral nutrition|Acute malnutrition|Nutrition and infectious disease|Nutrition sensitive actions",,,<p>This coordination mechanism was reported to the WHO Global Nutrition Policy Review 2016-2017. Country progress in creating enabling policy environments for promoting healthy diets and nutrition. https://www.who.int/nutrition/publications/policies/global_nut_policyreview_2016-2017/en/</p>
26633,Market surveillance of fortified foods,AFR,SLE,Sierra Leone,,Monitoring,,Monitoring compliance|Applying sanctions to identified violations|Public dissemination of monitoring results|Public dissemination of sanctions applied,Sierra Leone Standards Bureau - Ministry of Trade and Industry,2007,,Food and agriculture|Industry|Health,Ministries of Health and Agriculture|Ministries of Health and Agriculture|Ministries of Health and Agriculture,United Nations Children's Fund (UNICEF)|Food and Agriculture Organisation (FAO)|World Food Programme (WFP)|United Nations Industrial Development Organization (UNIDO)|World Health Organization (WHO),,,,,,,,,,Fortification of oils and margarine|Fortification of salt|Fortification of wheat flour,,,<p>This monitoring mechanism was reported to the WHO Global Nutrition Policy Review 2016-2017. Country progress in creating enabling policy environments for promoting healthy diets and nutrition. https://www.who.int/nutrition/publications/policies/global_nut_policyreview_2016-2017/en/</p>
27109,Scaling Up Nutrition Coordination,AFR,SLE,Sierra Leone,To bring together relevant in-country stakeholders including SUN networks to work together in a collaborative approach to scale up evidence based nutrition sensitive and specific interventions in order to end hunger and under-nutrition,Coordination,Convening nutrition partners,,President's Office,2013,,"Education and research|Health|Social welfare|Trade|Finance, budget and planning|Food and agriculture|Sub-national|Cabinet/Presidency","Ministries of Health, Agriculture, Education, Trade, Finance, Social welfare and Gender, Water Resources, Local Government, Fisheries and Marine Resources,|Ministries of Health, Agriculture, Education, Trade, Finance, Social welfare and Gender, Water Resources, Local Government, Fisheries and Marine Resources,|Ministries of Health, Agriculture, Education, Trade, Finance, Social welfare and Gender, Water Resources, Local Government, Fisheries and Marine Resources,|Ministries of Health, Agriculture, Education, Trade, Finance, Social welfare and Gender, Water Resources, Local Government, Fisheries and Marine Resources,|Ministries of Health, Agriculture, Education, Trade, Finance, Social welfare and Gender, Water Resources, Local Government, Fisheries and Marine Resources,|Ministries of Health, Agriculture, Education, Trade, Finance, Social welfare and Gender, Water Resources, Local Government, Fisheries and Marine Resources,|Ministries of Health, Agriculture, Education, Trade, Finance, Social welfare and Gender, Water Resources, Local Government, Fisheries and Marine Resources,|Ministries of Health, Agriculture, Education, Trade, Finance, Social welfare and Gender, Water Resources, Local Government, Fisheries and Marine Resources,",United Nations Children's Fund (UNICEF)|World Food Programme (WFP)|World Health Organization (WHO),"WHO, UNICEF, WFP, FAO, UN Women|WHO, UNICEF, WFP, FAO, UN Women|WHO, UNICEF, WFP, FAO, UN Women",Plan International|Concern Worldwide|Deutsche Welthungerhilfe|Save the Children|Helen Keller International (HKI),"Focus 1000, ACF, HKI, GOAL, Save the Children, World Vision, Plan- Sierra Leone, FANSIL, CAWeC, SNAP/IMC, CRS, CAUSE Canada, World Hope International, Concern World Wide, Welt Hunger Hiefi(WHH), ACT,(Civil Society Platform),|Focus 1000, ACF, HKI, GOAL, Save the Children, World Vision, Plan- Sierra Leone, FANSIL, CAWeC, SNAP/IMC, CRS, CAUSE Canada, World Hope International, Concern World Wide, Welt Hunger Hiefi(WHH), ACT,(Civil Society Platform),|Focus 1000, ACF, HKI, GOAL, Save the Children, World Vision, Plan- Sierra Leone, FANSIL, CAWeC, SNAP/IMC, CRS, CAUSE Canada, World Hope International, Concern World Wide, Welt Hunger Hiefi(WHH), ACT,(Civil Society Platform),|Focus 1000, ACF, HKI, GOAL, Save the Children, World Vision, Plan- Sierra Leone, FANSIL, CAWeC, SNAP/IMC, CRS, CAUSE Canada, World Hope International, Concern World Wide, Welt Hunger Hiefi(WHH), ACT,(Civil Society Platform),|Focus 1000, ACF, HKI, GOAL, Save the Children, World Vision, Plan- Sierra Leone, FANSIL, CAWeC, SNAP/IMC, CRS, CAUSE Canada, World Hope International, Concern World Wide, Welt Hunger Hiefi(WHH), ACT,(Civil Society Platform),",US Agency for International Development (USAID),Irish Aid and USAID,National NGOs,,,,"Maternal, infant and young child nutrition|Nutrition in schools|Promotion of healthy diet and prevention of obesity and diet-related NCDs|Vitamin and mineral nutrition|Acute malnutrition|Nutrition and infectious disease|Nutrition sensitive actions",,,<p>This coordination mechanism was reported to the WHO Global Nutrition Policy Review 2016-2017. Country progress in creating enabling policy environments for promoting healthy diets and nutrition. https://www.who.int/nutrition/publications/policies/global_nut_policyreview_2016-2017/en/</p>
27110,Nutrition Coordination Committee,AFR,SLE,Sierra Leone,"To work together with partners in health and nutrition sectors to address food and nutrition issues to combat malnutrition. Support assessments, reviews, monitoring and supervision of food and nutrition security interventions in the country",Coordination,Convening nutrition partners|Coordination in implementation of national nutrition policies and programmes|Coordination in monitoring of national nutrition policies and programmes,,Ministry of Health,1995,,Education and research|Health|Food and agriculture,"Ministries of Health, Agriculture, Education, Fisheries|Ministries of Health, Agriculture, Education, Fisheries|Ministries of Health, Agriculture, Education, Fisheries",United Nations Children's Fund (UNICEF)|World Health Organization (WHO)|World Food Programme (WFP),"WHO, UNICEF, WFP, FAO|WHO, UNICEF, WFP, FAO|WHO, UNICEF, WFP, FAO",Plan International|Helen Keller International (HKI)|Save the Children|Concern Worldwide,"HKI, ACF, Plan- Sierra Leone, World Vision, Save the children, GOAL, Concern Worldwide, Wold Fish, World Hope International, SNAP/IMC, SLIPA, ACT, DIP, FANSIL, Focus 1000, CRS, CaWeC, WHH,,|HKI, ACF, Plan- Sierra Leone, World Vision, Save the children, GOAL, Concern Worldwide, Wold Fish, World Hope International, SNAP/IMC, SLIPA, ACT, DIP, FANSIL, Focus 1000, CRS, CaWeC, WHH,,|HKI, ACF, Plan- Sierra Leone, World Vision, Save the children, GOAL, Concern Worldwide, Wold Fish, World Hope International, SNAP/IMC, SLIPA, ACT, DIP, FANSIL, Focus 1000, CRS, CaWeC, WHH,,|HKI, ACF, Plan- Sierra Leone, World Vision, Save the children, GOAL, Concern Worldwide, Wold Fish, World Hope International, SNAP/IMC, SLIPA, ACT, DIP, FANSIL, Focus 1000, CRS, CaWeC, WHH,,",US Agency for International Development (USAID),"Irish Aid, USAID",National NGOs,,,,"Maternal, infant and young child nutrition|Nutrition in schools|Promotion of healthy diet and prevention of obesity and diet-related NCDs|Vitamin and mineral nutrition|Acute malnutrition|Nutrition and infectious disease|Nutrition sensitive actions",,,<p>This coordination mechanism was reported to the WHO Global Nutrition Policy Review 2016-2017. Country progress in creating enabling policy environments for promoting healthy diets and nutrition. https://www.who.int/nutrition/publications/policies/global_nut_policyreview_2016-2017/en/</p>
27111,Nutrition Technical Committee,AFR,SLE,Sierra Leone,Serve as an advisory body to provide technical advice on all technical issues relating to nutrition in the country; Identify nutritional problems and provide strategies to solve or alleviate such problems in a coordinated manner; Serve as a supervisory and coordinating body for all nutrition activities carried out in the country; Provide a forum for networking and collaboration among stakeholders on nutrition matters; Mobilize resources for food and nutrition interventions monitor the implementation of nutrition activities in the country,Coordination,Convening nutrition partners|Coordination in development of national nutrition policies and programmes|Coordination in implementation of national nutrition policies and programmes,,Ministry of Health,2000,,Health|Education and research|Food and agriculture,"Health, Agriculture, Education|Health, Agriculture, Education|Health, Agriculture, Education",United Nations Children's Fund (UNICEF)|World Food Programme (WFP)|World Health Organization (WHO),"WHO, UNICEF, FAO, WFP|WHO, UNICEF, FAO, WFP|WHO, UNICEF, FAO, WFP",Helen Keller International (HKI),"HKI, ACF, SNAP/IMC, FANSIL,",,,National NGOs,,,,"Maternal, infant and young child nutrition|Nutrition in schools|Promotion of healthy diet and prevention of obesity and diet-related NCDs|Vitamin and mineral nutrition|Acute malnutrition|Nutrition and infectious disease|Nutrition sensitive actions",,,<p>This coordination mechanism was reported to the WHO Global Nutrition Policy Review 2016-2017. Country progress in creating enabling policy environments for promoting healthy diets and nutrition. https://www.who.int/nutrition/publications/policies/global_nut_policyreview_2016-2017/en/</p>
27112,National Anaemia Working Group,AFR,SLE,Sierra Leone,To guide multisectoral and multi-stakeholder anemia prevention and control efforts in Sierra Leone. Put ideas and strategies together for the prevention and control of Anaemia in women and children which is a public health concern,Coordination,Convening nutrition partners|Coordination in development of national nutrition policies and programmes,,"Ministry of Health, SUN Secretariat",2015,,Health|Trade|Food and agriculture,"Ministries of Health, Agriculture, Fisheries and Marine resources, Water Resources, Trade, SUN Secretariat|Ministries of Health, Agriculture, Fisheries and Marine resources, Water Resources, Trade, SUN Secretariat|Ministries of Health, Agriculture, Fisheries and Marine resources, Water Resources, Trade, SUN Secretariat",United Nations Children's Fund (UNICEF)|World Health Organization (WHO)|World Food Programme (WFP),"WHO, UNICEF, WFP, FAO|WHO, UNICEF, WFP, FAO|WHO, UNICEF, WFP, FAO",Plan International|Helen Keller International (HKI)|Save the Children,"HKI, Plan Sierra Leone, Sickel cell Society, World Vision, Save the children, Ox- farm, Girl Child Netrwork, Focus 1000, ACF, Health Alert, World Hope International, World Vision, Sierra Leone Agriculture Research Institute,WASH Network,|HKI, Plan Sierra Leone, Sickel cell Society, World Vision, Save the children, Ox- farm, Girl Child Netrwork, Focus 1000, ACF, Health Alert, World Hope International, World Vision, Sierra Leone Agriculture Research Institute,WASH Network,|HKI, Plan Sierra Leone, Sickel cell Society, World Vision, Save the children, Ox- farm, Girl Child Netrwork, Focus 1000, ACF, Health Alert, World Hope International, World Vision, Sierra Leone Agriculture Research Institute,WASH Network,",US Agency for International Development (USAID),"Irish Aid, USAID",National NGOs,,,,"Maternal, infant and young child nutrition|Vitamin and mineral nutrition|Nutrition sensitive actions",,,<p>This coordination mechanism was reported to the WHO Global Nutrition Policy Review 2016-2017. Country progress in creating enabling policy environments for promoting healthy diets and nutrition. https://www.who.int/nutrition/publications/policies/global_nut_policyreview_2016-2017/en/</p>
27113,Nutrition Surveillance Committee,AFR,SLE,Sierra Leone,To review and validate nutrition surveillance and food and nutrition early warning system reports. Monitor food and nutrition trends and identify gaps in the implementation of interventions and suggest priority research areas. Build capacity of nutrition officers at district level to analyze and provide nutrition surveillance report at chiefdom level and submit on monthly basis to the nutrition surveillance committee for review; Ensure district nutrition officers present the reviewed report to the District Health Management Team (DHMT) during in-charges meetings; Develop monitoring plan to follow up on emerging issues at district level; Update the national nutrition indicator dashboard based on current available survey reports; Provide guidance and recommendations on issues related to nutrition surveillance; Support coordination at all levels to enable the technical committee develops an appropriate response plan based on the findings from the nutrition surveillance and early warning reports;,Coordination,Convening nutrition partners|Coordination in monitoring of national nutrition policies and programmes,,Ministry of Health,2015,,Health|Food and agriculture,"Ministry of Agriculture, SUN Secretariat|Ministry of Agriculture, SUN Secretariat",United Nations Children's Fund (UNICEF)|World Food Programme (WFP)|World Health Organization (WHO),"WHO, UNICEF, WFP, FAO|WHO, UNICEF, WFP, FAO|WHO, UNICEF, WFP, FAO",Helen Keller International (HKI),"HKI, ACF, SNAP/IMC",,,National NGOs,,,,"Maternal, infant and young child nutrition|Promotion of healthy diet and prevention of obesity and diet-related NCDs|Vitamin and mineral nutrition|Acute malnutrition|Nutrition sensitive actions",,,<p>This coordination mechanism was reported to the WHO Global Nutrition Policy Review 2016-2017. Country progress in creating enabling policy environments for promoting healthy diets and nutrition. https://www.who.int/nutrition/publications/policies/global_nut_policyreview_2016-2017/en/</p>
27118,Nutrition Cluster Coordination,EMR,SOM,Somalia,,Coordination,Convening nutrition partners,,"Ministry of Health, Humanitarian Coordination Team",2006,,Health,health,,,,,,,National NGOs,,,,"Maternal, infant and young child nutrition|Nutrition in schools|Vitamin and mineral nutrition|Acute malnutrition",,https://www.humanitarianresponse.info/operations/somalia/nutrition,<p>This coordination mechanism was reported to the WHO Global Nutrition Policy Review 2016-2017. Country progress in creating enabling policy environments for promoting healthy diets and nutrition. https://www.who.int/nutrition/publications/policies/global_nut_policyreview_2016-2017/en/</p>
27103,GROUPE DE TRAVAIL TECHNIQUE DE NUTRITION/DEPARTEMENT DU MINISTERE DE LA SANTE,AFR,STP,Sao Tome and Principe,,Coordination,Convening nutrition partners,,,1992,,,,,,,,,,National NGOs,,,,,,,<p>This coordination mechanism was reported to the WHO Global Nutrition Policy Review 2016-2017. Country progress in creating enabling policy environments for promoting healthy diets and nutrition. https://www.who.int/nutrition/publications/policies/global_nut_policyreview_2016-2017/en/</p>
27134,Swaziland National Nutrition Council,AFR,SWZ,Eswatini,To promote food and nutrition activities and advise the government on food and nutrition issues.,Coordination,Convening nutrition partners|Coordination in development of national nutrition policies and programmes,,"Ministry of Health, Ministry of Agriculture",1945,,"Trade|Health|Education and research|Industry|Food and agriculture|Finance, budget and planning","Ministry of Agriculture and Ministry of Health, Ministry of Economic Planning, Ministry of Cormmerce Industry and trade, Ministry of Education|Ministry of Agriculture and Ministry of Health, Ministry of Economic Planning, Ministry of Cormmerce Industry and trade, Ministry of Education|Ministry of Agriculture and Ministry of Health, Ministry of Economic Planning, Ministry of Cormmerce Industry and trade, Ministry of Education|Ministry of Agriculture and Ministry of Health, Ministry of Economic Planning, Ministry of Cormmerce Industry and trade, Ministry of Education|Ministry of Agriculture and Ministry of Health, Ministry of Economic Planning, Ministry of Cormmerce Industry and trade, Ministry of Education|Ministry of Agriculture and Ministry of Health, Ministry of Economic Planning, Ministry of Cormmerce Industry and trade, Ministry of Education",United Nations Children's Fund (UNICEF)|World Health Organization (WHO)|World Food Programme (WFP),"WHO, UNICEF, WFP, FAO|WHO, UNICEF, WFP, FAO|WHO, UNICEF, WFP, FAO",International Baby Food Action Network (IBFAN),"World Vision International, IBFAN, SINAN",,,National NGOs,,,,"Maternal, infant and young child nutrition|Nutrition in schools|Promotion of healthy diet and prevention of obesity and diet-related NCDs|Vitamin and mineral nutrition|Acute malnutrition|Nutrition and infectious disease|Nutrition sensitive actions",,,<p>This coordination mechanism was reported to the WHO Global Nutrition Policy Review 2016-2017. Country progress in creating enabling policy environments for promoting healthy diets and nutrition. https://www.who.int/nutrition/publications/policies/global_nut_policyreview_2016-2017/en/</p>
27135,Child health and nutrition forum,AFR,SWZ,Eswatini,,Coordination,Convening nutrition partners,,,2008,,,,,,,,,,National NGOs,,,,,,,<p>This coordination mechanism was reported to the WHO Global Nutrition Policy Review 2016-2017. Country progress in creating enabling policy environments for promoting healthy diets and nutrition. https://www.who.int/nutrition/publications/policies/global_nut_policyreview_2016-2017/en/</p>
27136,Food security and nutrition forum ,AFR,SWZ,Eswatini,,Coordination,Convening nutrition partners,,,,,,,,,,,,,National NGOs,,,,,,,<p>This coordination mechanism was reported to the WHO Global Nutrition Policy Review 2016-2017. Country progress in creating enabling policy environments for promoting healthy diets and nutrition. https://www.who.int/nutrition/publications/policies/global_nut_policyreview_2016-2017/en/</p>
27108,BFHI Committee,AFR,SYC,Seychelles,,Coordination,Convening nutrition partners,,Ministry of Health,,,Health,Health,,,,,,,National NGOs,,,,"Maternal, infant and young child nutrition",,,<p>This coordination mechanism was reported to the WHO Global Nutrition Policy Review 2016-2017. Country progress in creating enabling policy environments for promoting healthy diets and nutrition. https://www.who.int/nutrition/publications/policies/global_nut_policyreview_2016-2017/en/</p>
26641,Le centre de controle de qualité des denrées alimentaires,AFR,TCD,Chad,,Monitoring,,Public dissemination of monitoring results|Applying sanctions to identified violations|Monitoring compliance|Public dissemination of sanctions applied,ministère de l'élevage,2016,,Food and agriculture,,,,,,,,,,,,Menu labelling,,,<p>This monitoring mechanism was reported to the WHO Global Nutrition Policy Review 2016-2017. Country progress in creating enabling policy environments for promoting healthy diets and nutrition. https://www.who.int/nutrition/publications/policies/global_nut_policyreview_2016-2017/en/</p>
26642,Programme national de lutte contre les troubles dus à la carence en iode,AFR,TCD,Chad,,Monitoring,,Monitoring compliance|Applying sanctions to identified violations,Ministère de la sante/Douane/ ministère de commerce/ ministère de l'interieur,1993,,Health|Trade,,,,,,,,,,,,Fortification of salt,,,<p>This monitoring mechanism was reported to the WHO Global Nutrition Policy Review 2016-2017. Country progress in creating enabling policy environments for promoting healthy diets and nutrition. https://www.who.int/nutrition/publications/policies/global_nut_policyreview_2016-2017/en/</p>
26658,Le centre de controle de qualité des denrées alimentaires,AFR,TCD,Chad,,Monitoring,,Public dissemination of sanctions applied|Monitoring compliance|Applying sanctions to identified violations|Public dissemination of monitoring results,ministère de l'élevage,2015,,Food and agriculture,,,,,,,,,,,,Menu labelling|Nutrient declaration,,,<p>This monitoring mechanism was reported to the WHO Global Nutrition Policy Review 2016-2017. Country progress in creating enabling policy environments for promoting healthy diets and nutrition. https://www.who.int/nutrition/publications/policies/global_nut_policyreview_2016-2017/en/</p>
26915,Conseil national de nutrition et d'alimentation,AFR,TCD,Chad,"Le conseil national de nutrition et d'alimentation est un forum de délibération, de consultation,d'orientation et de contrôle de grandes lignes de la politique nationale de nutrition et d'alimentation",Coordination,Convening nutrition partners,,Prime Minister's Office,2014,,Cabinet/Presidency,,,,,,,,National NGOs,,,,"Maternal, infant and young child nutrition|Nutrition in schools|Vitamin and mineral nutrition|Acute malnutrition|Nutrition and infectious disease",,,<p>This coordination mechanism was reported to the WHO Global Nutrition Policy Review 2016-2017. Country progress in creating enabling policy environments for promoting healthy diets and nutrition. https://www.who.int/nutrition/publications/policies/global_nut_policyreview_2016-2017/en/</p>
26916,Comité technique de nutrition et d'alimentation,AFR,TCD,Chad,Le comité technique national de nutrition et d'alimentation assure les orientations stratégiques de la nutrition,Coordination,Convening nutrition partners,,"Ministry of Health, Ministry of Agriculture",2014,,Food and agriculture|Health,,,,,,,,National NGOs,,,,"Maternal, infant and young child nutrition|Nutrition in schools|Vitamin and mineral nutrition|Acute malnutrition|Nutrition and infectious disease|Nutrition sensitive actions",,,<p>This coordination mechanism was reported to the WHO Global Nutrition Policy Review 2016-2017. Country progress in creating enabling policy environments for promoting healthy diets and nutrition. https://www.who.int/nutrition/publications/policies/global_nut_policyreview_2016-2017/en/</p>
26917,Comité régional pour la nutrition et l'alimentation,AFR,TCD,Chad,Son mandat consiste à coordonner et faciliter la mise en oeuvre de la politique nationale de nutrition et d'alimentation et de veiller en particulier à la cohérence des actions sur le terrain par les différents acteurs,Coordination,Convening nutrition partners|Coordination in implementation of national nutrition policies and programmes,,"Ministry of Health, Ministry of Agriculture",2014,,Food and agriculture|Health,,,,,,,,National NGOs,,,,"Maternal, infant and young child nutrition|Nutrition in schools|Vitamin and mineral nutrition|Acute malnutrition|Nutrition and infectious disease|Nutrition sensitive actions",,,<p>This coordination mechanism was reported to the WHO Global Nutrition Policy Review 2016-2017. Country progress in creating enabling policy environments for promoting healthy diets and nutrition. https://www.who.int/nutrition/publications/policies/global_nut_policyreview_2016-2017/en/</p>
27146,Comité National de Fortification des Aliments au Togo,AFR,TGO,Togo,,Coordination,Convening nutrition partners,,,2009,,,,,,,,,,National NGOs,,,,,,,<p>This coordination mechanism was reported to the WHO Global Nutrition Policy Review 2016-2017. Country progress in creating enabling policy environments for promoting healthy diets and nutrition. https://www.who.int/nutrition/publications/policies/global_nut_policyreview_2016-2017/en/</p>
27147,Plateforme multisectorielle pour la nutrition ,AFR,TGO,Togo,,Coordination,Convening nutrition partners,,,,,,,,,,,,,National NGOs,,,,,,,<p>This coordination mechanism was reported to the WHO Global Nutrition Policy Review 2016-2017. Country progress in creating enabling policy environments for promoting healthy diets and nutrition. https://www.who.int/nutrition/publications/policies/global_nut_policyreview_2016-2017/en/</p>
26649,Food Inspection,AFR,TZA,United Republic of Tanzania,,Monitoring,,Applying sanctions to identified violations|Public dissemination of monitoring results|Monitoring compliance|Public dissemination of sanctions applied,Tanzania Food and Drug Authority (TFDA),2003,,Health|Food and agriculture,,,,,,,,,,,,Nutrient declaration,,,<p>This monitoring mechanism was reported to the WHO Global Nutrition Policy Review 2016-2017. Country progress in creating enabling policy environments for promoting healthy diets and nutrition. https://www.who.int/nutrition/publications/policies/global_nut_policyreview_2016-2017/en/</p>
26650,Monitoring of Food Fortification Program in Tanzania,AFR,TZA,United Republic of Tanzania,,Monitoring,,Public dissemination of sanctions applied|Monitoring compliance|Public dissemination of monitoring results|Applying sanctions to identified violations,Tanzania Food and Drug Administration (TFDA),2013,,Food and agriculture|Health,TFNC|TFNC,United Nations Children's Fund (UNICEF)|World Health Organization (WHO),,,,,,,,,,Fortification of maize flour|Fortification of oils and margarine|Fortification of wheat flour,,,<p>This monitoring mechanism was reported to the WHO Global Nutrition Policy Review 2016-2017. Country progress in creating enabling policy environments for promoting healthy diets and nutrition. https://www.who.int/nutrition/publications/policies/global_nut_policyreview_2016-2017/en/</p>
26651,Monitoring and enforcement of USI in Tanzania,AFR,TZA,United Republic of Tanzania,,Monitoring,,Applying sanctions to identified violations|Public dissemination of monitoring results|Monitoring compliance|Public dissemination of sanctions applied,Tanzania Food and Drug Administration (TFDA),2003,,Food and agriculture|Health,"MOH, TFNC|MOH, TFNC",United Nations Children's Fund (UNICEF)|World Health Organization (WHO),,,,,,,,,,Fortification of salt,,,<p>This monitoring mechanism was reported to the WHO Global Nutrition Policy Review 2016-2017. Country progress in creating enabling policy environments for promoting healthy diets and nutrition. https://www.who.int/nutrition/publications/policies/global_nut_policyreview_2016-2017/en/</p>
26657,Tanzania Food and Drug Authority (TFDA),AFR,TZA,United Republic of Tanzania,,Monitoring,,Public dissemination of monitoring results|Applying sanctions to identified violations|Monitoring compliance|Public dissemination of sanctions applied,Tanzania Food and Drug Administration (TFDA),2003,,Health|Food and agriculture,"MOH, TFNC|MOH, TFNC",World Health Organization (WHO)|United Nations Children's Fund (UNICEF),,,,,,,,,,Fortification of maize flour|Fortification of oils and margarine|Fortification of salt|Fortification of wheat flour|Nutrient declaration,,,"<p>TFDA food inspection monitors nutrition labelling, food fortification and USI in Tanzania.</p><p></p><p>This monitoring mechanism was reported to the WHO Global Nutrition Policy Review 2016-2017. Country progress in creating enabling policy environments for promoting healthy diets and nutrition. https://www.who.int/nutrition/publications/policies/global_nut_policyreview_2016-2017/en/</p>"
27154,High Level Steering Committee,AFR,TZA,United Republic of Tanzania,To coordinate Nutrition activities (from Policy to implementation) in Tanzania,Coordination,Convening nutrition partners|Coordination in implementation of national nutrition policies and programmes,,Prime Minister's Office,2011,,Cabinet/Presidency,,,,,,,,National NGOs,,,,"Maternal, infant and young child nutrition|Nutrition in schools|Promotion of healthy diet and prevention of obesity and diet-related NCDs|Vitamin and mineral nutrition|Acute malnutrition|Nutrition and infectious disease|Nutrition sensitive actions",,,<p>This coordination mechanism was reported to the WHO Global Nutrition Policy Review 2016-2017. Country progress in creating enabling policy environments for promoting healthy diets and nutrition. https://www.who.int/nutrition/publications/policies/global_nut_policyreview_2016-2017/en/</p>
27155,"Technical Working Group, Nutrition (TWG-N)",AFR,TZA,United Republic of Tanzania,"TWG-Nutrition oversee the different nutritional specific programs such as IMAM, Vitamin A, IDD, IFA, IYCF, SBCC, etc.",Coordination,Convening nutrition partners|Coordination in implementation of national nutrition policies and programmes,,Ministry of Health,2011,,Health,"Health, TFNC",,,,,,,National NGOs,,,,"Maternal, infant and young child nutrition|Nutrition in schools|Promotion of healthy diet and prevention of obesity and diet-related NCDs|Vitamin and mineral nutrition|Acute malnutrition|Nutrition and infectious disease|Nutrition sensitive actions",,,<p>This coordination mechanism was reported to the WHO Global Nutrition Policy Review 2016-2017. Country progress in creating enabling policy environments for promoting healthy diets and nutrition. https://www.who.int/nutrition/publications/policies/global_nut_policyreview_2016-2017/en/</p>
26652,Uganda National Bureau of standards,AFR,UGA,Uganda,,Monitoring,,Monitoring compliance,Uganda National Bureau of Standards,,,Other,,,,,,,,,,,,Fortification of salt,,,<p>This monitoring mechanism was reported to the WHO Global Nutrition Policy Review 2016-2017. Country progress in creating enabling policy environments for promoting healthy diets and nutrition. https://www.who.int/nutrition/publications/policies/global_nut_policyreview_2016-2017/en/</p>
27153,Nutrition Working Group,AFR,UGA,Uganda,,Coordination,Convening nutrition partners,,Ministry of Health,,,Health,"Health,",,,,,,,National NGOs,,,,"Maternal, infant and young child nutrition|Promotion of healthy diet and prevention of obesity and diet-related NCDs|Vitamin and mineral nutrition|Acute malnutrition|Nutrition and infectious disease|Nutrition sensitive actions",,,<p>This coordination mechanism was reported to the WHO Global Nutrition Policy Review 2016-2017. Country progress in creating enabling policy environments for promoting healthy diets and nutrition. https://www.who.int/nutrition/publications/policies/global_nut_policyreview_2016-2017/en/</p>
27119,National Food and Nutrition Security task team- Coordinated by the Deputy Presidents office,AFR,ZAF,South Africa,,Coordination,Convening nutrition partners,,,2015,,,,,,,,,,National NGOs,,,,,,,<p>This coordination mechanism was reported to the WHO Global Nutrition Policy Review 2016-2017. Country progress in creating enabling policy environments for promoting healthy diets and nutrition. https://www.who.int/nutrition/publications/policies/global_nut_policyreview_2016-2017/en/</p>
27120,ECD National Interdepartmental Committee (NIDC) coordinated by Department of Social Development,AFR,ZAF,South Africa,,Coordination,Convening nutrition partners,,,2015,,,,,,,,,,National NGOs,,,,,,,<p>This coordination mechanism was reported to the WHO Global Nutrition Policy Review 2016-2017. Country progress in creating enabling policy environments for promoting healthy diets and nutrition. https://www.who.int/nutrition/publications/policies/global_nut_policyreview_2016-2017/en/</p>
27121,National Planning commission,AFR,ZAF,South Africa,,Coordination,Convening nutrition partners,,,2012,,,,,,,,,,National NGOs,,,,,,,<p>This coordination mechanism was reported to the WHO Global Nutrition Policy Review 2016-2017. Country progress in creating enabling policy environments for promoting healthy diets and nutrition. https://www.who.int/nutrition/publications/policies/global_nut_policyreview_2016-2017/en/</p>
36213,"Monitoring of Regulations published under the Foodstuffs, Cosmetics and Disinfectants Act",AFR,ZAF,South Africa,"<p>In South Africa, all Regulations published under the Foodstuffs, Cosmetics and Disinfectants Act, 1972 (Act No 54 of 1972) as amended in 2007, are enforced by Inspectors as appointed in terms of Section 10 of the Act. Currently the enforcement of all the Regulations including Regulations of TFAs&nbsp; is done by Environmental Health Practitioners (EHPs), which are appointed as 'Inspectors' at Municipalities (Metro and Districts) and Port Health (National Competence at Ports of Entries) to monitor and ensure compliance.</p>",Monitoring,,Monitoring compliance,,,,Health,,,,,,,,,,,,Food fortification|Fortification of maize flour|Fortification of wheat flour|Nutrient declaration|Ban or virtual elimination of industrial trans fatty acids,15045|15046|17871|17872|25333|25397,,
27173,Coordination of 1000 Most Critical Days response,AFR,ZMB,Zambia,"A comprehensive coordination framework has been developed and is under government review: there is a Cabinet Committee on Health, a Special Committee of Permanent Secretaries, a Multistakeholder Forum and Coordinating Committees for Nutrition from the Province, through the District and to the Ward level (the latter in areas receiving SUN Fund support)",Coordination,Convening nutrition partners,,,2013,,Development|Education and research|Health|Food and agriculture|Nutrition council,"Ministry of Health, Agriculture, Community Development, Education, National Food and Nutrition Commission|Ministry of Health, Agriculture, Community Development, Education, National Food and Nutrition Commission|Ministry of Health, Agriculture, Community Development, Education, National Food and Nutrition Commission|Ministry of Health, Agriculture, Community Development, Education, National Food and Nutrition Commission|Ministry of Health, Agriculture, Community Development, Education, National Food and Nutrition Commission",United Nations Children's Fund (UNICEF)|World Health Organization (WHO)|World Food Programme (WFP),"WHO, UNICEF, WFP, FAO|WHO, UNICEF, WFP, FAO|WHO, UNICEF, WFP, FAO",Concern Worldwide|CARE,"Concern Inrternational, CARE International,|Concern Inrternational, CARE International,",Swedish International Development Cooperation Agency (SIDA),"DFID, SIDA, Irish Aid",National NGOs,,,,"Maternal, infant and young child nutrition|Nutrition in schools|Vitamin and mineral nutrition|Acute malnutrition|Nutrition sensitive actions",,,<p>This coordination mechanism was reported to the WHO Global Nutrition Policy Review 2016-2017. Country progress in creating enabling policy environments for promoting healthy diets and nutrition. https://www.who.int/nutrition/publications/policies/global_nut_policyreview_2016-2017/en/</p>
24443,Infant Nutrition Committee and every health worker,AFR,ZWE,Zimbabwe,"Mandated to monitor compliance with national legislative or other appropriate measure. Monitoring in: health facilities, media, billboards, retail shops, pharmacies, other (ports of entry).",Monitoring,,Applying sanctions to identified violations|Monitoring compliance,Ministry of Health and Child Care,1997,,Health,Ministry of Health and Child Care,World Health Organization (WHO)|United Nations Children's Fund (UNICEF),,,,,,,,Private sector,"Private Companies, Manufacturers and Distributors  of Designated Products",International Code of Marketing of Breast-milk Substitutes,8211,,"Monitoring has been conducted since 1992. It is conducted nationally once a year but continuously at  individual level . The last monitoring exercise reported to WHO in 2014 took place in the provinces in August 2013. Monitoring is done in health facilities, retail shops, pharmacies. Sanctions were imposed on the violations identified during monitoring. Where violations were observed in shops, retailers were asked to remove products from the shelves. In the case of posters on walls, concerned parties were asked to remove these from the walls. The monitors are responsible for imposing the sanctions."
27174,Food and Nutrition Security Committees,AFR,ZWE,Zimbabwe,,Coordination,Convening nutrition partners,,,,,,,,,,,,,National NGOs,,,,,,,<p>This coordination mechanism was reported to the WHO Global Nutrition Policy Review 2016-2017. Country progress in creating enabling policy environments for promoting healthy diets and nutrition. https://www.who.int/nutrition/publications/policies/global_nut_policyreview_2016-2017/en/</p>
27175,ZimASSET Food and Nutrition Security Cluster,AFR,ZWE,Zimbabwe,,Coordination,Convening nutrition partners,,,,,,,,,,,,,National NGOs,,,,,,,<p>This coordination mechanism was reported to the WHO Global Nutrition Policy Review 2016-2017. Country progress in creating enabling policy environments for promoting healthy diets and nutrition. https://www.who.int/nutrition/publications/policies/global_nut_policyreview_2016-2017/en/</p>
27176,Nutrition Technical Working Group,AFR,ZWE,Zimbabwe,,Coordination,Convening nutrition partners,,,,,,,,,,,,,National NGOs,,,,,,,<p>This coordination mechanism was reported to the WHO Global Nutrition Policy Review 2016-2017. Country progress in creating enabling policy environments for promoting healthy diets and nutrition. https://www.who.int/nutrition/publications/policies/global_nut_policyreview_2016-2017/en/</p>
