iso3,country,subregion,year,out_anaemia_wra_fs_pct,out_anaemia_wra_fs_pct_l1,out_anaemia_pregnant_pct,out_women_underweight_pct,out_women_overweight_pct,out_lbw_pct,out_women_index,feat_gdp_pc_constant_2015_usd,log_gdp_pc_constant,feat_gdp_pc_current_usd,log_gdp_pc_current,feat_malaria_incidence_per1000,feat_fertility_rate,feat_urban_pct,feat_hiv_prev_pct,feat_sanitation_basic_pct,feat_unemployment_pct,feat_employment_pop_pct,feat_fies_severe_total_pct_3yr,feat_fies_gap_fm_3yr,feat_pua_pct,feat_hospital_beds_per1000,feat_health_exp_pc_usd,feat_sth_pc_coverage_sac_pct,feat_dhs_anaemia_survey,feat_gd_stock_anaemia_policies,feat_gd_logstock_anaemia_policies,feat_gifna_anemia_programming_intensity,feat_gd_stock_anaemia,feat_gd_logstock_anaemia,feat_gd_any_anaemia_policies,feat_gd_any_fortification,feat_gifna_policy_count_active,feat_gd_stock_anaemia_policies_lag2,feat_gd_stock_anaemia_policies_lag3,feat_gd_stock_anaemia_policies_lag5,feat_gd_logstock_anaemia_policies_lag2,feat_gd_logstock_anaemia_policies_lag3,feat_gd_logstock_anaemia_policies_lag5,feat_gifna_anemia_programming_intensity_lag2,feat_gifna_anemia_programming_intensity_lag3,feat_gifna_anemia_programming_intensity_lag5,feat_gd_stock_anaemia_lag2,feat_gd_stock_anaemia_lag3,feat_gd_stock_anaemia_lag5,feat_gd_logstock_anaemia_lag2,feat_gd_logstock_anaemia_lag3,feat_gd_logstock_anaemia_lag5,feat_gd_any_anaemia_policies_lag2,feat_gd_any_anaemia_policies_lag3,feat_gd_any_anaemia_policies_lag5,feat_gd_any_fortification_lag2,feat_gd_any_fortification_lag3,feat_gd_any_fortification_lag5,feat_gifna_policy_count_active_lag2,feat_gifna_policy_count_active_lag3,feat_gifna_policy_count_active_lag5,feat_sth_pc_coverage_sac_pct_lag2,feat_sth_pc_coverage_sac_pct_lag3,feat_sth_pc_coverage_sac_pct_lag5,feat_gd_stock_anaemia_policies_lead3,feat_gd_logstock_anaemia_policies_lead3,feat_gifna_anemia_programming_intensity_lead3,feat_gd_stock_anaemia_lead3,feat_gd_logstock_anaemia_lead3,feat_gd_any_anaemia_policies_lead3,feat_gd_any_fortification_lead3,feat_gifna_policy_count_active_lead3
AGO,Angola,ESA,2000,52.9,,52.3,12.0,23.7,17.4,0.39617384199392913,2172.46326718726,7.683616948912489,563.733795571487,6.334582146406409,326.54,6.639,50.5070653484197,1.4,33.8004076625916,16.646,64.484,,,,,13.15998554,,0,0,0.0,0.0,0,0.0,0,0,0.0,,,,,,,,,,,,,,,,,,,,,,,,,,,,0.0,0.0,0.0,0.0,0.0,0.0,0.0,1.0
AGO,Angola,ESA,2001,52.4,52.9,51.8,11.8,24.5,17.2,0.3787838451970722,2189.17352158048,7.691279364175825,533.586202412447,6.279620636719214,330.8,6.601,51.7224790407329,1.4,34.2558546036306,16.668,64.451,,,,,29.26095772,,0,0,0.0,0.0,0,0.0,0,0,0.0,,,,,,,,,,,,,,,,,,,,,,,,,,,,0.0,0.0,0.0,0.0,0.0,0.0,0.0,1.0
AGO,Angola,ESA,2002,51.9,52.4,51.3,11.7,25.3,17.0,0.36551572226418605,2404.97792071735,7.785296001922814,999.065855956628,6.906820698354308,315.7,6.567,52.8926234794038,1.5,34.7112995930867,16.432,64.617,,,,,29.37077141,,0,0,0.0,0.0,0,0.0,0,0,1.0,0.0,,,0.0,,,0.0,,,0.0,,,0.0,,,0.0,,,0.0,,,0.0,,,,,,0.0,0.0,0.0,0.0,0.0,0.0,0.0,0.0
AGO,Angola,ESA,2003,51.4,51.9,50.7,11.6,26.1,16.9,0.34985802194235643,2403.40415157242,7.784641407850435,1133.66331960414,7.033209543912622,319.29,6.533,54.0043545370761,1.5,35.7566857674784,16.445,64.59,,,,,35.2206955,0.0,0,0,0.0,0.0,0,0.0,0,0,1.0,0.0,0.0,,0.0,0.0,,0.0,0.0,,0.0,0.0,,0.0,0.0,,0.0,0.0,,0.0,0.0,,0.0,0.0,,,,,0.0,0.0,0.0,0.0,0.0,0.0,0.0,0.0
AGO,Angola,ESA,2004,50.9,51.4,50.1,11.4,26.9,16.7,0.3300784477565556,2583.32411461508,7.856832265136817,1451.47117870872,7.2803329270558494,312.65,6.499,55.0445280863936,1.6,36.8026608112345,16.313,64.677,,,,,50.23310852,0.0,0,0,0.0,0.0,0,0.0,0,0,1.0,0.0,0.0,,0.0,0.0,,0.0,0.0,,0.0,0.0,,0.0,0.0,,0.0,0.0,,0.0,0.0,,1.0,0.0,,,,,0.0,0.0,0.0,0.0,0.0,0.0,0.0,0.0
AGO,Angola,ESA,2005,50.3,50.9,49.5,11.3,27.7,16.5,0.3122183357536882,2843.39663579921,7.952754615039615,2145.88621098663,7.67130789801346,313.87,6.461,56.0,1.6,37.8465318357126,16.295,64.679,,,,,54.66142273,0.0,0,0,0.0,0.0,0,0.0,0,0,0.0,0.0,0.0,0.0,0.0,0.0,0.0,0.0,0.0,0.0,0.0,0.0,0.0,0.0,0.0,0.0,0.0,0.0,0.0,0.0,0.0,0.0,1.0,1.0,0.0,0.0,,,0.0,0.0,2.0,0.0,0.0,0.0,1.0,1.0
AGO,Angola,ESA,2006,49.7,50.3,48.8,11.1,28.5,16.3,0.28784677249790613,3065.05576244155,8.027821041497328,2930.44428606516,7.982909323985258,299.9,6.419,56.8939032662772,1.6,38.7338819151989,16.123,64.804,,,,,70.28185272,0.0,0,0,0.0,0.0,0,0.0,0,0,0.0,0.0,0.0,0.0,0.0,0.0,0.0,0.0,0.0,0.0,0.0,0.0,0.0,0.0,0.0,0.0,0.0,0.0,0.0,0.0,0.0,0.0,1.0,1.0,0.0,0.0,0.0,,0.0,0.0,2.0,0.0,0.0,0.0,1.0,2.0
AGO,Angola,ESA,2007,49.0,49.7,48.2,11.0,29.2,16.2,0.2660575367788773,3336.36332465491,8.112636667816602,3515.05678985496,8.16481096054525,269.53,6.372,57.7564632930133,1.7,39.6205689404056,16.066,64.842,,,,,93.42698669,0.0,0,0,0.0,0.0,0,0.0,0,0,0.0,0.0,0.0,0.0,0.0,0.0,0.0,0.0,0.0,0.0,0.0,0.0,0.0,0.0,0.0,0.0,0.0,0.0,0.0,0.0,0.0,0.0,0.0,1.0,1.0,0.0,0.0,,0.0,0.0,2.0,0.0,0.0,0.0,1.0,2.0
AGO,Angola,ESA,2008,48.2,49.0,47.4,10.8,29.9,16.1,0.2331648607369524,3559.19522512538,8.177289737932542,4578.15526451058,8.429051415295762,228.06,6.32,58.5851745819614,1.7,40.5073529931406,16.152,64.775,,,,,136.34094238,0.0,0,0,0.0,2.0,0,0.0,0,1,1.0,0.0,0.0,0.0,0.0,0.0,0.0,0.0,0.0,0.0,0.0,0.0,0.0,0.0,0.0,0.0,0.0,0.0,0.0,0.0,0.0,0.0,0.0,0.0,1.0,0.0,0.0,0.0,0.0,0.0,2.0,0.0,0.0,0.0,1.0,3.0
AGO,Angola,ESA,2009,47.3,48.2,46.8,10.7,30.6,15.9,0.2069708016558482,3494.80724466468,8.159033501405847,3645.14846565169,8.201152374930597,193.51,6.26,59.3775316348744,1.7,41.3926874563562,16.383,64.6,,,,,120.5289917,0.0,0,0,0.0,2.0,0,0.0,0,1,2.0,0.0,0.0,0.0,0.0,0.0,0.0,0.0,0.0,0.0,0.0,0.0,0.0,0.0,0.0,0.0,0.0,0.0,0.0,0.0,0.0,0.0,0.0,0.0,1.0,0.0,0.0,0.0,1.0,0.6931471805599453,3.0,1.0,0.6931471805599453,1.0,1.0,4.0
AGO,Angola,ESA,2010,46.5,47.3,46.1,10.5,31.2,15.9,0.17474099096774334,3540.79159568681,8.172105595730596,4101.63715564669,8.319141479246163,170.36,6.194,60.1310289535053,1.7,42.2777189153195,16.595,64.438,,,,,96.95197296,0.0,0,0,0.0,2.0,0,0.0,0,1,2.0,0.0,0.0,0.0,0.0,0.0,0.0,2.0,0.0,0.0,0.0,0.0,0.0,0.0,0.0,0.0,0.0,0.0,0.0,1.0,0.0,0.0,1.0,0.0,0.0,0.0,0.0,0.0,1.0,0.6931471805599453,3.0,1.0,0.6931471805599453,1.0,1.0,5.0
AGO,Angola,ESA,2011,45.8,46.5,45.7,10.3,31.9,15.8,0.15360903616263102,3528.16824373698,8.168534104123705,5184.15269151846,8.553361691980758,157.06,6.12,60.8431610396073,1.8,43.1620627220945,16.77,64.35,,,,,122.11888123,0.0,0,0,0.0,2.0,0,0.0,0,1,3.0,0.0,0.0,0.0,0.0,0.0,0.0,2.0,2.0,0.0,0.0,0.0,0.0,0.0,0.0,0.0,0.0,0.0,0.0,1.0,1.0,0.0,2.0,1.0,0.0,0.0,0.0,0.0,1.0,0.6931471805599453,3.0,1.0,0.6931471805599453,1.0,1.0,4.0
AGO,Angola,ESA,2012,45.2,45.8,45.4,10.2,32.5,15.7,0.13946423225634702,3682.35229323075,8.211307037072258,5702.45306277434,8.648651723133758,153.05,6.039,61.5114223949332,1.8,44.0453181222275,16.539,64.296,,,,,121.84848022,0.0,0,1,0.6931471805599453,3.0,1,0.6931471805599453,1,1,4.0,0.0,0.0,0.0,0.0,0.0,0.0,2.0,2.0,0.0,0.0,0.0,0.0,0.0,0.0,0.0,0.0,0.0,0.0,1.0,1.0,0.0,2.0,2.0,0.0,0.0,0.0,0.0,1.0,0.6931471805599453,3.0,1.0,0.6931471805599453,1.0,1.0,5.0
AGO,Angola,ESA,2013,44.8,45.2,45.3,10.0,33.1,15.6,0.1303815326260547,3716.29718727597,8.22048307178325,5688.57916213471,8.646215788053235,158.1,5.953,62.1333075212361,1.8,44.9270819739207,16.464,64.119,,,,,142.78450012,0.0,0,1,0.6931471805599453,3.0,1,0.6931471805599453,1,1,5.0,0.0,0.0,0.0,0.0,0.0,0.0,2.0,2.0,2.0,0.0,0.0,0.0,0.0,0.0,0.0,0.0,0.0,0.0,1.0,1.0,1.0,3.0,2.0,1.0,0.0,0.0,0.0,1.0,0.6931471805599453,3.0,1.0,0.6931471805599453,1.0,1.0,5.0
AGO,Angola,ESA,2014,44.5,44.8,45.2,9.9,33.7,15.5,0.12762311854077116,3746.81619978931,8.228661744958945,5649.68762467535,8.639355534943988,163.86,5.864,62.723115793241,1.8,45.8077399649675,16.372,63.952,,,,,130.5861969,0.0,0,1,0.6931471805599453,3.0,1,0.6931471805599453,1,1,4.0,1.0,0.0,0.0,0.6931471805599453,0.0,0.0,3.0,2.0,2.0,1.0,0.0,0.0,0.6931471805599453,0.0,0.0,1.0,0.0,0.0,1.0,1.0,1.0,4.0,3.0,2.0,0.0,0.0,0.0,1.0,0.6931471805599453,3.0,1.0,0.6931471805599453,1.0,1.0,5.0
AGO,Angola,ESA,2015,44.2,44.5,45.2,9.8,34.3,15.5,0.12725428184443113,3641.72893920253,8.200213831159326,3641.72893920253,8.200213831159326,174.47,5.774,63.51567832685,1.8,46.6837650963553,16.472,63.638,,,,,107.52857208,17.97,0,1,0.6931471805599453,3.0,1,0.6931471805599453,1,1,5.0,1.0,1.0,0.0,0.6931471805599453,0.6931471805599453,0.0,3.0,3.0,2.0,1.0,1.0,0.0,0.6931471805599453,0.6931471805599453,0.0,1.0,1.0,0.0,1.0,1.0,1.0,5.0,4.0,2.0,0.0,0.0,0.0,2.0,1.0986122886681098,4.0,2.0,1.0986122886681098,1.0,1.0,6.0
AGO,Angola,ESA,2016,44.1,44.2,45.3,9.7,35.0,15.5,0.13540655793423373,3505.59634681792,8.16211592674171,2082.37343594705,7.641263597138681,189.78,5.686,64.2992302517989,1.8,47.555908833618,16.572,63.321,,,,,94.01481628,41.84,0,1,0.6931471805599453,3.0,1,0.6931471805599453,1,1,5.0,1.0,1.0,0.0,0.6931471805599453,0.6931471805599453,0.0,3.0,3.0,2.0,1.0,1.0,0.0,0.6931471805599453,0.6931471805599453,0.0,1.0,1.0,0.0,1.0,1.0,1.0,4.0,5.0,3.0,0.0,0.0,0.0,2.0,1.0986122886681098,4.0,2.0,1.0986122886681098,1.0,1.0,8.0
AGO,Angola,ESA,2017,44.0,44.1,45.5,9.6,35.6,15.5,0.14422169937785642,3378.07588102598,8.125061560415029,2832.14997950512,7.948791412276141,215.31,5.6,65.0850525086068,1.8,48.4237656848917,16.617,63.045,,,60.1,,112.75364685,38.7240443034645,0,1,0.6931471805599453,3.0,1,0.6931471805599453,1,1,5.0,1.0,1.0,1.0,0.6931471805599453,0.6931471805599453,0.6931471805599453,3.0,3.0,3.0,1.0,1.0,1.0,0.6931471805599453,0.6931471805599453,0.6931471805599453,1.0,1.0,1.0,1.0,1.0,1.0,5.0,4.0,4.0,17.97,0.0,0.0,2.0,1.0986122886681098,4.0,2.0,1.0986122886681098,1.0,1.0,7.0
AGO,Angola,ESA,2018,43.9,44.0,45.6,9.5,36.2,15.5,0.15064726343253534,3246.87857140997,8.08544937424001,2891.83032378747,7.969644910667919,232.44,5.519,65.8732136723372,1.7,49.2865229934191,16.602,62.812,,,64.8,,83.87555695,38.577405163132674,0,2,1.0986122886681098,4.0,2,1.0986122886681098,1,1,6.0,1.0,1.0,1.0,0.6931471805599453,0.6931471805599453,0.6931471805599453,3.0,3.0,3.0,1.0,1.0,1.0,0.6931471805599453,0.6931471805599453,0.6931471805599453,1.0,1.0,1.0,1.0,1.0,1.0,5.0,5.0,5.0,41.84,17.97,0.0,2.0,1.0986122886681098,4.0,2.0,1.0986122886681098,1.0,1.0,8.0
AGO,Angola,ESA,2019,43.7,43.9,45.5,9.4,36.8,15.5,0.15009126102828907,3105.59971242672,8.040962119816442,2507.86807213642,7.827188297552815,243.1,5.442,66.6637823180533,1.7,49.5470237290202,16.497,62.644,25.5,2.3000000000000007,66.8,0.75,64.4466095,22.301137628287503,0,2,1.0986122886681098,4.0,2,1.0986122886681098,1,1,8.0,1.0,1.0,1.0,0.6931471805599453,0.6931471805599453,0.6931471805599453,3.0,3.0,3.0,1.0,1.0,1.0,0.6931471805599453,0.6931471805599453,0.6931471805599453,1.0,1.0,1.0,1.0,1.0,1.0,5.0,5.0,4.0,38.7240443034645,41.84,0.0,2.0,1.0986122886681098,4.0,2.0,1.0986122886681098,1.0,1.0,8.0
AGO,Angola,ESA,2020,43.6,43.7,45.5,9.3,37.5,15.5,0.15585395972914817,2847.24241578243,7.954106231451704,1749.1794838482,7.466902090592895,244.53,5.371,67.4568270208187,1.7,49.8016376564917,16.696,61.078,28.1,2.5,69.6,,56.01641846,19.5278192307208,0,2,1.0986122886681098,4.0,2,1.0986122886681098,1,1,7.0,2.0,1.0,1.0,1.0986122886681098,0.6931471805599453,0.6931471805599453,4.0,3.0,3.0,2.0,1.0,1.0,1.0986122886681098,0.6931471805599453,0.6931471805599453,1.0,1.0,1.0,1.0,1.0,1.0,6.0,5.0,5.0,38.577405163132674,38.7240443034645,17.97,2.0,1.0986122886681098,4.0,2.0,1.0986122886681098,1.0,1.0,8.0
AGO,Angola,ESA,2021,43.6,43.6,45.5,9.2,38.1,,0.16209235807592076,2788.16737086685,7.933139802670658,2266.96834861584,7.726198688617314,258.61,5.304,68.2524163556969,1.7,50.0511353702384,15.799,64.306,25.3,2.3000000000000007,71.1,,66.94487,40.44938529999564,0,2,1.0986122886681098,4.0,2,1.0986122886681098,1,1,8.0,2.0,2.0,1.0,1.0986122886681098,1.0986122886681098,0.6931471805599453,4.0,4.0,3.0,2.0,2.0,1.0,1.0986122886681098,1.0986122886681098,0.6931471805599453,1.0,1.0,1.0,1.0,1.0,1.0,8.0,6.0,5.0,22.301137628287503,38.577405163132674,41.84,2.0,1.0986122886681098,4.0,2.0,1.0986122886681098,1.0,1.0,9.0
AGO,Angola,ESA,2022,43.7,43.6,45.7,9.1,38.7,,0.17531232288161863,2798.01717317688,7.936666292868092,3598.53669077341,8.18828256702577,260.09,5.209,69.0506188977513,1.6,50.2951359158799,14.124,64.619,23.3,2.1000000000000014,71.4,,103.94506073,38.56,0,2,1.0986122886681098,4.0,2,1.0986122886681098,1,1,8.0,2.0,2.0,1.0,1.0986122886681098,1.0986122886681098,0.6931471805599453,4.0,4.0,3.0,2.0,2.0,1.0,1.0986122886681098,1.0986122886681098,0.6931471805599453,1.0,1.0,1.0,1.0,1.0,1.0,7.0,8.0,5.0,19.5278192307208,22.301137628287503,38.7240443034645,3.0,1.3862943611198906,5.0,3.0,1.3862943611198906,1.0,1.0,11.0
AGO,Angola,ESA,2023,43.8,43.7,45.9,,,,,2748.95196954248,7.918975016038248,2885.51349130806,7.967458149693049,255.47,5.124,69.8515032220457,1.6,,14.051,64.369,19.1,1.6999999999999993,71.8,,76.07118225,21.75,0,2,1.0986122886681098,4.0,2,1.0986122886681098,1,1,8.0,2.0,2.0,2.0,1.0986122886681098,1.0986122886681098,1.0986122886681098,4.0,4.0,4.0,2.0,2.0,2.0,1.0986122886681098,1.0986122886681098,1.0986122886681098,1.0,1.0,1.0,1.0,1.0,1.0,8.0,7.0,6.0,40.44938529999564,19.5278192307208,38.577405163132674,,,,,,,,
AGO,Angola,ESA,2024,,43.8,,,,,,2798.59392792708,7.936872401436947,2720.81900669715,7.908688219370273,258.9,5.048,70.6551379036435,1.6,,14.02,64.383,16.2,1.4999999999999982,72.2,,,41.14,0,2,1.0986122886681098,4.0,2,1.0986122886681098,1,1,9.0,2.0,2.0,2.0,1.0986122886681098,1.0986122886681098,1.0986122886681098,4.0,4.0,4.0,2.0,2.0,2.0,1.0986122886681098,1.0986122886681098,1.0986122886681098,1.0,1.0,1.0,1.0,1.0,1.0,8.0,8.0,8.0,38.56,40.44938529999564,22.301137628287503,,,,,,,,
AGO,Angola,ESA,2025,,,,,,,,2800.95785565447,7.9377167289685735,3129.47662331063,8.048621056552747,,,71.4615915176085,,,14.108,64.236,,,72.9,,,,0,3,1.3862943611198906,5.0,3,1.3862943611198906,1,1,11.0,2.0,2.0,2.0,1.0986122886681098,1.0986122886681098,1.0986122886681098,4.0,4.0,4.0,2.0,2.0,2.0,1.0986122886681098,1.0986122886681098,1.0986122886681098,1.0,1.0,1.0,1.0,1.0,1.0,8.0,8.0,7.0,21.75,38.56,19.5278192307208,,,,,,,,
BDI,Burundi,ESA,2000,32.9,,42.7,17.2,7.0,15.6,-0.3477313924913923,264.154407180223,5.576533807855859,134.537861752389,4.90184565944596,427.48,6.872,8.04381449833197,3.4,45.8832028889367,3.137,80.062,,,,,5.67927122,,0,0,0.0,1.0,0,0.0,0,1,2.0,,,,,,,,,,,,,,,,,,,,,,,,,,,,1.0,0.6931471805599453,2.0,1.0,0.6931471805599453,1.0,1.0,3.0
BDI,Burundi,ESA,2001,31.9,32.9,42.1,17.1,7.1,15.6,-0.3864881354642774,262.913885774384,5.571826548045039,132.159554541932,4.884009939170226,416.12,6.849,8.24107308668089,3.1,45.9762261657477,3.154,79.277,,,,,7.50815582,,0,0,0.0,1.0,0,0.0,0,1,2.0,,,,,,,,,,,,,,,,,,,,,,,,,,,,1.0,0.6931471805599453,2.0,1.0,0.6931471805599453,1.0,1.0,3.0
BDI,Burundi,ESA,2002,31.0,31.9,41.4,17.1,7.3,15.6,-0.4195834582459739,266.968141648342,5.58712933161196,120.952308575468,4.79539632389718,388.13,6.819,8.45108277415092,2.8,46.0714530473161,3.168,78.474,,,,,6.46998882,,0,0,0.0,1.0,0,0.0,0,1,2.0,0.0,,,0.0,,,1.0,,,0.0,,,0.0,,,0.0,,,1.0,,,2.0,,,,,,1.0,0.6931471805599453,2.0,1.0,0.6931471805599453,1.0,1.0,3.0
BDI,Burundi,ESA,2003,30.1,31.0,40.8,17.0,7.5,15.5,-0.4544110775026976,255.500823385612,5.54322563228284,111.406682804391,4.713187314961323,343.45,6.785,8.67614339385788,2.6,46.1690271798233,3.145,77.678,,,,,5.87316799,0.0,0,1,0.6931471805599453,2.0,1,0.6931471805599453,1,1,3.0,0.0,0.0,,0.0,0.0,,1.0,1.0,,0.0,0.0,,0.0,0.0,,0.0,0.0,,1.0,1.0,,2.0,2.0,,,,,1.0,0.6931471805599453,2.0,1.0,0.6931471805599453,1.0,1.0,3.0
BDI,Burundi,ESA,2004,29.3,30.1,40.1,16.9,7.7,15.5,-0.48942586246732744,258.050009115333,5.553153399918638,125.194965184533,4.82987224367634,295.97,6.746,8.9185547789176,2.4,46.0744530371063,3.177,76.826,,,,,8.88248062,87.6828763067132,0,1,0.6931471805599453,2.0,1,0.6931471805599453,1,1,3.0,0.0,0.0,,0.0,0.0,,1.0,1.0,,0.0,0.0,,0.0,0.0,,0.0,0.0,,1.0,1.0,,2.0,2.0,,,,,1.0,0.6931471805599453,2.0,1.0,0.6931471805599453,1.0,1.0,3.0
BDI,Burundi,ESA,2005,28.5,29.3,39.4,16.9,7.9,15.4,-0.5203187735679864,250.878933475935,5.524970486020733,147.234619294225,4.992027364065744,284.48,6.708,9.1806167624459,2.2,45.9780778470214,3.162,75.95,,,,,11.13118172,100.0,0,1,0.6931471805599453,2.0,1,0.6931471805599453,1,1,3.0,1.0,0.0,0.0,0.6931471805599453,0.0,0.0,2.0,1.0,1.0,1.0,0.0,0.0,0.6931471805599453,0.0,0.0,1.0,0.0,0.0,1.0,1.0,1.0,3.0,2.0,2.0,0.0,,,1.0,0.6931471805599453,2.0,1.0,0.6931471805599453,1.0,1.0,3.0
BDI,Burundi,ESA,2006,27.8,28.5,38.7,16.8,8.1,15.4,-0.5531311468515786,255.105582251925,5.5416775075109515,161.892755640319,5.086934113791906,287.78,6.659,9.4646291775586,2.0,45.8797490696037,3.185,74.981,,,,,14.10514736,10.117627537753927,0,1,0.6931471805599453,2.0,1,0.6931471805599453,1,1,3.0,1.0,1.0,0.0,0.6931471805599453,0.6931471805599453,0.0,2.0,2.0,1.0,1.0,1.0,0.0,0.6931471805599453,0.6931471805599453,0.0,1.0,1.0,0.0,1.0,1.0,1.0,3.0,3.0,2.0,87.6828763067132,0.0,,1.0,0.6931471805599453,2.0,1.0,0.6931471805599453,1.0,1.0,4.0
BDI,Burundi,ESA,2007,27.2,27.8,38.1,16.8,8.3,15.3,-0.5772296572012188,254.311725516331,5.5385607803557715,166.162744906755,5.112967699091706,287.94,6.588,9.77289185737152,1.9,45.7793823625363,2.404,75.809,,,,,15.26294613,74.78748183944887,0,1,0.6931471805599453,2.0,1,0.6931471805599453,1,1,3.0,1.0,1.0,0.0,0.6931471805599453,0.6931471805599453,0.0,2.0,2.0,1.0,1.0,1.0,0.0,0.6931471805599453,0.6931471805599453,0.0,1.0,1.0,0.0,1.0,1.0,1.0,3.0,3.0,2.0,100.0,87.6828763067132,,1.0,0.6931471805599453,2.0,1.0,0.6931471805599453,1.0,1.0,4.0
BDI,Burundi,ESA,2008,26.6,27.2,37.6,16.8,8.5,15.3,-0.598938590161915,256.012461554496,5.54522612124208,189.502074570768,5.244399972065554,288.77,6.515,10.1064353383035,1.8,45.6767816936833,1.634,76.607,,,,,14.67025566,84.5811914136745,0,1,0.6931471805599453,2.0,1,0.6931471805599453,1,1,3.0,1.0,1.0,1.0,0.6931471805599453,0.6931471805599453,0.6931471805599453,2.0,2.0,2.0,1.0,1.0,1.0,0.6931471805599453,0.6931471805599453,0.6931471805599453,1.0,1.0,1.0,1.0,1.0,1.0,3.0,3.0,3.0,10.117627537753927,100.0,0.0,2.0,1.0986122886681098,3.0,2.0,1.0986122886681098,1.0,1.0,7.0
BDI,Burundi,ESA,2009,26.2,26.6,37.2,16.8,8.7,15.2,-0.6138531223715924,252.582019875886,5.531736027160813,198.431524048225,5.290444073600977,281.56,6.409,10.4979900434482,1.7,45.5719158266356,1.622,76.891,,,,,18.31996346,100.0,0,1,0.6931471805599453,2.0,1,0.6931471805599453,1,1,4.0,1.0,1.0,1.0,0.6931471805599453,0.6931471805599453,0.6931471805599453,2.0,2.0,2.0,1.0,1.0,1.0,0.6931471805599453,0.6931471805599453,0.6931471805599453,1.0,1.0,1.0,1.0,1.0,1.0,3.0,3.0,3.0,74.78748183944887,10.117627537753927,87.6828763067132,2.0,1.0986122886681098,3.0,2.0,1.0986122886681098,1.0,1.0,10.0
BDI,Burundi,ESA,2010,26.1,26.2,37.0,16.8,8.9,15.2,-0.6173812647602697,253.308577749924,5.53460842042922,216.727705301976,5.378641751325204,259.34,6.26,10.9843097335487,1.6,45.4645083129414,1.615,77.156,,,,,24.45114708,100.0,1,1,0.6931471805599453,2.0,1,0.6931471805599453,1,1,4.0,1.0,1.0,1.0,0.6931471805599453,0.6931471805599453,0.6931471805599453,2.0,2.0,2.0,1.0,1.0,1.0,0.6931471805599453,0.6931471805599453,0.6931471805599453,1.0,1.0,1.0,1.0,1.0,1.0,3.0,3.0,3.0,84.5811914136745,74.78748183944887,100.0,2.0,1.0986122886681098,3.0,2.0,1.0986122886681098,1.0,1.0,11.0
BDI,Burundi,ESA,2011,26.3,26.1,37.1,16.8,9.1,15.1,-0.6071334399390029,254.242110648215,5.538287004548373,230.069761381132,5.438382573286657,245.35,6.108,11.5616652230006,1.6,45.354450786345,1.602,77.307,,,,,23.16802216,100.0,0,2,1.0986122886681098,3.0,2,1.0986122886681098,1,1,7.0,1.0,1.0,1.0,0.6931471805599453,0.6931471805599453,0.6931471805599453,2.0,2.0,2.0,1.0,1.0,1.0,0.6931471805599453,0.6931471805599453,0.6931471805599453,1.0,1.0,1.0,1.0,1.0,1.0,4.0,3.0,3.0,100.0,84.5811914136745,10.117627537753927,3.0,1.3862943611198906,5.0,3.0,1.3862943611198906,1.0,1.0,14.0
BDI,Burundi,ESA,2012,26.8,26.3,37.3,16.8,9.3,15.1,-0.5878888026856798,256.180393931874,5.545881860116984,231.098787811507,5.442845271968037,232.24,5.991,12.2244596804615,1.5,45.2416177840798,1.593,77.448,,,,0.99,20.01195908,100.0,0,2,1.0986122886681098,3.0,2,1.0986122886681098,1,1,10.0,1.0,1.0,1.0,0.6931471805599453,0.6931471805599453,0.6931471805599453,2.0,2.0,2.0,1.0,1.0,1.0,0.6931471805599453,0.6931471805599453,0.6931471805599453,1.0,1.0,1.0,1.0,1.0,1.0,4.0,4.0,3.0,100.0,100.0,74.78748183944887,3.0,1.3862943611198906,7.0,3.0,1.3862943611198906,1.0,1.0,14.0
BDI,Burundi,ESA,2013,27.5,26.8,37.8,16.9,9.6,15.0,-0.5512220240043556,259.311117203355,5.558028565529743,234.844770150871,5.458924743333718,234.96,5.889,12.9670962745892,1.4,45.125751746761,1.584,77.59,,,,0.71,20.26322556,100.0,0,2,1.0986122886681098,3.0,2,1.0986122886681098,1,1,11.0,2.0,1.0,1.0,1.0986122886681098,0.6931471805599453,0.6931471805599453,3.0,2.0,2.0,2.0,1.0,1.0,1.0986122886681098,0.6931471805599453,0.6931471805599453,1.0,1.0,1.0,1.0,1.0,1.0,7.0,4.0,3.0,100.0,100.0,84.5811914136745,4.0,1.6094379124341005,7.0,8.0,2.1972245773362196,1.0,1.0,14.0
BDI,Burundi,ESA,2014,28.4,27.5,38.4,16.9,9.8,15.0,-0.5136094304711071,261.296721752002,5.565656626531303,250.544492155185,5.52363651814748,250.86,5.794,13.7839781740413,1.4,45.0067757440714,1.572,77.697,,,,0.69,18.06601143,100.0,0,3,1.3862943611198906,5.0,3,1.3862943611198906,1,1,14.0,2.0,2.0,1.0,1.0986122886681098,1.0986122886681098,0.6931471805599453,3.0,3.0,2.0,2.0,2.0,1.0,1.0986122886681098,1.0986122886681098,0.6931471805599453,1.0,1.0,1.0,1.0,1.0,1.0,10.0,7.0,4.0,100.0,100.0,100.0,4.0,1.6094379124341005,7.0,8.0,2.1972245773362196,1.0,1.0,14.0
BDI,Burundi,ESA,2015,29.4,28.4,39.1,17.1,10.0,15.0,-0.4631611001399353,254.402585226788,5.538917993469318,254.402585226788,5.538917993469318,285.0,5.695,14.6695085474754,1.3,44.8844503584829,1.449,78.337,,,,,17.67629051,100.0,0,3,1.3862943611198906,7.0,3,1.3862943611198906,1,1,14.0,2.0,2.0,1.0,1.0986122886681098,1.0986122886681098,0.6931471805599453,3.0,3.0,2.0,2.0,2.0,1.0,1.0986122886681098,1.0986122886681098,0.6931471805599453,1.0,1.0,1.0,1.0,1.0,1.0,11.0,10.0,4.0,100.0,100.0,100.0,3.0,1.3862943611198906,6.0,3.0,1.3862943611198906,1.0,1.0,12.0
BDI,Burundi,ESA,2016,30.5,29.4,39.8,17.2,10.2,14.9,-0.4146322319916973,258.061970804063,5.55319975299393,232.937812100153,5.4507715170836155,321.3,5.587,15.6180905635494,1.2,44.7585847024572,1.352,78.843,,,,,18.59472847,97.32,1,4,1.6094379124341005,7.0,8,2.1972245773362196,1,1,14.0,3.0,2.0,2.0,1.3862943611198906,1.0986122886681098,1.0986122886681098,5.0,3.0,3.0,3.0,2.0,2.0,1.3862943611198906,1.0986122886681098,1.0986122886681098,1.0,1.0,1.0,1.0,1.0,1.0,14.0,11.0,7.0,100.0,100.0,100.0,4.0,1.6094379124341005,7.0,4.0,1.6094379124341005,1.0,1.0,13.0
BDI,Burundi,ESA,2017,31.6,30.5,40.5,17.4,10.5,14.9,-0.3602547779443641,261.725839287239,5.567297540952551,246.060725714184,5.505578357965981,346.29,5.481,16.6241273909209,1.2,44.6289841238283,1.25,79.093,,,90.6,,19.16676521,99.97,0,4,1.6094379124341005,7.0,8,2.1972245773362196,1,1,14.0,3.0,3.0,2.0,1.3862943611198906,1.3862943611198906,1.0986122886681098,7.0,5.0,3.0,3.0,3.0,2.0,1.3862943611198906,1.3862943611198906,1.0986122886681098,1.0,1.0,1.0,1.0,1.0,1.0,14.0,14.0,10.0,100.0,100.0,100.0,4.0,1.6094379124341005,7.0,4.0,1.6094379124341005,1.0,1.0,13.0
BDI,Burundi,ESA,2018,32.6,31.6,41.1,17.5,10.7,14.9,-0.3163178988661071,267.508692172687,5.589152059911642,245.661678332009,5.503955298017957,350.82,5.38,17.6820221982475,1.1,44.4954380894811,1.147,79.126,,,88.6,,18.67819214,98.1886215227522,0,3,1.3862943611198906,6.0,3,1.3862943611198906,1,1,12.0,4.0,3.0,2.0,1.6094379124341005,1.3862943611198906,1.0986122886681098,7.0,7.0,3.0,8.0,3.0,2.0,2.1972245773362196,1.3862943611198906,1.0986122886681098,1.0,1.0,1.0,1.0,1.0,1.0,14.0,14.0,11.0,97.32,100.0,100.0,4.0,1.6094379124341005,7.0,4.0,1.6094379124341005,1.0,1.0,12.0
BDI,Burundi,ESA,2019,33.7,32.6,41.7,17.6,10.9,14.8,-0.2701786081068125,270.411005710809,5.59994304493375,234.31061590725,5.456647653523818,345.28,5.271,18.786178154187,1.1,44.3577388229315,1.043,78.909,,,88.0,,22.2435379,100.0,0,4,1.6094379124341005,7.0,4,1.6094379124341005,1,1,13.0,4.0,4.0,3.0,1.6094379124341005,1.6094379124341005,1.3862943611198906,7.0,7.0,5.0,8.0,8.0,3.0,2.1972245773362196,2.1972245773362196,1.3862943611198906,1.0,1.0,1.0,1.0,1.0,1.0,14.0,14.0,14.0,99.97,97.32,100.0,4.0,1.6094379124341005,7.0,4.0,1.6094379124341005,1.0,1.0,12.0
BDI,Burundi,ESA,2020,34.9,33.7,42.4,17.7,11.2,14.8,-0.2177206162424131,263.463876362597,5.573916266980457,252.702452750006,5.532212720520396,345.14,5.177,19.9309984273971,1.0,44.4548070620661,1.03,77.737,,,89.5,,26.21934319,99.97832012306164,0,4,1.6094379124341005,7.0,4,1.6094379124341005,1,1,13.0,3.0,4.0,3.0,1.3862943611198906,1.6094379124341005,1.3862943611198906,6.0,7.0,7.0,3.0,8.0,3.0,1.3862943611198906,2.1972245773362196,1.3862943611198906,1.0,1.0,1.0,1.0,1.0,1.0,12.0,14.0,14.0,98.1886215227522,99.97,100.0,4.0,1.6094379124341005,7.0,4.0,1.6094379124341005,1.0,1.0,12.0
BDI,Burundi,ESA,2021,36.1,34.9,43.1,17.9,11.4,,-0.16286746254916623,264.682651658422,5.578531567449509,264.172844085398,5.576603601360314,349.97,5.078,21.1108861865354,0.9,44.5545225988873,1.118,78.21,,,89.7,,23.11420059,96.95556272023704,0,4,1.6094379124341005,7.0,4,1.6094379124341005,1,1,12.0,4.0,3.0,4.0,1.6094379124341005,1.3862943611198906,1.6094379124341005,7.0,6.0,7.0,4.0,3.0,8.0,1.6094379124341005,1.3862943611198906,2.1972245773362196,1.0,1.0,1.0,1.0,1.0,1.0,13.0,12.0,14.0,100.0,98.1886215227522,97.32,2.0,1.0986122886681098,5.0,2.0,1.0986122886681098,1.0,1.0,9.0
BDI,Burundi,ESA,2022,37.5,36.1,43.9,18.0,11.7,,-0.10361506993374775,263.587550049119,5.574385571046794,301.832255755105,5.7098714185388975,342.31,4.98,22.3202446002597,0.9,44.6569603684061,0.909,78.385,20.9,1.4000000000000021,90.5,,25.52155113,97.8,0,4,1.6094379124341005,7.0,4,1.6094379124341005,1,1,12.0,4.0,4.0,4.0,1.6094379124341005,1.6094379124341005,1.6094379124341005,7.0,7.0,7.0,4.0,4.0,8.0,1.6094379124341005,1.6094379124341005,2.1972245773362196,1.0,1.0,1.0,1.0,1.0,1.0,13.0,13.0,14.0,99.97832012306164,100.0,99.97,2.0,1.0986122886681098,5.0,2.0,1.0986122886681098,1.0,1.0,9.0
BDI,Burundi,ESA,2023,39.0,37.5,44.7,,,,,264.84330794512,5.57913836033176,249.795164039029,5.520641238172734,323.25,4.878,23.5534768372276,0.8,44.6456125902738,0.911,78.082,20.9,1.4000000000000021,91.5,,28.14028931,38.10631813798977,0,4,1.6094379124341005,7.0,4,1.6094379124341005,1,1,12.0,4.0,4.0,3.0,1.6094379124341005,1.6094379124341005,1.3862943611198906,7.0,7.0,6.0,4.0,4.0,3.0,1.6094379124341005,1.6094379124341005,1.3862943611198906,1.0,1.0,1.0,1.0,1.0,1.0,12.0,13.0,12.0,96.95556272023704,99.97832012306164,98.1886215227522,,,,,,,,
BDI,Burundi,ESA,2024,,39.0,,,,,,268.700857389911,5.593598706498048,216.231928531758,5.376351574836832,314.9,4.789,24.8302838651025,0.8,44.6339890793582,0.915,77.774,20.9,1.4000000000000021,91.1,,,1.84,0,2,1.0986122886681098,5.0,2,1.0986122886681098,1,1,9.0,4.0,4.0,4.0,1.6094379124341005,1.6094379124341005,1.6094379124341005,7.0,7.0,7.0,4.0,4.0,4.0,1.6094379124341005,1.6094379124341005,1.6094379124341005,1.0,1.0,1.0,1.0,1.0,1.0,12.0,12.0,13.0,97.8,96.95556272023704,100.0,,,,,,,,
BDI,Burundi,ESA,2025,,,,,,,,273.432977612477,5.6110565373979355,233.823013385395,5.454564476124552,,,25.6870184681663,,,0.922,77.533,,,90.9,,,,0,2,1.0986122886681098,5.0,2,1.0986122886681098,1,1,9.0,4.0,4.0,4.0,1.6094379124341005,1.6094379124341005,1.6094379124341005,7.0,7.0,7.0,4.0,4.0,4.0,1.6094379124341005,1.6094379124341005,1.6094379124341005,1.0,1.0,1.0,1.0,1.0,1.0,12.0,12.0,13.0,38.10631813798977,97.8,99.97832012306164,,,,,,,,
BEN,Benin,WCA,2000,59.6,,68.0,11.6,18.5,18.8,0.8126225534052887,861.213292013209,6.75834219966419,487.424141384242,6.189134670912872,416.0,5.937,38.2759517258875,1.5,8.52812393636387,0.864,71.212,,,,,14.42371464,,0,0,0.0,0.0,0,0.0,0,0,2.0,,,,,,,,,,,,,,,,,,,,,,,,,,,,0.0,0.0,0.0,0.0,0.0,0.0,0.0,3.0
BEN,Benin,WCA,2001,58.9,59.6,67.6,11.3,19.5,18.7,0.792548860841577,879.854463773645,6.779756511719725,492.401499509072,6.199294439612469,434.27,5.848,38.6186257669218,1.4,8.93975126867492,0.766,71.242,,,,,16.26979828,,1,0,0.0,0.0,0,0.0,0,0,2.0,,,,,,,,,,,,,,,,,,,,,,,,,,,,0.0,0.0,0.0,0.0,0.0,0.0,0.0,3.0
BEN,Benin,WCA,2002,58.3,58.9,67.1,11.0,20.5,18.6,0.7722880025699594,893.137100961634,6.794740097604671,546.463829658159,6.303468119988288,453.46,5.793,39.0035069872981,1.4,9.37391256843619,0.69,71.255,,,,,16.9179287,,0,0,0.0,0.0,0,0.0,0,0,2.0,0.0,,,0.0,,,0.0,,,0.0,,,0.0,,,0.0,,,0.0,,,2.0,,,,,,0.0,0.0,0.0,0.0,0.0,0.0,0.0,3.0
BEN,Benin,WCA,2003,57.7,58.3,66.6,10.7,21.5,18.5,0.7520271442983418,896.146763201736,6.798104197777691,676.002878084282,6.516197333555028,473.3,5.763,39.4169696013044,1.4,9.83877331929082,0.747,71.228,,,,,21.06955719,9.22367533500458,0,0,0.0,0.0,0,0.0,0,0,3.0,0.0,0.0,,0.0,0.0,,0.0,0.0,,0.0,0.0,,0.0,0.0,,0.0,0.0,,0.0,0.0,,2.0,2.0,,,,,0.0,0.0,0.0,0.0,0.0,0.0,0.0,3.0
BEN,Benin,WCA,2004,57.0,57.7,66.1,10.4,22.4,18.4,0.7278371623105627,907.624431209378,6.810830671020009,758.695803786371,6.631600911534442,495.55,5.718,39.8525699078742,1.3,10.3155921363995,0.79,71.212,,,,,24.52665329,14.630236858222052,0,0,0.0,0.0,0,0.0,0,0,3.0,0.0,0.0,,0.0,0.0,,0.0,0.0,,0.0,0.0,,0.0,0.0,,0.0,0.0,,0.0,0.0,,2.0,2.0,,,,,0.0,0.0,0.0,0.0,0.0,0.0,0.0,3.0
BEN,Benin,WCA,2005,56.3,57.0,65.5,10.2,23.3,18.3,0.705379476797811,893.91536869992,6.795611104808658,779.437777753268,6.65857286203182,510.17,5.692,40.3097749006517,1.3,10.8039533008181,0.859,71.176,,,,,25.12485313,19.416709622380157,0,0,0.0,0.0,0,0.0,0,0,3.0,0.0,0.0,0.0,0.0,0.0,0.0,0.0,0.0,0.0,0.0,0.0,0.0,0.0,0.0,0.0,0.0,0.0,0.0,0.0,0.0,0.0,3.0,2.0,2.0,9.22367533500458,,,0.0,0.0,0.0,0.0,0.0,0.0,0.0,3.0
BEN,Benin,WCA,2006,55.5,56.3,64.9,9.9,24.2,18.2,0.6765975057400507,900.62053578735,6.803084009947442,809.147072506221,6.695980695969847,508.93,5.673,40.7877794072449,1.2,11.3039620341641,0.888,71.17,,,,,26.60264206,22.402667428613565,1,0,0.0,0.0,0,0.0,0,0,3.0,0.0,0.0,0.0,0.0,0.0,0.0,0.0,0.0,0.0,0.0,0.0,0.0,0.0,0.0,0.0,0.0,0.0,0.0,0.0,0.0,0.0,3.0,3.0,2.0,14.630236858222052,9.22367533500458,,1.0,0.6931471805599453,3.0,1.0,0.6931471805599453,1.0,1.0,6.0
BEN,Benin,WCA,2007,54.7,55.5,64.2,9.6,25.0,18.0,0.6436992452582226,926.740113754071,6.831673174322548,912.338247188342,6.816010806388399,496.75,5.627,41.2857782552618,1.2,11.8157291558234,0.902,71.174,,,,,26.79680061,17.978281604084792,0,0,0.0,0.0,0,0.0,0,0,3.0,0.0,0.0,0.0,0.0,0.0,0.0,0.0,0.0,0.0,0.0,0.0,0.0,0.0,0.0,0.0,0.0,0.0,0.0,0.0,0.0,0.0,3.0,3.0,2.0,19.416709622380157,14.630236858222052,,1.0,0.6931471805599453,3.0,1.0,0.6931471805599453,1.0,1.0,6.0
BEN,Benin,WCA,2008,53.7,54.7,63.5,9.4,25.8,17.9,0.6105180352782903,943.203380303862,6.849281933084277,1060.60254502099,6.966592464305082,473.51,5.548,41.8029662723105,1.1,12.3390077692944,0.895,71.194,,,,,28.12486076,10.653013086383035,0,0,0.0,0.0,0,0.0,0,0,3.0,0.0,0.0,0.0,0.0,0.0,0.0,0.0,0.0,0.0,0.0,0.0,0.0,0.0,0.0,0.0,0.0,0.0,0.0,0.0,0.0,0.0,3.0,3.0,3.0,22.402667428613565,19.416709622380157,9.22367533500458,2.0,1.0986122886681098,4.0,2.0,1.0986122886681098,1.0,1.0,8.0
BEN,Benin,WCA,2009,52.7,53.7,62.7,9.1,26.5,17.8,0.5690986620103193,936.565651071554,6.842219622012821,1024.10277858112,6.931572170270876,448.56,5.491,42.338538285999,1.1,12.8733600744969,0.95,71.169,,,,,29.69425583,10.410182468311572,0,1,0.6931471805599453,3.0,1,0.6931471805599453,1,1,6.0,0.0,0.0,0.0,0.0,0.0,0.0,0.0,0.0,0.0,0.0,0.0,0.0,0.0,0.0,0.0,0.0,0.0,0.0,0.0,0.0,0.0,3.0,3.0,3.0,17.978281604084792,22.402667428613565,14.630236858222052,2.0,1.0986122886681098,5.0,2.0,1.0986122886681098,1.0,1.0,9.0
BEN,Benin,WCA,2010,51.8,52.7,62.0,8.9,27.1,17.7,0.5346664396411767,928.246655329144,6.833297489850207,973.244254931526,6.880635083500141,417.07,5.452,42.8916891239353,1.1,13.4190757934874,1.04,71.118,,,,0.43,29.37720871,27.365417596330428,0,1,0.6931471805599453,3.0,1,0.6931471805599453,1,1,6.0,0.0,0.0,0.0,0.0,0.0,0.0,0.0,0.0,0.0,0.0,0.0,0.0,0.0,0.0,0.0,0.0,0.0,0.0,0.0,0.0,0.0,3.0,3.0,3.0,10.653013086383035,17.978281604084792,19.416709622380157,2.0,1.0986122886681098,5.0,2.0,1.0986122886681098,1.0,1.0,9.0
BEN,Benin,WCA,2011,50.9,51.8,61.4,8.7,27.7,17.6,0.5026237946609777,927.716412836707,6.832726096468562,1059.41358852588,6.965470815652557,382.99,5.436,43.4616136137276,1.1,13.9760843860142,2.647,69.977,,,,0.47,31.76816368,6.702532897492232,0,2,1.0986122886681098,4.0,2,1.0986122886681098,1,1,8.0,1.0,0.0,0.0,0.6931471805599453,0.0,0.0,3.0,0.0,0.0,1.0,0.0,0.0,0.6931471805599453,0.0,0.0,1.0,0.0,0.0,1.0,0.0,0.0,6.0,3.0,3.0,10.410182468311572,10.653013086383035,22.402667428613565,2.0,1.0986122886681098,5.0,2.0,1.0986122886681098,1.0,1.0,11.0
BEN,Benin,WCA,2012,50.2,50.9,60.8,8.5,28.2,17.5,0.47325926100773014,943.918771531001,6.850040115336245,1071.5258366283,6.976838927201836,365.18,5.429,44.0475065829838,1.1,14.5443123134086,2.458,70.518,,,,0.46,32.95616913,8.440645771536488,1,2,1.0986122886681098,5.0,2,1.0986122886681098,1,1,9.0,1.0,1.0,0.0,0.6931471805599453,0.6931471805599453,0.0,3.0,3.0,0.0,1.0,1.0,0.0,0.6931471805599453,0.6931471805599453,0.0,1.0,1.0,0.0,1.0,1.0,0.0,6.0,6.0,3.0,27.365417596330428,10.410182468311572,17.978281604084792,3.0,1.3862943611198906,6.0,3.0,1.3862943611198906,1.0,1.0,12.0
BEN,Benin,WCA,2013,49.6,50.2,60.4,8.3,28.7,17.3,0.45087629381340766,982.399206290516,6.889997749463516,1168.92699279226,7.0638415068205855,362.14,5.41,44.6502883669319,1.1,15.1233051054282,2.198,71.109,,,,0.46,33.53426743,13.326795964289817,0,2,1.0986122886681098,5.0,2,1.0986122886681098,1,1,9.0,2.0,1.0,0.0,1.0986122886681098,0.6931471805599453,0.0,4.0,3.0,0.0,2.0,1.0,0.0,1.0986122886681098,0.6931471805599453,0.0,1.0,1.0,0.0,1.0,1.0,0.0,8.0,6.0,3.0,6.702532897492232,27.365417596330428,10.653013086383035,4.0,1.6094379124341005,8.0,7.0,2.0794415416798357,1.0,1.0,15.0
BEN,Benin,WCA,2014,49.2,49.6,60.1,8.2,29.3,17.2,0.4411363132691987,1014.4330062135,6.92208512082466,1204.39918670094,7.0937361213341354,369.11,5.374,45.2880529235999,1.0,15.7143302277075,1.952,71.687,,,,0.44,32.41182327,49.4906757702003,0,2,1.0986122886681098,5.0,2,1.0986122886681098,1,1,11.0,2.0,2.0,1.0,1.0986122886681098,1.0986122886681098,0.6931471805599453,5.0,4.0,3.0,2.0,2.0,1.0,1.0986122886681098,1.0986122886681098,0.6931471805599453,1.0,1.0,1.0,1.0,1.0,1.0,9.0,8.0,6.0,8.440645771536488,6.702532897492232,10.410182468311572,4.0,1.6094379124341005,8.0,7.0,2.0794415416798357,1.0,1.0,15.0
BEN,Benin,WCA,2015,49.0,49.2,60.0,8.1,29.8,17.1,0.43885359882982855,1002.41886879614,6.91017122702415,1002.41886879614,6.91017122702415,390.76,5.32,45.9407403257663,1.0,16.3169481534553,1.886,72.132,10.4,0.5,,0.43,27.34733391,52.52,0,3,1.3862943611198906,6.0,3,1.3862943611198906,1,1,12.0,2.0,2.0,1.0,1.0986122886681098,1.0986122886681098,0.6931471805599453,5.0,5.0,3.0,2.0,2.0,1.0,1.0986122886681098,1.0986122886681098,0.6931471805599453,1.0,1.0,1.0,1.0,1.0,1.0,9.0,9.0,6.0,13.326795964289817,8.440645771536488,27.365417596330428,4.0,1.6094379124341005,9.0,4.0,1.6094379124341005,1.0,1.0,16.0
BEN,Benin,WCA,2016,48.9,49.0,59.9,8.0,30.3,17.0,0.4387732960714959,1006.03926633023,6.913776382035356,1010.5338961993,6.918234080268521,415.92,5.254,46.6094559006664,1.0,16.9310972411709,1.834,72.563,13.1,0.5999999999999996,,0.42,36.58565903,93.84,0,4,1.6094379124341005,8.0,7,2.0794415416798357,1,1,15.0,2.0,2.0,2.0,1.0986122886681098,1.0986122886681098,1.0986122886681098,5.0,5.0,4.0,2.0,2.0,2.0,1.0986122886681098,1.0986122886681098,1.0986122886681098,1.0,1.0,1.0,1.0,1.0,1.0,11.0,9.0,8.0,49.4906757702003,13.326795964289817,6.702532897492232,4.0,1.6094379124341005,9.0,4.0,1.6094379124341005,1.0,1.0,15.0
BEN,Benin,WCA,2017,48.8,48.9,60.0,7.9,30.9,16.8,0.4451988601261748,1032.90471194182,6.940130220858916,1054.97408066814,6.961271477521295,415.74,5.155,47.2942774880391,0.9,17.5567124078682,1.691,73.058,14.4,0.6999999999999993,80.1,0.42,38.75862122,86.81107855235592,1,4,1.6094379124341005,8.0,7,2.0794415416798357,1,1,15.0,3.0,2.0,2.0,1.3862943611198906,1.0986122886681098,1.0986122886681098,6.0,5.0,5.0,3.0,2.0,2.0,1.3862943611198906,1.0986122886681098,1.0986122886681098,1.0,1.0,1.0,1.0,1.0,1.0,12.0,11.0,9.0,52.52,49.4906757702003,8.440645771536488,3.0,1.3862943611198906,8.0,3.0,1.3862943611198906,1.0,1.0,14.0
BEN,Benin,WCA,2018,48.9,48.8,60.0,7.8,31.5,16.7,0.453639670153985,1071.50452156932,6.9768190347547705,1151.7409703472,7.04902996384364,407.71,5.031,47.9952829275963,0.9,18.1937303852969,1.426,73.642,14.8,0.6999999999999993,71.3,0.44,39.54786301,56.93851481637986,0,4,1.6094379124341005,9.0,4,1.6094379124341005,1,1,16.0,4.0,3.0,2.0,1.6094379124341005,1.3862943611198906,1.0986122886681098,8.0,6.0,5.0,7.0,3.0,2.0,2.0794415416798357,1.3862943611198906,1.0986122886681098,1.0,1.0,1.0,1.0,1.0,1.0,15.0,12.0,9.0,93.84,52.52,13.326795964289817,2.0,1.0986122886681098,7.0,2.0,1.0986122886681098,1.0,1.0,13.0
BEN,Benin,WCA,2019,49.0,48.9,60.1,7.7,32.1,16.6,0.46447005757073906,1114.17304526443,7.0158677452858536,1130.82135339795,7.03069950908468,399.91,4.9,48.7125500590248,0.9,18.8420840944928,1.214,74.183,14.7,0.6999999999999993,65.4,0.4,33.9457283,69.67776090132159,0,4,1.6094379124341005,9.0,4,1.6094379124341005,1,1,15.0,4.0,4.0,2.0,1.6094379124341005,1.6094379124341005,1.0986122886681098,8.0,8.0,5.0,7.0,7.0,2.0,2.0794415416798357,2.0794415416798357,1.0986122886681098,1.0,1.0,1.0,1.0,1.0,1.0,15.0,15.0,11.0,86.81107855235592,93.84,49.4906757702003,2.0,1.0986122886681098,7.0,2.0,1.0986122886681098,1.0,1.0,13.0
BEN,Benin,WCA,2020,49.1,49.0,60.0,7.6,32.7,16.4,0.47052129020960565,1126.65404122154,7.027007493729783,1200.19426557789,7.090238710655221,377.01,4.795,49.4461567219896,0.8,19.501704357901,1.518,73.645,14.5,0.7000000000000011,63.7,0.45,36.62052536,86.19984863102566,0,3,1.3862943611198906,8.0,3,1.3862943611198906,1,1,14.0,4.0,4.0,3.0,1.6094379124341005,1.6094379124341005,1.3862943611198906,9.0,8.0,6.0,4.0,7.0,3.0,1.6094379124341005,2.0794415416798357,1.3862943611198906,1.0,1.0,1.0,1.0,1.0,1.0,16.0,15.0,12.0,56.93851481637986,86.81107855235592,52.52,2.0,1.0986122886681098,7.0,2.0,1.0986122886681098,1.0,1.0,13.0
BEN,Benin,WCA,2021,49.2,49.1,60.0,7.5,33.3,,0.4789621002374157,1176.37727637273,7.070194890251125,1318.65158075198,7.184364963729967,378.2,4.707,50.1961807561354,0.8,20.1721169387367,1.833,74.681,15.4,0.8000000000000007,62.2,0.43,38.45053101,80.20686089682415,0,2,1.0986122886681098,7.0,2,1.0986122886681098,1,1,13.0,4.0,4.0,4.0,1.6094379124341005,1.6094379124341005,1.6094379124341005,9.0,9.0,8.0,4.0,4.0,7.0,1.6094379124341005,1.6094379124341005,2.0794415416798357,1.0,1.0,1.0,1.0,1.0,1.0,15.0,16.0,15.0,69.67776090132159,56.93851481637986,93.84,2.0,1.0986122886681098,7.0,2.0,1.0986122886681098,1.0,1.0,12.0
BEN,Benin,WCA,2022,49.5,49.2,60.1,7.4,33.9,,0.4941973110162448,1218.49668929091,7.105373156024975,1266.42711031904,7.143954915727939,376.6,4.634,50.9627000010887,0.7,20.853650768615,1.685,74.995,15.8,0.7999999999999989,58.8,,37.76291275,72.84,0,2,1.0986122886681098,7.0,2,1.0986122886681098,1,1,13.0,3.0,4.0,4.0,1.3862943611198906,1.6094379124341005,1.6094379124341005,8.0,9.0,8.0,3.0,4.0,7.0,1.3862943611198906,1.6094379124341005,2.0794415416798357,1.0,1.0,1.0,1.0,1.0,1.0,14.0,15.0,15.0,86.19984863102566,69.67776090132159,86.81107855235592,2.0,1.0986122886681098,7.0,2.0,1.0986122886681098,1.0,1.0,12.0
BEN,Benin,WCA,2023,50.0,49.5,60.2,,,,,1263.62158336368,7.141737149633336,1394.17784721831,7.240060163683709,361.26,4.556,51.7457922964593,0.7,21.5460291941212,1.641,75.023,15.0,0.09999999999999964,56.3,,46.52822113,91.62,0,2,1.0986122886681098,7.0,2,1.0986122886681098,1,1,13.0,2.0,3.0,4.0,1.0986122886681098,1.3862943611198906,1.6094379124341005,7.0,8.0,9.0,2.0,3.0,4.0,1.0986122886681098,1.3862943611198906,1.6094379124341005,1.0,1.0,1.0,1.0,1.0,1.0,13.0,14.0,16.0,80.20686089682415,86.19984863102566,56.93851481637986,,,,,,,,
BEN,Benin,WCA,2024,,50.0,,,,,,1324.78312597434,7.189004046513602,1485.38018885134,7.303426037897931,354.25,4.48,52.5455354818423,0.7,22.248968702791,1.637,75.022,13.1,0.5,54.1,,,38.96,0,2,1.0986122886681098,7.0,2,1.0986122886681098,1,1,12.0,2.0,2.0,4.0,1.0986122886681098,1.0986122886681098,1.6094379124341005,7.0,7.0,9.0,2.0,2.0,4.0,1.0986122886681098,1.0986122886681098,1.6094379124341005,1.0,1.0,1.0,1.0,1.0,1.0,13.0,13.0,15.0,72.84,80.20686089682415,69.67776090132159,,,,,,,,
BEN,Benin,WCA,2025,,,,,,,,1397.75362076916,7.242621670330271,1658.27312662991,7.413532054715718,,,53.3620073968188,,,1.589,75.143,,,53.5,,,,0,2,1.0986122886681098,7.0,2,1.0986122886681098,1,1,12.0,2.0,2.0,3.0,1.0986122886681098,1.0986122886681098,1.3862943611198906,7.0,7.0,8.0,2.0,2.0,3.0,1.0986122886681098,1.0986122886681098,1.3862943611198906,1.0,1.0,1.0,1.0,1.0,1.0,13.0,13.0,14.0,91.62,72.84,86.19984863102566,,,,,,,,
BFA,Burkina Faso,WCA,2000,55.8,,57.8,17.7,8.2,20.3,0.5587769819380581,428.309796566198,6.059846757500523,248.908526921752,5.517085467210814,597.17,6.519,18.0003503329444,1.9,8.8416258208353,2.687,79.869,,,,,10.00902748,,0,1,0.6931471805599453,1.0,1,0.6931471805599453,1,1,1.0,,,,,,,,,,,,,,,,,,,,,,,,,,,,1.0,0.6931471805599453,1.0,1.0,0.6931471805599453,1.0,1.0,1.0
BFA,Burkina Faso,WCA,2001,55.2,55.8,57.3,17.6,8.6,20.2,0.5363995991836389,442.914122870048,6.093375897686621,259.485223380436,5.55869975832737,597.54,6.431,18.8591452143893,1.8,9.13087025476494,2.748,79.609,,,,,10.27519512,,0,1,0.6931471805599453,1.0,1,0.6931471805599453,1,1,1.0,,,,,,,,,,,,,,,,,,,,,,,,,,,,1.0,0.6931471805599453,2.0,1.0,0.6931471805599453,1.0,1.0,2.0
BFA,Burkina Faso,WCA,2002,54.5,55.2,56.8,17.4,9.2,20.1,0.5111513549544588,448.128856317091,6.105080816766433,285.654087637533,5.654781595019189,592.47,6.339,19.725053583448,1.6,10.0598427351821,2.862,79.303,,,,,11.93992615,,0,1,0.6931471805599453,1.0,1,0.6931471805599453,1,1,1.0,1.0,,,0.6931471805599453,,,1.0,,,1.0,,,0.6931471805599453,,,1.0,,,1.0,,,1.0,,,,,,1.0,0.6931471805599453,2.0,1.0,0.6931471805599453,1.0,1.0,2.0
BFA,Burkina Faso,WCA,2003,53.8,54.5,56.3,17.2,9.7,19.9,0.48417639869015494,468.263047790124,6.149030205944249,362.373899996953,5.892676551699311,582.14,6.28,20.563327262892,1.5,11.0080883489168,2.78,79.156,,,,,16.02656555,44.29635707491341,1,1,0.6931471805599453,1.0,1,0.6931471805599453,1,1,1.0,1.0,1.0,,0.6931471805599453,0.6931471805599453,,1.0,1.0,,1.0,1.0,,0.6931471805599453,0.6931471805599453,,1.0,1.0,,1.0,1.0,,1.0,1.0,,,,,1.0,0.6931471805599453,2.0,1.0,0.6931471805599453,1.0,1.0,3.0
BFA,Burkina Faso,WCA,2004,53.2,53.8,55.8,17.0,10.3,19.8,0.4611305661420127,474.086412333459,6.161389609580599,403.81283743461,6.000951496940038,559.01,6.216,21.3392180754924,1.4,11.9759949734472,3.48,78.372,,,,,21.12279129,77.59551161734028,0,1,0.6931471805599453,2.0,1,0.6931471805599453,1,1,2.0,1.0,1.0,,0.6931471805599453,0.6931471805599453,,1.0,1.0,,1.0,1.0,,0.6931471805599453,0.6931471805599453,,1.0,1.0,,1.0,1.0,,1.0,1.0,,,,,1.0,0.6931471805599453,2.0,1.0,0.6931471805599453,1.0,1.0,4.0
BFA,Burkina Faso,WCA,2005,52.4,53.2,55.3,16.8,10.9,19.7,0.4336799102317952,499.192797571217,6.2129923890088605,441.164148016012,6.089417023914398,528.52,6.182,22.0179778440204,1.3,12.9610876994314,4.0,77.734,,,,,21.34285545,77.64068298591769,0,1,0.6931471805599453,2.0,1,0.6931471805599453,1,1,2.0,1.0,1.0,1.0,0.6931471805599453,0.6931471805599453,0.6931471805599453,1.0,1.0,1.0,1.0,1.0,1.0,0.6931471805599453,0.6931471805599453,0.6931471805599453,1.0,1.0,1.0,1.0,1.0,1.0,1.0,1.0,1.0,44.29635707491341,,,1.0,0.6931471805599453,2.0,1.0,0.6931471805599453,1.0,1.0,5.0
BFA,Burkina Faso,WCA,2006,51.6,52.4,54.8,16.5,11.6,19.6,0.4038340924927305,514.113131757062,6.242443341931234,455.513655620024,6.121425695657937,511.16,6.17,22.5528306908743,1.2,13.9636797865369,3.67,77.783,,,,,23.55202866,80.17781080864081,0,1,0.6931471805599453,2.0,1,0.6931471805599453,1,1,3.0,1.0,1.0,1.0,0.6931471805599453,0.6931471805599453,0.6931471805599453,2.0,1.0,1.0,1.0,1.0,1.0,0.6931471805599453,0.6931471805599453,0.6931471805599453,1.0,1.0,1.0,1.0,1.0,1.0,2.0,1.0,1.0,77.59551161734028,44.29635707491341,,1.0,0.6931471805599453,3.0,1.0,0.6931471805599453,1.0,1.0,5.0
BFA,Burkina Faso,WCA,2007,50.8,51.6,54.3,16.3,12.2,19.5,0.37638343658251294,519.26101218434,6.252406670397183,514.684451177238,6.243553996715776,519.27,6.11,22.9741760828193,1.2,14.9188541884319,3.3,77.861,,,,,29.72483063,81.52908780333826,0,1,0.6931471805599453,2.0,1,0.6931471805599453,1,1,4.0,1.0,1.0,1.0,0.6931471805599453,0.6931471805599453,0.6931471805599453,2.0,2.0,1.0,1.0,1.0,1.0,0.6931471805599453,0.6931471805599453,0.6931471805599453,1.0,1.0,1.0,1.0,1.0,1.0,2.0,2.0,1.0,77.64068298591769,77.59551161734028,,3.0,1.3862943611198906,6.0,3.0,1.3862943611198906,1.0,1.0,7.0
BFA,Burkina Faso,WCA,2008,49.9,50.8,53.8,16.1,12.9,19.4,0.3484570810263819,533.471299938288,6.279405273490241,619.437533256264,6.42881186185477,549.65,6.05,23.3633747838557,1.1,15.8385590424802,3.501,77.477,,,,,30.76880074,82.26635162857518,0,1,0.6931471805599453,2.0,1,0.6931471805599453,1,1,5.0,1.0,1.0,1.0,0.6931471805599453,0.6931471805599453,0.6931471805599453,2.0,2.0,1.0,1.0,1.0,1.0,0.6931471805599453,0.6931471805599453,0.6931471805599453,1.0,1.0,1.0,1.0,1.0,1.0,3.0,2.0,1.0,80.17781080864081,77.64068298591769,44.29635707491341,3.0,1.3862943611198906,7.0,3.0,1.3862943611198906,1.0,1.0,11.0
BFA,Burkina Faso,WCA,2009,49.1,49.9,53.3,15.8,13.5,19.3,0.31688455125219356,533.470084831931,6.279402995752449,601.569520671859,6.399542107575347,568.59,5.992,23.7452325601116,1.1,16.7713190117343,3.723,77.075,,,,,31.26260567,81.69518139275954,0,1,0.6931471805599453,3.0,1,0.6931471805599453,1,1,5.0,1.0,1.0,1.0,0.6931471805599453,0.6931471805599453,0.6931471805599453,2.0,2.0,2.0,1.0,1.0,1.0,0.6931471805599453,0.6931471805599453,0.6931471805599453,1.0,1.0,1.0,1.0,1.0,1.0,4.0,3.0,2.0,81.52908780333826,80.17781080864081,77.59551161734028,3.0,1.3862943611198906,10.0,3.0,1.3862943611198906,1.0,1.0,12.0
BFA,Burkina Faso,WCA,2010,48.3,49.1,52.9,15.5,14.2,19.3,0.28942831090207266,561.847221302489,6.3312299647200545,624.957252224766,6.4376832509568835,568.37,5.936,24.115092498158,1.0,17.717348101652,3.725,76.847,,,,,33.05819321,1.962800586567262,1,3,1.3862943611198906,6.0,3,1.3862943611198906,1,1,7.0,1.0,1.0,1.0,0.6931471805599453,0.6931471805599453,0.6931471805599453,2.0,2.0,2.0,1.0,1.0,1.0,0.6931471805599453,0.6931471805599453,0.6931471805599453,1.0,1.0,1.0,1.0,1.0,1.0,5.0,4.0,2.0,82.26635162857518,81.52908780333826,77.64068298591769,5.0,1.791759469228055,11.0,5.0,1.791759469228055,1.0,1.0,15.0
BFA,Burkina Faso,WCA,2011,47.5,48.3,52.5,15.2,14.9,19.2,0.26197207055195204,581.603658737407,6.365789217013496,725.024767725475,6.58620581665112,554.68,5.869,24.4682976845657,1.0,18.6760821491649,3.827,76.538,,,,,33.70409393,94.64456300533524,0,3,1.3862943611198906,7.0,3,1.3862943611198906,1,1,11.0,1.0,1.0,1.0,0.6931471805599453,0.6931471805599453,0.6931471805599453,3.0,2.0,2.0,1.0,1.0,1.0,0.6931471805599453,0.6931471805599453,0.6931471805599453,1.0,1.0,1.0,1.0,1.0,1.0,5.0,5.0,3.0,81.69518139275954,82.26635162857518,80.17781080864081,5.0,1.791759469228055,11.0,5.0,1.791759469228055,1.0,1.0,15.0
BFA,Burkina Faso,WCA,2012,46.9,47.5,52.2,15.0,15.7,19.1,0.24715881685194507,600.731343697818,6.398147819116164,731.470138867833,6.595056397846815,533.39,5.793,24.8001912059054,0.9,19.6465931645733,3.849,76.292,,,,,33.66717529,86.64378085644218,0,3,1.3862943611198906,10.0,3,1.3862943611198906,1,1,12.0,3.0,1.0,1.0,1.3862943611198906,0.6931471805599453,0.6931471805599453,6.0,3.0,2.0,3.0,1.0,1.0,1.3862943611198906,0.6931471805599453,0.6931471805599453,1.0,1.0,1.0,1.0,1.0,1.0,7.0,5.0,4.0,1.962800586567262,81.69518139275954,81.52908780333826,6.0,1.9459101490553132,12.0,6.0,1.9459101490553132,1.0,1.0,16.0
BFA,Burkina Faso,WCA,2013,46.4,46.9,51.9,14.7,16.4,19.0,0.22869938893388064,616.741331164082,6.42444969963834,759.762065168498,6.633005312116349,487.14,5.697,25.106116148748,0.9,20.6283173579476,4.054,75.898,,,,,42.26796341,71.74576457785513,0,5,1.791759469228055,11.0,5,1.791759469228055,1,1,15.0,3.0,3.0,1.0,1.3862943611198906,1.3862943611198906,0.6931471805599453,7.0,6.0,2.0,3.0,3.0,1.0,1.3862943611198906,1.3862943611198906,0.6931471805599453,1.0,1.0,1.0,1.0,1.0,1.0,11.0,7.0,5.0,94.64456300533524,1.962800586567262,82.26635162857518,6.0,1.9459101490553132,11.0,9.0,2.302585092994046,1.0,1.0,15.0
BFA,Burkina Faso,WCA,2014,46.0,46.4,51.7,14.4,17.2,18.9,0.21655866212092176,624.576885187665,6.437074436779726,764.861675106225,6.63969500062259,446.14,5.595,25.3814155996643,0.8,21.6210077487698,4.255,75.506,,,,,38.24516678,53.99336934746768,0,5,1.791759469228055,11.0,5,1.791759469228055,1,1,15.0,3.0,3.0,1.0,1.3862943611198906,1.3862943611198906,0.6931471805599453,10.0,7.0,3.0,3.0,3.0,1.0,1.3862943611198906,1.3862943611198906,0.6931471805599453,1.0,1.0,1.0,1.0,1.0,1.0,12.0,11.0,5.0,86.64378085644218,94.64456300533524,81.69518139275954,6.0,1.9459101490553132,11.0,9.0,2.302585092994046,1.0,1.0,16.0
BFA,Burkina Faso,WCA,2015,45.7,46.0,51.6,14.2,18.1,18.8,0.21485851027703884,630.124750752312,6.445917816849948,630.124750752312,6.445917816849948,417.95,5.478,25.621432645225,0.8,22.623723352134,4.472,75.102,,,,,32.3375206,55.46,0,6,1.9459101490553132,12.0,6,1.9459101490553132,1,1,16.0,5.0,3.0,3.0,1.791759469228055,1.3862943611198906,1.3862943611198906,11.0,10.0,6.0,5.0,3.0,3.0,1.791759469228055,1.3862943611198906,1.3862943611198906,1.0,1.0,1.0,1.0,1.0,1.0,15.0,12.0,7.0,71.74576457785513,86.64378085644218,1.962800586567262,6.0,1.9459101490553132,11.0,6.0,1.9459101490553132,1.0,1.0,16.0
BFA,Burkina Faso,WCA,2016,45.0,45.7,51.0,13.9,19.0,18.8,0.18827895090031593,648.420480176012,6.474539375075245,663.742364842886,6.497894069428423,373.17,5.331,25.821510372001,0.8,23.6358671659231,4.598,74.767,,,,,39.50990677,100.0,0,6,1.9459101490553132,11.0,9,2.302585092994046,1,1,15.0,5.0,5.0,3.0,1.791759469228055,1.791759469228055,1.3862943611198906,11.0,11.0,7.0,5.0,5.0,3.0,1.791759469228055,1.791759469228055,1.3862943611198906,1.0,1.0,1.0,1.0,1.0,1.0,15.0,15.0,11.0,53.99336934746768,71.74576457785513,94.64456300533524,6.0,1.9459101490553132,11.0,6.0,1.9459101490553132,1.0,1.0,16.0
BFA,Burkina Faso,WCA,2017,44.5,45.0,50.5,13.7,19.9,18.7,0.1726156661385828,669.276310328333,6.506196994781748,709.091535894695,6.563984623832979,356.56,5.17,25.9769918665632,0.7,24.6558918981723,4.662,74.479,5.9,-0.8999999999999995,68.4,,43.37775803,,0,6,1.9459101490553132,11.0,9,2.302585092994046,1,1,16.0,6.0,5.0,3.0,1.9459101490553132,1.791759469228055,1.3862943611198906,12.0,11.0,10.0,6.0,5.0,3.0,1.9459101490553132,1.791759469228055,1.3862943611198906,1.0,1.0,1.0,1.0,1.0,1.0,16.0,15.0,12.0,55.46,53.99336934746768,86.64378085644218,7.0,2.0794415416798357,12.0,7.0,2.0794415416798357,1.0,1.0,17.0
BFA,Burkina Faso,WCA,2018,44.2,44.5,50.1,13.4,20.9,18.6,0.16135162029902175,694.492813126351,6.543181813870662,777.465618514048,6.6560394225149215,356.23,4.921,26.0832202154822,0.7,25.6835548762607,4.695,74.215,6.0,-0.40000000000000036,65.5,,38.48573303,,0,6,1.9459101490553132,11.0,6,1.9459101490553132,1,1,16.0,6.0,6.0,5.0,1.9459101490553132,1.9459101490553132,1.791759469228055,11.0,12.0,11.0,9.0,6.0,5.0,2.302585092994046,1.9459101490553132,1.791759469228055,1.0,1.0,1.0,1.0,1.0,1.0,15.0,16.0,15.0,100.0,55.46,71.74576457785513,6.0,1.9459101490553132,11.0,6.0,1.9459101490553132,1.0,1.0,14.0
BFA,Burkina Faso,WCA,2019,43.9,44.2,49.8,13.2,21.9,18.5,0.15659902571237502,717.021595096634,6.575105958830349,764.853077774946,6.6396837601854255,356.49,4.681,26.1187254401157,0.7,26.7185691114763,4.493,74.13,6.3,-0.5999999999999996,62.6,,41.06895828,,0,6,1.9459101490553132,11.0,6,1.9459101490553132,1,1,16.0,6.0,6.0,5.0,1.9459101490553132,1.9459101490553132,1.791759469228055,11.0,11.0,11.0,9.0,9.0,5.0,2.302585092994046,2.302585092994046,1.791759469228055,1.0,1.0,1.0,1.0,1.0,1.0,16.0,15.0,15.0,,100.0,53.99336934746768,6.0,1.9459101490553132,11.0,6.0,1.9459101490553132,1.0,1.0,15.0
BFA,Burkina Faso,WCA,2020,43.7,43.9,49.5,12.9,23.0,18.5,0.15165368097791934,713.8421779224,6.570661898582423,825.237038782475,6.715670664802603,378.17,4.44,26.3578373628627,0.6,27.7597483878875,4.59,71.738,6.8,-1.0,63.2,0.2,57.17589188,,0,7,2.0794415416798357,12.0,7,2.0794415416798357,1,1,17.0,6.0,6.0,6.0,1.9459101490553132,1.9459101490553132,1.9459101490553132,11.0,11.0,12.0,6.0,9.0,6.0,1.9459101490553132,2.302585092994046,1.9459101490553132,1.0,1.0,1.0,1.0,1.0,1.0,16.0,16.0,16.0,,,55.46,6.0,1.9459101490553132,11.0,6.0,1.9459101490553132,1.0,1.0,15.0
BFA,Burkina Faso,WCA,2021,43.6,43.7,49.3,12.6,24.0,,0.1495736132783207,745.472563435144,6.614018330623652,895.535288442991,6.797421627137521,378.58,4.361,26.8114307743017,0.6,28.8068022658045,4.511,70.646,7.1,-1.3999999999999995,62.7,,63.59171295,,1,6,1.9459101490553132,11.0,6,1.9459101490553132,1,1,14.0,6.0,6.0,6.0,1.9459101490553132,1.9459101490553132,1.9459101490553132,11.0,11.0,11.0,6.0,6.0,9.0,1.9459101490553132,1.9459101490553132,2.302585092994046,1.0,1.0,1.0,1.0,1.0,1.0,16.0,16.0,15.0,,,100.0,6.0,1.9459101490553132,11.0,6.0,1.9459101490553132,1.0,1.0,15.0
BFA,Burkina Faso,WCA,2022,43.7,43.6,49.2,12.4,25.1,,0.16013653222883606,740.306319930259,6.607064046397968,827.330843486661,6.718204667607621,356.27,4.275,27.2791369742712,0.6,29.8585926182987,3.828,69.567,7.2,-0.7999999999999998,66.6,,64.38339996,,0,6,1.9459101490553132,11.0,6,1.9459101490553132,1,1,15.0,7.0,6.0,6.0,2.0794415416798357,1.9459101490553132,1.9459101490553132,12.0,11.0,11.0,7.0,6.0,9.0,2.0794415416798357,1.9459101490553132,2.302585092994046,1.0,1.0,1.0,1.0,1.0,1.0,17.0,16.0,16.0,,,,5.0,1.791759469228055,10.0,5.0,1.791759469228055,1.0,1.0,14.0
BFA,Burkina Faso,WCA,2023,44.3,43.7,49.5,,,,,745.405334618409,6.613928143738638,873.198061670247,6.772162404872875,353.49,4.186,27.7872478365158,0.5,30.9150753845811,3.601,68.631,7.3,-0.10000000000000053,65.3,,71.73455048,,0,6,1.9459101490553132,11.0,6,1.9459101490553132,1,1,15.0,6.0,7.0,6.0,1.9459101490553132,2.0794415416798357,1.9459101490553132,11.0,12.0,11.0,6.0,7.0,6.0,1.9459101490553132,2.0794415416798357,1.9459101490553132,1.0,1.0,1.0,1.0,1.0,1.0,14.0,17.0,16.0,,,,,,,,,,,
BFA,Burkina Faso,WCA,2024,,44.3,,,,,,764.082625588818,6.638675931995337,982.493100418428,6.890093321243876,353.49,4.11,28.3352514896662,0.5,31.7963485938203,3.441,67.651,7.3,0.7999999999999998,65.1,,,,0,6,1.9459101490553132,11.0,6,1.9459101490553132,1,1,15.0,6.0,6.0,6.0,1.9459101490553132,1.9459101490553132,1.9459101490553132,11.0,11.0,11.0,6.0,6.0,6.0,1.9459101490553132,1.9459101490553132,1.9459101490553132,1.0,1.0,1.0,1.0,1.0,1.0,15.0,14.0,16.0,,,,,,,,,,,
BFA,Burkina Faso,WCA,2025,,,,,,,,786.966437457548,6.668185601329564,1147.57131635601,7.045403089333367,,,28.9226360719085,,,3.477,67.57,,,65.5,,,,0,5,1.791759469228055,10.0,5,1.791759469228055,1,1,14.0,6.0,6.0,7.0,1.9459101490553132,1.9459101490553132,2.0794415416798357,11.0,11.0,12.0,6.0,6.0,7.0,1.9459101490553132,1.9459101490553132,2.0794415416798357,1.0,1.0,1.0,1.0,1.0,1.0,15.0,15.0,17.0,,,,,,,,,,,
BWA,Botswana,ESA,2000,32.8,,34.7,12.7,34.2,18.1,-0.25691864561291333,5062.64289173588,8.529643936544536,3450.81180622992,8.146364788498854,17.23,3.294,53.2047727398794,25.9,53.7395555164228,15.88,49.294,,,,2.13,206.93144226,,0,1,0.6931471805599453,1.0,1,0.6931471805599453,1,1,1.0,,,,,,,,,,,,,,,,,,,,,,,,,,,,1.0,0.6931471805599453,1.0,1.0,0.6931471805599453,1.0,1.0,2.0
BWA,Botswana,ESA,2001,32.2,32.8,34.3,12.6,35.3,18.1,-0.26481946673252155,4971.96371794188,8.511570155327604,3206.07123689853,8.072801552791178,6.79,3.248,54.0489894446035,25.7,54.7451404334018,18.54,47.914,,,,2.16,203.01203918,,0,1,0.6931471805599453,1.0,1,0.6931471805599453,1,1,1.0,,,,,,,,,,,,,,,,,,,,,,,,,,,,1.0,0.6931471805599453,1.0,1.0,0.6931471805599453,1.0,1.0,2.0
BWA,Botswana,ESA,2002,31.5,32.2,33.9,12.4,36.4,18.2,-0.2790445733971382,5175.47655317231,8.551686701463298,3117.25087183011,8.044706761555895,3.17,3.175,55.0142988603802,25.3,55.6040876882088,21.277,46.451,,,,2.2,206.11392212,,0,1,0.6931471805599453,1.0,1,0.6931471805599453,1,1,1.0,1.0,,,0.6931471805599453,,,1.0,,,1.0,,,0.6931471805599453,,,1.0,,,1.0,,,1.0,,,,,,1.0,0.6931471805599453,1.0,1.0,0.6931471805599453,1.0,1.0,3.0
BWA,Botswana,ESA,2003,30.9,31.5,33.5,12.3,37.4,18.2,-0.28867210655187014,5320.440295139,8.579311341155258,4230.12326909926,8.349986413246745,1.58,3.106,56.0979233496432,24.9,56.4322629301627,23.8,45.107,,,,2.09,269.58544922,,0,1,0.6931471805599453,1.0,1,0.6931471805599453,1,1,2.0,1.0,1.0,,0.6931471805599453,0.6931471805599453,,1.0,1.0,,1.0,1.0,,0.6931471805599453,0.6931471805599453,,1.0,1.0,,1.0,1.0,,1.0,1.0,,,,,1.0,0.6931471805599453,1.0,1.0,0.6931471805599453,1.0,1.0,3.0
BWA,Botswana,ESA,2004,30.3,30.9,33.1,12.1,38.5,18.2,-0.30069480153544903,5369.42516766112,8.58847613664489,4956.69287735214,8.508494038738245,1.02,3.063,57.2582489329358,24.5,57.2488048403831,21.755,46.497,,,,2.05,297.2512207,,0,1,0.6931471805599453,1.0,1,0.6931471805599453,1,1,2.0,1.0,1.0,,0.6931471805599453,0.6931471805599453,,1.0,1.0,,1.0,1.0,,0.6931471805599453,0.6931471805599453,,1.0,1.0,,1.0,1.0,,1.0,1.0,,,,,1.0,0.6931471805599453,1.0,1.0,0.6931471805599453,1.0,1.0,3.0
BWA,Botswana,ESA,2005,29.8,30.3,32.7,11.9,39.5,18.2,-0.31224179687311443,5514.21742664705,8.61508502255226,5391.07076619634,8.59249930209457,1.2,3.082,58.4535554684584,24.2,58.0524375220249,19.852,47.82,,,,2.16,281.38796997,,0,1,0.6931471805599453,1.0,1,0.6931471805599453,1,1,3.0,1.0,1.0,1.0,0.6931471805599453,0.6931471805599453,0.6931471805599453,1.0,1.0,1.0,1.0,1.0,1.0,0.6931471805599453,0.6931471805599453,0.6931471805599453,1.0,1.0,1.0,1.0,1.0,1.0,2.0,1.0,1.0,,,,1.0,0.6931471805599453,1.0,1.0,0.6931471805599453,1.0,1.0,3.0
BWA,Botswana,ESA,2006,29.2,29.8,32.3,11.7,40.5,18.1,-0.32599120389181757,5865.00026521361,8.676757806307286,5291.58379144849,8.573872873511588,3.86,3.114,59.6421228144112,23.9,58.8441205990319,17.782,49.243,,,,2.17,258.01873779,,0,1,0.6931471805599453,1.0,1,0.6931471805599453,1,1,3.0,1.0,1.0,1.0,0.6931471805599453,0.6931471805599453,0.6931471805599453,1.0,1.0,1.0,1.0,1.0,1.0,0.6931471805599453,0.6931471805599453,0.6931471805599453,1.0,1.0,1.0,1.0,1.0,1.0,2.0,2.0,1.0,,,,1.0,0.6931471805599453,1.0,1.0,0.6931471805599453,1.0,1.0,3.0
BWA,Botswana,ESA,2007,28.6,29.2,31.9,11.5,41.4,18.0,-0.3414673229456444,6085.6354476126,8.713686428500589,5529.12574632532,8.617784989129651,1.02,3.127,60.7822308289942,23.6,59.9949103231663,16.976,50.523,,,,2.17,305.22042847,,0,1,0.6931471805599453,1.0,1,0.6931471805599453,1,1,3.0,1.0,1.0,1.0,0.6931471805599453,0.6931471805599453,0.6931471805599453,1.0,1.0,1.0,1.0,1.0,1.0,0.6931471805599453,0.6931471805599453,0.6931471805599453,1.0,1.0,1.0,1.0,1.0,1.0,3.0,2.0,1.0,,,,1.0,0.6931471805599453,4.0,1.0,0.6931471805599453,1.0,1.0,7.0
BWA,Botswana,ESA,2008,28.1,28.6,31.5,11.3,42.4,17.9,-0.35301431828330965,6158.61629368051,8.725607403645729,5503.07395314313,8.613062115665286,1.9,3.131,61.8321593704079,23.4,61.1111581446206,16.293,51.717,,,,2.17,324.54284668,0.0,0,1,0.6931471805599453,1.0,1,0.6931471805599453,1,1,3.0,1.0,1.0,1.0,0.6931471805599453,0.6931471805599453,0.6931471805599453,1.0,1.0,1.0,1.0,1.0,1.0,0.6931471805599453,0.6931471805599453,0.6931471805599453,1.0,1.0,1.0,1.0,1.0,1.0,3.0,3.0,2.0,,,,1.0,0.6931471805599453,4.0,1.0,0.6931471805599453,1.0,1.0,8.0
BWA,Botswana,ESA,2009,27.7,28.1,31.1,11.1,43.2,17.8,-0.36581232601018526,5179.4138607146,8.552447174548897,5082.93388332404,8.533643909950156,2.06,3.133,62.7501882968523,23.2,62.1889472021203,16.169,52.547,,,,2.29,336.53146362,0.0,0,1,0.6931471805599453,1.0,1,0.6931471805599453,1,1,3.0,1.0,1.0,1.0,0.6931471805599453,0.6931471805599453,0.6931471805599453,1.0,1.0,1.0,1.0,1.0,1.0,0.6931471805599453,0.6931471805599453,0.6931471805599453,1.0,1.0,1.0,1.0,1.0,1.0,3.0,3.0,2.0,,,,1.0,0.6931471805599453,4.0,1.0,0.6931471805599453,1.0,1.0,8.0
BWA,Botswana,ESA,2010,27.3,27.7,30.8,10.9,44.1,17.6,-0.3744940443129934,5584.5034321846,8.6277507965719,6215.73216077919,8.734838802441404,1.65,3.135,63.4945974665277,23.0,63.2298770256248,17.86,49.171,,,,2.47,389.55178833,0.0,0,1,0.6931471805599453,4.0,1,0.6931471805599453,1,1,7.0,1.0,1.0,1.0,0.6931471805599453,0.6931471805599453,0.6931471805599453,1.0,1.0,1.0,1.0,1.0,1.0,0.6931471805599453,0.6931471805599453,0.6931471805599453,1.0,1.0,1.0,1.0,1.0,1.0,3.0,3.0,3.0,0.0,,,1.0,0.6931471805599453,4.0,1.0,0.6931471805599453,1.0,1.0,8.0
BWA,Botswana,ESA,2011,27.1,27.3,30.6,10.6,44.9,17.4,-0.3822299477638773,5850.07858575461,8.674210373598001,7287.38295334919,8.893899769239773,0.5,3.103,64.0187810722889,22.8,64.2325786938522,18.049,49.638,,,,2.55,427.70709229,0.0,0,1,0.6931471805599453,4.0,1,0.6931471805599453,1,1,8.0,1.0,1.0,1.0,0.6931471805599453,0.6931471805599453,0.6931471805599453,1.0,1.0,1.0,1.0,1.0,1.0,0.6931471805599453,0.6931471805599453,0.6931471805599453,1.0,1.0,1.0,1.0,1.0,1.0,3.0,3.0,3.0,0.0,0.0,,1.0,0.6931471805599453,4.0,1.0,0.6931471805599453,1.0,1.0,8.0
BWA,Botswana,ESA,2012,27.0,27.1,30.5,10.4,45.8,17.3,-0.37952527624568516,5742.91924452636,8.655722939216826,6595.53845015424,8.79414870702776,0.22,3.07,64.3993247826904,22.7,65.037275052661,17.916,50.21,,,,2.5,418.82244873,0.0,0,1,0.6931471805599453,4.0,1,0.6931471805599453,1,1,8.0,1.0,1.0,1.0,0.6931471805599453,0.6931471805599453,0.6931471805599453,4.0,1.0,1.0,1.0,1.0,1.0,0.6931471805599453,0.6931471805599453,0.6931471805599453,1.0,1.0,1.0,1.0,1.0,1.0,7.0,3.0,3.0,0.0,0.0,,2.0,1.0986122886681098,5.0,2.0,1.0986122886681098,1.0,1.0,9.0
BWA,Botswana,ESA,2013,27.1,27.0,30.5,10.2,46.5,17.2,-0.3734796280467218,6284.97678002618,8.745917426510948,6666.91219583487,8.804912092565065,0.51,3.045,64.7579735458393,22.4,65.7908304969597,18.167,50.399,,,,2.59,433.29150391,0.0,0,1,0.6931471805599453,4.0,1,0.6931471805599453,1,1,8.0,1.0,1.0,1.0,0.6931471805599453,0.6931471805599453,0.6931471805599453,4.0,4.0,1.0,1.0,1.0,1.0,0.6931471805599453,0.6931471805599453,0.6931471805599453,1.0,1.0,1.0,1.0,1.0,1.0,8.0,7.0,3.0,0.0,0.0,0.0,2.0,1.0986122886681098,5.0,5.0,1.791759469228055,1.0,1.0,9.0
BWA,Botswana,ESA,2014,27.2,27.1,30.5,10.0,47.3,17.1,-0.3657072678126347,6547.12254115892,8.786780925412547,7122.36423421503,8.870995004655118,1.44,3.027,65.0965122400825,22.1,66.5214936855642,18.484,50.472,,,,2.57,418.82452393,0.0,0,1,0.6931471805599453,4.0,1,0.6931471805599453,1,1,8.0,1.0,1.0,1.0,0.6931471805599453,0.6931471805599453,0.6931471805599453,4.0,4.0,1.0,1.0,1.0,1.0,0.6931471805599453,0.6931471805599453,0.6931471805599453,1.0,1.0,1.0,1.0,1.0,1.0,8.0,8.0,3.0,0.0,0.0,0.0,2.0,1.0986122886681098,5.0,5.0,1.791759469228055,1.0,1.0,9.0
BWA,Botswana,ESA,2015,27.4,27.2,30.5,9.8,48.1,17.0,-0.35573249589750994,6141.20394726616,8.722776084536143,6141.20394726616,8.722776084536143,0.31,3.008,65.4103584313295,21.8,67.2288878869323,18.915,50.428,18.4,4.400000000000002,,2.61,374.79058838,0.0,0,2,1.0986122886681098,5.0,2,1.0986122886681098,1,1,9.0,1.0,1.0,1.0,0.6931471805599453,0.6931471805599453,0.6931471805599453,4.0,4.0,4.0,1.0,1.0,1.0,0.6931471805599453,0.6931471805599453,0.6931471805599453,1.0,1.0,1.0,1.0,1.0,1.0,8.0,8.0,7.0,0.0,0.0,0.0,2.0,1.0986122886681098,5.0,2.0,1.0986122886681098,1.0,1.0,10.0
BWA,Botswana,ESA,2016,27.6,27.4,30.6,9.7,48.9,17.0,-0.3392462727294706,6490.83463593483,8.778146404809219,6749.05994339013,8.81715850652203,0.67,2.99,65.6949296854899,21.4,67.9129615984092,19.328,50.389,21.5,5.100000000000001,,2.57,389.3107605,0.0,0,2,1.0986122886681098,5.0,5,1.791759469228055,1,1,9.0,1.0,1.0,1.0,0.6931471805599453,0.6931471805599453,0.6931471805599453,4.0,4.0,4.0,1.0,1.0,1.0,0.6931471805599453,0.6931471805599453,0.6931471805599453,1.0,1.0,1.0,1.0,1.0,1.0,8.0,8.0,8.0,0.0,0.0,0.0,1.0,0.6931471805599453,4.0,1.0,0.6931471805599453,1.0,1.0,9.0
BWA,Botswana,ESA,2017,27.9,27.6,30.7,9.5,49.8,17.0,-0.3229527997092406,6662.57644805467,8.804261542787957,7104.96401088027,8.868548975195399,1.96,2.969,65.9456435684731,20.9,68.5731443566445,19.671,50.419,22.8,5.5,61.9,2.54,471.05056763,23.22455068034636,0,2,1.0986122886681098,5.0,5,1.791759469228055,1,1,9.0,2.0,1.0,1.0,1.0986122886681098,0.6931471805599453,0.6931471805599453,5.0,4.0,4.0,2.0,1.0,1.0,1.0986122886681098,0.6931471805599453,0.6931471805599453,1.0,1.0,1.0,1.0,1.0,1.0,9.0,8.0,8.0,0.0,0.0,0.0,1.0,0.6931471805599453,4.0,1.0,0.6931471805599453,1.0,1.0,9.0
BWA,Botswana,ESA,2018,28.2,27.9,30.7,9.3,50.6,16.9,-0.3107756161130783,6843.84612027739,8.83110515087232,7407.95940141786,8.910310295940839,0.53,2.941,66.1579176461888,20.3,69.2069921595304,19.665,50.697,23.1,5.5,60.0,2.5,447.4473877,0.0,0,2,1.0986122886681098,5.0,2,1.0986122886681098,1,1,10.0,2.0,2.0,1.0,1.0986122886681098,1.0986122886681098,0.6931471805599453,5.0,5.0,4.0,5.0,2.0,1.0,1.791759469228055,1.0986122886681098,0.6931471805599453,1.0,1.0,1.0,1.0,1.0,1.0,9.0,9.0,8.0,0.0,0.0,0.0,1.0,0.6931471805599453,3.0,1.0,0.6931471805599453,1.0,1.0,9.0
BWA,Botswana,ESA,2019,28.6,28.2,30.7,9.2,51.3,16.9,-0.29400085900703155,6951.73189051146,8.846746100394796,7172.08956480028,8.877952322767555,0.17,2.906,66.3271694845464,19.7,69.8150599678289,20.094,50.724,23.7,5.600000000000001,59.4,2.47,438.28546143,0.0,0,1,0.6931471805599453,4.0,1,0.6931471805599453,1,1,9.0,2.0,2.0,1.0,1.0986122886681098,1.0986122886681098,0.6931471805599453,5.0,5.0,4.0,5.0,5.0,1.0,1.791759469228055,1.791759469228055,0.6931471805599453,1.0,1.0,1.0,1.0,1.0,1.0,9.0,9.0,8.0,23.22455068034636,0.0,0.0,1.0,0.6931471805599453,3.0,1.0,0.6931471805599453,1.0,1.0,7.0
BWA,Botswana,ESA,2020,29.0,28.6,30.8,9.0,52.1,16.8,-0.27723168634088796,6254.24806241091,8.741016201831568,6323.2974967659,8.751996106891053,1.13,2.861,66.4488166494554,19.0,70.3974291175514,21.017,48.415,25.4,6.100000000000001,59.5,2.43,386.28860474,94.71096427962092,0,1,0.6931471805599453,4.0,1,0.6931471805599453,1,1,9.0,2.0,2.0,2.0,1.0986122886681098,1.0986122886681098,1.0986122886681098,5.0,5.0,5.0,2.0,5.0,2.0,1.0986122886681098,1.791759469228055,1.0986122886681098,1.0,1.0,1.0,1.0,1.0,1.0,10.0,9.0,9.0,0.0,23.22455068034636,0.0,1.0,0.6931471805599453,3.0,1.0,0.6931471805599453,1.0,1.0,7.0
BWA,Botswana,ESA,2021,29.5,29.0,30.9,8.9,52.8,,-0.2558649401648599,6895.91184943107,8.838684029406704,7807.88794570471,8.962889776773851,0.67,2.827,66.5182767068255,18.2,70.9542350453954,23.106,49.208,26.7,4.199999999999999,59.2,2.39,492.14276123,0.0,0,1,0.6931471805599453,3.0,1,0.6931471805599453,1,1,9.0,1.0,2.0,2.0,0.6931471805599453,1.0986122886681098,1.0986122886681098,4.0,5.0,5.0,1.0,2.0,5.0,0.6931471805599453,1.0986122886681098,1.791759469228055,1.0,1.0,1.0,1.0,1.0,1.0,9.0,10.0,9.0,0.0,0.0,0.0,1.0,0.6931471805599453,3.0,1.0,0.6931471805599453,1.0,1.0,6.0
BWA,Botswana,ESA,2022,30.1,29.5,31.1,8.8,53.5,,-0.22990620491885017,7159.5860618268,8.876207445689456,8328.7090572666,9.027463748032948,0.34,2.785,66.5889787170477,17.4,71.4864919930582,23.615,49.361,26.6,3.6999999999999993,58.7,2.36,477.77633667,0.0,0,1,0.6931471805599453,3.0,1,0.6931471805599453,1,1,7.0,1.0,1.0,2.0,0.6931471805599453,0.6931471805599453,1.0986122886681098,4.0,4.0,5.0,1.0,1.0,5.0,0.6931471805599453,0.6931471805599453,1.791759469228055,1.0,1.0,1.0,1.0,1.0,1.0,9.0,9.0,9.0,94.71096427962092,0.0,23.22455068034636,1.0,0.6931471805599453,3.0,1.0,0.6931471805599453,1.0,1.0,6.0
BWA,Botswana,ESA,2023,30.9,30.1,31.4,,,,,7269.05170664457,8.891381122768536,7827.30027960734,8.965372937654006,0.47,2.732,67.0212655349864,16.6,71.9941392506475,23.381,52.313,23.3,2.700000000000003,58.7,,489.59677124,0.0,0,1,0.6931471805599453,3.0,1,0.6931471805599453,1,1,7.0,1.0,1.0,2.0,0.6931471805599453,0.6931471805599453,1.0986122886681098,3.0,4.0,5.0,1.0,1.0,2.0,0.6931471805599453,0.6931471805599453,1.0986122886681098,1.0,1.0,1.0,1.0,1.0,1.0,9.0,9.0,10.0,0.0,94.71096427962092,0.0,,,,,,,,
BWA,Botswana,ESA,2024,,30.9,,,,,,6952.34770386661,8.846834680635059,7649.81663744354,8.942436957571692,0.2,2.703,67.4623537838418,15.7,72.115456599001,23.81,52.243,20.4,3.0,59.0,,,55.32,0,1,0.6931471805599453,3.0,1,0.6931471805599453,1,1,6.0,1.0,1.0,1.0,0.6931471805599453,0.6931471805599453,0.6931471805599453,3.0,3.0,4.0,1.0,1.0,1.0,0.6931471805599453,0.6931471805599453,0.6931471805599453,1.0,1.0,1.0,1.0,1.0,1.0,7.0,9.0,9.0,0.0,0.0,0.0,,,,,,,,
BWA,Botswana,ESA,2025,,,,,,,,6790.93284822604,8.823343596716505,7778.1151090571,8.95906931391926,,,67.9559561532102,,,24.477,51.958,,,59.9,,,,0,1,0.6931471805599453,3.0,1,0.6931471805599453,1,1,6.0,1.0,1.0,1.0,0.6931471805599453,0.6931471805599453,0.6931471805599453,3.0,3.0,4.0,1.0,1.0,1.0,0.6931471805599453,0.6931471805599453,0.6931471805599453,1.0,1.0,1.0,1.0,1.0,1.0,7.0,7.0,9.0,0.0,0.0,94.71096427962092,,,,,,,,
CAF,Central African Republic,WCA,2000,50.5,,52.1,18.4,12.6,15.2,0.41067169826652217,437.168928414826,6.0803196842773435,239.154133726071,5.47710825505353,438.12,5.851,37.7014879765364,7.5,20.5939671158027,5.722,68.469,,,,,9.9123354,,0,0,0.0,1.0,0,0.0,0,1,3.0,,,,,,,,,,,,,,,,,,,,,,,,,,,,0.0,0.0,1.0,0.0,0.0,0.0,1.0,3.0
CAF,Central African Republic,WCA,2001,50.0,50.5,51.8,18.5,13.2,15.3,0.4069730537692176,446.658634192083,6.101794620963096,237.951702544735,5.472067722593991,438.51,5.807,37.7560236207831,7.3,20.5472812527442,5.77,68.426,,,,,9.20995235,,0,0,0.0,1.0,0,0.0,0,1,3.0,,,,,,,,,,,,,,,,,,,,,,,,,,,,0.0,0.0,1.0,0.0,0.0,0.0,1.0,3.0
CAF,Central African Republic,WCA,2002,49.5,50.0,51.5,18.7,13.9,15.3,0.40912299517100786,452.808702217035,6.115469745381494,248.639290978403,5.51600321557613,447.85,5.785,37.8169752995511,7.0,20.5005930190466,5.809,68.379,,,,,10.44132614,,0,0,0.0,1.0,0,0.0,0,1,3.0,0.0,,,0.0,,,1.0,,,0.0,,,0.0,,,0.0,,,1.0,,,3.0,,,,,,0.0,0.0,1.0,0.0,0.0,0.0,1.0,3.0
CAF,Central African Republic,WCA,2003,49.0,49.5,51.3,18.8,14.6,15.4,0.4095406400977709,418.240532289858,6.036056703125029,278.403992150941,5.629073267980086,455.24,5.799,37.8863171931924,6.7,20.4536055406808,5.809,68.347,,,,,12.15000153,0.0,0,0,0.0,1.0,0,0.0,0,1,3.0,0.0,0.0,,0.0,0.0,,1.0,1.0,,0.0,0.0,,0.0,0.0,,0.0,0.0,,1.0,1.0,,3.0,3.0,,,,,0.0,0.0,1.0,0.0,0.0,0.0,1.0,5.0
CAF,Central African Republic,WCA,2004,48.6,49.0,51.0,18.9,15.2,15.4,0.40804440728150393,433.825227770233,6.07264175200434,303.461321152782,5.71525415971835,461.27,5.784,37.9626889392062,6.4,20.4063183359002,5.729,68.393,,,,,12.96809387,2.460165379068363,0,0,0.0,1.0,0,0.0,0,1,3.0,0.0,0.0,,0.0,0.0,,1.0,1.0,,0.0,0.0,,0.0,0.0,,0.0,0.0,,1.0,1.0,,3.0,3.0,,,,,0.0,0.0,1.0,0.0,0.0,0.0,1.0,5.0
CAF,Central African Republic,WCA,2005,48.1,48.6,50.7,19.0,15.9,15.5,0.4060724748193234,427.968043155237,6.059048527269041,311.950023138687,5.742842992731138,465.26,5.812,38.0448510426866,6.0,19.9721484876891,5.691,68.406,,,,,13.93517494,0.0,0,0,0.0,1.0,0,0.0,0,1,3.0,0.0,0.0,0.0,0.0,0.0,0.0,1.0,1.0,1.0,0.0,0.0,0.0,0.0,0.0,0.0,0.0,0.0,0.0,1.0,1.0,1.0,3.0,3.0,3.0,0.0,,,0.0,0.0,1.0,0.0,0.0,0.0,1.0,5.0
CAF,Central African Republic,WCA,2006,47.6,48.1,50.4,19.1,16.6,15.5,0.40410054235714266,439.294330902768,6.085169646056144,333.942519903031,5.810968882067758,467.93,5.84,38.134433681123,5.7,19.5450443579564,5.61,68.479,,,,1.2,15.15495491,0.0,0,0,0.0,1.0,0,0.0,0,1,5.0,0.0,0.0,0.0,0.0,0.0,0.0,1.0,1.0,1.0,0.0,0.0,0.0,0.0,0.0,0.0,0.0,0.0,0.0,1.0,1.0,1.0,3.0,3.0,3.0,2.460165379068363,0.0,,0.0,0.0,1.0,0.0,0.0,0.0,1.0,6.0
CAF,Central African Republic,WCA,2007,47.0,47.6,50.0,19.2,17.2,15.6,0.39580990878985656,450.762785401893,6.110941226410812,380.887048839475,5.942502871434915,467.59,5.867,38.2343339436079,5.5,19.1248924348841,5.562,68.544,,,,,18.24629021,0.0,0,0,0.0,1.0,0,0.0,0,1,5.0,0.0,0.0,0.0,0.0,0.0,0.0,1.0,1.0,1.0,0.0,0.0,0.0,0.0,0.0,0.0,0.0,0.0,0.0,1.0,1.0,1.0,3.0,3.0,3.0,0.0,2.460165379068363,,0.0,0.0,1.0,0.0,0.0,0.0,1.0,6.0
CAF,Central African Republic,WCA,2008,46.3,47.0,49.6,19.2,17.9,15.6,0.3829217017126861,450.313616886022,6.10994426643731,437.24827472489,6.080501168150252,465.74,5.902,38.3474489192338,5.2,18.7110288344225,5.51,68.602,,,,,18.02888489,0.0,0,0,0.0,1.0,0,0.0,0,1,5.0,0.0,0.0,0.0,0.0,0.0,0.0,1.0,1.0,1.0,0.0,0.0,0.0,0.0,0.0,0.0,0.0,0.0,0.0,1.0,1.0,1.0,5.0,3.0,3.0,0.0,0.0,0.0,0.0,0.0,1.0,0.0,0.0,0.0,1.0,6.0
CAF,Central African Republic,WCA,2009,45.7,46.3,49.2,19.3,18.5,15.6,0.37463106814540037,492.215398914836,6.198916423357111,456.471673898404,6.1235266475038985,463.55,5.936,38.476675697093,5.1,18.3030854351949,5.575,68.611,,,,,21.37773895,0.0,0,0,0.0,1.0,0,0.0,0,1,6.0,0.0,0.0,0.0,0.0,0.0,0.0,1.0,1.0,1.0,0.0,0.0,0.0,0.0,0.0,0.0,0.0,0.0,0.0,1.0,1.0,1.0,5.0,5.0,3.0,0.0,0.0,2.460165379068363,0.0,0.0,1.0,0.0,0.0,0.0,1.0,7.0
CAF,Central African Republic,WCA,2010,45.1,45.7,49.0,19.3,19.1,15.7,0.366997715492031,519.141456408484,6.252176401729686,476.873786950728,6.167251858288651,453.11,5.963,38.6244963104203,4.9,17.9009516216973,5.658,68.621,,,,,17.01008034,22.127467299597235,0,0,0.0,1.0,0,0.0,0,1,6.0,0.0,0.0,0.0,0.0,0.0,0.0,1.0,1.0,1.0,0.0,0.0,0.0,0.0,0.0,0.0,0.0,0.0,0.0,1.0,1.0,1.0,5.0,5.0,3.0,0.0,0.0,0.0,0.0,0.0,2.0,0.0,0.0,0.0,1.0,8.0
CAF,Central African Republic,WCA,2011,44.5,45.1,48.7,19.4,19.7,15.8,0.3610966593136886,532.38295493852,6.277363070491019,534.057281471636,6.2805031018807975,443.04,6.009,38.8030669465007,4.6,17.5040118095515,5.638,68.714,,,,1.0,19.62990761,0.0,0,0,0.0,1.0,0,0.0,0,1,6.0,0.0,0.0,0.0,0.0,0.0,0.0,1.0,1.0,1.0,0.0,0.0,0.0,0.0,0.0,0.0,0.0,0.0,0.0,1.0,1.0,1.0,6.0,5.0,5.0,0.0,0.0,0.0,0.0,0.0,2.0,0.0,0.0,0.0,1.0,8.0
CAF,Central African Republic,WCA,2012,44.0,44.5,48.4,19.4,20.3,15.9,0.35327614095241305,553.729578314912,6.316676441789753,544.395849142785,6.299676646102367,434.79,6.047,39.0301696038517,4.4,17.1121597682915,5.58,68.884,,,,,21.33021736,42.86464388529037,0,0,0.0,1.0,0,0.0,0,1,7.0,0.0,0.0,0.0,0.0,0.0,0.0,1.0,1.0,1.0,0.0,0.0,0.0,0.0,0.0,0.0,0.0,0.0,0.0,1.0,1.0,1.0,6.0,6.0,5.0,22.127467299597235,0.0,0.0,0.0,0.0,2.0,0.0,0.0,0.0,1.0,8.0
CAF,Central African Republic,WCA,2013,43.7,44.0,48.3,19.5,20.9,16.1,0.35876147459507113,349.821171688973,5.857422085878639,364.36696260838,5.898161498839876,427.32,6.075,39.3042963482777,4.2,16.7250416550218,5.566,69.036,,,,,17.36794472,0.0,0,0,0.0,2.0,0,0.0,0,1,8.0,0.0,0.0,0.0,0.0,0.0,0.0,1.0,1.0,1.0,0.0,0.0,0.0,0.0,0.0,0.0,0.0,0.0,0.0,1.0,1.0,1.0,6.0,6.0,5.0,0.0,22.127467299597235,0.0,0.0,0.0,2.0,0.0,0.0,0.0,1.0,7.0
CAF,Central African Republic,WCA,2014,43.4,43.7,48.3,19.5,21.5,16.3,0.362514511762702,351.561554911625,5.8623848165778485,409.8504859647,6.015792424811891,420.39,6.099,39.6226521868738,4.0,16.3420825760043,5.633,69.169,,,,,18.7120266,7.261029960295638,0,0,0.0,2.0,0,0.0,0,1,8.0,0.0,0.0,0.0,0.0,0.0,0.0,1.0,1.0,1.0,0.0,0.0,0.0,0.0,0.0,0.0,0.0,0.0,0.0,1.0,1.0,1.0,7.0,6.0,6.0,42.86464388529037,0.0,0.0,0.0,0.0,2.0,0.0,0.0,0.0,1.0,7.0
CAF,Central African Republic,WCA,2015,43.2,43.4,48.3,19.6,22.0,16.4,0.3708651224402176,366.322853938121,5.903515059151974,366.322853938121,5.903515059151974,410.31,6.126,39.9824421267351,3.8,15.9631877672806,5.775,69.181,,,,,18.44194221,0.0,0,0,0.0,2.0,0,0.0,0,1,8.0,0.0,0.0,0.0,0.0,0.0,0.0,2.0,1.0,1.0,0.0,0.0,0.0,0.0,0.0,0.0,0.0,0.0,0.0,1.0,1.0,1.0,8.0,7.0,6.0,0.0,42.86464388529037,22.127467299597235,0.0,0.0,2.0,0.0,0.0,0.0,1.0,9.0
CAF,Central African Republic,WCA,2016,43.0,43.2,48.2,19.7,22.6,16.4,0.37855286776391317,376.858254120398,5.931869132982871,387.176203444318,5.958879895467099,395.97,6.126,40.3808711749566,3.6,15.5882414691861,5.793,69.166,,,,,21.07796097,21.95,0,0,0.0,2.0,0,0.0,0,1,7.0,0.0,0.0,0.0,0.0,0.0,0.0,2.0,2.0,1.0,0.0,0.0,0.0,0.0,0.0,0.0,0.0,0.0,0.0,1.0,1.0,1.0,8.0,8.0,6.0,7.261029960295638,0.0,0.0,0.0,0.0,2.0,0.0,0.0,0.0,1.0,9.0
CAF,Central African Republic,WCA,2017,42.8,43.0,48.0,19.8,23.1,16.4,0.38212432366354104,387.35795131742,5.959349204342171,432.324025684263,6.0691753665444095,387.44,6.127,40.8151443386334,3.4,15.2164870297134,5.836,69.14,,,86.1,,28.81619644,0.0,0,0,0.0,2.0,0,0.0,0,1,7.0,0.0,0.0,0.0,0.0,0.0,0.0,2.0,2.0,1.0,0.0,0.0,0.0,0.0,0.0,0.0,0.0,0.0,0.0,1.0,1.0,1.0,8.0,8.0,7.0,0.0,7.261029960295638,42.86464388529037,0.0,0.0,2.0,0.0,0.0,0.0,1.0,9.0
CAF,Central African Republic,WCA,2018,42.7,42.8,48.0,19.9,23.7,16.3,0.3944040580572178,395.020015455909,5.978936435657613,455.243962859534,6.120833457365551,385.26,6.108,41.2824666248606,3.3,14.8478356260426,5.825,69.153,,,86.1,,51.3541069,56.81585932260368,0,0,0.0,2.0,0,0.0,0,1,9.0,0.0,0.0,0.0,0.0,0.0,0.0,2.0,2.0,2.0,0.0,0.0,0.0,0.0,0.0,0.0,0.0,0.0,0.0,1.0,1.0,1.0,7.0,8.0,8.0,21.95,0.0,0.0,0.0,0.0,2.0,0.0,0.0,0.0,1.0,9.0
CAF,Central African Republic,WCA,2019,42.7,42.7,48.0,20.0,24.3,16.3,0.40888620413193244,401.82582161435,5.996018715160014,449.228467602439,6.107531594859889,383.29,6.09,41.7800430407332,3.1,14.481982156805,5.916,69.08,,,85.9,,35.76099014,77.4229885354266,0,0,0.0,2.0,0,0.0,0,1,9.0,0.0,0.0,0.0,0.0,0.0,0.0,2.0,2.0,2.0,0.0,0.0,0.0,0.0,0.0,0.0,0.0,0.0,0.0,1.0,1.0,1.0,7.0,7.0,8.0,0.0,21.95,7.261029960295638,0.0,0.0,2.0,0.0,0.0,0.0,1.0,9.0
CAF,Central African Republic,WCA,2020,42.7,42.7,48.1,20.1,24.9,16.4,0.42575792759559067,398.834274122139,5.988545977529536,462.879071294011,6.137465834861335,376.08,6.059,42.3050785933463,3.0,14.1186349646869,6.519,67.986,56.3,0.0,86.4,,42.63476563,0.0,0,0,0.0,2.0,0,0.0,0,1,9.0,0.0,0.0,0.0,0.0,0.0,0.0,2.0,2.0,2.0,0.0,0.0,0.0,0.0,0.0,0.0,0.0,0.0,0.0,1.0,1.0,1.0,9.0,7.0,8.0,56.81585932260368,0.0,0.0,0.0,0.0,2.0,0.0,0.0,0.0,1.0,8.0
CAF,Central African Republic,WCA,2021,42.8,42.7,48.1,20.2,25.5,,0.44244248535134256,396.020622931961,5.981466288009475,492.263142830507,6.199013416666125,364.25,6.052,42.8547782897949,2.8,13.7575074575386,6.701,67.76,56.3,0.0,87.1,,46.25038147,69.30801316586975,0,0,0.0,2.0,0,0.0,0,1,9.0,0.0,0.0,0.0,0.0,0.0,0.0,2.0,2.0,2.0,0.0,0.0,0.0,0.0,0.0,0.0,0.0,0.0,0.0,1.0,1.0,1.0,9.0,9.0,7.0,77.4229885354266,56.81585932260368,21.95,0.0,0.0,2.0,0.0,0.0,0.0,1.0,8.0
CAF,Central African Republic,WCA,2022,43.0,42.8,48.2,20.2,26.1,,0.45959715831310505,398.91539795642,5.9887493592102805,467.359825026238,6.147099464251818,354.5,6.023,43.2751967457285,2.7,13.8462941483121,6.287,68.81,56.3,0.0,87.1,,47.91523361,0.0,0,0,0.0,2.0,0,0.0,0,1,9.0,0.0,0.0,0.0,0.0,0.0,0.0,2.0,2.0,2.0,0.0,0.0,0.0,0.0,0.0,0.0,0.0,0.0,0.0,1.0,1.0,1.0,9.0,9.0,7.0,0.0,77.4229885354266,0.0,0.0,0.0,2.0,0.0,0.0,0.0,1.0,8.0
CAF,Central African Republic,WCA,2023,43.4,43.0,48.4,,,,,397.467795750451,5.985113913832336,495.978897288721,6.206533380030961,345.98,6.012,43.6983692134165,2.5,13.939220081887,6.181,68.886,,,87.2,,53.81136703,44.14,0,0,0.0,2.0,0,0.0,0,1,8.0,0.0,0.0,0.0,0.0,0.0,0.0,2.0,2.0,2.0,0.0,0.0,0.0,0.0,0.0,0.0,0.0,0.0,0.0,1.0,1.0,1.0,9.0,9.0,9.0,69.30801316586975,0.0,56.81585932260368,,,,,,,,
CAF,Central African Republic,WCA,2024,,43.4,,,,,,389.938307964229,5.965988541904067,516.160999996036,6.246418732311045,343.84,5.954,44.1243555638904,2.4,14.0362838980325,6.253,68.83,,,87.5,,,75.1,0,0,0.0,2.0,0,0.0,0,1,8.0,0.0,0.0,0.0,0.0,0.0,0.0,2.0,2.0,2.0,0.0,0.0,0.0,0.0,0.0,0.0,0.0,0.0,0.0,1.0,1.0,1.0,9.0,9.0,9.0,0.0,69.30801316586975,77.4229885354266,,,,,,,,
CAF,Central African Republic,WCA,2025,,,,,,,,393.988309778491,5.976321238244785,556.131398031455,6.321004593724366,,,44.5532156681816,,,6.251,68.802,,,87.6,,,,0,0,0.0,2.0,0,0.0,0,1,8.0,0.0,0.0,0.0,0.0,0.0,0.0,2.0,2.0,2.0,0.0,0.0,0.0,0.0,0.0,0.0,0.0,0.0,0.0,1.0,1.0,1.0,8.0,9.0,9.0,44.14,0.0,0.0,,,,,,,,
CIV,Côte d'Ivoire,WCA,2000,55.2,,57.9,8.8,20.9,19.4,0.400397743808105,1717.95385651231,7.448889243343164,936.636541348798,6.842295310881395,490.52,5.773,43.0840065011913,6.7,20.0416175559052,4.835,62.308,,,,,30.33073425,,0,1,0.6931471805599453,3.0,1,0.6931471805599453,1,1,4.0,,,,,,,,,,,,,,,,,,,,,,,,,,,,0.0,0.0,4.0,0.0,0.0,1.0,1.0,4.0
CIV,Côte d'Ivoire,WCA,2001,54.7,55.2,57.6,8.7,21.9,19.4,0.3953621997233545,1636.57318705218,7.400359814635219,924.727294962066,6.829498877788343,502.24,5.704,43.4670149035012,6.4,20.7171311612942,5.195,62.216,,,,,30.58369255,,0,0,0.0,4.0,0,0.0,1,1,4.0,,,,,,,,,,,,,,,,,,,,,,,,,,,,0.0,0.0,4.0,0.0,0.0,1.0,1.0,4.0
CIV,Côte d'Ivoire,WCA,2002,54.3,54.7,57.3,8.5,22.8,19.4,0.38668048142054634,1551.27925902838,7.3468351979224895,967.815864415991,6.8750418464711895,506.32,5.641,43.859032147728,6.0,21.3928455958678,5.508,62.154,,,,,32.55319595,,0,0,0.0,4.0,0,0.0,1,1,4.0,1.0,,,0.6931471805599453,,,3.0,,,1.0,,,0.6931471805599453,,,1.0,,,1.0,,,4.0,,,,,,0.0,0.0,6.0,1.0,0.6931471805599453,1.0,1.0,4.0
CIV,Côte d'Ivoire,WCA,2003,53.9,54.3,56.9,8.4,23.8,19.4,0.3814577716278894,1441.58801755037,7.273500574909408,1111.17135087887,7.013170008961324,509.61,5.572,44.2593744150531,5.7,22.0684596804749,5.847,62.072,,,,,43.81231308,0.0,0,0,0.0,4.0,0,0.0,1,1,4.0,0.0,1.0,,0.0,0.6931471805599453,,4.0,3.0,,0.0,1.0,,0.0,0.6931471805599453,,1.0,1.0,,1.0,1.0,,4.0,4.0,,,,,0.0,0.0,6.0,1.0,0.6931471805599453,1.0,1.0,4.0
CIV,Côte d'Ivoire,WCA,2004,53.5,53.9,56.6,8.3,24.7,19.4,0.3768979271890523,1451.86547141894,7.280604540554495,1199.82524528546,7.089931196242386,500.36,5.527,44.667357886658,5.3,22.7442737383766,5.915,62.169,,,,,47.04700851,0.7771133243660325,0,0,0.0,4.0,0,0.0,1,1,4.0,0.0,0.0,,0.0,0.0,,4.0,4.0,,0.0,0.0,,0.0,0.0,,1.0,1.0,,1.0,1.0,,4.0,4.0,,,,,0.0,0.0,9.0,1.0,0.6931471805599453,1.0,1.0,7.0
CIV,Côte d'Ivoire,WCA,2005,53.1,53.5,56.3,8.2,25.5,19.4,0.3706113707150912,1431.73320203111,7.266641018731671,1197.74616979415,7.088196877923971,466.34,5.499,45.082298743724,4.9,23.5549453716697,6.023,62.239,,,,,46.69436264,1.0421020802020615,0,0,0.0,6.0,1,0.6931471805599453,1,1,4.0,0.0,0.0,1.0,0.0,0.0,0.6931471805599453,4.0,4.0,3.0,0.0,0.0,1.0,0.0,0.0,0.6931471805599453,1.0,1.0,1.0,1.0,1.0,1.0,4.0,4.0,4.0,0.0,,,1.0,0.6931471805599453,9.0,2.0,1.0986122886681098,1.0,1.0,7.0
CIV,Côte d'Ivoire,WCA,2006,52.6,53.1,56.0,8.0,26.3,19.3,0.3580005286961218,1437.77453798586,7.2708517373832695,1230.43056838584,7.115119442709541,425.61,5.448,45.5035131674326,4.6,24.3743169320385,6.017,62.383,,,,0.4,47.08904266,0.0,0,0,0.0,6.0,1,0.6931471805599453,1,1,4.0,0.0,0.0,0.0,0.0,0.0,0.0,4.0,4.0,4.0,0.0,0.0,0.0,0.0,0.0,0.0,1.0,1.0,1.0,1.0,1.0,1.0,4.0,4.0,4.0,0.7771133243660325,0.0,,1.0,0.6931471805599453,9.0,4.0,1.6094379124341005,1.0,1.0,8.0
CIV,Côte d'Ivoire,WCA,2007,52.2,52.6,55.7,7.9,27.1,19.3,0.35171397222216105,1420.1738958245,7.258534604945706,1367.53817722326,7.22076745143717,391.51,5.403,45.930317338965,4.3,25.2023258965762,6.284,62.347,,,,,56.15083694,7.262259371303961,0,0,0.0,9.0,1,0.6931471805599453,1,1,7.0,0.0,0.0,0.0,0.0,0.0,0.0,6.0,4.0,4.0,1.0,0.0,0.0,0.6931471805599453,0.0,0.0,1.0,1.0,1.0,1.0,1.0,1.0,4.0,4.0,4.0,1.0421020802020615,0.7771133243660325,,2.0,1.0986122886681098,10.0,5.0,1.791759469228055,1.0,1.0,9.0
CIV,Côte d'Ivoire,WCA,2008,51.7,52.2,55.5,7.8,27.9,19.3,0.3456145814561061,1454.62731800082,7.282505007965388,1583.97066701372,7.367690053903486,392.97,5.357,46.3620274395029,4.0,26.0389018909406,6.382,62.421,,,,,64.67678833,7.108151406281104,0,1,0.6931471805599453,9.0,2,1.0986122886681098,1,1,7.0,0.0,0.0,0.0,0.0,0.0,0.0,6.0,6.0,4.0,1.0,1.0,0.0,0.6931471805599453,0.6931471805599453,0.0,1.0,1.0,1.0,1.0,1.0,1.0,4.0,4.0,4.0,0.0,1.0421020802020615,0.0,2.0,1.0986122886681098,10.0,3.0,1.3862943611198906,1.0,1.0,9.0
CIV,Côte d'Ivoire,WCA,2009,51.1,51.7,55.4,7.7,28.6,19.3,0.33797564436283356,1473.9183699329,7.295679691251644,1540.45393569596,7.339832415412403,426.16,5.332,46.7979596502274,3.8,26.8833706227341,6.573,62.433,,,,,71.06480408,100.0,0,1,0.6931471805599453,9.0,4,1.6094379124341005,1,1,8.0,0.0,0.0,0.0,0.0,0.0,0.0,9.0,6.0,4.0,1.0,1.0,0.0,0.6931471805599453,0.6931471805599453,0.0,1.0,1.0,1.0,1.0,1.0,1.0,7.0,4.0,4.0,7.262259371303961,0.0,0.7771133243660325,2.0,1.0986122886681098,10.0,3.0,1.3862943611198906,1.0,1.0,9.0
CIV,Côte d'Ivoire,WCA,2010,50.7,51.1,55.2,7.6,29.2,19.3,0.3306252412075686,1540.52927270246,7.33988131993503,1553.54887048143,7.348297186646269,458.12,5.292,47.2374301523201,3.6,27.736273942075,6.607,62.549,,,,,70.04605103,28.526754968717572,0,2,1.0986122886681098,10.0,5,1.791759469228055,1,1,9.0,1.0,0.0,0.0,0.6931471805599453,0.0,0.0,9.0,9.0,6.0,2.0,1.0,1.0,1.0986122886681098,0.6931471805599453,0.6931471805599453,1.0,1.0,1.0,1.0,1.0,1.0,7.0,7.0,4.0,7.108151406281104,7.262259371303961,1.0421020802020615,2.0,1.0986122886681098,10.0,3.0,1.3862943611198906,1.0,1.0,9.0
CIV,Côte d'Ivoire,WCA,2011,50.3,50.7,55.1,7.5,29.8,19.2,0.325664415441247,1426.46463864534,7.26295438145415,1596.62826565998,7.3756493507127505,461.58,5.244,47.6797551269623,3.4,28.5975387967836,7.144,62.326,,,,,67.97618103,0.0,0,2,1.0986122886681098,10.0,3,1.3862943611198906,1,1,9.0,1.0,1.0,0.0,0.6931471805599453,0.6931471805599453,0.0,9.0,9.0,6.0,4.0,2.0,1.0,1.6094379124341005,1.0986122886681098,0.6931471805599453,1.0,1.0,1.0,1.0,1.0,1.0,8.0,7.0,4.0,100.0,7.108151406281104,0.0,2.0,1.0986122886681098,10.0,3.0,1.3862943611198906,1.0,1.0,8.0
CIV,Côte d'Ivoire,WCA,2012,50.0,50.3,55.1,7.4,30.5,19.1,0.32702229078003103,1503.43433046682,7.315507323700701,1546.9460184731,7.344037955635286,375.19,5.19,48.1242507553354,3.2,29.4667970282772,7.223,62.411,,,,,69.86203003,0.0,1,2,1.0986122886681098,10.0,3,1.3862943611198906,1,1,9.0,2.0,1.0,0.0,1.0986122886681098,0.6931471805599453,0.0,10.0,9.0,9.0,5.0,4.0,1.0,1.791759469228055,1.6094379124341005,0.6931471805599453,1.0,1.0,1.0,1.0,1.0,1.0,9.0,8.0,7.0,28.526754968717572,100.0,7.262259371303961,3.0,1.3862943611198906,9.0,3.0,1.3862943611198906,1.0,1.0,10.0
CIV,Côte d'Ivoire,WCA,2013,49.8,50.0,55.1,7.3,31.1,19.0,0.32885586576472847,1632.32712787006,7.397761961436249,1786.15862031324,7.487822570658096,287.39,5.135,48.5702332186208,3.1,30.3439798658214,4.255,64.302,,,,,67.13149261,16.464477119374152,0,2,1.0986122886681098,10.0,3,1.3862943611198906,1,1,9.0,2.0,2.0,1.0,1.0986122886681098,1.0986122886681098,0.6931471805599453,10.0,10.0,9.0,3.0,5.0,2.0,1.3862943611198906,1.791759469228055,1.0986122886681098,1.0,1.0,1.0,1.0,1.0,1.0,9.0,9.0,7.0,0.0,28.526754968717572,7.108151406281104,4.0,1.6094379124341005,10.0,6.0,1.9459101490553132,1.0,1.0,12.0
CIV,Côte d'Ivoire,WCA,2014,49.6,49.8,55.2,7.3,31.8,18.9,0.33892760403746475,1742.53693001178,7.463097336104087,1991.36539423404,7.596575810196303,243.25,5.071,49.0173144557368,2.9,31.2290182892459,3.274,64.855,,,,,74.3581543,100.0,0,2,1.0986122886681098,10.0,3,1.3862943611198906,1,1,8.0,2.0,2.0,1.0,1.0986122886681098,1.0986122886681098,0.6931471805599453,10.0,10.0,9.0,3.0,3.0,4.0,1.3862943611198906,1.3862943611198906,1.6094379124341005,1.0,1.0,1.0,1.0,1.0,1.0,9.0,9.0,8.0,0.0,0.0,100.0,4.0,1.6094379124341005,10.0,6.0,1.9459101490553132,1.0,1.0,14.0
CIV,Côte d'Ivoire,WCA,2015,49.6,49.6,55.3,7.2,32.4,18.8,0.347555579773181,1814.71855088017,7.503685666289025,1814.71855088017,7.503685666289025,242.12,4.97,49.4694894689553,2.7,32.1245714539308,2.573,65.217,6.2,0.09999999999999964,,,58.43181992,47.54,0,3,1.3862943611198906,9.0,3,1.3862943611198906,1,1,10.0,2.0,2.0,2.0,1.0986122886681098,1.0986122886681098,1.0986122886681098,10.0,10.0,10.0,3.0,3.0,5.0,1.3862943611198906,1.3862943611198906,1.791759469228055,1.0,1.0,1.0,1.0,1.0,1.0,9.0,9.0,9.0,16.464477119374152,0.0,28.526754968717572,4.0,1.6094379124341005,10.0,4.0,1.6094379124341005,1.0,1.0,14.0
CIV,Côte d'Ivoire,WCA,2016,49.6,49.6,55.5,7.2,33.1,18.6,0.36442171879693613,1889.27777949938,7.543949907775461,1862.59597081287,7.529726476879414,258.1,4.873,49.929991034032,2.6,33.0299664803717,1.896,65.562,7.5,0.09999999999999964,,,61.85705566,76.24,0,4,1.6094379124341005,10.0,6,1.9459101490553132,1,1,12.0,2.0,2.0,2.0,1.0986122886681098,1.0986122886681098,1.0986122886681098,10.0,10.0,10.0,3.0,3.0,3.0,1.3862943611198906,1.3862943611198906,1.3862943611198906,1.0,1.0,1.0,1.0,1.0,1.0,8.0,9.0,9.0,100.0,16.464477119374152,0.0,4.0,1.6094379124341005,10.0,4.0,1.6094379124341005,1.0,1.0,14.0
CIV,Côte d'Ivoire,WCA,2017,49.6,49.6,55.6,7.1,33.8,18.5,0.37477640656777644,1972.81431788947,7.587216390032501,1964.29930338343,7.582890872101584,268.54,4.757,50.3977309654344,2.5,33.945429522791,3.272,63.958,8.4,0.1999999999999993,56.4,,63.77943039,86.76236683253346,0,4,1.6094379124341005,10.0,6,1.9459101490553132,1,1,14.0,3.0,2.0,2.0,1.3862943611198906,1.0986122886681098,1.0986122886681098,9.0,10.0,10.0,3.0,3.0,3.0,1.3862943611198906,1.3862943611198906,1.3862943611198906,1.0,1.0,1.0,1.0,1.0,1.0,10.0,8.0,9.0,47.54,100.0,0.0,4.0,1.6094379124341005,10.0,4.0,1.6094379124341005,1.0,1.0,13.0
CIV,Côte d'Ivoire,WCA,2018,49.7,49.6,55.8,7.1,34.6,18.4,0.39557166930769294,2013.32307598499,7.607541907538331,2130.86619381144,7.664283839799413,280.22,4.596,50.8718477756395,2.3,34.8708875943719,2.852,63.541,9.1,0.1999999999999993,52.1,,65.87952423,80.53246272424354,0,4,1.6094379124341005,10.0,4,1.6094379124341005,1,1,14.0,4.0,3.0,2.0,1.6094379124341005,1.3862943611198906,1.0986122886681098,10.0,9.0,10.0,6.0,3.0,3.0,1.9459101490553132,1.3862943611198906,1.3862943611198906,1.0,1.0,1.0,1.0,1.0,1.0,12.0,10.0,9.0,76.24,47.54,16.464477119374152,2.0,1.0986122886681098,8.0,2.0,1.0986122886681098,1.0,1.0,9.0
CIV,Côte d'Ivoire,WCA,2019,49.8,49.7,56.0,7.1,35.3,18.4,0.41464022001248535,2093.09994335779,7.646401472551903,2141.76836170115,7.669387104030772,292.76,4.523,51.3514799771241,2.2,35.8059580233634,2.401,63.131,9.0,0.1999999999999993,46.8,,68.30471039,88.3702516036792,0,4,1.6094379124341005,10.0,4,1.6094379124341005,1,1,14.0,4.0,4.0,2.0,1.6094379124341005,1.6094379124341005,1.0986122886681098,10.0,10.0,10.0,6.0,6.0,3.0,1.9459101490553132,1.9459101490553132,1.3862943611198906,1.0,1.0,1.0,1.0,1.0,1.0,14.0,12.0,8.0,86.76236683253346,76.24,100.0,2.0,1.0986122886681098,8.0,2.0,1.0986122886681098,1.0,1.0,9.0
CIV,Côte d'Ivoire,WCA,2020,50.0,49.8,56.2,7.0,36.1,18.3,0.4335160205694687,2055.08483996432,7.628072410732317,2179.72934832935,7.686955995933119,295.66,4.461,51.8357660823651,2.1,36.7505613601134,2.588,63.214,9.1,0.1999999999999993,49.7,,78.97766876,72.42036250602304,0,4,1.6094379124341005,10.0,4,1.6094379124341005,1,1,13.0,4.0,4.0,3.0,1.6094379124341005,1.6094379124341005,1.3862943611198906,10.0,10.0,9.0,4.0,6.0,3.0,1.6094379124341005,1.9459101490553132,1.3862943611198906,1.0,1.0,1.0,1.0,1.0,1.0,14.0,14.0,10.0,80.53246272424354,86.76236683253346,47.54,2.0,1.0986122886681098,8.0,2.0,1.0986122886681098,1.0,1.0,9.0
CIV,Côte d'Ivoire,WCA,2021,50.3,50.0,56.5,7.0,36.8,,0.4593789720252799,2146.46047529012,7.671575473933528,2455.98127641148,7.806281665627012,283.64,4.411,52.3183461956059,2.0,37.704616869195,2.623,64.496,9.4,0.1999999999999993,50.5,,92.39588928,87.8603000045318,1,2,1.0986122886681098,8.0,2,1.0986122886681098,1,1,9.0,4.0,4.0,4.0,1.6094379124341005,1.6094379124341005,1.6094379124341005,10.0,10.0,10.0,4.0,4.0,6.0,1.6094379124341005,1.6094379124341005,1.9459101490553132,1.0,1.0,1.0,1.0,1.0,1.0,14.0,14.0,12.0,88.3702516036792,80.53246272424354,76.24,2.0,1.0986122886681098,8.0,2.0,1.0986122886681098,1.0,1.0,9.0
CIV,Côte d'Ivoire,WCA,2022,50.8,50.3,56.9,7.0,37.6,,0.49376303626723417,2227.08197820584,7.708447477628731,2333.37128301259,7.755069403385334,280.87,4.349,52.8492549676673,1.9,38.6680398290793,2.31,65.598,8.9,0.29999999999999893,51.1,,84.89915466,92.96,0,2,1.0986122886681098,8.0,2,1.0986122886681098,1,1,9.0,4.0,4.0,4.0,1.6094379124341005,1.6094379124341005,1.6094379124341005,10.0,10.0,10.0,4.0,4.0,6.0,1.6094379124341005,1.6094379124341005,1.9459101490553132,1.0,1.0,1.0,1.0,1.0,1.0,13.0,14.0,14.0,72.42036250602304,88.3702516036792,86.76236683253346,2.0,1.0986122886681098,8.0,2.0,1.0986122886681098,1.0,1.0,9.0
CIV,Côte d'Ivoire,WCA,2023,51.4,50.8,57.3,,,,,2315.36434710324,7.747322339494329,2591.9659048119,7.860171903377896,269.25,4.283,53.4075201638704,1.8,39.6407426651959,2.263,65.61,8.4,0.29999999999999893,50.0,,87.68105316,79.26,0,2,1.0986122886681098,8.0,2,1.0986122886681098,1,1,9.0,2.0,4.0,4.0,1.0986122886681098,1.6094379124341005,1.6094379124341005,8.0,10.0,10.0,2.0,4.0,4.0,1.0986122886681098,1.6094379124341005,1.6094379124341005,1.0,1.0,1.0,1.0,1.0,1.0,9.0,13.0,14.0,87.8603000045318,72.42036250602304,80.53246272424354,,,,,,,,
CIV,Côte d'Ivoire,WCA,2024,,51.4,,,,,,2395.65916961845,7.781413699375004,2727.8935220697,7.911284986702227,267.95,4.23,53.9733113940142,1.7,40.4070687976128,2.273,65.583,7.9,0.0,48.7,,,95.12,0,2,1.0986122886681098,8.0,2,1.0986122886681098,1,1,9.0,2.0,2.0,4.0,1.0986122886681098,1.0986122886681098,1.6094379124341005,8.0,8.0,10.0,2.0,2.0,4.0,1.0986122886681098,1.0986122886681098,1.6094379124341005,1.0,1.0,1.0,1.0,1.0,1.0,9.0,9.0,14.0,92.96,87.8603000045318,88.3702516036792,,,,,,,,
CIV,Côte d'Ivoire,WCA,2025,,,,,,,,2490.74922791875,7.820338838945494,3050.10202257321,8.02293031906602,,,54.5489501450761,,,2.323,65.532,,,46.6,,,,0,2,1.0986122886681098,8.0,2,1.0986122886681098,1,1,9.0,2.0,2.0,4.0,1.0986122886681098,1.0986122886681098,1.6094379124341005,8.0,8.0,10.0,2.0,2.0,4.0,1.0986122886681098,1.0986122886681098,1.6094379124341005,1.0,1.0,1.0,1.0,1.0,1.0,9.0,9.0,13.0,79.26,92.96,72.42036250602304,,,,,,,,
CMR,Cameroon,WCA,2000,45.9,,49.0,8.5,27.6,13.3,0.08622515461700767,1151.27689302947,7.048626947148554,708.565731625965,6.563242830587337,394.85,5.514,46.2449829402599,5.5,37.5661811000038,7.533,75.776,,,,,30.438097,,0,1,0.6931471805599453,3.0,1,0.6931471805599453,1,1,5.0,,,,,,,,,,,,,,,,,,,,,,,,,,,,1.0,0.6931471805599453,3.0,1.0,0.6931471805599453,1.0,1.0,5.0
CMR,Cameroon,WCA,2001,45.1,45.9,48.4,8.3,28.7,13.3,0.06501848149346603,1169.92670464984,7.064696380231057,715.470296470585,6.572940083768003,426.29,5.441,46.7627509050978,5.6,37.7799954148968,7.46,75.796,,,,,29.82297325,,0,1,0.6931471805599453,3.0,1,0.6931471805599453,1,1,5.0,,,,,,,,,,,,,,,,,,,,,,,,,,,,1.0,0.6931471805599453,3.0,1.0,0.6931471805599453,1.0,1.0,5.0
CMR,Cameroon,WCA,2002,44.3,45.1,47.9,8.1,29.8,13.3,0.04620138575886801,1189.96707897027,7.081680920992034,789.623811072554,6.671556643531556,437.17,5.435,47.2589242513436,5.7,37.9947075137207,6.711,76.367,,,,,31.79577446,,0,1,0.6931471805599453,3.0,1,0.6931471805599453,1,1,5.0,1.0,,,0.6931471805599453,,,3.0,,,1.0,,,0.6931471805599453,,,1.0,,,1.0,,,5.0,,,,,,1.0,0.6931471805599453,3.0,1.0,0.6931471805599453,1.0,1.0,6.0
CMR,Cameroon,WCA,2003,43.5,44.3,47.4,7.9,30.9,13.2,0.027384290024270178,1221.09446141454,7.107502835094139,988.241276791846,6.89592687521332,441.4,5.432,47.7325523560061,5.6,38.3633336781567,5.908,76.985,,,,,38.56394196,0.0,0,1,0.6931471805599453,3.0,1,0.6931471805599453,1,1,5.0,1.0,1.0,,0.6931471805599453,0.6931471805599453,,3.0,3.0,,1.0,1.0,,0.6931471805599453,0.6931471805599453,,1.0,1.0,,1.0,1.0,,5.0,5.0,,,,,1.0,0.6931471805599453,4.0,1.0,0.6931471805599453,1.0,1.0,7.0
CMR,Cameroon,WCA,2004,42.8,43.5,46.9,7.8,32.0,13.2,0.014891479834680709,1271.74326874167,7.1481438907788375,1133.39326749673,7.032971303623232,438.73,5.436,48.1826845960942,5.6,38.736762781943,5.087,77.627,,,,,42.25278473,0.1364198845623738,1,1,0.6931471805599453,3.0,1,0.6931471805599453,1,1,5.0,1.0,1.0,,0.6931471805599453,0.6931471805599453,,3.0,3.0,,1.0,1.0,,0.6931471805599453,0.6931471805599453,,1.0,1.0,,1.0,1.0,,5.0,5.0,,,,,2.0,1.0986122886681098,4.0,2.0,1.0986122886681098,1.0,1.0,8.0
CMR,Cameroon,WCA,2005,42.0,42.8,46.3,7.6,33.0,13.1,-0.008041905323984834,1264.74345218659,7.142624575998407,1142.62466252106,7.041083230619873,435.58,5.421,48.5837852394685,5.5,39.1141100533379,4.4,78.167,,,,,43.10830688,0.0,0,1,0.6931471805599453,3.0,1,0.6931471805599453,1,1,6.0,1.0,1.0,1.0,0.6931471805599453,0.6931471805599453,0.6931471805599453,3.0,3.0,3.0,1.0,1.0,1.0,0.6931471805599453,0.6931471805599453,0.6931471805599453,1.0,1.0,1.0,1.0,1.0,1.0,5.0,5.0,5.0,0.0,,,2.0,1.0986122886681098,4.0,2.0,1.0986122886681098,1.0,1.0,8.0
CMR,Cameroon,WCA,2006,41.2,42.0,45.7,7.4,34.0,13.1,-0.030975290482650214,1277.32990712342,7.152527168104394,1191.45458990968,7.082930184112721,425.95,5.369,49.2044173412861,5.4,39.4959944299355,3.729,78.698,,,,,44.52022934,3.31524422013906,0,1,0.6931471805599453,4.0,1,0.6931471805599453,1,1,7.0,1.0,1.0,1.0,0.6931471805599453,0.6931471805599453,0.6931471805599453,3.0,3.0,3.0,1.0,1.0,1.0,0.6931471805599453,0.6931471805599453,0.6931471805599453,1.0,1.0,1.0,1.0,1.0,1.0,5.0,5.0,5.0,0.1364198845623738,0.0,,2.0,1.0986122886681098,4.0,3.0,1.3862943611198906,1.0,1.0,8.0
CMR,Cameroon,WCA,2007,40.5,41.2,45.1,7.3,34.9,13.1,-0.0493111021314314,1295.73067471287,7.166830042594613,1325.67248215933,7.189675143373808,409.95,5.343,49.7027028593758,5.2,39.8824343932762,3.063,79.223,,,,,50.30911255,82.87188453877832,0,2,1.0986122886681098,4.0,2,1.0986122886681098,1,1,8.0,1.0,1.0,1.0,0.6931471805599453,0.6931471805599453,0.6931471805599453,3.0,3.0,3.0,1.0,1.0,1.0,0.6931471805599453,0.6931471805599453,0.6931471805599453,1.0,1.0,1.0,1.0,1.0,1.0,6.0,5.0,5.0,0.0,0.1364198845623738,,2.0,1.0986122886681098,4.0,3.0,1.3862943611198906,1.0,1.0,8.0
CMR,Cameroon,WCA,2008,39.7,40.5,44.5,7.1,35.7,13.0,-0.07569791136034473,1295.02211276052,7.1662830494786025,1492.14269801453,7.307968418291184,391.63,5.294,50.0858325268669,5.1,40.2734502147764,3.386,77.304,,,,,54.58909225,81.91507783165032,0,2,1.0986122886681098,4.0,2,1.0986122886681098,1,1,8.0,1.0,1.0,1.0,0.6931471805599453,0.6931471805599453,0.6931471805599453,4.0,3.0,3.0,1.0,1.0,1.0,0.6931471805599453,0.6931471805599453,0.6931471805599453,1.0,1.0,1.0,1.0,1.0,1.0,7.0,6.0,5.0,3.31524422013906,0.0,0.0,4.0,1.6094379124341005,9.0,4.0,1.6094379124341005,1.0,1.0,12.0
CMR,Cameroon,WCA,2009,38.9,39.7,44.0,7.0,36.4,13.0,-0.09729998137146759,1290.89961351149,7.163094629118003,1461.38999232337,7.287143311327217,351.15,5.236,50.4714131335678,5.0,40.6687438087427,3.743,75.254,,,,,51.14823914,62.01987791309773,0,2,1.0986122886681098,4.0,3,1.3862943611198906,1,1,8.0,2.0,1.0,1.0,1.0986122886681098,0.6931471805599453,0.6931471805599453,4.0,4.0,3.0,2.0,1.0,1.0,1.0986122886681098,0.6931471805599453,0.6931471805599453,1.0,1.0,1.0,1.0,1.0,1.0,8.0,7.0,5.0,82.87188453877832,3.31524422013906,0.1364198845623738,3.0,1.3862943611198906,8.0,3.0,1.3862943611198906,1.0,1.0,11.0
CMR,Cameroon,WCA,2010,38.3,38.9,43.5,6.8,37.1,12.9,-0.11861910188448606,1290.9013745759,7.163095993331912,1398.58702025047,7.243217734696508,295.67,5.154,50.8505075371362,4.8,41.0686436848584,4.11,73.097,,,,,50.03335571,63.98596255991761,0,2,1.0986122886681098,4.0,3,1.3862943611198906,1,1,8.0,2.0,2.0,1.0,1.0986122886681098,1.0986122886681098,0.6931471805599453,4.0,4.0,3.0,2.0,2.0,1.0,1.0986122886681098,1.0986122886681098,0.6931471805599453,1.0,1.0,1.0,1.0,1.0,1.0,8.0,8.0,6.0,81.91507783165032,82.87188453877832,0.0,4.0,1.6094379124341005,9.0,4.0,1.6094379124341005,1.0,1.0,12.0
CMR,Cameroon,WCA,2011,37.8,38.3,43.0,6.7,37.8,12.9,-0.13361393685249612,1297.3064962694,7.168045468094992,1513.96056994878,7.322484390031291,266.6,5.052,51.2229843034125,4.7,41.47285114669,3.988,72.237,,,,,58.33031845,69.84072218573816,1,4,1.6094379124341005,9.0,4,1.6094379124341005,1,1,12.0,2.0,2.0,1.0,1.0986122886681098,1.0986122886681098,0.6931471805599453,4.0,4.0,4.0,3.0,2.0,1.0,1.3862943611198906,1.0986122886681098,0.6931471805599453,1.0,1.0,1.0,1.0,1.0,1.0,8.0,8.0,7.0,62.01987791309773,81.91507783165032,3.31524422013906,4.0,1.6094379124341005,9.0,4.0,1.6094379124341005,1.0,1.0,13.0
CMR,Cameroon,WCA,2012,37.4,37.8,42.6,6.6,38.4,12.9,-0.1457434947856487,1319.66961634054,7.185136693601378,1449.09874362279,7.27869708604632,261.14,4.982,51.5887119982861,4.5,41.8813685431632,3.836,71.371,,,,,56.96441269,80.50836392719614,0,3,1.3862943611198906,8.0,3,1.3862943611198906,1,1,11.0,2.0,2.0,2.0,1.0986122886681098,1.0986122886681098,1.0986122886681098,4.0,4.0,4.0,3.0,3.0,2.0,1.3862943611198906,1.3862943611198906,1.0986122886681098,1.0,1.0,1.0,1.0,1.0,1.0,8.0,8.0,8.0,63.98596255991761,62.01987791309773,82.87188453877832,5.0,1.791759469228055,10.0,5.0,1.791759469228055,1.0,1.0,14.0
CMR,Cameroon,WCA,2013,37.2,37.4,42.3,6.5,38.9,12.8,-0.15280536400290634,1347.2130636706,7.205793340346184,1575.92882118897,7.362600105177694,271.1,4.905,51.9475591877024,4.3,42.2938755253473,3.686,70.475,,,,,57.22771454,77.25548967422942,0,4,1.6094379124341005,9.0,4,1.6094379124341005,1,1,12.0,4.0,2.0,2.0,1.6094379124341005,1.0986122886681098,1.0986122886681098,9.0,4.0,4.0,4.0,3.0,2.0,1.6094379124341005,1.3862943611198906,1.0986122886681098,1.0,1.0,1.0,1.0,1.0,1.0,12.0,8.0,8.0,69.84072218573816,63.98596255991761,81.91507783165032,4.0,1.6094379124341005,9.0,9.0,2.302585092994046,1.0,1.0,14.0
CMR,Cameroon,WCA,2014,37.1,37.2,41.9,6.4,39.5,12.8,-0.15832768689294624,1381.81938454907,7.231156304432972,1649.4433905949,7.408193170949621,272.51,4.844,52.2993944376709,4.1,42.7103744161323,3.534,69.551,,,,,71.61038208,72.78428311033574,0,4,1.6094379124341005,9.0,4,1.6094379124341005,1,1,13.0,3.0,4.0,2.0,1.3862943611198906,1.6094379124341005,1.0986122886681098,8.0,9.0,4.0,3.0,4.0,3.0,1.3862943611198906,1.6094379124341005,1.3862943611198906,1.0,1.0,1.0,1.0,1.0,1.0,11.0,12.0,8.0,80.50836392719614,69.84072218573816,62.01987791309773,4.0,1.6094379124341005,9.0,9.0,2.302585092994046,1.0,1.0,13.0
CMR,Cameroon,WCA,2015,37.1,37.1,41.7,6.3,40.1,12.7,-0.15686844332406102,1415.00009710569,7.254884878703265,1415.00009710569,7.254884878703265,271.06,4.841,52.6440863142742,3.9,43.1308620153925,3.518,68.65,22.3,-1.9000000000000021,,,58.38298035,97.48,0,5,1.791759469228055,10.0,5,1.791759469228055,1,1,14.0,4.0,3.0,2.0,1.6094379124341005,1.3862943611198906,1.0986122886681098,9.0,8.0,4.0,4.0,3.0,3.0,1.6094379124341005,1.3862943611198906,1.3862943611198906,1.0,1.0,1.0,1.0,1.0,1.0,12.0,11.0,8.0,77.25548967422942,80.50836392719614,63.98596255991761,4.0,1.6094379124341005,9.0,4.0,1.6094379124341005,1.0,1.0,13.0
CMR,Cameroon,WCA,2016,37.2,37.1,41.5,6.2,40.7,12.7,-0.15320678807413832,1435.61830727839,7.269350911545437,1441.7201725688,7.273592243929721,268.53,4.842,52.9815033836792,3.7,43.555339313602,3.529,67.747,26.6,-2.1999999999999993,,2.65,57.99372482,90.6,0,4,1.6094379124341005,9.0,9,2.302585092994046,1,1,14.0,4.0,4.0,4.0,1.6094379124341005,1.6094379124341005,1.6094379124341005,9.0,9.0,9.0,4.0,4.0,4.0,1.6094379124341005,1.6094379124341005,1.6094379124341005,1.0,1.0,1.0,1.0,1.0,1.0,13.0,12.0,12.0,72.78428311033574,77.25548967422942,69.84072218573816,4.0,1.6094379124341005,9.0,4.0,1.6094379124341005,1.0,1.0,13.0
CMR,Cameroon,WCA,2017,37.3,37.2,41.3,6.1,41.4,12.6,-0.147818420789092,1444.90682916573,7.2758001203817315,1496.08951771242,7.31060999478726,258.98,4.804,53.3115142121504,3.5,43.9831129823405,3.573,66.832,28.2,-2.3999999999999986,50.8,,56.7457695,78.39105600374813,0,4,1.6094379124341005,9.0,9,2.302585092994046,1,1,13.0,5.0,4.0,3.0,1.791759469228055,1.6094379124341005,1.3862943611198906,10.0,9.0,8.0,5.0,4.0,3.0,1.791759469228055,1.6094379124341005,1.3862943611198906,1.0,1.0,1.0,1.0,1.0,1.0,14.0,13.0,11.0,97.48,72.78428311033574,80.50836392719614,5.0,1.791759469228055,10.0,5.0,1.791759469228055,1.0,1.0,15.0
CMR,Cameroon,WCA,2018,37.4,37.3,41.1,6.1,42.0,12.6,-0.14003489167519825,1461.01969999317,7.286889895570244,1610.69641591017,7.384421920918873,248.98,4.74,53.6339873660653,3.4,44.4148640176423,3.608,65.919,28.1,-2.400000000000002,50.6,,58.32909393,4.489812387250331,1,4,1.6094379124341005,9.0,4,1.6094379124341005,1,1,13.0,4.0,5.0,4.0,1.6094379124341005,1.791759469228055,1.6094379124341005,9.0,10.0,9.0,9.0,5.0,4.0,2.302585092994046,1.791759469228055,1.6094379124341005,1.0,1.0,1.0,1.0,1.0,1.0,14.0,14.0,12.0,90.6,97.48,77.25548967422942,5.0,1.791759469228055,10.0,5.0,1.791759469228055,1.0,1.0,15.0
CMR,Cameroon,WCA,2019,37.6,37.4,40.9,6.0,42.6,12.5,-0.13417082474423794,1470.31785276187,7.293233882767849,1555.22660476477,7.3493765405330835,243.44,4.651,53.9487914119331,3.2,44.8498829146317,3.632,65.003,27.3,-2.299999999999997,50.8,,56.79493713,71.2668801408077,0,4,1.6094379124341005,9.0,4,1.6094379124341005,1,1,13.0,4.0,4.0,4.0,1.6094379124341005,1.6094379124341005,1.6094379124341005,9.0,9.0,9.0,9.0,9.0,4.0,2.302585092994046,2.302585092994046,1.6094379124341005,1.0,1.0,1.0,1.0,1.0,1.0,13.0,14.0,13.0,78.39105600374813,90.6,72.78428311033574,5.0,1.791759469228055,10.0,5.0,1.791759469228055,1.0,1.0,16.0
CMR,Cameroon,WCA,2020,37.8,37.6,40.8,6.0,43.3,12.5,-0.1200685945252393,1434.51913723409,7.2685849760323915,1555.60370660749,7.3496189850297755,264.81,4.557,54.2557949164174,3.1,45.2885112207418,3.881,63.358,26.7,-2.299999999999997,52.1,,66.17185211,51.814758593766285,0,5,1.791759469228055,10.0,5,1.791759469228055,1,1,15.0,4.0,4.0,5.0,1.6094379124341005,1.6094379124341005,1.791759469228055,9.0,9.0,10.0,4.0,9.0,5.0,1.6094379124341005,2.302585092994046,1.791759469228055,1.0,1.0,1.0,1.0,1.0,1.0,13.0,13.0,14.0,4.489812387250331,78.39105600374813,97.48,5.0,1.791759469228055,10.0,5.0,1.791759469228055,1.0,1.0,16.0
CMR,Cameroon,WCA,2021,38.1,37.8,40.7,5.9,43.9,,-0.1096125385242975,1443.57600237663,7.274878649172877,1672.32657340872,7.421971093596723,270.65,4.468,54.5548664463635,2.9,45.7300133468788,3.976,62.718,26.7,-2.1999999999999993,52.6,,72.59731293,77.84324669015672,0,5,1.791759469228055,10.0,5,1.791759469228055,1,1,15.0,4.0,4.0,4.0,1.6094379124341005,1.6094379124341005,1.6094379124341005,9.0,9.0,9.0,4.0,4.0,9.0,1.6094379124341005,1.6094379124341005,2.302585092994046,1.0,1.0,1.0,1.0,1.0,1.0,13.0,13.0,14.0,71.2668801408077,4.489812387250331,90.6,6.0,1.9459101490553132,11.0,6.0,1.9459101490553132,1.0,1.0,17.0
CMR,Cameroon,WCA,2022,38.5,38.1,40.8,5.9,44.6,,-0.08632633016533611,1458.66180431693,7.2852747220074,1604.87726954895,7.380802565069575,265.03,4.397,54.8458745688318,2.8,46.1747220268822,3.646,63.185,25.4,-1.4000000000000021,54.1,,72.12950897,44.13,0,5,1.791759469228055,10.0,5,1.791759469228055,1,1,16.0,5.0,4.0,4.0,1.791759469228055,1.6094379124341005,1.6094379124341005,10.0,9.0,9.0,5.0,4.0,9.0,1.791759469228055,1.6094379124341005,2.302585092994046,1.0,1.0,1.0,1.0,1.0,1.0,15.0,13.0,13.0,51.814758593766285,71.2668801408077,78.39105600374813,6.0,1.9459101490553132,11.0,6.0,1.9459101490553132,1.0,1.0,17.0
CMR,Cameroon,WCA,2023,38.9,38.5,41.0,,,,,1468.17837007337,7.2917777072928365,1720.47510154506,7.450355753493796,259.08,4.322,55.1286878511388,2.7,46.6226225275107,3.607,63.188,24.7,0.09999999999999787,55.0,,79.09996796,46.64,0,5,1.791759469228055,10.0,5,1.791759469228055,1,1,16.0,5.0,5.0,4.0,1.791759469228055,1.791759469228055,1.6094379124341005,10.0,10.0,9.0,5.0,5.0,4.0,1.791759469228055,1.791759469228055,1.6094379124341005,1.0,1.0,1.0,1.0,1.0,1.0,15.0,15.0,13.0,77.84324669015672,51.814758593766285,4.489812387250331,,,,,,,,
CMR,Cameroon,WCA,2024,,38.9,,,,,,1480.73097431993,7.3002911463964475,1830.00833684727,7.512075801479336,260.46,4.261,55.4031748609078,2.5,47.0729484414837,3.603,63.168,23.9,0.5,55.0,,,46.86,0,6,1.9459101490553132,11.0,6,1.9459101490553132,1,1,17.0,5.0,5.0,4.0,1.791759469228055,1.791759469228055,1.6094379124341005,10.0,10.0,9.0,5.0,5.0,4.0,1.791759469228055,1.791759469228055,1.6094379124341005,1.0,1.0,1.0,1.0,1.0,1.0,16.0,15.0,13.0,44.13,77.84324669015672,71.2668801408077,,,,,,,,
CMR,Cameroon,WCA,2025,,,,,,,,1489.47119043622,7.306176430198051,1972.3815800786,7.586997015469718,,,55.6692041661323,,,3.602,62.823,,,55.3,,,,0,6,1.9459101490553132,11.0,6,1.9459101490553132,1,1,17.0,5.0,5.0,5.0,1.791759469228055,1.791759469228055,1.791759469228055,10.0,10.0,10.0,5.0,5.0,5.0,1.791759469228055,1.791759469228055,1.791759469228055,1.0,1.0,1.0,1.0,1.0,1.0,16.0,16.0,15.0,46.64,44.13,51.814758593766285,,,,,,,,
COD,Democratic Republic of the Congo,WCA,2000,54.1,,50.7,19.0,11.1,12.4,0.45533499799562827,339.52682222416,5.827552948956542,377.925421481395,5.934696878485576,458.24,6.702,34.9008752617485,2.1,23.7477310886232,3.245,70.174,,,,,17.52071953,,0,1,0.6931471805599453,2.0,1,0.6931471805599453,1,1,2.0,,,,,,,,,,,,,,,,,,,,,,,,,,,,1.0,0.6931471805599453,4.0,1.0,0.6931471805599453,1.0,1.0,4.0
COD,Democratic Republic of the Congo,WCA,2001,53.6,54.1,50.5,18.8,11.6,12.3,0.43993359726023085,322.033920026494,5.774656881693548,142.678142604412,4.960591342494631,457.6,6.663,35.4153526820763,2.0,23.2925757259411,3.251,70.177,,,,,5.4341011,,0,1,0.6931471805599453,2.0,1,0.6931471805599453,1,1,2.0,,,,,,,,,,,,,,,,,,,,,,,,,,,,1.0,0.6931471805599453,5.0,1.0,0.6931471805599453,1.0,1.0,4.0
COD,Democratic Republic of the Congo,WCA,2002,53.1,53.6,50.2,18.6,12.2,12.3,0.42386933117101355,321.547848189305,5.773146360564405,162.38052907429,5.089942525676868,460.7,6.606,35.937064393184,1.9,22.8409794207926,3.179,70.242,,,,,4.17578602,,0,1,0.6931471805599453,2.0,1,0.6931471805599453,1,1,3.0,1.0,,,0.6931471805599453,,,2.0,,,1.0,,,0.6931471805599453,,,1.0,,,1.0,,,2.0,,,,,,1.0,0.6931471805599453,5.0,1.0,0.6931471805599453,1.0,1.0,4.0
COD,Democratic Republic of the Congo,WCA,2003,52.5,53.1,49.9,18.4,12.8,12.1,0.40560265340075846,329.709536541877,5.798212074566487,161.491553524396,5.084452841136471,467.36,6.549,36.4654627231369,1.8,22.3929738740922,3.057,70.348,,,,,6.03257608,0.0,0,1,0.6931471805599453,4.0,1,0.6931471805599453,1,1,4.0,1.0,1.0,,0.6931471805599453,0.6931471805599453,,2.0,2.0,,1.0,1.0,,0.6931471805599453,0.6931471805599453,,1.0,1.0,,1.0,1.0,,2.0,2.0,,,,,1.0,0.6931471805599453,4.0,1.0,0.6931471805599453,1.0,1.0,5.0
COD,Democratic Republic of the Congo,WCA,2004,51.9,52.5,49.5,18.1,13.5,12.0,0.382551236412713,341.714925752766,5.833976839035763,180.664764963633,5.196643186684586,467.62,6.53,37.0,1.8,21.9485957968142,2.976,70.419,,,,,7.83304834,0.0305300025550624,0,1,0.6931471805599453,5.0,1,0.6931471805599453,1,1,4.0,1.0,1.0,,0.6931471805599453,0.6931471805599453,,2.0,2.0,,1.0,1.0,,0.6931471805599453,0.6931471805599453,,1.0,1.0,,1.0,1.0,,3.0,2.0,,,,,1.0,0.6931471805599453,4.0,1.0,0.6931471805599453,1.0,1.0,5.0
COD,Democratic Republic of the Congo,WCA,2005,51.2,51.9,49.0,17.8,14.1,11.9,0.3531811183195621,351.708486411683,5.862802668877996,214.539740473519,5.36849499148047,468.33,6.526,37.4018738621901,1.7,21.5079480867388,2.948,70.442,,,,,8.55065727,0.0,0,1,0.6931471805599453,5.0,1,0.6931471805599453,1,1,4.0,1.0,1.0,1.0,0.6931471805599453,0.6931471805599453,0.6931471805599453,4.0,2.0,2.0,1.0,1.0,1.0,0.6931471805599453,0.6931471805599453,0.6931471805599453,1.0,1.0,1.0,1.0,1.0,1.0,4.0,3.0,2.0,0.0,,,1.0,0.6931471805599453,4.0,1.0,0.6931471805599453,1.0,1.0,5.0
COD,Democratic Republic of the Congo,WCA,2006,50.4,51.2,48.5,17.5,14.7,11.8,0.3216085885453736,358.454382275579,5.88180140584998,255.445229568751,5.543008020984117,464.8,6.547,37.8024827128113,1.6,21.0891369417888,3.174,69.418,,,,0.8,10.37645721,1.325753405485829,0,1,0.6931471805599453,4.0,1,0.6931471805599453,1,1,5.0,1.0,1.0,1.0,0.6931471805599453,0.6931471805599453,0.6931471805599453,5.0,4.0,2.0,1.0,1.0,1.0,0.6931471805599453,0.6931471805599453,0.6931471805599453,1.0,1.0,1.0,1.0,1.0,1.0,4.0,4.0,2.0,0.0305300025550624,0.0,,1.0,0.6931471805599453,4.0,2.0,1.0986122886681098,1.0,1.0,5.0
COD,Democratic Republic of the Congo,WCA,2007,49.4,50.4,47.9,17.2,15.4,11.7,0.28496837005529024,377.62283005586,5.933895893396675,294.101615124419,5.683925337297399,448.32,6.559,38.201781337298,1.5,20.6788073735842,3.404,68.38,,,,,11.5629034,0.0,1,1,0.6931471805599453,4.0,1,0.6931471805599453,1,1,5.0,1.0,1.0,1.0,0.6931471805599453,0.6931471805599453,0.6931471805599453,5.0,5.0,2.0,1.0,1.0,1.0,0.6931471805599453,0.6931471805599453,0.6931471805599453,1.0,1.0,1.0,1.0,1.0,1.0,4.0,4.0,3.0,0.0,0.0305300025550624,,1.0,0.6931471805599453,4.0,2.0,1.0986122886681098,1.0,1.0,5.0
COD,Democratic Republic of the Congo,WCA,2008,48.3,49.4,47.4,16.8,16.0,11.5,0.24266673137401823,393.640517898615,5.9754381016955405,352.900363371995,5.866185760354809,429.83,6.58,38.5997245210844,1.4,20.2769257473546,3.627,67.334,,,,,15.36659527,0.0,0,1,0.6931471805599453,4.0,1,0.6931471805599453,1,1,5.0,1.0,1.0,1.0,0.6931471805599453,0.6931471805599453,0.6931471805599453,4.0,5.0,4.0,1.0,1.0,1.0,0.6931471805599453,0.6931471805599453,0.6931471805599453,1.0,1.0,1.0,1.0,1.0,1.0,5.0,4.0,4.0,1.325753405485829,0.0,0.0,2.0,1.0986122886681098,5.0,3.0,1.3862943611198906,1.0,1.0,6.0
COD,Democratic Republic of the Congo,WCA,2009,47.1,48.3,46.9,16.5,16.7,11.4,0.20401126691080354,383.726254541217,5.949929419569896,280.178991035792,5.635428652632895,405.23,6.591,38.9962670496049,1.4,19.8835866395137,3.882,66.255,,,,,12.75762081,0.0,0,1,0.6931471805599453,4.0,2,1.0986122886681098,1,1,5.0,1.0,1.0,1.0,0.6931471805599453,0.6931471805599453,0.6931471805599453,4.0,4.0,5.0,1.0,1.0,1.0,0.6931471805599453,0.6931471805599453,0.6931471805599453,1.0,1.0,1.0,1.0,1.0,1.0,5.0,5.0,4.0,0.0,1.325753405485829,0.0305300025550624,2.0,1.0986122886681098,5.0,3.0,1.3862943611198906,1.0,1.0,6.0
COD,Democratic Republic of the Congo,WCA,2010,45.9,47.1,46.3,16.1,17.4,11.3,0.15884435119467408,403.722373878525,6.000727448365571,352.400398754692,5.864768025601373,381.32,6.587,39.391363708294,1.3,19.4987263873328,4.098,65.191,,,,,12.1423111,1.940753238296844,0,1,0.6931471805599453,4.0,2,1.0986122886681098,1,1,5.0,1.0,1.0,1.0,0.6931471805599453,0.6931471805599453,0.6931471805599453,4.0,4.0,5.0,1.0,1.0,1.0,0.6931471805599453,0.6931471805599453,0.6931471805599453,1.0,1.0,1.0,1.0,1.0,1.0,5.0,5.0,4.0,0.0,0.0,0.0,2.0,1.0986122886681098,5.0,3.0,1.3862943611198906,1.0,1.0,7.0
COD,Democratic Republic of the Congo,WCA,2011,44.7,45.9,45.8,15.7,18.0,11.2,0.1143403008323646,389.119308449762,5.963886002120302,372.514273875789,5.92027535621509,360.23,6.582,39.7849692825859,1.2,19.1224518584775,4.317,64.116,,,,,11.89942932,0.0,0,2,1.0986122886681098,5.0,3,1.3862943611198906,1,1,6.0,1.0,1.0,1.0,0.6931471805599453,0.6931471805599453,0.6931471805599453,4.0,4.0,4.0,2.0,1.0,1.0,1.0986122886681098,0.6931471805599453,0.6931471805599453,1.0,1.0,1.0,1.0,1.0,1.0,5.0,5.0,5.0,0.0,0.0,1.325753405485829,2.0,1.0986122886681098,5.0,3.0,1.3862943611198906,1.0,1.0,7.0
COD,Democratic Republic of the Congo,WCA,2012,43.7,44.7,45.4,15.3,18.7,11.0,0.07835736325619788,408.966232816288,6.013632592283134,409.931424783784,6.015989889084487,335.8,6.559,40.1770385579151,1.2,18.754668067258,4.485,63.064,,,,,13.20595551,0.0,0,2,1.0986122886681098,5.0,3,1.3862943611198906,1,1,6.0,1.0,1.0,1.0,0.6931471805599453,0.6931471805599453,0.6931471805599453,4.0,4.0,4.0,2.0,2.0,1.0,1.0986122886681098,1.0986122886681098,0.6931471805599453,1.0,1.0,1.0,1.0,1.0,1.0,5.0,5.0,5.0,1.940753238296844,0.0,0.0,2.0,1.0986122886681098,5.0,3.0,1.3862943611198906,1.0,1.0,7.0
COD,Democratic Republic of the Congo,WCA,2013,42.8,43.7,45.0,14.9,19.3,10.9,0.042850125325944705,464.526715460494,6.1410190710467045,460.370334930107,6.132031241518356,310.49,6.527,40.5675263197158,1.1,18.3953621300218,4.469,62.839,,,,,15.37901688,0.0,1,2,1.0986122886681098,5.0,3,1.3862943611198906,1,1,7.0,2.0,1.0,1.0,1.0986122886681098,0.6931471805599453,0.6931471805599453,5.0,4.0,4.0,3.0,2.0,1.0,1.3862943611198906,1.0986122886681098,0.6931471805599453,1.0,1.0,1.0,1.0,1.0,1.0,6.0,5.0,5.0,0.0,1.940753238296844,0.0,1.0,0.6931471805599453,4.0,8.0,2.1972245773362196,1.0,1.0,6.0
COD,Democratic Republic of the Congo,WCA,2014,41.9,42.8,44.7,14.5,20.1,10.8,0.013185888854883254,481.830241883776,6.177591856753407,489.175952097319,6.19272224499501,297.36,6.483,40.9563873534225,1.1,18.044594889942,4.436,62.626,,,,,18.22281265,14.201561880070711,0,2,1.0986122886681098,5.0,3,1.3862943611198906,1,1,7.0,2.0,2.0,1.0,1.0986122886681098,1.0986122886681098,0.6931471805599453,5.0,5.0,4.0,3.0,3.0,2.0,1.3862943611198906,1.3862943611198906,1.0986122886681098,1.0,1.0,1.0,1.0,1.0,1.0,6.0,6.0,5.0,0.0,0.0,0.0,1.0,0.6931471805599453,4.0,8.0,2.1972245773362196,1.0,1.0,6.0
COD,Democratic Republic of the Congo,WCA,2015,41.3,41.9,44.5,14.2,20.8,10.7,-0.005086373355274981,495.826633014883,6.206226335413076,495.826633014883,6.206226335413076,303.04,6.437,41.3435764444694,1.0,17.7022823048892,4.441,62.391,,,,,18.57252884,24.32,0,2,1.0986122886681098,5.0,3,1.3862943611198906,1,1,7.0,2.0,2.0,1.0,1.0986122886681098,1.0986122886681098,0.6931471805599453,5.0,5.0,4.0,3.0,3.0,2.0,1.3862943611198906,1.3862943611198906,1.0986122886681098,1.0,1.0,1.0,1.0,1.0,1.0,7.0,6.0,5.0,0.0,0.0,1.940753238296844,1.0,0.6931471805599453,4.0,2.0,1.0986122886681098,1.0,1.0,6.0
COD,Democratic Republic of the Congo,WCA,2016,40.7,41.3,44.4,13.8,21.5,10.5,-0.025090932040460062,480.461377880475,6.174746846158917,459.765036590388,6.1307155689645825,310.28,6.392,41.7290483782911,1.0,17.3684018777428,4.528,62.081,,,,,19.3114109,61.38,0,1,0.6931471805599453,4.0,8,2.1972245773362196,1,1,6.0,2.0,2.0,2.0,1.0986122886681098,1.0986122886681098,1.0986122886681098,5.0,5.0,5.0,3.0,3.0,3.0,1.3862943611198906,1.3862943611198906,1.3862943611198906,1.0,1.0,1.0,1.0,1.0,1.0,7.0,7.0,6.0,14.201561880070711,0.0,0.0,2.0,1.0986122886681098,5.0,3.0,1.3862943611198906,1.0,1.0,7.0
COD,Democratic Republic of the Congo,WCA,2017,40.3,40.7,44.3,13.5,22.3,10.4,-0.034842081464475524,482.854682128541,6.1797157432252705,431.052559128788,6.066230029603368,324.07,6.349,42.1127579403217,0.9,17.0428367247806,4.613,61.769,,,95.8,,18.14648819,67.44363039303663,0,1,0.6931471805599453,4.0,8,2.1972245773362196,1,1,6.0,2.0,2.0,2.0,1.0986122886681098,1.0986122886681098,1.0986122886681098,5.0,5.0,5.0,3.0,3.0,3.0,1.3862943611198906,1.3862943611198906,1.3862943611198906,1.0,1.0,1.0,1.0,1.0,1.0,7.0,7.0,6.0,24.32,14.201561880070711,0.0,2.0,1.0986122886681098,5.0,3.0,1.3862943611198906,1.0,1.0,7.0
COD,Democratic Republic of the Congo,WCA,2018,40.0,40.3,44.3,13.1,23.1,10.3,-0.044123115682480354,495.312105711027,6.205188080464555,518.169626875371,6.250302653664887,337.42,6.302,42.4946599159958,0.9,16.7256345274003,4.632,61.53,,,93.7,,17.29077148,77.5052296355177,0,1,0.6931471805599453,4.0,2,1.0986122886681098,1,1,6.0,1.0,2.0,2.0,0.6931471805599453,1.0986122886681098,1.0986122886681098,4.0,5.0,5.0,8.0,3.0,3.0,2.1972245773362196,1.3862943611198906,1.3862943611198906,1.0,1.0,1.0,1.0,1.0,1.0,6.0,7.0,7.0,61.38,24.32,0.0,3.0,1.3862943611198906,6.0,4.0,1.6094379124341005,1.0,1.0,8.0
COD,Democratic Republic of the Congo,WCA,2019,39.7,40.0,44.3,12.8,23.9,10.2,-0.049282276036514264,482.524295129472,6.179031272111333,504.00419142286,6.222584584351987,339.77,6.253,42.8747090907476,0.9,16.416662028181,4.605,61.335,38.5,-2.5999999999999943,93.2,,19.20812035,79.6103242277842,0,2,1.0986122886681098,5.0,3,1.3862943611198906,1,1,7.0,1.0,1.0,2.0,0.6931471805599453,0.6931471805599453,1.0986122886681098,4.0,4.0,5.0,8.0,8.0,3.0,2.1972245773362196,2.1972245773362196,1.3862943611198906,1.0,1.0,1.0,1.0,1.0,1.0,6.0,6.0,7.0,67.44363039303663,61.38,14.201561880070711,3.0,1.3862943611198906,6.0,4.0,1.6094379124341005,1.0,1.0,8.0
COD,Democratic Republic of the Congo,WCA,2020,39.6,39.7,44.3,12.5,24.7,10.2,-0.05003661302847316,470.852950000929,6.154545837203365,486.425572682256,6.187083904685741,338.92,6.206,43.2528602500115,0.9,16.1158651582213,5.355,60.043,39.2,-2.6000000000000014,93.7,,20.5593071,5.506637912530681,0,2,1.0986122886681098,5.0,3,1.3862943611198906,1,1,7.0,1.0,1.0,2.0,0.6931471805599453,0.6931471805599453,1.0986122886681098,4.0,4.0,5.0,2.0,8.0,3.0,1.0986122886681098,2.1972245773362196,1.3862943611198906,1.0,1.0,1.0,1.0,1.0,1.0,6.0,6.0,7.0,77.5052296355177,67.44363039303663,24.32,4.0,1.6094379124341005,7.0,5.0,1.791759469228055,1.0,1.0,10.0
COD,Democratic Republic of the Congo,WCA,2021,39.6,39.6,44.4,12.1,25.5,,-0.05032083481442157,485.160805929784,6.184480394602183,595.743074403567,6.389809490906777,338.04,6.156,43.6290681792218,0.8,16.1461710925268,5.289,60.257,40.3,-2.700000000000003,93.2,,21.58848572,86.2228187350092,0,3,1.3862943611198906,6.0,4,1.6094379124341005,1,1,8.0,2.0,1.0,1.0,1.0986122886681098,0.6931471805599453,0.6931471805599453,5.0,4.0,4.0,3.0,2.0,8.0,1.3862943611198906,1.0986122886681098,2.1972245773362196,1.0,1.0,1.0,1.0,1.0,1.0,7.0,6.0,6.0,79.6103242277842,77.5052296355177,61.38,4.0,1.6094379124341005,7.0,5.0,1.791759469228055,1.0,1.0,10.0
COD,Democratic Republic of the Congo,WCA,2022,39.7,39.6,44.7,11.8,26.4,,-0.03777490424234994,513.512704372167,6.241274769806806,687.738587554685,6.533408805780686,327.94,6.106,44.003287663813,0.8,16.1744730669276,4.54,61.441,41.7,-2.8000000000000043,92.4,,24.3800106,89.95,0,3,1.3862943611198906,6.0,4,1.6094379124341005,1,1,8.0,2.0,2.0,1.0,1.0986122886681098,1.0986122886681098,0.6931471805599453,5.0,5.0,4.0,3.0,3.0,8.0,1.3862943611198906,1.3862943611198906,2.1972245773362196,1.0,1.0,1.0,1.0,1.0,1.0,7.0,7.0,6.0,5.506637912530681,79.6103242277842,67.44363039303663,4.0,1.6094379124341005,7.0,5.0,1.791759469228055,1.0,1.0,10.0
COD,Democratic Republic of the Congo,WCA,2023,40.0,39.7,45.1,,,,,539.45912637913,6.290567019787564,660.21205238997,6.492561074917365,325.29,6.051,44.3754734892194,0.8,16.2386817602994,4.469,61.519,42.5,-0.20000000000000284,91.5,,23.43148804,92.41,1,4,1.6094379124341005,7.0,5,1.791759469228055,1,1,10.0,3.0,2.0,1.0,1.3862943611198906,1.0986122886681098,0.6931471805599453,6.0,5.0,4.0,4.0,3.0,2.0,1.6094379124341005,1.3862943611198906,1.0986122886681098,1.0,1.0,1.0,1.0,1.0,1.0,8.0,7.0,6.0,86.2228187350092,5.506637912530681,77.5052296355177,,,,,,,,
COD,Democratic Republic of the Congo,WCA,2024,,40.0,,,,,,554.117609962628,6.317376956567765,692.887665085098,6.540867886606065,321.89,5.981,44.7455804408753,0.7,16.3033122368932,4.421,61.564,43.9,0.8999999999999986,90.8,,,77.79,0,4,1.6094379124341005,7.0,5,1.791759469228055,1,1,10.0,3.0,3.0,2.0,1.3862943611198906,1.3862943611198906,1.0986122886681098,6.0,6.0,5.0,4.0,4.0,3.0,1.6094379124341005,1.6094379124341005,1.3862943611198906,1.0,1.0,1.0,1.0,1.0,1.0,8.0,8.0,7.0,89.95,86.2228187350092,79.6103242277842,,,,,,,,
COD,Democratic Republic of the Congo,WCA,2025,,,,,,,,567.560325026362,6.341347043312079,806.776000708534,6.693046059366599,,,45.1135633042151,,,4.434,61.454,,,90.1,,,,0,4,1.6094379124341005,7.0,5,1.791759469228055,1,1,10.0,4.0,3.0,2.0,1.6094379124341005,1.3862943611198906,1.0986122886681098,7.0,6.0,5.0,5.0,4.0,3.0,1.791759469228055,1.6094379124341005,1.3862943611198906,1.0,1.0,1.0,1.0,1.0,1.0,10.0,8.0,7.0,92.41,89.95,5.506637912530681,,,,,,,,
COG,Congo,WCA,2000,56.7,,57.3,14.5,22.5,12.8,0.6816706574983301,2057.01922023551,7.62901323342822,1024.30159109181,6.9317662847867965,349.6,4.724,58.8947380255871,4.5,11.9201113215231,19.872,54.686,,,,,17.35089302,,0,1,0.6931471805599453,2.0,1,0.6931471805599453,1,0,2.0,,,,,,,,,,,,,,,,,,,,,,,,,,,,0.0,0.0,1.0,0.0,0.0,1.0,0.0,1.0
COG,Congo,WCA,2001,56.5,56.7,57.1,14.3,23.3,12.8,0.6780566279114171,2056.16505922617,7.6285979050774415,854.598314408095,6.75063155083271,349.06,4.67,59.4417859130405,4.3,11.9684717452745,19.88,54.57,,,,,20.30390549,,0,1,0.6931471805599453,2.0,1,0.6931471805599453,1,0,2.0,,,,,,,,,,,,,,,,,,,,,,,,,,,,0.0,0.0,2.0,0.0,0.0,1.0,1.0,2.0
COG,Congo,WCA,2002,56.2,56.5,56.9,14.1,24.2,12.7,0.6739668986785903,2100.16876714574,7.649772985789891,905.538135544704,6.8085293918918595,327.04,4.697,59.9716066874511,4.2,12.2942562189499,19.644,54.725,,,,,16.99031258,,0,0,0.0,1.0,0,0.0,1,0,1.0,1.0,,,0.6931471805599453,,,2.0,,,1.0,,,0.6931471805599453,,,1.0,,,0.0,,,2.0,,,,,,0.0,0.0,2.0,0.0,0.0,1.0,1.0,2.0
COG,Congo,WCA,2003,56.0,56.2,56.5,13.9,25.0,12.6,0.6655737143137898,2058.88683675038,7.629920745221341,1016.82363412143,6.924438963233587,327.91,4.696,60.4694583791889,4.0,12.623677389001,19.877,54.538,,,,,21.51475716,,0,0,0.0,1.0,0,0.0,1,0,1.0,1.0,1.0,,0.6931471805599453,0.6931471805599453,,2.0,2.0,,1.0,1.0,,0.6931471805599453,0.6931471805599453,,1.0,1.0,,0.0,0.0,,2.0,2.0,,,,,0.0,0.0,2.0,0.0,0.0,1.0,1.0,2.0
COG,Congo,WCA,2004,55.6,56.0,56.2,13.7,25.8,12.5,0.655165283975858,2058.88402946896,7.6299193817256485,1306.10136324599,7.1748019203360816,325.79,4.69,60.9205990186239,3.9,13.081524943127,19.896,54.465,,,,,27.50056839,,0,0,0.0,2.0,0,0.0,1,1,2.0,0.0,1.0,,0.0,0.6931471805599453,,1.0,2.0,,0.0,1.0,,0.0,0.6931471805599453,,1.0,1.0,,0.0,0.0,,1.0,2.0,,,,,0.0,0.0,2.0,0.0,0.0,1.0,1.0,2.0
COG,Congo,WCA,2005,55.3,55.6,55.7,13.5,26.5,12.4,0.6404533985059522,2140.03686200251,7.668578333102363,1799.05158366154,7.495014907058933,309.02,4.669,61.310286636126,3.7,13.5511098859657,19.796,54.473,,,,1.6,30.90304375,,1,0,0.0,2.0,0,0.0,1,1,2.0,0.0,0.0,1.0,0.0,0.0,0.6931471805599453,1.0,1.0,2.0,0.0,0.0,1.0,0.0,0.0,0.6931471805599453,1.0,1.0,1.0,0.0,0.0,0.0,1.0,1.0,2.0,,,,0.0,0.0,3.0,0.0,0.0,1.0,1.0,3.0
COG,Congo,WCA,2006,54.8,55.3,55.1,13.3,27.1,12.3,0.6172204002499035,2226.0233547376,7.7079720235763185,2103.5821381211,7.651396950578692,286.84,4.651,61.6237792620651,3.6,14.0325360521402,19.563,54.573,,,,,35.94208145,,0,0,0.0,2.0,0,0.0,1,1,2.0,0.0,0.0,1.0,0.0,0.0,0.6931471805599453,2.0,1.0,2.0,0.0,0.0,1.0,0.0,0.0,0.6931471805599453,1.0,1.0,1.0,1.0,0.0,0.0,2.0,1.0,2.0,,,,0.0,0.0,3.0,4.0,1.6094379124341005,1.0,1.0,3.0
COG,Congo,WCA,2007,54.3,54.8,54.6,13.1,27.7,12.2,0.5963769793827987,2004.10103961966,7.602950879905648,2206.47101863414,7.699149694081825,254.97,4.649,61.8502563370293,3.5,14.526041670099,19.909,54.299,,,,,41.96711731,0.0,0,0,0.0,2.0,0,0.0,1,1,2.0,0.0,0.0,0.0,0.0,0.0,0.0,2.0,2.0,1.0,0.0,0.0,0.0,0.0,0.0,0.0,1.0,1.0,1.0,1.0,1.0,0.0,2.0,2.0,1.0,,,,0.0,0.0,4.0,4.0,1.6094379124341005,1.0,1.0,3.0
COG,Congo,WCA,2008,53.6,54.3,53.9,12.9,28.2,12.1,0.5646228683406073,2061.55829880574,7.631217431546138,2832.09177777643,7.948770861695433,226.41,4.726,62.0354815675203,3.5,15.0320398597223,19.962,54.262,,,,,63.41820908,0.0,0,0,0.0,3.0,0,0.0,1,1,3.0,0.0,0.0,0.0,0.0,0.0,0.0,2.0,2.0,1.0,0.0,0.0,0.0,0.0,0.0,0.0,1.0,1.0,1.0,1.0,1.0,0.0,2.0,2.0,1.0,,,,0.0,0.0,4.0,0.0,0.0,1.0,1.0,4.0
COG,Congo,WCA,2009,52.9,53.6,53.2,12.7,28.7,12.0,0.5328687572984158,2211.31572382028,7.701342967506132,2271.15219175966,7.728042555166016,214.45,4.808,62.2172294650265,3.4,15.5506904084731,19.844,54.314,,,,,48.65313721,0.0,0,0,0.0,3.0,4,1.6094379124341005,1,1,3.0,0.0,0.0,0.0,0.0,0.0,0.0,2.0,2.0,2.0,0.0,0.0,0.0,0.0,0.0,0.0,1.0,1.0,1.0,1.0,1.0,1.0,2.0,2.0,2.0,0.0,,,0.0,0.0,5.0,0.0,0.0,1.0,1.0,6.0
COG,Congo,WCA,2010,52.2,52.9,52.6,12.6,29.1,11.8,0.5058993854740153,2332.28508055953,7.754603787237019,2946.55798067708,7.988392981897728,214.44,4.851,62.3922871058739,3.4,16.0823108780158,19.3,54.662,,,,,54.56225586,0.0,0,0,0.0,4.0,4,1.6094379124341005,1,1,3.0,0.0,0.0,0.0,0.0,0.0,0.0,3.0,2.0,2.0,0.0,0.0,0.0,0.0,0.0,0.0,1.0,1.0,1.0,1.0,1.0,1.0,3.0,2.0,2.0,0.0,0.0,,0.0,0.0,8.0,0.0,0.0,1.0,1.0,9.0
COG,Congo,WCA,2011,51.5,52.2,51.9,12.4,29.5,11.7,0.4724185623966998,2307.49384399715,7.743917298549895,3396.16505817952,8.130402149954334,215.68,4.826,62.5597508130231,3.4,16.6267539486772,19.435,54.614,,,,,59.51348114,0.0,1,0,0.0,4.0,0,0.0,1,1,4.0,0.0,0.0,0.0,0.0,0.0,0.0,3.0,3.0,2.0,4.0,0.0,0.0,1.6094379124341005,0.0,0.0,1.0,1.0,1.0,1.0,1.0,1.0,3.0,3.0,2.0,0.0,0.0,,1.0,0.6931471805599453,8.0,1.0,0.6931471805599453,1.0,1.0,10.0
COG,Congo,WCA,2012,50.9,51.5,51.2,12.2,29.8,11.6,0.4394134389652981,2467.06102906839,7.810782854394589,3732.32737320389,8.22478727869983,215.9,4.785,62.7187169094345,3.3,17.1843319193312,19.491,54.641,,,,,71.2766571,0.0,0,0,0.0,5.0,0,0.0,1,1,6.0,0.0,0.0,0.0,0.0,0.0,0.0,4.0,3.0,2.0,4.0,4.0,0.0,1.6094379124341005,1.6094379124341005,0.0,1.0,1.0,1.0,1.0,1.0,1.0,3.0,3.0,2.0,0.0,0.0,0.0,2.0,1.0986122886681098,9.0,2.0,1.0986122886681098,1.0,1.0,11.0
COG,Congo,WCA,2013,50.3,50.9,50.5,12.1,30.2,11.6,0.41225690143299115,2390.65754938662,7.779323732351909,3697.41705884249,8.21538976264776,218.19,4.731,62.8682817180686,3.3,17.7552084772419,19.845,54.477,,,,,71.85824585,2.7260506653606074,0,0,0.0,8.0,0,0.0,1,1,9.0,0.0,0.0,0.0,0.0,0.0,0.0,4.0,4.0,3.0,0.0,4.0,0.0,0.0,1.6094379124341005,0.0,1.0,1.0,1.0,1.0,1.0,1.0,4.0,3.0,3.0,0.0,0.0,0.0,5.0,1.791759469228055,12.0,7.0,2.0794415416798357,1.0,1.0,13.0
COG,Congo,WCA,2014,49.7,50.3,49.9,11.9,30.5,11.5,0.38164135539053323,2488.68118548992,7.8195082047660645,3601.2365808718,8.189032560150018,213.06,4.665,63.0075415618859,3.3,18.3393600656814,19.696,54.644,,,,,71.03118896,2.659618451361408,0,1,0.6931471805599453,8.0,1,0.6931471805599453,1,1,10.0,0.0,0.0,0.0,0.0,0.0,0.0,5.0,4.0,3.0,0.0,0.0,4.0,0.0,0.0,1.6094379124341005,1.0,1.0,1.0,1.0,1.0,1.0,6.0,4.0,3.0,0.0,0.0,0.0,5.0,1.791759469228055,10.0,7.0,2.0794415416798357,1.0,1.0,12.0
COG,Congo,WCA,2015,49.3,49.7,49.5,11.8,30.7,11.5,0.36260494931688486,2439.35189403696,7.799487665806785,2439.35189403696,7.799487665806785,210.62,4.607,63.135592763847,3.2,18.9369281667441,20.02,54.475,,,,,57.30290604,47.46,0,2,1.0986122886681098,9.0,2,1.0986122886681098,1,1,11.0,0.0,0.0,0.0,0.0,0.0,0.0,8.0,5.0,4.0,0.0,0.0,4.0,0.0,0.0,1.6094379124341005,1.0,1.0,1.0,1.0,1.0,1.0,9.0,6.0,3.0,2.7260506653606074,0.0,0.0,5.0,1.791759469228055,10.0,5.0,1.791759469228055,1.0,1.0,12.0
COG,Congo,WCA,2016,48.8,49.3,49.0,11.7,30.9,11.6,0.3389765541732552,2174.19310251224,7.684412887339258,2093.10728558843,7.646404980371864,215.75,4.546,63.2515316469123,3.2,19.5480521293593,20.298,54.314,,,,,54.3000145,4.91,0,5,1.791759469228055,12.0,7,2.0794415416798357,1,1,13.0,1.0,0.0,0.0,0.6931471805599453,0.0,0.0,8.0,8.0,4.0,1.0,0.0,0.0,0.6931471805599453,0.0,0.0,1.0,1.0,1.0,1.0,1.0,1.0,10.0,9.0,4.0,2.659618451361408,2.7260506653606074,0.0,5.0,1.791759469228055,10.0,5.0,1.791759469228055,1.0,1.0,11.0
COG,Congo,WCA,2017,48.4,48.8,48.5,11.6,31.1,11.7,0.31755057071066317,2003.27121075187,7.602536728772284,2211.63309874797,7.701486480325731,235.9,4.496,63.3544545340423,3.2,20.1728789551264,20.737,54.022,,,73.3,,52.29982376,58.57185376840023,0,5,1.791759469228055,10.0,7,2.0794415416798357,1,1,12.0,2.0,1.0,0.0,1.0986122886681098,0.6931471805599453,0.0,9.0,8.0,5.0,2.0,1.0,0.0,1.0986122886681098,0.6931471805599453,0.0,1.0,1.0,1.0,1.0,1.0,1.0,11.0,10.0,6.0,47.46,2.659618451361408,0.0,5.0,1.791759469228055,10.0,5.0,1.791759469228055,1.0,1.0,11.0
COG,Congo,WCA,2018,48.0,48.4,48.1,11.6,31.3,11.8,0.30263603850098575,1909.9560382117,7.5548355041327,2694.43413191427,7.898943491691299,249.77,4.442,63.4434577481975,3.2,20.2685707874205,20.84,53.945,,,74.0,,47.310215,0.0,0,5,1.791759469228055,10.0,5,1.791759469228055,1,1,12.0,5.0,2.0,0.0,1.791759469228055,1.0986122886681098,0.0,12.0,9.0,8.0,7.0,2.0,0.0,2.0794415416798357,1.0986122886681098,0.0,1.0,1.0,1.0,1.0,1.0,1.0,13.0,11.0,9.0,4.91,47.46,2.7260506653606074,2.0,1.0986122886681098,7.0,2.0,1.0986122886681098,1.0,1.0,8.0
COG,Congo,WCA,2019,47.6,48.0,47.7,11.5,31.5,11.9,0.28359963242733754,1885.51080877731,7.541954049260771,2488.42466724916,7.819405125487231,245.94,4.38,63.5176376123385,3.2,20.3642632516174,20.494,54.159,,,73.9,,58.42106628,11.183054429939,0,5,1.791759469228055,10.0,5,1.791759469228055,1,1,11.0,5.0,5.0,1.0,1.791759469228055,1.791759469228055,0.6931471805599453,10.0,12.0,8.0,7.0,7.0,1.0,2.0794415416798357,2.0794415416798357,0.6931471805599453,1.0,1.0,1.0,1.0,1.0,1.0,12.0,13.0,10.0,58.57185376840023,4.91,2.659618451361408,2.0,1.0986122886681098,7.0,2.0,1.0986122886681098,1.0,1.0,8.0
COG,Congo,WCA,2020,47.2,47.6,47.3,11.4,31.6,11.9,0.2628365143185652,1725.51040049963,7.4532781700479305,1993.586671931,7.597690643142918,240.84,4.329,63.5760904494257,3.2,20.4597460251332,22.286,50.469,,,76.2,,80.09735107,61.35053132019017,0,5,1.791759469228055,10.0,5,1.791759469228055,1,1,11.0,5.0,5.0,2.0,1.791759469228055,1.791759469228055,1.0986122886681098,10.0,10.0,9.0,5.0,7.0,2.0,1.791759469228055,2.0794415416798357,1.0986122886681098,1.0,1.0,1.0,1.0,1.0,1.0,12.0,12.0,11.0,0.0,58.57185376840023,47.46,2.0,1.0986122886681098,7.0,2.0,1.0986122886681098,1.0,1.0,8.0
COG,Congo,WCA,2021,47.0,47.2,47.1,11.4,31.7,,0.2553792482137265,1701.79060456872,7.43943627252157,2516.16255145432,7.830490222829694,232.02,4.28,63.6179125824196,3.2,20.5548099594917,21.998,51.124,,,77.1,,78.60149384,66.24465168162442,0,2,1.0986122886681098,7.0,2,1.0986122886681098,1,1,8.0,5.0,5.0,5.0,1.791759469228055,1.791759469228055,1.791759469228055,10.0,10.0,12.0,5.0,5.0,7.0,1.791759469228055,1.791759469228055,2.0794415416798357,1.0,1.0,1.0,1.0,1.0,1.0,11.0,12.0,13.0,11.183054429939,0.0,4.91,2.0,1.0986122886681098,7.0,2.0,1.0986122886681098,1.0,1.0,8.0
COG,Congo,WCA,2022,46.8,47.0,47.0,11.4,31.9,,0.2520382715329554,1686.00234391385,7.430115528782572,2620.83804267402,7.871249409225721,220.52,4.215,63.6422003342807,3.2,,20.131,54.267,,,78.2,,53.11892319,65.02,0,2,1.0986122886681098,7.0,2,1.0986122886681098,1,1,8.0,5.0,5.0,5.0,1.791759469228055,1.791759469228055,1.791759469228055,10.0,10.0,10.0,5.0,5.0,7.0,1.791759469228055,1.791759469228055,2.0794415416798357,1.0,1.0,1.0,1.0,1.0,1.0,11.0,11.0,12.0,61.35053132019017,11.183054429939,58.57185376840023,2.0,1.0986122886681098,7.0,2.0,1.0986122886681098,1.0,1.0,8.0
COG,Congo,WCA,2023,46.7,46.8,46.8,,,,,1677.08549205924,7.424812739688538,2477.97845544866,7.8151983678206465,219.46,4.157,63.6626757615625,3.2,,19.919,54.373,,,78.2,,75.55332184,71.87,0,2,1.0986122886681098,7.0,2,1.0986122886681098,1,1,8.0,2.0,5.0,5.0,1.0986122886681098,1.791759469228055,1.791759469228055,7.0,10.0,10.0,2.0,5.0,5.0,1.0986122886681098,1.791759469228055,1.791759469228055,1.0,1.0,1.0,1.0,1.0,1.0,8.0,11.0,12.0,66.24465168162442,61.35053132019017,0.0,,,,,,,,
COG,Congo,WCA,2024,,46.7,,,,,,1671.7266018229,7.421612264618344,2482.2489948456,7.81692028097681,221.02,4.109,63.8866111699904,3.2,,19.895,54.349,,,78.1,,,28.9,0,2,1.0986122886681098,7.0,2,1.0986122886681098,1,1,8.0,2.0,2.0,5.0,1.0986122886681098,1.0986122886681098,1.791759469228055,7.0,7.0,10.0,2.0,2.0,5.0,1.0986122886681098,1.0986122886681098,1.791759469228055,1.0,1.0,1.0,1.0,1.0,1.0,8.0,8.0,11.0,65.02,66.24465168162442,11.183054429939,,,,,,,,
COG,Congo,WCA,2025,,,,,,,,1683.00937264433,7.428338763185597,2514.73393584747,7.829922286022067,,,64.1236534817412,,,19.876,54.344,,,77.3,,,,0,2,1.0986122886681098,7.0,2,1.0986122886681098,1,1,8.0,2.0,2.0,5.0,1.0986122886681098,1.0986122886681098,1.791759469228055,7.0,7.0,10.0,2.0,2.0,5.0,1.0986122886681098,1.0986122886681098,1.791759469228055,1.0,1.0,1.0,1.0,1.0,1.0,8.0,8.0,11.0,71.87,65.02,61.35053132019017,,,,,,,,
COM,Comoros,ESA,2000,32.5,,41.1,8.6,27.6,25.5,-0.3935527505046114,1150.82871091807,7.048237580026304,633.309032776244,6.450958506449634,66.37,5.227,28.0360512192055,0.1,24.4251137817351,4.4,39.883,,,,,47.59479904,,0,0,0.0,0.0,0,0.0,0,1,1.0,,,,,,,,,,,,,,,,,,,,,,,,,,,,0.0,0.0,0.0,0.0,0.0,0.0,1.0,1.0
COM,Comoros,ESA,2001,31.7,32.5,40.5,8.5,28.7,25.4,-0.4106375497641822,1188.50139049127,7.080448456754356,681.163857619963,6.523802890451961,65.07,5.195,27.9902886596605,0.1,26.1545650647282,4.379,39.822,,,,,45.34629059,,0,0,0.0,0.0,0,0.0,0,1,1.0,,,,,,,,,,,,,,,,,,,,,,,,,,,,0.0,0.0,0.0,0.0,0.0,0.0,1.0,1.0
COM,Comoros,ESA,2002,30.9,31.7,39.9,8.4,29.8,25.3,-0.42772234902375295,1217.11534330128,7.1042388652436435,764.61349832543,6.639370475207226,63.81,5.155,27.9586267103537,0.1,27.7107884685143,4.372,39.776,,,,,51.12159729,,0,0,0.0,0.0,0,0.0,0,1,1.0,0.0,,,0.0,,,0.0,,,0.0,,,0.0,,,0.0,,,1.0,,,1.0,,,,,,0.0,0.0,0.0,0.0,0.0,0.0,1.0,1.0
COM,Comoros,ESA,2003,30.2,30.9,39.2,8.2,30.9,25.2,-0.44911618785520085,1216.98069479509,7.104128229916015,959.691049354812,6.86661140907682,62.56,5.115,27.9448864609618,0.1,29.2480866735385,4.559,39.63,,,,,63.91786194,68.19439095269773,0,0,0.0,0.0,0,0.0,0,1,1.0,0.0,0.0,,0.0,0.0,,0.0,0.0,,0.0,0.0,,0.0,0.0,,0.0,0.0,,1.0,1.0,,1.0,1.0,,,,,0.0,0.0,0.0,0.0,0.0,0.0,1.0,1.0
COM,Comoros,ESA,2004,29.6,30.2,38.6,8.1,32.1,25.1,-0.46006945171757246,1231.14779946851,7.115702183533342,1072.28409029621,6.9775463161265785,61.31,5.065,27.9596300229124,0.1,30.7668527595674,4.571,39.485,,,,,70.61806488,71.3949036222018,0,0,0.0,0.0,0,0.0,0,1,1.0,0.0,0.0,,0.0,0.0,,0.0,0.0,,0.0,0.0,,0.0,0.0,,0.0,0.0,,1.0,1.0,,1.0,1.0,,,,,0.0,0.0,0.0,0.0,0.0,0.0,1.0,1.0
COM,Comoros,ESA,2005,28.9,29.6,38.0,7.9,33.3,25.0,-0.47734700112495276,1274.61470948066,7.150399223281719,1105.78796866788,7.0083134536383485,60.09,5.012,28.016895208368,0.1,32.2696522597859,4.527,39.796,,,,,67.80059814,0.0,0,0,0.0,0.0,0,0.0,0,1,1.0,0.0,0.0,0.0,0.0,0.0,0.0,0.0,0.0,0.0,0.0,0.0,0.0,0.0,0.0,0.0,0.0,0.0,0.0,1.0,1.0,1.0,1.0,1.0,1.0,68.19439095269773,,,0.0,0.0,0.0,0.0,0.0,0.0,1.0,2.0
COM,Comoros,ESA,2006,28.3,28.9,37.4,7.8,34.5,24.9,-0.4883002649873244,1227.24669435092,7.112528479392811,1138.47908404345,7.0374485138316984,58.91,4.934,28.1143215973031,0.1,33.75605986205,4.482,40.108,,,,2.2,65.72916412,5.090135018442033,0,0,0.0,0.0,0,0.0,0,1,1.0,0.0,0.0,0.0,0.0,0.0,0.0,0.0,0.0,0.0,0.0,0.0,0.0,0.0,0.0,0.0,0.0,0.0,0.0,1.0,1.0,1.0,1.0,1.0,1.0,71.3949036222018,68.19439095269773,,0.0,0.0,0.0,0.0,0.0,0.0,1.0,2.0
COM,Comoros,ESA,2007,27.8,28.3,36.8,7.6,35.7,24.8,-0.5011729910326295,1212.6966173611,7.100601768313676,1289.73631056361,7.162193066045255,57.75,4.859,28.2493321448949,0.1,35.2256531986229,4.474,40.405,,,,,69.87202454,59.10104992050038,0,0,0.0,0.0,0,0.0,0,1,1.0,0.0,0.0,0.0,0.0,0.0,0.0,0.0,0.0,0.0,0.0,0.0,0.0,0.0,0.0,0.0,0.0,0.0,0.0,1.0,1.0,1.0,1.0,1.0,1.0,0.0,71.3949036222018,,0.0,0.0,1.0,0.0,0.0,0.0,1.0,3.0
COM,Comoros,ESA,2008,27.3,27.8,36.3,7.5,36.9,24.6,-0.5075342658250199,1235.97280465287,7.119613635067539,1455.02768595586,7.282780207572918,56.61,4.805,28.4193498063202,0.1,36.6778613088967,4.416,40.724,,,,,73.75498962,0.0,0,0,0.0,0.0,0,0.0,0,1,2.0,0.0,0.0,0.0,0.0,0.0,0.0,0.0,0.0,0.0,0.0,0.0,0.0,0.0,0.0,0.0,0.0,0.0,0.0,1.0,1.0,1.0,1.0,1.0,1.0,5.090135018442033,0.0,68.19439095269773,0.0,0.0,1.0,0.0,0.0,0.0,1.0,3.0
COM,Comoros,ESA,2009,26.9,27.3,35.9,7.3,38.1,24.5,-0.5134254254113998,1250.90237145763,7.131620467020026,1410.30516959473,7.251561392290802,55.49,4.778,28.6217975367563,0.1,38.1124210259684,4.303,41.068,,,,,69.4848938,0.0,0,0,0.0,0.0,0,0.0,0,1,2.0,0.0,0.0,0.0,0.0,0.0,0.0,0.0,0.0,0.0,0.0,0.0,0.0,0.0,0.0,0.0,0.0,0.0,0.0,1.0,1.0,1.0,1.0,1.0,1.0,59.10104992050038,5.090135018442033,71.3949036222018,1.0,0.6931471805599453,2.0,1.0,0.6931471805599453,1.0,1.0,4.0
COM,Comoros,ESA,2010,26.6,26.9,35.5,7.1,39.3,24.4,-0.5171141733167421,1272.60716208007,7.148822958694272,1386.57533553376,7.234592198620315,55.8,4.755,28.8540982913801,0.1,39.5290364231299,4.19,41.413,,,,2.16,69.21523285,0.0,0,0,0.0,1.0,0,0.0,0,1,3.0,0.0,0.0,0.0,0.0,0.0,0.0,0.0,0.0,0.0,0.0,0.0,0.0,0.0,0.0,0.0,0.0,0.0,0.0,1.0,1.0,1.0,2.0,1.0,1.0,0.0,59.10104992050038,0.0,1.0,0.6931471805599453,2.0,1.0,0.6931471805599453,1.0,1.0,3.0
COM,Comoros,ESA,2011,26.3,26.6,35.2,6.9,40.5,24.2,-0.5184133438331407,1299.11093449408,7.169435412942694,1531.43969320468,7.333963547896911,37.21,4.722,29.1136750253686,0.1,40.9270162396415,4.12,41.741,,,,,81.19863892,0.0,0,0,0.0,1.0,0,0.0,0,1,3.0,0.0,0.0,0.0,0.0,0.0,0.0,0.0,0.0,0.0,0.0,0.0,0.0,0.0,0.0,0.0,0.0,0.0,0.0,1.0,1.0,1.0,2.0,2.0,1.0,0.0,0.0,5.090135018442033,1.0,0.6931471805599453,3.0,1.0,0.6931471805599453,1.0,1.0,4.0
COM,Comoros,ESA,2012,26.3,26.3,35.0,6.8,41.7,24.1,-0.5065938280535123,1313.58187559666,7.18051294109739,1490.31425650871,7.306742287109562,73.12,4.652,29.397950693899,0.1,42.3060704892515,4.091,42.051,,,,,77.10220337,0.0,0,1,0.6931471805599453,2.0,1,0.6931471805599453,1,1,4.0,0.0,0.0,0.0,0.0,0.0,0.0,1.0,0.0,0.0,0.0,0.0,0.0,0.0,0.0,0.0,0.0,0.0,0.0,1.0,1.0,1.0,3.0,2.0,1.0,0.0,0.0,59.10104992050038,1.0,0.6931471805599453,2.0,1.0,0.6931471805599453,1.0,1.0,4.0
COM,Comoros,ESA,2013,26.3,26.3,34.9,6.6,42.9,24.0,-0.4965066087489107,1343.54683280656,7.203068286254512,1603.32653496691,7.379835834277329,76.35,4.572,29.7043482521482,0.1,43.665877233981,3.98,42.398,,,,,81.81765747,0.0,0,1,0.6931471805599453,2.0,1,0.6931471805599453,1,1,3.0,0.0,0.0,0.0,0.0,0.0,0.0,1.0,1.0,0.0,0.0,0.0,0.0,0.0,0.0,0.0,0.0,0.0,0.0,1.0,1.0,1.0,3.0,3.0,2.0,0.0,0.0,0.0,1.0,0.6931471805599453,3.0,3.0,1.3862943611198906,1.0,1.0,4.0
COM,Comoros,ESA,2014,26.4,26.3,34.8,6.5,44.1,23.9,-0.48009510389930066,1342.3295858321,7.202161880398047,1615.71709756316,7.387534160366523,3.1,4.489,30.0302906552932,0.1,45.005792347169,3.984,42.696,,,,,84.63935852,0.0,0,1,0.6931471805599453,3.0,1,0.6931471805599453,1,1,4.0,1.0,0.0,0.0,0.6931471805599453,0.0,0.0,2.0,1.0,0.0,1.0,0.0,0.0,0.6931471805599453,0.0,0.0,1.0,0.0,0.0,1.0,1.0,1.0,4.0,3.0,2.0,0.0,0.0,0.0,0.0,0.0,1.0,2.0,1.0986122886681098,1.0,1.0,4.0
COM,Comoros,ESA,2015,26.6,26.4,34.9,6.3,45.2,23.8,-0.46255061848986023,1329.37048235986,7.192460787629863,1329.37048235986,7.192460787629863,2.59,4.42,30.3732008585112,0.1,46.3255872493184,4.031,44.226,,,,,61.16300201,0.0,0,1,0.6931471805599453,2.0,1,0.6931471805599453,1,1,4.0,1.0,1.0,0.0,0.6931471805599453,0.6931471805599453,0.0,2.0,2.0,1.0,1.0,1.0,0.0,0.6931471805599453,0.6931471805599453,0.0,1.0,1.0,0.0,1.0,1.0,1.0,3.0,4.0,3.0,0.0,0.0,0.0,1.0,0.6931471805599453,2.0,1.0,0.6931471805599453,1.0,1.0,5.0
COM,Comoros,ESA,2016,27.0,26.6,35.0,6.2,46.4,23.6,-0.4347527238192501,1345.6261652831,7.2046147340973326,1365.48403444497,7.219264248750914,1.98,4.348,30.7305018169792,0.1,47.6248040673008,4.117,45.726,,,,,63.53099442,0.0,0,1,0.6931471805599453,3.0,3,1.3862943611198906,1,1,4.0,1.0,1.0,0.0,0.6931471805599453,0.6931471805599453,0.0,3.0,2.0,1.0,1.0,1.0,0.0,0.6931471805599453,0.6931471805599453,0.0,1.0,1.0,0.0,1.0,1.0,1.0,4.0,3.0,3.0,0.0,0.0,0.0,1.0,0.6931471805599453,2.0,1.0,0.6931471805599453,1.0,1.0,5.0
COM,Comoros,ESA,2017,27.2,27.0,35.0,6.1,47.6,23.5,-0.41374922989965884,1369.41180275963,7.222136585577547,1423.9248027797,7.261172283540853,5.15,4.278,31.0996559689293,0.1,48.9029223957365,4.049,47.259,,,59.2,,75.01337433,47.59204660944465,0,0,0.0,1.0,2,1.0986122886681098,1,1,4.0,1.0,1.0,1.0,0.6931471805599453,0.6931471805599453,0.6931471805599453,2.0,3.0,2.0,1.0,1.0,1.0,0.6931471805599453,0.6931471805599453,0.6931471805599453,1.0,1.0,1.0,1.0,1.0,1.0,4.0,4.0,4.0,0.0,0.0,0.0,1.0,0.6931471805599453,1.0,1.0,0.6931471805599453,1.0,1.0,3.0
COM,Comoros,ESA,2018,27.5,27.2,35.0,6.0,48.8,23.3,-0.3905433242990299,1391.84570443267,7.238385990233898,1540.71132257526,7.339999486541877,19.68,4.208,31.4073645195839,0.1,50.159514854681,3.975,48.769,,,57.1,,74.89152527,0.0,0,1,0.6931471805599453,2.0,1,0.6931471805599453,1,1,5.0,1.0,1.0,1.0,0.6931471805599453,0.6931471805599453,0.6931471805599453,3.0,2.0,2.0,3.0,1.0,1.0,1.3862943611198906,0.6931471805599453,0.6931471805599453,1.0,1.0,1.0,1.0,1.0,1.0,4.0,4.0,3.0,0.0,0.0,0.0,1.0,0.6931471805599453,1.0,1.0,0.6931471805599453,1.0,1.0,3.0
COM,Comoros,ESA,2019,27.8,27.5,35.0,5.9,50.1,23.2,-0.365610706663277,1389.36488014859,7.2366020009482295,1519.26386436068,7.325981196766604,22.37,4.138,31.7287584068243,0.1,51.3942491790653,3.926,50.274,,,56.2,,78.23674774,64.2538480628387,0,1,0.6931471805599453,2.0,1,0.6931471805599453,1,1,5.0,0.0,1.0,1.0,0.0,0.6931471805599453,0.6931471805599453,1.0,3.0,3.0,2.0,3.0,1.0,1.0986122886681098,1.3862943611198906,0.6931471805599453,1.0,1.0,1.0,1.0,1.0,1.0,4.0,4.0,4.0,47.59204660944465,0.0,0.0,2.0,1.0986122886681098,2.0,2.0,1.0986122886681098,1.0,1.0,4.0
COM,Comoros,ESA,2020,28.1,27.8,35.1,5.8,51.3,23.0,-0.3400152236737044,1359.7070891825,7.215024579932339,1527.16991011916,7.3311715695715245,5.67,4.071,32.0638072194881,0.1,52.6066035113726,4.468,51.082,27.4,2.0,55.4,,89.67817688,25.65748443806408,0,1,0.6931471805599453,1.0,1,0.6931471805599453,1,1,3.0,1.0,0.0,1.0,0.6931471805599453,0.0,0.6931471805599453,2.0,1.0,2.0,1.0,2.0,1.0,0.6931471805599453,1.0986122886681098,0.6931471805599453,1.0,1.0,1.0,1.0,1.0,1.0,5.0,4.0,4.0,0.0,47.59204660944465,0.0,2.0,1.0986122886681098,2.0,2.0,1.0986122886681098,1.0,1.0,4.0
COM,Comoros,ESA,2021,28.6,28.1,35.2,5.7,52.5,,-0.3100149173220565,1360.32663361462,7.2154801216689295,1587.72988658008,7.370060530726971,12.88,3.999,32.4124444313246,0.1,53.7961210274577,4.394,52.77,27.4,2.0,54.5,,100.50016785,8.222643226823873,0,1,0.6931471805599453,1.0,1,0.6931471805599453,1,1,3.0,1.0,1.0,1.0,0.6931471805599453,0.6931471805599453,0.6931471805599453,2.0,2.0,3.0,1.0,1.0,3.0,0.6931471805599453,0.6931471805599453,1.3862943611198906,1.0,1.0,1.0,1.0,1.0,1.0,5.0,5.0,4.0,64.2538480628387,0.0,0.0,2.0,1.0986122886681098,2.0,2.0,1.0986122886681098,1.0,1.0,4.0
COM,Comoros,ESA,2022,29.3,28.6,35.4,5.6,53.7,,-0.27322021021938997,1366.9513495529,7.220338246882811,1533.87755393614,7.335554157317665,24.78,3.935,32.7746035528748,0.1,54.9623663372908,3.879,53.317,27.4,2.0,53.2,,124.14363861,0.0,0,2,1.0986122886681098,2.0,2,1.0986122886681098,1,1,4.0,1.0,1.0,0.0,0.6931471805599453,0.6931471805599453,0.0,1.0,2.0,1.0,1.0,1.0,2.0,0.6931471805599453,0.6931471805599453,1.0986122886681098,1.0,1.0,1.0,1.0,1.0,1.0,3.0,5.0,4.0,25.65748443806408,64.2538480628387,47.59204660944465,2.0,1.0986122886681098,2.0,2.0,1.0986122886681098,1.0,1.0,4.0
COM,Comoros,ESA,2023,29.9,29.3,35.5,,,,,1383.64201759575,7.232474444913376,1723.89474946474,7.452341399165533,24.75,3.878,33.1502180946901,0.1,56.104836588019,3.833,53.298,27.4,1.4000000000000021,49.8,,102.23101807,0.0,0,2,1.0986122886681098,2.0,2,1.0986122886681098,1,1,4.0,1.0,1.0,1.0,0.6931471805599453,0.6931471805599453,0.6931471805599453,1.0,1.0,2.0,1.0,1.0,1.0,0.6931471805599453,0.6931471805599453,0.6931471805599453,1.0,1.0,1.0,1.0,1.0,1.0,3.0,3.0,5.0,8.222643226823873,25.65748443806408,0.0,,,,,,,,
COM,Comoros,ESA,2024,,29.9,,,,,,1402.52614298112,7.246030277494867,1857.87060684189,7.5271862758517925,62.79,3.822,33.5392215673301,0.1,57.2230888156822,3.815,53.275,,,48.5,,,0.0,0,2,1.0986122886681098,2.0,2,1.0986122886681098,1,1,4.0,2.0,1.0,1.0,1.0986122886681098,0.6931471805599453,0.6931471805599453,2.0,1.0,2.0,2.0,1.0,1.0,1.0986122886681098,0.6931471805599453,0.6931471805599453,1.0,1.0,1.0,1.0,1.0,1.0,4.0,3.0,5.0,0.0,8.222643226823873,64.2538480628387,,,,,,,,
COM,Comoros,ESA,2025,,,,,,,,1428.44965622497,7.264344978645158,2055.75921566281,7.628400506712323,,,33.941547481361,,,3.819,53.642,,,48.6,,,,0,2,1.0986122886681098,2.0,2,1.0986122886681098,1,1,4.0,2.0,2.0,1.0,1.0986122886681098,1.0986122886681098,0.6931471805599453,2.0,2.0,1.0,2.0,2.0,1.0,1.0986122886681098,1.0986122886681098,0.6931471805599453,1.0,1.0,1.0,1.0,1.0,1.0,4.0,4.0,3.0,0.0,0.0,25.65748443806408,,,,,,,,
CPV,Cabo Verde,WCA,2000,50.1,,51.2,7.6,27.8,,0.19765370707185775,2037.31720912714,7.619389127778705,1189.51479345891,7.081300766369258,1.22,3.545,53.9332149202283,0.7,36.827954010232,13.024,50.668,,,,,59.54011154,,0,0,0.0,0.0,0,0.0,0,0,0.0,,,,,,,,,,,,,,,,,,,,,,,,,,,,0.0,0.0,2.0,0.0,0.0,0.0,1.0,1.0
CPV,Cabo Verde,WCA,2001,49.5,50.1,50.6,7.5,29.1,,0.1884271552446099,2051.21733888102,7.626188719733243,1223.33055331575,7.109332379883987,0.89,3.366,54.7762172320995,0.7,39.1910554393962,13.242,50.309,,,,,63.55782318,,0,0,0.0,0.0,0,0.0,0,0,0.0,,,,,,,,,,,,,,,,,,,,,,,,,,,,0.0,0.0,2.0,0.0,0.0,0.0,1.0,2.0
CPV,Cabo Verde,WCA,2002,48.9,49.5,50.1,7.4,30.4,,0.18159018080630585,2127.70872296502,7.662800962786934,1328.57874270666,7.191865035333958,0.63,3.192,55.5703407979481,0.7,41.5375071985025,13.379,49.999,,,,,69.12203979,,0,0,0.0,2.0,0,0.0,0,1,1.0,0.0,,,0.0,,,0.0,,,0.0,,,0.0,,,0.0,,,0.0,,,0.0,,,,,,0.0,0.0,2.0,0.0,0.0,0.0,1.0,3.0
CPV,Cabo Verde,WCA,2003,48.3,48.9,49.5,7.3,31.7,,0.17236362897905796,2186.89500422765,7.690238010483442,1717.97565369655,7.448901931137937,0.55,3.033,56.3297071979641,0.7,43.8664094982459,13.604,49.638,,,,,84.6628952,,0,0,0.0,2.0,0,0.0,0,1,1.0,0.0,0.0,,0.0,0.0,,0.0,0.0,,0.0,0.0,,0.0,0.0,,0.0,0.0,,0.0,0.0,,0.0,0.0,,,,,0.0,0.0,2.0,0.0,0.0,0.0,1.0,3.0
CPV,Cabo Verde,WCA,2004,47.8,48.3,49.0,7.1,33.0,,0.16360719235782062,2379.79636224135,7.77477020092141,1929.49081468781,7.565011420503948,0.36,2.9,57.0677167011018,0.7,46.1784728572733,13.456,49.491,,,,2.07,93.43228912,,0,0,0.0,2.0,0,0.0,0,1,2.0,0.0,0.0,,0.0,0.0,,2.0,0.0,,0.0,0.0,,0.0,0.0,,0.0,0.0,,1.0,0.0,,1.0,0.0,,,,,0.0,0.0,3.0,0.0,0.0,0.0,1.0,5.0
CPV,Cabo Verde,WCA,2005,47.2,47.8,48.4,7.0,34.3,,0.15438064053057288,2514.16779255327,7.8296971301820175,2004.14680417563,7.602973715098359,0.54,2.726,57.7977695763157,0.7,48.4726022548582,13.439,49.268,,,,2.02,96.08917999,,0,0,0.0,2.0,0,0.0,0,1,3.0,0.0,0.0,0.0,0.0,0.0,0.0,2.0,2.0,0.0,0.0,0.0,0.0,0.0,0.0,0.0,0.0,0.0,0.0,1.0,1.0,0.0,1.0,1.0,0.0,,,,0.0,0.0,2.0,0.0,0.0,0.0,1.0,4.0
CPV,Cabo Verde,WCA,2006,46.6,47.2,47.8,6.9,35.5,,0.14342737666820118,2683.83943856892,7.89500367460655,2256.99666191075,7.721790297822534,0.63,2.555,58.5332660925599,0.7,50.7498010778296,13.378,49.07,,,,2.01,113.13097382,,0,0,0.0,2.0,0,0.0,0,1,3.0,0.0,0.0,0.0,0.0,0.0,0.0,2.0,2.0,0.0,0.0,0.0,0.0,0.0,0.0,0.0,0.0,0.0,0.0,1.0,1.0,0.0,2.0,1.0,0.0,,,,0.0,0.0,2.0,0.0,0.0,0.0,1.0,5.0
CPV,Cabo Verde,WCA,2007,45.9,46.6,47.3,6.8,36.7,,0.13266127851373563,3056.97102851154,8.025179844747967,3324.57675212498,8.109097652393574,0.14,2.409,59.287606518789,0.7,53.0093493269466,13.294,48.885,,,,2.05,127.73626709,70.98703888334995,0,0,0.0,3.0,0,0.0,0,1,5.0,0.0,0.0,0.0,0.0,0.0,0.0,2.0,2.0,2.0,0.0,0.0,0.0,0.0,0.0,0.0,0.0,0.0,0.0,1.0,1.0,1.0,3.0,2.0,1.0,,,,0.0,0.0,2.0,0.0,0.0,0.0,1.0,5.0
CPV,Cabo Verde,WCA,2008,45.2,45.9,46.7,6.7,37.9,,0.11950560297032653,3238.44159287498,8.082847503220249,3908.64885822576,8.270947032703532,0.27,2.298,60.0741911239572,0.7,55.2521980462488,13.307,48.644,,,,,127.79390717,76.10076494853618,0,0,0.0,2.0,0,0.0,0,1,4.0,0.0,0.0,0.0,0.0,0.0,0.0,2.0,2.0,2.0,0.0,0.0,0.0,0.0,0.0,0.0,0.0,0.0,0.0,1.0,1.0,1.0,3.0,3.0,1.0,,,,0.0,0.0,2.0,0.0,0.0,0.0,1.0,5.0
CPV,Cabo Verde,WCA,2009,44.4,45.2,46.2,6.6,39.0,,0.10481038109969942,3159.58698693977,8.05819659770341,3659.72046361628,8.205142047417487,0.49,2.246,60.906420177019,0.7,57.4769284411617,13.517,48.293,,,,2.0,130.23704529,98.46625766871163,0,0,0.0,2.0,0,0.0,0,1,5.0,0.0,0.0,0.0,0.0,0.0,0.0,3.0,2.0,2.0,0.0,0.0,0.0,0.0,0.0,0.0,0.0,0.0,0.0,1.0,1.0,1.0,5.0,3.0,2.0,70.98703888334995,,,0.0,0.0,2.0,0.0,0.0,0.0,1.0,5.0
CPV,Cabo Verde,WCA,2010,43.7,44.4,45.8,6.5,40.0,,0.09298043626392982,3194.61667734233,8.069222383821266,3579.46006137809,8.18296724717603,0.35,2.329,61.7974262732302,0.7,59.6818514080991,10.67,52.812,,,,2.03,146.07247925,75.15555123468792,0,0,0.0,2.0,0,0.0,0,1,5.0,0.0,0.0,0.0,0.0,0.0,0.0,2.0,3.0,2.0,0.0,0.0,0.0,0.0,0.0,0.0,0.0,0.0,0.0,1.0,1.0,1.0,4.0,5.0,3.0,76.10076494853618,70.98703888334995,,0.0,0.0,2.0,0.0,0.0,0.0,1.0,5.0
CPV,Cabo Verde,WCA,2011,43.1,43.7,45.4,6.5,41.0,,0.08747477697316872,3309.20121643898,8.104462114909028,4002.01386888785,8.294552980626891,0.05,2.329,62.7419929036884,0.7,61.8006547143134,10.956,52.651,,,,2.11,157.08999634,0.0,0,0,0.0,2.0,0,0.0,0,1,5.0,0.0,0.0,0.0,0.0,0.0,0.0,2.0,2.0,2.0,0.0,0.0,0.0,0.0,0.0,0.0,0.0,0.0,0.0,1.0,1.0,1.0,5.0,4.0,3.0,98.46625766871163,76.10076494853618,,2.0,1.0986122886681098,4.0,2.0,1.0986122886681098,1.0,1.0,7.0
CPV,Cabo Verde,WCA,2012,42.6,43.1,45.1,6.4,42.0,,0.08243923288841806,3341.7421054836,8.114247538458907,3736.81517011087,8.225988968832535,0.01,2.153,63.7260454520996,0.7,63.9530735782999,11.145,52.546,,,,2.19,174.66062927,0.0,0,0,0.0,2.0,0,0.0,0,1,5.0,0.0,0.0,0.0,0.0,0.0,0.0,2.0,2.0,3.0,0.0,0.0,0.0,0.0,0.0,0.0,0.0,0.0,0.0,1.0,1.0,1.0,5.0,5.0,5.0,75.15555123468792,98.46625766871163,70.98703888334995,3.0,1.3862943611198906,8.0,3.0,1.3862943611198906,1.0,1.0,12.0
CPV,Cabo Verde,WCA,2013,42.1,42.6,44.9,6.3,43.0,,0.07979326619261101,3361.09387702205,8.120021758612051,3960.97596791345,8.284245730426901,0.17,2.067,64.7486207521826,0.7,66.0992428842147,11.398,52.404,,,,2.09,191.1048584,0.0,0,0,0.0,2.0,0,0.0,0,1,5.0,0.0,0.0,0.0,0.0,0.0,0.0,2.0,2.0,2.0,0.0,0.0,0.0,0.0,0.0,0.0,0.0,0.0,0.0,1.0,1.0,1.0,5.0,5.0,4.0,0.0,75.15555123468792,76.10076494853618,5.0,1.791759469228055,10.0,9.0,2.302585092994046,1.0,1.0,14.0
CPV,Cabo Verde,WCA,2014,41.7,42.1,44.6,6.2,44.1,,0.07868684582402194,3383.8422809791,8.12676711236428,3985.60706548134,8.290444917258588,0.2,2.031,65.8085112712742,0.8,68.2388818808702,11.689,52.24,,,,2.05,193.39482117,0.0,0,2,1.0986122886681098,4.0,2,1.0986122886681098,1,1,7.0,0.0,0.0,0.0,0.0,0.0,0.0,2.0,2.0,2.0,0.0,0.0,0.0,0.0,0.0,0.0,0.0,0.0,0.0,1.0,1.0,1.0,5.0,5.0,5.0,0.0,0.0,98.46625766871163,4.0,1.6094379124341005,9.0,8.0,2.1972245773362196,1.0,1.0,13.0
CPV,Cabo Verde,WCA,2015,41.4,41.7,44.4,6.1,45.2,,0.08217241452541388,3415.06266730931,8.13595112243954,3415.06266730931,8.13595112243954,0.05,1.968,66.9045094767116,0.8,70.3717073692285,11.923,52.109,,,,2.08,150.28823853,0.0,0,3,1.3862943611198906,8.0,3,1.3862943611198906,1,1,12.0,0.0,0.0,0.0,0.0,0.0,0.0,2.0,2.0,2.0,0.0,0.0,0.0,0.0,0.0,0.0,0.0,0.0,0.0,1.0,1.0,1.0,5.0,5.0,5.0,0.0,0.0,75.15555123468792,4.0,1.6094379124341005,9.0,4.0,1.6094379124341005,1.0,1.0,15.0
CPV,Cabo Verde,WCA,2016,41.1,41.4,44.2,6.1,46.4,,0.09150656912590088,3560.1400729534,8.177555169407254,3608.96605234906,8.191176598211477,0.37,1.966,68.0354078358316,0.8,72.496932762021,12.085,52.02,,,,2.07,157.39906311,62.57,0,5,1.791759469228055,10.0,9,2.302585092994046,1,1,14.0,2.0,0.0,0.0,1.0986122886681098,0.0,0.0,4.0,2.0,2.0,2.0,0.0,0.0,1.0986122886681098,0.0,0.0,1.0,0.0,0.0,1.0,1.0,1.0,7.0,5.0,5.0,0.0,0.0,0.0,4.0,1.6094379124341005,9.0,4.0,1.6094379124341005,1.0,1.0,15.0
CPV,Cabo Verde,WCA,2017,40.9,41.1,44.1,6.0,47.7,,0.10303755096752212,3719.71306047915,8.221401810012392,3893.09571382506,8.266959933443609,3.17,1.93,69.1999988159713,0.8,74.6142580571751,12.24,51.936,9.6,0.0,56.5,2.1,174.43547058,72.14,0,4,1.6094379124341005,9.0,8,2.1972245773362196,1,1,13.0,3.0,2.0,0.0,1.3862943611198906,1.0986122886681098,0.0,8.0,4.0,2.0,3.0,2.0,0.0,1.3862943611198906,1.0986122886681098,0.0,1.0,1.0,0.0,1.0,1.0,1.0,12.0,7.0,5.0,0.0,0.0,0.0,4.0,1.6094379124341005,9.0,4.0,1.6094379124341005,1.0,1.0,15.0
CPV,Cabo Verde,WCA,2018,40.6,40.9,43.9,5.9,49.0,,0.10997654373916202,3853.67940035241,8.25678365930564,4294.96510035729,8.36519870874094,0.01,1.804,70.3970748844677,0.8,76.7237249815456,12.17,48.798,8.6,0.0,54.8,2.19,205.5345459,76.78783041911534,0,4,1.6094379124341005,9.0,4,1.6094379124341005,1,1,15.0,5.0,3.0,0.0,1.791759469228055,1.3862943611198906,0.0,10.0,8.0,2.0,9.0,3.0,0.0,2.302585092994046,1.3862943611198906,0.0,1.0,1.0,0.0,1.0,1.0,1.0,14.0,12.0,5.0,62.57,0.0,0.0,4.0,1.6094379124341005,8.0,4.0,1.6094379124341005,1.0,1.0,13.0
CPV,Cabo Verde,WCA,2019,40.4,40.6,43.8,5.8,50.4,,0.12323423761590704,4115.90283469406,8.322613489944018,4380.78117331128,8.384982337539077,0.0,1.698,71.6254285086577,0.9,78.8249549430518,12.123,50.468,7.6,0.0,52.3,2.14,211.24963379,59.9558130400628,0,4,1.6094379124341005,9.0,4,1.6094379124341005,1,1,15.0,4.0,5.0,2.0,1.6094379124341005,1.791759469228055,1.0986122886681098,9.0,10.0,4.0,8.0,9.0,2.0,2.1972245773362196,2.302585092994046,1.0986122886681098,1.0,1.0,1.0,1.0,1.0,1.0,13.0,14.0,7.0,72.14,62.57,0.0,4.0,1.6094379124341005,8.0,4.0,1.6094379124341005,1.0,1.0,13.0
CPV,Cabo Verde,WCA,2020,40.3,40.4,43.7,5.7,51.8,,0.13869434317368992,3255.93628984058,8.088235159928717,3539.22661248299,8.171663511209541,0.0,1.591,72.8838521558784,0.9,80.9181460926349,14.65,45.581,6.4,0.0,60.6,,249.71989441,59.347360536247606,0,4,1.6094379124341005,9.0,4,1.6094379124341005,1,1,15.0,4.0,4.0,3.0,1.6094379124341005,1.6094379124341005,1.3862943611198906,9.0,9.0,8.0,4.0,8.0,3.0,1.6094379124341005,2.1972245773362196,1.3862943611198906,1.0,1.0,1.0,1.0,1.0,1.0,15.0,13.0,12.0,76.78783041911534,72.14,0.0,4.0,1.6094379124341005,8.0,4.0,1.6094379124341005,1.0,1.0,15.0
CPV,Cabo Verde,WCA,2021,40.3,40.3,43.6,5.6,53.1,,0.1546301483773863,3471.6553421786,8.152386803047163,3971.44409203423,8.286885058681952,0.0,1.554,74.1607930892827,0.9,83.0030877232497,13.932,46.636,6.1,0.0,58.4,,262.42272949,0.0,0,4,1.6094379124341005,8.0,4,1.6094379124341005,1,1,13.0,4.0,4.0,5.0,1.6094379124341005,1.6094379124341005,1.791759469228055,9.0,9.0,10.0,4.0,4.0,9.0,1.6094379124341005,1.6094379124341005,2.302585092994046,1.0,1.0,1.0,1.0,1.0,1.0,15.0,15.0,14.0,59.9558130400628,76.78783041911534,62.57,4.0,1.6094379124341005,8.0,4.0,1.6094379124341005,1.0,1.0,15.0
CPV,Cabo Verde,WCA,2022,40.4,40.3,43.8,5.5,54.5,,0.18166380946407534,3997.76763250653,8.293491392437424,4323.31362032709,8.371777428954365,0.0,1.533,75.033738060849,0.9,83.045304882988,12.239,50.197,6.0,0.0,54.5,2.21,297.08233643,57.65,0,4,1.6094379124341005,8.0,4,1.6094379124341005,1,1,13.0,4.0,4.0,4.0,1.6094379124341005,1.6094379124341005,1.6094379124341005,9.0,9.0,9.0,4.0,4.0,8.0,1.6094379124341005,1.6094379124341005,2.1972245773362196,1.0,1.0,1.0,1.0,1.0,1.0,15.0,15.0,13.0,59.347360536247606,59.9558130400628,72.14,4.0,1.6094379124341005,8.0,4.0,1.6094379124341005,1.0,1.0,15.0
CPV,Cabo Verde,WCA,2023,40.6,40.4,43.9,,,,,4168.67748407593,8.335354114388423,4794.90119772843,8.475308381834846,0.0,1.522,75.9064245753376,0.9,83.0869470550891,11.882,50.335,6.1,0.0,54.0,,290.12619019,0.0,0,4,1.6094379124341005,8.0,4,1.6094379124341005,1,1,15.0,4.0,4.0,4.0,1.6094379124341005,1.6094379124341005,1.6094379124341005,8.0,9.0,9.0,4.0,4.0,4.0,1.6094379124341005,1.6094379124341005,1.6094379124341005,1.0,1.0,1.0,1.0,1.0,1.0,13.0,15.0,15.0,0.0,59.347360536247606,76.78783041911534,,,,,,,,
CPV,Cabo Verde,WCA,2024,,40.6,,,,,,4438.38741931171,8.398046395606697,5170.20531932535,8.550667680316492,0.14,1.511,76.7721471004354,0.9,83.1279216157097,11.883,50.256,6.4,0.0,51.0,,,0.0,0,4,1.6094379124341005,8.0,4,1.6094379124341005,1,1,15.0,4.0,4.0,4.0,1.6094379124341005,1.6094379124341005,1.6094379124341005,8.0,8.0,9.0,4.0,4.0,4.0,1.6094379124341005,1.6094379124341005,1.6094379124341005,1.0,1.0,1.0,1.0,1.0,1.0,13.0,13.0,15.0,57.65,0.0,59.9558130400628,,,,,,,,
CPV,Cabo Verde,WCA,2025,,,,,,,,4695.96134251417,8.454458129471105,5796.47207860911,8.665004749159168,,,77.6300668010068,,,11.939,50.217,,,49.3,,,,0,4,1.6094379124341005,8.0,4,1.6094379124341005,1,1,15.0,4.0,4.0,4.0,1.6094379124341005,1.6094379124341005,1.6094379124341005,8.0,8.0,9.0,4.0,4.0,4.0,1.6094379124341005,1.6094379124341005,1.6094379124341005,1.0,1.0,1.0,1.0,1.0,1.0,15.0,13.0,15.0,0.0,57.65,59.347360536247606,,,,,,,,
DJI,Djibouti,ESA,2000,32.2,,40.4,13.4,18.9,,-0.3692610288555087,,,737.612183644052,6.603418190061566,3.07,4.601,73.3486361649708,3.6,43.8005585471414,26.664,24.944,,,,,35.48954773,,0,0,0.0,2.0,0,0.0,0,1,1.0,,,,,,,,,,,,,,,,,,,,,,,,,,,,0.0,0.0,2.0,0.0,0.0,0.0,1.0,1.0
DJI,Djibouti,ESA,2001,31.5,32.2,39.9,13.3,19.5,,-0.39038739922071786,,,742.133791107063,6.609529538378267,3.07,4.518,72.8935327252495,3.6,43.8212949493816,26.597,24.882,,,,,33.61427689,,0,0,0.0,2.0,0,0.0,0,1,1.0,,,,,,,,,,,,,,,,,,,,,,,,,,,,0.0,0.0,2.0,0.0,0.0,0.0,1.0,1.0
DJI,Djibouti,ESA,2002,30.8,31.5,39.4,13.2,20.3,,-0.40806034551567905,,,743.013270420348,6.610713905150923,3.07,4.41,72.4503357641707,3.6,43.8420347636871,26.589,24.809,,,,,39.49966431,,0,0,0.0,2.0,0,0.0,0,1,1.0,0.0,,,0.0,,,2.0,,,0.0,,,0.0,,,0.0,,,1.0,,,1.0,,,,,,0.0,0.0,2.0,0.0,0.0,0.0,1.0,1.0
DJI,Djibouti,ESA,2003,30.1,30.8,38.8,13.2,21.0,,-0.4257277073707371,,,764.634465224597,6.639397896396814,3.07,4.296,72.0304414068997,3.5,43.8627723780355,26.484,24.814,,,,,46.27521896,,0,0,0.0,2.0,0,0.0,0,1,1.0,0.0,0.0,,0.0,0.0,,2.0,2.0,,0.0,0.0,,0.0,0.0,,0.0,0.0,,1.0,1.0,,1.0,1.0,,,,,0.0,0.0,2.0,0.0,0.0,0.0,1.0,1.0
DJI,Djibouti,ESA,2004,29.5,30.1,38.2,13.1,21.9,,-0.4418611073384805,,,806.261652944964,6.692408321270606,3.07,4.162,71.6452457786012,3.4,43.883509634259,26.441,24.824,,,,,40.04951477,,0,0,0.0,2.0,0,0.0,0,1,1.0,0.0,0.0,,0.0,0.0,,2.0,2.0,,0.0,0.0,,0.0,0.0,,0.0,0.0,,1.0,1.0,,1.0,1.0,,,,,0.0,0.0,2.0,0.0,0.0,0.0,1.0,1.0
DJI,Djibouti,ESA,2005,28.9,29.5,37.6,13.0,22.7,,-0.45972121934134796,,,844.4483573908,6.73868358267973,3.07,4.035,71.3061450044404,3.3,45.4139101542283,26.448,24.798,,,,,45.12551498,,0,0,0.0,2.0,0,0.0,0,1,1.0,0.0,0.0,0.0,0.0,0.0,0.0,2.0,2.0,2.0,0.0,0.0,0.0,0.0,0.0,0.0,0.0,0.0,0.0,1.0,1.0,1.0,1.0,1.0,1.0,,,,0.0,0.0,2.0,0.0,0.0,0.0,1.0,1.0
DJI,Djibouti,ESA,2006,28.3,28.9,37.0,12.9,23.5,,-0.4775813313442153,,,898.464628136774,6.80068733776563,3.07,3.899,71.0245352095823,3.2,46.9402321181691,26.382,24.761,,,,,53.26344299,,0,0,0.0,2.0,0,0.0,0,1,1.0,0.0,0.0,0.0,0.0,0.0,0.0,2.0,2.0,2.0,0.0,0.0,0.0,0.0,0.0,0.0,0.0,0.0,0.0,1.0,1.0,1.0,1.0,1.0,1.0,,,,0.0,0.0,2.0,0.0,0.0,0.0,1.0,1.0
DJI,Djibouti,ESA,2007,27.8,28.3,36.5,12.7,24.3,,-0.49497132814107236,,,969.573220191902,6.876855995494581,3.07,3.756,70.8118125191918,3.0,48.4620248883816,26.292,24.71,,,,,55.18254471,,0,0,0.0,2.0,0,0.0,0,1,1.0,0.0,0.0,0.0,0.0,0.0,0.0,2.0,2.0,2.0,0.0,0.0,0.0,0.0,0.0,0.0,0.0,0.0,0.0,1.0,1.0,1.0,1.0,1.0,1.0,,,,0.0,0.0,2.0,0.0,0.0,0.0,1.0,2.0
DJI,Djibouti,ESA,2008,27.3,27.8,36.0,12.6,25.1,,-0.5082394510739584,,,1119.15233346969,7.020326832620934,3.07,3.621,70.6793730584341,2.8,49.9792625492526,26.183,24.66,,,,,55.90976715,13.464998425568764,0,0,0.0,2.0,0,0.0,0,1,1.0,0.0,0.0,0.0,0.0,0.0,0.0,2.0,2.0,2.0,0.0,0.0,0.0,0.0,0.0,0.0,0.0,0.0,0.0,1.0,1.0,1.0,1.0,1.0,1.0,,,,0.0,0.0,2.0,0.0,0.0,0.0,1.0,4.0
DJI,Djibouti,ESA,2009,27.0,27.3,35.6,12.5,25.9,,-0.5147131732558257,,,1150.9375857489,7.048332181142906,3.93,3.521,70.6383251554484,2.7,51.4914501079009,26.325,24.527,,,,,56.92132568,0.0,0,0,0.0,2.0,0,0.0,0,1,1.0,0.0,0.0,0.0,0.0,0.0,0.0,2.0,2.0,2.0,0.0,0.0,0.0,0.0,0.0,0.0,0.0,0.0,0.0,1.0,1.0,1.0,1.0,1.0,1.0,,,,0.0,0.0,2.0,0.0,0.0,0.0,1.0,5.0
DJI,Djibouti,ESA,2010,26.8,27.0,35.4,12.4,26.7,,-0.5142053289787678,,,1213.23352553429,7.101044409404169,1.45,3.431,70.6486554782903,2.5,53.0040688366127,26.368,24.431,,,,,55.7044487,0.0,0,0,0.0,2.0,0,0.0,0,1,2.0,0.0,0.0,0.0,0.0,0.0,0.0,2.0,2.0,2.0,0.0,0.0,0.0,0.0,0.0,0.0,0.0,0.0,0.0,1.0,1.0,1.0,1.0,1.0,1.0,13.464998425568764,,,1.0,0.6931471805599453,7.0,1.0,0.6931471805599453,1.0,1.0,8.0
DJI,Djibouti,ESA,2011,26.9,26.8,35.5,12.3,27.6,,-0.498194805456642,,,1306.34552844977,7.174988844866695,3.07,3.341,70.6776532458676,2.4,54.5173591170882,26.31,24.37,,,,,61.89852524,0.0,0,0,0.0,2.0,0,0.0,0,1,4.0,0.0,0.0,0.0,0.0,0.0,0.0,2.0,2.0,2.0,0.0,0.0,0.0,0.0,0.0,0.0,0.0,0.0,0.0,1.0,1.0,1.0,1.0,1.0,1.0,0.0,13.464998425568764,,1.0,0.6931471805599453,7.0,1.0,0.6931471805599453,1.0,1.0,8.0
DJI,Djibouti,ESA,2012,27.2,26.9,35.6,12.1,28.4,,-0.48362804447153596,,,1400.19357858954,7.244365776465976,3.07,3.255,70.7266311335377,2.2,56.031031232703,26.179,24.333,,,,1.1,64.8536911,0.0,0,0,0.0,2.0,0,0.0,0,1,5.0,0.0,0.0,0.0,0.0,0.0,0.0,2.0,2.0,2.0,0.0,0.0,0.0,0.0,0.0,0.0,0.0,0.0,0.0,1.0,1.0,1.0,2.0,1.0,1.0,0.0,0.0,,2.0,1.0986122886681098,8.0,2.0,1.0986122886681098,1.0,1.0,9.0
DJI,Djibouti,ESA,2013,27.5,27.2,35.7,12.0,29.2,,-0.46493940962245894,2140.13769442336,7.668625449134449,2075.94498424748,7.638171743090445,2.28,3.187,70.7969331287484,2.0,57.545815952446,26.149,24.258,,,,1.07,60.57233047,0.0,0,1,0.6931471805599453,7.0,1,0.6931471805599453,1,1,8.0,0.0,0.0,0.0,0.0,0.0,0.0,2.0,2.0,2.0,0.0,0.0,0.0,0.0,0.0,0.0,0.0,0.0,0.0,1.0,1.0,1.0,4.0,2.0,1.0,0.0,0.0,13.464998425568764,2.0,1.0986122886681098,8.0,4.0,1.6094379124341005,1.0,1.0,9.0
DJI,Djibouti,ESA,2014,27.8,27.5,35.9,11.9,30.1,,-0.44213448534931443,2253.14082249768,7.72008044291642,2214.62084142432,7.702836490140126,12.55,3.116,70.8899032189478,1.9,59.060863750812,26.16,24.161,,,,1.18,65.53726196,0.0,0,1,0.6931471805599453,7.0,1,0.6931471805599453,1,1,8.0,0.0,0.0,0.0,0.0,0.0,0.0,2.0,2.0,2.0,0.0,0.0,0.0,0.0,0.0,0.0,0.0,0.0,0.0,1.0,1.0,1.0,5.0,4.0,1.0,0.0,0.0,0.0,2.0,1.0986122886681098,8.0,4.0,1.6094379124341005,1.0,1.0,9.0
DJI,Djibouti,ESA,2015,28.1,27.8,36.1,11.8,31.0,,-0.41932956107616964,2376.12554719873,7.773226518816672,2376.12554719873,7.773226518816672,12.38,3.041,71.0068853915837,1.7,60.5779617075524,26.063,24.089,,,,1.26,79.54257965,0.0,0,2,1.0986122886681098,8.0,2,1.0986122886681098,1,1,9.0,1.0,0.0,0.0,0.6931471805599453,0.0,0.0,7.0,2.0,2.0,1.0,0.0,0.0,0.6931471805599453,0.0,0.0,1.0,0.0,0.0,1.0,1.0,1.0,8.0,5.0,2.0,0.0,0.0,0.0,4.0,1.6094379124341005,9.0,4.0,1.6094379124341005,1.0,1.0,10.0
DJI,Djibouti,ESA,2016,28.5,28.1,36.2,11.7,31.8,,-0.3984385145460552,2502.85181449431,7.825186086520712,2510.4300076241,7.828209335231141,17.76,2.969,71.1492236341041,1.6,62.0957006266769,25.982,24.004,,,,1.44,68.82745361,0.0,0,2,1.0986122886681098,8.0,4,1.6094379124341005,1,1,9.0,1.0,1.0,0.0,0.6931471805599453,0.6931471805599453,0.0,7.0,7.0,2.0,1.0,1.0,0.0,0.6931471805599453,0.6931471805599453,0.0,1.0,1.0,0.0,1.0,1.0,1.0,8.0,8.0,4.0,0.0,0.0,0.0,4.0,1.6094379124341005,9.0,4.0,1.6094379124341005,1.0,1.0,10.0
DJI,Djibouti,ESA,2017,28.9,28.5,36.4,11.6,32.7,,-0.37343117859187314,2596.45134698268,7.86190092518572,2618.95521147369,7.870530742976865,18.72,2.916,71.318261933957,1.5,63.6147917367826,26.064,23.861,,,56.8,1.42,64.94396973,0.0,0,2,1.0986122886681098,8.0,4,1.6094379124341005,1,1,9.0,2.0,1.0,0.0,1.0986122886681098,0.6931471805599453,0.0,8.0,7.0,2.0,2.0,1.0,0.0,1.0986122886681098,0.6931471805599453,0.0,1.0,1.0,0.0,1.0,1.0,1.0,9.0,8.0,5.0,0.0,0.0,0.0,3.0,1.3862943611198906,8.0,3.0,1.3862943611198906,1.0,1.0,9.0
DJI,Djibouti,ESA,2018,29.2,28.9,36.4,11.5,33.6,,-0.355405409096616,2677.1650334451,7.892513690273533,2718.08338799203,7.907682274149238,30.91,2.858,71.5153442785902,1.4,65.1354027813767,26.18,23.704,,,55.7,1.4,68.79101563,0.0,0,4,1.6094379124341005,9.0,4,1.6094379124341005,1,1,10.0,2.0,2.0,1.0,1.0986122886681098,1.0986122886681098,0.6931471805599453,8.0,8.0,7.0,4.0,2.0,1.0,1.6094379124341005,1.0986122886681098,0.6931471805599453,1.0,1.0,1.0,1.0,1.0,1.0,9.0,9.0,8.0,0.0,0.0,0.0,3.0,1.3862943611198906,8.0,3.0,1.3862943611198906,1.0,1.0,9.0
DJI,Djibouti,ESA,2019,29.5,29.2,36.4,11.5,34.5,,-0.33325776573738797,2781.94350113484,7.930905063554963,2837.16902340932,7.950562011253851,60.51,2.798,71.7418146554518,1.3,66.6577106028334,26.257,23.565,,,55.3,,68.4744873,0.0,0,4,1.6094379124341005,9.0,4,1.6094379124341005,1,1,10.0,2.0,2.0,1.0,1.0986122886681098,1.0986122886681098,0.6931471805599453,8.0,8.0,7.0,4.0,4.0,1.0,1.6094379124341005,1.6094379124341005,0.6931471805599453,1.0,1.0,1.0,1.0,1.0,1.0,9.0,9.0,8.0,0.0,0.0,0.0,3.0,1.3862943611198906,8.0,3.0,1.3862943611198906,1.0,1.0,9.0
DJI,Djibouti,ESA,2020,29.9,29.5,36.5,11.4,35.4,,-0.3106400071721495,2773.40661780097,7.927831669485868,2844.88810647853,7.953279015902467,88.72,2.745,71.9990170519895,1.2,66.7421157146302,27.701,22.821,16.5,-2.200000000000001,56.5,,66.53086853,0.0,0,3,1.3862943611198906,8.0,3,1.3862943611198906,1,1,9.0,4.0,2.0,2.0,1.6094379124341005,1.0986122886681098,1.0986122886681098,9.0,8.0,8.0,4.0,4.0,2.0,1.6094379124341005,1.6094379124341005,1.0986122886681098,1.0,1.0,1.0,1.0,1.0,1.0,10.0,9.0,9.0,0.0,0.0,0.0,1.0,0.6931471805599453,6.0,1.0,0.6931471805599453,1.0,1.0,7.0
DJI,Djibouti,ESA,2021,30.4,29.9,36.6,11.3,36.3,,-0.2858198369258735,2854.15987035097,7.956532812708635,3025.91126413549,8.014967569442286,70.07,2.699,72.2882954556515,1.1,66.8311205695029,27.628,23.003,16.5,-2.200000000000001,55.4,,86.88237762,0.0,0,3,1.3862943611198906,8.0,3,1.3862943611198906,1,1,9.0,4.0,4.0,2.0,1.6094379124341005,1.6094379124341005,1.0986122886681098,9.0,9.0,8.0,4.0,4.0,4.0,1.6094379124341005,1.6094379124341005,1.6094379124341005,1.0,1.0,1.0,1.0,1.0,1.0,10.0,10.0,9.0,0.0,0.0,0.0,1.0,0.6931471805599453,6.0,1.0,0.6931471805599453,1.0,1.0,7.0
DJI,Djibouti,ESA,2022,31.0,30.4,36.9,11.3,37.2,,-0.2498962263567015,2959.78673011268,7.992872494084726,3133.25779772463,8.049828572190243,47.67,2.653,72.6109938538856,1.0,66.9247194918968,26.272,23.437,16.5,-2.200000000000001,55.8,,79.13184357,0.0,0,3,1.3862943611198906,8.0,3,1.3862943611198906,1,1,9.0,3.0,4.0,2.0,1.3862943611198906,1.6094379124341005,1.0986122886681098,8.0,9.0,8.0,3.0,4.0,4.0,1.3862943611198906,1.6094379124341005,1.6094379124341005,1.0,1.0,1.0,1.0,1.0,1.0,9.0,10.0,9.0,0.0,0.0,0.0,1.0,0.6931471805599453,6.0,1.0,0.6931471805599453,1.0,1.0,7.0
DJI,Djibouti,ESA,2023,31.8,31.0,37.2,,,,,3117.8155381531,8.044887887557579,3381.29779710722,8.126014878423078,45.04,2.609,72.8408245988921,1.0,67.0234840121481,26.074,23.49,,,54.2,,77.57087708,0.0,0,1,0.6931471805599453,6.0,1,0.6931471805599453,1,1,7.0,3.0,3.0,4.0,1.3862943611198906,1.3862943611198906,1.6094379124341005,8.0,8.0,9.0,3.0,3.0,4.0,1.3862943611198906,1.3862943611198906,1.6094379124341005,1.0,1.0,1.0,1.0,1.0,1.0,9.0,9.0,10.0,0.0,0.0,0.0,,,,,,,,
DJI,Djibouti,ESA,2024,,31.8,,,,,,3290.42482052598,8.098771960203464,3552.72335079222,8.175469729435386,45.09,2.618,72.9052635052978,0.9,,26.007,23.509,,,52.2,,,,0,1,0.6931471805599453,6.0,1,0.6931471805599453,1,1,7.0,3.0,3.0,4.0,1.3862943611198906,1.3862943611198906,1.6094379124341005,8.0,8.0,9.0,3.0,3.0,4.0,1.3862943611198906,1.3862943611198906,1.6094379124341005,1.0,1.0,1.0,1.0,1.0,1.0,9.0,9.0,10.0,0.0,0.0,0.0,,,,,,,,
DJI,Djibouti,ESA,2025,,,,,,,,3458.71447416107,8.148652259754153,3905.604954681,8.270167968247323,,,72.9758660686475,,,26.015,23.486,,,49.8,,,,0,1,0.6931471805599453,6.0,1,0.6931471805599453,1,1,7.0,1.0,3.0,3.0,0.6931471805599453,1.3862943611198906,1.3862943611198906,6.0,8.0,8.0,1.0,3.0,3.0,0.6931471805599453,1.3862943611198906,1.3862943611198906,1.0,1.0,1.0,1.0,1.0,1.0,7.0,9.0,9.0,0.0,0.0,0.0,,,,,,,,
ERI,Eritrea,ESA,2000,37.3,,44.2,37.4,6.3,16.0,0.6055499185846714,845.132430060544,6.739493337042711,314.357396753501,5.750530544863994,19.0,5.397,34.0983619689941,2.3,8.28530072689983,5.656,76.192,,,,,14.03034782,,0,0,0.0,1.0,0,0.0,0,1,1.0,,,,,,,,,,,,,,,,,,,,,,,,,,,,0.0,0.0,1.0,0.0,0.0,0.0,1.0,3.0
ERI,Eritrea,ESA,2001,36.5,37.3,43.7,37.3,6.7,15.9,0.5787677124681768,893.268735439193,6.794887471146691,325.409161513593,5.785083349009357,23.56,5.306,34.3253211975098,2.2,8.6404789305264,5.74,75.992,,,,,14.90675831,,0,0,0.0,1.0,0,0.0,0,1,3.0,,,,,,,,,,,,,,,,,,,,,,,,,,,,0.0,0.0,1.0,0.0,0.0,0.0,1.0,3.0
ERI,Eritrea,ESA,2002,35.9,36.5,43.3,37.3,7.1,15.9,0.562901780966672,889.009113592982,6.790107486972024,304.775756465092,5.719576281492563,13.72,5.233,34.5420799255371,2.0,8.98629579771191,5.794,75.775,,,,,15.77544498,,0,0,0.0,1.0,0,0.0,0,1,3.0,0.0,,,0.0,,,1.0,,,0.0,,,0.0,,,0.0,,,1.0,,,1.0,,,,,,0.0,0.0,1.0,0.0,0.0,0.0,1.0,3.0
ERI,Eritrea,ESA,2003,35.3,35.9,42.8,37.2,7.5,15.8,0.540524398212253,830.379672282601,6.721883032683531,348.950327077742,5.854929582782515,19.84,5.143,34.7451286315918,1.9,9.32208650503035,5.79,75.582,,,,1.57,19.81480217,,0,0,0.0,1.0,0,0.0,0,1,3.0,0.0,0.0,,0.0,0.0,,1.0,1.0,,0.0,0.0,,0.0,0.0,,0.0,0.0,,1.0,1.0,,3.0,1.0,,,,,0.0,0.0,3.0,0.0,0.0,0.0,1.0,3.0
ERI,Eritrea,ESA,2004,34.7,35.3,42.4,37.1,7.9,15.8,0.5205365928467776,808.591420184592,6.695293746446187,426.840947887032,6.056411456453967,5.81,5.036,34.9324645996094,1.7,9.64744722939411,5.704,75.461,,,,1.61,23.15624809,,0,0,0.0,1.0,0,0.0,0,1,3.0,0.0,0.0,,0.0,0.0,,1.0,1.0,,0.0,0.0,,0.0,0.0,,0.0,0.0,,1.0,1.0,,3.0,3.0,,,,,0.0,0.0,1.0,0.0,0.0,0.0,1.0,3.0
ERI,Eritrea,ESA,2005,34.2,34.7,41.9,37.0,8.4,15.7,0.5020883338085196,809.794793468889,6.696780874173698,412.753079199423,6.022849542976948,10.4,4.934,35.1022033691406,1.6,9.96153520031783,5.721,75.416,,,,1.48,21.92651939,,0,0,0.0,1.0,0,0.0,0,1,3.0,0.0,0.0,0.0,0.0,0.0,0.0,1.0,1.0,1.0,0.0,0.0,0.0,0.0,0.0,0.0,0.0,0.0,0.0,1.0,1.0,1.0,3.0,3.0,1.0,,,,0.0,0.0,1.0,0.0,0.0,0.0,1.0,3.0
ERI,Eritrea,ESA,2006,33.6,34.2,41.5,36.9,8.9,15.6,0.4838272404781677,789.402432018085,6.671276244067787,447.997404727201,6.104787439378565,6.08,4.881,35.2525177001953,1.4,10.2644175982683,5.707,75.471,,,,1.43,23.77408791,,0,0,0.0,3.0,0,0.0,0,1,3.0,0.0,0.0,0.0,0.0,0.0,0.0,1.0,1.0,1.0,0.0,0.0,0.0,0.0,0.0,0.0,0.0,0.0,0.0,1.0,1.0,1.0,3.0,3.0,3.0,,,,0.0,0.0,1.0,0.0,0.0,0.0,1.0,3.0
ERI,Eritrea,ESA,2007,33.0,33.6,41.0,36.7,9.5,15.6,0.4607814079300254,789.072701743247,6.670858460762138,480.44762365456,6.174718218628331,13.69,4.812,35.3820953369141,1.3,10.5550786241031,5.719,75.464,,,,1.47,19.62666321,,0,0,0.0,1.0,0,0.0,0,1,3.0,0.0,0.0,0.0,0.0,0.0,0.0,1.0,1.0,1.0,0.0,0.0,0.0,0.0,0.0,0.0,0.0,0.0,0.0,1.0,1.0,1.0,3.0,3.0,3.0,,,,0.0,0.0,1.0,0.0,0.0,0.0,1.0,3.0
ERI,Eritrea,ESA,2008,32.5,33.0,40.6,36.6,10.0,15.5,0.44472272628071124,693.398874212494,6.541605409673738,490.066956003333,6.194542026674369,7.37,4.737,35.4897117614746,1.2,10.8337740406528,5.683,75.428,,,,1.4,21.55065727,,0,0,0.0,1.0,0,0.0,0,1,3.0,0.0,0.0,0.0,0.0,0.0,0.0,3.0,1.0,1.0,0.0,0.0,0.0,0.0,0.0,0.0,0.0,0.0,0.0,1.0,1.0,1.0,3.0,3.0,3.0,,,,0.0,0.0,1.0,0.0,0.0,0.0,1.0,3.0
ERI,Eritrea,ESA,2009,32.1,32.5,40.3,36.4,10.5,15.5,0.4291341598374074,702.430936480778,6.554547085315661,642.92572288007,6.466029201048852,9.58,4.656,35.5742034912109,1.1,11.0220414202395,5.757,75.219,,,,1.4,24.35102463,,0,0,0.0,1.0,0,0.0,0,1,3.0,0.0,0.0,0.0,0.0,0.0,0.0,1.0,3.0,1.0,0.0,0.0,0.0,0.0,0.0,0.0,0.0,0.0,0.0,1.0,1.0,1.0,3.0,3.0,3.0,,,,1.0,0.6931471805599453,2.0,1.0,0.6931471805599453,1.0,1.0,4.0
ERI,Eritrea,ESA,2010,31.8,32.1,40.0,36.3,11.0,15.4,0.4198698789391123,703.877374381654,6.556604156869258,539.699512069686,6.291012525547268,28.34,4.571,35.6346549987793,1.0,11.2019452505005,5.854,75.037,,,,1.27,26.00652122,,0,0,0.0,1.0,0,0.0,0,1,3.0,0.0,0.0,0.0,0.0,0.0,0.0,1.0,1.0,1.0,0.0,0.0,0.0,0.0,0.0,0.0,0.0,0.0,0.0,1.0,1.0,1.0,3.0,3.0,3.0,,,,2.0,1.0986122886681098,3.0,2.0,1.0986122886681098,1.0,1.0,5.0
ERI,Eritrea,ESA,2011,31.6,31.8,39.8,36.1,11.6,15.4,0.41280242528195144,751.374899794668,6.621904727996706,688.68165957684,6.534779131699235,25.57,4.486,35.6706275939941,1.0,11.3735403344941,5.801,74.901,,,,1.33,35.55129623,,0,0,0.0,1.0,0,0.0,0,1,3.0,0.0,0.0,0.0,0.0,0.0,0.0,1.0,1.0,3.0,0.0,0.0,0.0,0.0,0.0,0.0,0.0,0.0,0.0,1.0,1.0,1.0,3.0,3.0,3.0,,,,2.0,1.0986122886681098,3.0,2.0,1.0986122886681098,1.0,1.0,5.0
ERI,Eritrea,ESA,2012,31.5,31.6,39.7,35.9,12.1,15.4,0.408600248659648,,,,,17.28,4.407,35.6824264526367,0.9,11.5365173088441,5.692,74.842,,,,1.29,27.78689003,,0,1,0.6931471805599453,2.0,1,0.6931471805599453,1,1,4.0,0.0,0.0,0.0,0.0,0.0,0.0,1.0,1.0,1.0,0.0,0.0,0.0,0.0,0.0,0.0,0.0,0.0,0.0,1.0,1.0,1.0,3.0,3.0,3.0,,,,2.0,1.0986122886681098,3.0,2.0,1.0986122886681098,1.0,1.0,5.0
ERI,Eritrea,ESA,2013,31.6,31.5,39.8,35.7,12.7,15.4,0.41530876221243107,,,,,16.04,4.335,35.6713333129883,0.8,11.6362700094956,5.624,74.856,,,,1.25,31.64078712,,0,2,1.0986122886681098,3.0,2,1.0986122886681098,1,1,5.0,0.0,0.0,0.0,0.0,0.0,0.0,1.0,1.0,1.0,0.0,0.0,0.0,0.0,0.0,0.0,0.0,0.0,0.0,1.0,1.0,1.0,3.0,3.0,3.0,,,,2.0,1.0986122886681098,3.0,5.0,1.791759469228055,1.0,1.0,5.0
ERI,Eritrea,ESA,2014,31.8,31.6,39.8,35.5,13.3,15.3,0.4218301100573079,,,,,35.44,4.273,35.639720916748,0.8,11.7366810070379,5.637,74.646,,,,1.24,32.93448257,,0,2,1.0986122886681098,3.0,2,1.0986122886681098,1,1,5.0,1.0,0.0,0.0,0.6931471805599453,0.0,0.0,2.0,1.0,1.0,1.0,0.0,0.0,0.6931471805599453,0.0,0.0,1.0,0.0,0.0,1.0,1.0,1.0,4.0,3.0,3.0,,,,2.0,1.0986122886681098,5.0,5.0,1.791759469228055,1.0,1.0,7.0
ERI,Eritrea,ESA,2015,32.1,31.8,39.9,35.3,14.0,15.3,0.4346701590072899,,,,,20.61,4.217,35.591007232666,0.7,11.8379124928254,5.751,74.649,,,,1.23,29.22208977,,0,2,1.0986122886681098,3.0,2,1.0986122886681098,1,1,5.0,2.0,1.0,0.0,1.0986122886681098,0.6931471805599453,0.0,3.0,2.0,1.0,2.0,1.0,0.0,1.0986122886681098,0.6931471805599453,0.0,1.0,1.0,0.0,1.0,1.0,1.0,5.0,4.0,3.0,,,,3.0,1.3862943611198906,6.0,3.0,1.3862943611198906,1.0,1.0,8.0
ERI,Eritrea,ESA,2016,32.4,32.1,40.1,35.1,14.6,15.3,0.448173073311092,,,,,27.7,4.164,35.5254287719727,0.7,11.9399660140866,5.772,74.516,,,,1.23,26.00592422,,0,2,1.0986122886681098,3.0,5,1.791759469228055,1,1,5.0,2.0,2.0,0.0,1.0986122886681098,1.0986122886681098,0.0,3.0,3.0,1.0,2.0,2.0,0.0,1.0986122886681098,1.0986122886681098,0.0,1.0,1.0,0.0,1.0,1.0,1.0,5.0,5.0,3.0,,,,3.0,1.3862943611198906,6.0,3.0,1.3862943611198906,1.0,1.0,9.0
ERI,Eritrea,ESA,2017,32.7,32.4,40.2,35.0,15.2,15.2,0.4634082840899211,,,,,36.8,4.112,35.4427146911621,0.6,,5.804,74.411,,,,1.23,25.10270691,,0,2,1.0986122886681098,5.0,5,1.791759469228055,1,1,7.0,2.0,2.0,1.0,1.0986122886681098,1.0986122886681098,0.6931471805599453,3.0,3.0,2.0,2.0,2.0,1.0,1.0986122886681098,1.0986122886681098,0.6931471805599453,1.0,1.0,1.0,1.0,1.0,1.0,5.0,5.0,4.0,,,,3.0,1.3862943611198906,6.0,3.0,1.3862943611198906,1.0,1.0,9.0
ERI,Eritrea,ESA,2018,33.0,32.7,40.3,34.9,15.8,15.2,0.4786434948687501,,,,,31.23,4.056,35.3451042175293,0.6,,5.756,74.158,,,,1.16,26.68201256,,0,3,1.3862943611198906,6.0,3,1.3862943611198906,1,1,8.0,2.0,2.0,2.0,1.0986122886681098,1.0986122886681098,1.0986122886681098,3.0,3.0,3.0,5.0,2.0,2.0,1.791759469228055,1.0986122886681098,1.0986122886681098,1.0,1.0,1.0,1.0,1.0,1.0,5.0,5.0,5.0,,,,3.0,1.3862943611198906,6.0,3.0,1.3862943611198906,1.0,1.0,9.0
ERI,Eritrea,ESA,2019,33.3,33.0,40.4,34.7,16.4,15.2,0.48975683178360835,,,,,61.84,3.997,35.2352333068848,0.6,,5.812,73.832,,,,1.09,28.42930794,,0,3,1.3862943611198906,6.0,3,1.3862943611198906,1,1,9.0,2.0,2.0,2.0,1.0986122886681098,1.0986122886681098,1.0986122886681098,5.0,3.0,3.0,5.0,5.0,2.0,1.791759469228055,1.791759469228055,1.0986122886681098,1.0,1.0,1.0,1.0,1.0,1.0,7.0,5.0,5.0,,,,2.0,1.0986122886681098,3.0,2.0,1.0986122886681098,1.0,1.0,6.0
ERI,Eritrea,ESA,2020,33.7,33.3,40.6,34.6,17.1,15.2,0.5113107436675428,,,,,48.28,3.933,35.116138458252,0.5,,6.375,72.568,,,,1.08,27.66697884,,0,3,1.3862943611198906,6.0,3,1.3862943611198906,1,1,9.0,3.0,2.0,2.0,1.3862943611198906,1.0986122886681098,1.0986122886681098,6.0,5.0,3.0,3.0,5.0,2.0,1.3862943611198906,1.791759469228055,1.0986122886681098,1.0,1.0,1.0,1.0,1.0,1.0,8.0,7.0,5.0,,,,2.0,1.0986122886681098,3.0,2.0,1.0986122886681098,1.0,1.0,6.0
ERI,Eritrea,ESA,2021,34.2,33.7,40.8,34.4,17.7,,0.5292184813334198,,,,,27.74,3.867,34.9871139526367,0.5,,6.489,72.892,,,,1.06,27.58759499,,0,3,1.3862943611198906,6.0,3,1.3862943611198906,1,1,9.0,3.0,3.0,2.0,1.3862943611198906,1.3862943611198906,1.0986122886681098,6.0,6.0,3.0,3.0,3.0,5.0,1.3862943611198906,1.3862943611198906,1.791759469228055,1.0,1.0,1.0,1.0,1.0,1.0,9.0,8.0,5.0,,,,2.0,1.0986122886681098,3.0,2.0,1.0986122886681098,1.0,1.0,5.0
ERI,Eritrea,ESA,2022,34.8,34.2,41.1,34.3,18.4,,0.5575667939683728,,,,,40.89,3.786,34.8469276428223,0.5,,6.033,73.623,,,,1.04,27.0898056,,0,2,1.0986122886681098,3.0,2,1.0986122886681098,1,1,6.0,3.0,3.0,2.0,1.3862943611198906,1.3862943611198906,1.0986122886681098,6.0,6.0,5.0,3.0,3.0,5.0,1.3862943611198906,1.3862943611198906,1.791759469228055,1.0,1.0,1.0,1.0,1.0,1.0,9.0,9.0,7.0,,,,2.0,1.0986122886681098,3.0,2.0,1.0986122886681098,1.0,1.0,5.0
ERI,Eritrea,ESA,2023,35.6,34.8,41.5,,,,,,,,,63.39,3.713,34.696403503418,0.4,,5.909,73.718,,,,1.02,28.29782677,,0,2,1.0986122886681098,3.0,2,1.0986122886681098,1,1,6.0,3.0,3.0,3.0,1.3862943611198906,1.3862943611198906,1.3862943611198906,6.0,6.0,6.0,3.0,3.0,3.0,1.3862943611198906,1.3862943611198906,1.3862943611198906,1.0,1.0,1.0,1.0,1.0,1.0,9.0,9.0,8.0,,,,,,,,,,,
ERI,Eritrea,ESA,2024,,35.6,,,,,,,,,,102.42,3.68,34.5365524291992,0.4,,5.947,73.679,,,,,,,0,2,1.0986122886681098,3.0,2,1.0986122886681098,1,1,5.0,2.0,3.0,3.0,1.0986122886681098,1.3862943611198906,1.3862943611198906,3.0,6.0,6.0,2.0,3.0,3.0,1.0986122886681098,1.3862943611198906,1.3862943611198906,1.0,1.0,1.0,1.0,1.0,1.0,6.0,9.0,9.0,,,,,,,,,,,
ERI,Eritrea,ESA,2025,,,,,,,,,,,,,,34.5404504255216,,,5.978,73.664,,,,,,,0,2,1.0986122886681098,3.0,2,1.0986122886681098,1,1,5.0,2.0,2.0,3.0,1.0986122886681098,1.0986122886681098,1.3862943611198906,3.0,3.0,6.0,2.0,2.0,3.0,1.0986122886681098,1.0986122886681098,1.3862943611198906,1.0,1.0,1.0,1.0,1.0,1.0,6.0,6.0,9.0,,,,,,,,,,,
ETH,Ethiopia,ESA,2000,26.7,,32.9,25.7,5.1,,-0.4009077510620375,247.505413659694,5.511432455142027,122.269202606069,4.8062251925520165,189.18,6.654,14.9193096160889,2.7,2.9657663244498,3.499,79.202,,,,,5.28970861,,0,0,0.0,4.0,2,1.0986122886681098,0,1,1.0,,,,,,,,,,,,,,,,,,,,,,,,,,,,0.0,0.0,4.0,1.0,0.6931471805599453,0.0,1.0,5.0
ETH,Ethiopia,ESA,2001,25.7,26.7,32.0,25.6,5.3,,-0.44510651416662994,260.04231608135,5.560844371931545,118.457204255261,4.774551749821212,210.9,6.579,15.1177673339844,2.6,3.22631881592251,3.16,79.491,,,,,5.50955105,,0,0,0.0,5.0,2,1.0986122886681098,0,1,2.0,,,,,,,,,,,,,,,,,,,,,,,,,,,,0.0,0.0,5.0,1.0,0.6931471805599453,0.0,1.0,6.0
ETH,Ethiopia,ESA,2002,24.7,25.7,31.1,25.5,5.6,,-0.48757856523609855,256.066635883709,5.545437707029065,109.593813612988,4.696780927783857,193.55,6.499,15.333233833313,2.4,3.48709965924687,3.054,79.575,,,,,5.14964151,,0,0,0.0,4.0,1,0.6931471805599453,0,1,4.0,0.0,,,0.0,,,4.0,,,2.0,,,1.0986122886681098,,,0.0,,,1.0,,,1.0,,,,,,2.0,1.0986122886681098,7.0,3.0,1.3862943611198906,1.0,1.0,8.0
ETH,Ethiopia,ESA,2003,23.8,24.7,30.3,25.4,5.9,,-0.5254586272355858,243.076666020009,5.493376891606241,116.800491132777,4.760467275289199,208.94,6.4,15.5438537597656,2.2,3.74769441878364,3.008,79.599,,,,,5.70984173,0.015059593824683,0,0,0.0,4.0,1,0.6931471805599453,0,1,5.0,0.0,0.0,,0.0,0.0,,5.0,4.0,,2.0,2.0,,1.0986122886681098,1.0986122886681098,,0.0,0.0,,1.0,1.0,,2.0,1.0,,,,,2.0,1.0986122886681098,6.0,2.0,1.0986122886681098,1.0,1.0,9.0
ETH,Ethiopia,ESA,2004,22.9,23.8,29.5,25.2,6.2,,-0.5674605630990441,267.923513391712,5.5907015419850365,133.169812538096,4.891625099824364,217.88,6.301,15.7585906982422,2.0,4.03281392420472,2.776,79.768,,,,,5.7385993,0.1509678371250088,0,0,0.0,5.0,1,0.6931471805599453,0,1,6.0,0.0,0.0,,0.0,0.0,,4.0,5.0,,1.0,2.0,,0.6931471805599453,1.0986122886681098,,0.0,0.0,,1.0,1.0,,4.0,2.0,,,,,2.0,1.0986122886681098,6.0,2.0,1.0986122886681098,1.0,1.0,9.0
ETH,Ethiopia,ESA,2005,22.0,22.9,28.7,25.0,6.5,,-0.6094624989625022,290.833381425059,5.672750530766828,158.243458082465,5.0641347210384575,149.48,6.194,15.982967376709,1.8,4.31725101635963,2.497,79.971,,,,,6.4820013,23.84935152102125,1,2,1.0986122886681098,7.0,3,1.3862943611198906,1,1,8.0,0.0,0.0,0.0,0.0,0.0,0.0,4.0,4.0,4.0,1.0,1.0,2.0,0.6931471805599453,0.6931471805599453,1.0986122886681098,0.0,0.0,0.0,1.0,1.0,1.0,5.0,4.0,1.0,0.015059593824683,,,3.0,1.3862943611198906,8.0,3.0,1.3862943611198906,1.0,1.0,11.0
ETH,Ethiopia,ESA,2006,21.1,22.0,27.9,24.9,6.8,,-0.6473425609619894,313.013896721503,5.746247588025826,189.345737521418,5.243574642984934,138.01,6.047,16.2148475646973,1.7,4.60119614731006,2.337,80.008,,,,,8.42413712,0.0,0,2,1.0986122886681098,6.0,2,1.0986122886681098,1,1,9.0,0.0,0.0,0.0,0.0,0.0,0.0,5.0,4.0,5.0,1.0,1.0,2.0,0.6931471805599453,0.6931471805599453,1.0986122886681098,0.0,0.0,0.0,1.0,1.0,1.0,6.0,5.0,2.0,0.1509678371250088,0.015059593824683,,3.0,1.3862943611198906,9.0,4.0,1.6094379124341005,1.0,1.0,11.0
ETH,Ethiopia,ESA,2007,20.3,21.1,27.2,24.7,7.1,,-0.6847525077554661,338.799064654308,5.825407202013486,237.146255996319,5.4686770647071645,116.37,5.887,16.0948330261902,1.6,4.88681883136837,2.337,79.914,,,,,11.63210678,0.0149636832283655,0,2,1.0986122886681098,6.0,2,1.0986122886681098,1,1,9.0,2.0,0.0,0.0,1.0986122886681098,0.0,0.0,7.0,5.0,4.0,3.0,1.0,1.0,1.3862943611198906,0.6931471805599453,0.6931471805599453,1.0,0.0,0.0,1.0,1.0,1.0,8.0,6.0,4.0,23.84935152102125,0.1509678371250088,,3.0,1.3862943611198906,11.0,4.0,1.6094379124341005,1.0,1.0,13.0
ETH,Ethiopia,ESA,2008,19.5,20.3,26.5,24.4,7.4,,-0.7262843284129139,364.642208155735,5.898916621193537,316.410475118075,5.7570403425454515,96.3,5.695,16.7936706542969,1.5,5.196915075959,2.326,79.828,,,,0.2,13.03863621,1.4425139060813543,0,3,1.3862943611198906,8.0,3,1.3862943611198906,1,1,11.0,2.0,2.0,0.0,1.0986122886681098,1.0986122886681098,0.0,6.0,7.0,4.0,2.0,3.0,1.0,1.0986122886681098,1.3862943611198906,0.6931471805599453,1.0,1.0,0.0,1.0,1.0,1.0,9.0,8.0,5.0,0.0,23.84935152102125,0.015059593824683,2.0,1.0986122886681098,10.0,2.0,1.0986122886681098,1.0,1.0,12.0
ETH,Ethiopia,ESA,2009,18.9,19.5,25.9,24.2,7.8,,-0.755173162420248,385.632419711374,5.954884635217175,368.574712267445,5.90964343807342,133.79,5.488,17.1511001586914,1.4,5.50779854946485,2.326,79.733,,,,,15.1445961,2.0730250571165634,0,3,1.3862943611198906,9.0,4,1.6094379124341005,1,1,11.0,2.0,2.0,0.0,1.0986122886681098,1.0986122886681098,0.0,6.0,6.0,5.0,2.0,2.0,1.0,1.0986122886681098,1.0986122886681098,0.6931471805599453,1.0,1.0,0.0,1.0,1.0,1.0,9.0,9.0,6.0,0.0149636832283655,0.0,0.1509678371250088,2.0,1.0986122886681098,10.0,2.0,1.0986122886681098,1.0,1.0,13.0
ETH,Ethiopia,ESA,2010,18.4,18.9,25.4,23.9,8.1,,-0.7853185932566956,421.898622378633,6.04476505384559,330.619412798644,5.800967903562083,153.84,5.282,17.4937839508057,1.4,5.82002469888892,2.295,79.663,,,,,16.17102051,4.983220971607305,0,3,1.3862943611198906,11.0,4,1.6094379124341005,1,1,13.0,3.0,2.0,2.0,1.3862943611198906,1.0986122886681098,1.0986122886681098,8.0,6.0,7.0,3.0,2.0,3.0,1.3862943611198906,1.0986122886681098,1.3862943611198906,1.0,1.0,1.0,1.0,1.0,1.0,11.0,9.0,8.0,1.4425139060813543,0.0149636832283655,23.84935152102125,3.0,1.3862943611198906,11.0,3.0,1.3862943611198906,1.0,1.0,16.0
ETH,Ethiopia,ESA,2011,18.2,18.4,25.1,23.7,8.5,,-0.7982290483730481,455.909628648555,6.122294607085325,343.024942351887,5.837803162749173,143.7,5.08,17.863790512085,1.3,6.13343630352376,2.27,79.587,,,,,14.62286568,0.1161334254626511,1,2,1.0986122886681098,10.0,2,1.0986122886681098,1,1,12.0,3.0,3.0,2.0,1.3862943611198906,1.3862943611198906,1.0986122886681098,9.0,8.0,6.0,4.0,3.0,2.0,1.6094379124341005,1.3862943611198906,1.0986122886681098,1.0,1.0,1.0,1.0,1.0,1.0,11.0,11.0,9.0,2.0730250571165634,1.4425139060813543,0.0,3.0,1.3862943611198906,9.0,3.0,1.3862943611198906,1.0,1.0,16.0
ETH,Ethiopia,ESA,2012,18.1,18.2,25.0,23.4,8.9,,-0.8082798108944462,481.639999909808,6.177196946836758,452.101031885754,6.113905676726077,159.67,4.887,18.2061367034912,1.3,6.44846430368166,2.252,79.505,,,,,20.00217628,1.3236385135222086,0,2,1.0986122886681098,10.0,2,1.0986122886681098,1,1,13.0,3.0,3.0,2.0,1.3862943611198906,1.3862943611198906,1.0986122886681098,11.0,9.0,6.0,4.0,4.0,2.0,1.6094379124341005,1.6094379124341005,1.0986122886681098,1.0,1.0,1.0,1.0,1.0,1.0,13.0,11.0,9.0,4.983220971607305,2.0730250571165634,0.0149636832283655,3.0,1.3862943611198906,10.0,3.0,1.3862943611198906,1.0,1.0,17.0
ETH,Ethiopia,ESA,2013,18.2,18.1,25.0,23.1,9.3,,-0.8115361726648257,518.324662208106,6.250601806946336,484.039833104062,6.18216720313197,184.1,4.708,18.615514755249,1.2,6.76236331987807,2.251,79.409,,,,,19.26698494,22.318967782492777,0,3,1.3862943611198906,11.0,3,1.3862943611198906,1,1,16.0,2.0,3.0,3.0,1.0986122886681098,1.3862943611198906,1.3862943611198906,10.0,11.0,8.0,2.0,4.0,3.0,1.0986122886681098,1.6094379124341005,1.3862943611198906,1.0,1.0,1.0,1.0,1.0,1.0,12.0,13.0,11.0,0.1161334254626511,4.983220971607305,1.4425139060813543,5.0,1.791759469228055,12.0,6.0,1.9459101490553132,1.0,1.0,19.0
ETH,Ethiopia,ESA,2014,18.4,18.2,25.0,22.8,9.7,,-0.8125901227541676,556.362532243867,6.321420118177035,549.986577082588,6.309893872624317,144.07,4.605,19.0262870788574,1.2,7.07793835749952,2.361,77.728,,,,,21.6064415,30.039968058581746,0,3,1.3862943611198906,9.0,3,1.3862943611198906,1,1,16.0,2.0,2.0,3.0,1.0986122886681098,1.0986122886681098,1.3862943611198906,10.0,10.0,9.0,2.0,2.0,4.0,1.0986122886681098,1.0986122886681098,1.6094379124341005,1.0,1.0,1.0,1.0,1.0,1.0,13.0,12.0,11.0,1.3236385135222086,0.1161334254626511,2.0730250571165634,7.0,2.0794415416798357,17.0,8.0,2.1972245773362196,1.0,1.0,22.0
ETH,Ethiopia,ESA,2015,18.8,18.4,25.1,22.6,10.1,,-0.8027277982285196,597.912113218663,6.39344377528803,597.912113218663,6.39344377528803,130.06,4.529,19.451566696167,1.1,7.39517563066231,2.442,76.079,14.5,3.299999999999999,,,23.21817207,51.580000000000005,0,3,1.3862943611198906,10.0,3,1.3862943611198906,1,1,17.0,3.0,2.0,3.0,1.3862943611198906,1.0986122886681098,1.3862943611198906,11.0,10.0,11.0,3.0,2.0,4.0,1.3862943611198906,1.0986122886681098,1.6094379124341005,1.0,1.0,1.0,1.0,1.0,1.0,16.0,13.0,13.0,22.318967782492777,1.3236385135222086,4.983220971607305,7.0,2.0794415416798357,17.0,8.0,2.1972245773362196,1.0,1.0,23.0
ETH,Ethiopia,ESA,2016,19.1,18.8,25.1,22.3,10.6,,-0.7998526246017,636.835680951429,6.456511664605292,641.651523286233,6.4640453577018855,92.89,4.473,19.8763618469238,1.1,7.71437321783047,2.556,74.416,15.0,1.5,,0.33,24.34373283,61.23,1,5,1.791759469228055,12.0,6,1.9459101490553132,1,1,19.0,3.0,3.0,2.0,1.3862943611198906,1.3862943611198906,1.0986122886681098,9.0,11.0,10.0,3.0,3.0,2.0,1.3862943611198906,1.3862943611198906,1.0986122886681098,1.0,1.0,1.0,1.0,1.0,1.0,16.0,16.0,12.0,30.039968058581746,22.318967782492777,0.1161334254626511,7.0,2.0794415416798357,17.0,8.0,2.1972245773362196,1.0,1.0,23.0
ETH,Ethiopia,ESA,2017,19.5,19.1,25.1,22.1,11.0,,-0.7923798774649959,678.98541915757,6.5205996533333845,696.348429076216,6.545850151556607,70.71,4.401,20.3084850311279,1.0,8.0353579200927,2.665,72.766,14.8,-1.4000000000000004,65.7,,24.18239403,74.83,0,7,2.0794415416798357,17.0,8,2.1972245773362196,1,1,22.0,3.0,3.0,2.0,1.3862943611198906,1.3862943611198906,1.0986122886681098,10.0,9.0,10.0,3.0,3.0,2.0,1.3862943611198906,1.3862943611198906,1.0986122886681098,1.0,1.0,1.0,1.0,1.0,1.0,17.0,16.0,13.0,51.580000000000005,30.039968058581746,1.3236385135222086,7.0,2.0794415416798357,17.0,8.0,2.1972245773362196,1.0,1.0,24.0
ETH,Ethiopia,ESA,2018,19.8,19.5,25.1,21.9,11.5,,-0.7853828299742056,705.96881207336,6.55957106098399,739.702022272086,6.6062474324985425,36.46,4.371,20.7838096618652,1.0,8.35875920842316,2.811,71.104,14.1,-1.6999999999999993,65.3,,23.5205574,87.82432890132506,0,7,2.0794415416798357,17.0,8,2.1972245773362196,1,1,23.0,5.0,3.0,3.0,1.791759469228055,1.3862943611198906,1.3862943611198906,12.0,10.0,11.0,6.0,3.0,3.0,1.9459101490553132,1.3862943611198906,1.3862943611198906,1.0,1.0,1.0,1.0,1.0,1.0,19.0,17.0,16.0,61.23,51.580000000000005,22.318967782492777,6.0,1.9459101490553132,14.0,7.0,2.0794415416798357,1.0,1.0,19.0
ETH,Ethiopia,ESA,2019,20.2,19.8,25.1,21.7,12.0,,-0.7761833708023773,744.702789740042,6.612985198835596,793.473247218996,6.676419824488206,33.61,4.347,21.2486705780029,0.9,8.68474048756754,2.928,69.478,16.4,-0.6999999999999993,67.9,,25.93511963,73.45129413652019,0,7,2.0794415416798357,17.0,8,2.1972245773362196,1,1,23.0,7.0,5.0,3.0,2.0794415416798357,1.791759469228055,1.3862943611198906,17.0,12.0,9.0,8.0,6.0,3.0,2.1972245773362196,1.9459101490553132,1.3862943611198906,1.0,1.0,1.0,1.0,1.0,1.0,22.0,19.0,16.0,74.83,61.23,30.039968058581746,6.0,1.9459101490553132,15.0,7.0,2.0794415416798357,1.0,1.0,20.0
ETH,Ethiopia,ESA,2020,20.7,20.2,25.2,21.4,12.6,,-0.7647870843894151,768.705424484873,6.644707833029646,829.790982552951,6.721173840827129,52.28,4.274,21.6260051727295,0.9,9.01330021395482,3.998,66.617,19.6,0.8000000000000007,70.9,,28.28001595,47.77351449054499,0,7,2.0794415416798357,17.0,8,2.1972245773362196,1,1,24.0,7.0,7.0,3.0,2.0794415416798357,2.0794415416798357,1.3862943611198906,17.0,17.0,10.0,8.0,8.0,3.0,2.1972245773362196,2.1972245773362196,1.3862943611198906,1.0,1.0,1.0,1.0,1.0,1.0,23.0,22.0,17.0,87.82432890132506,74.83,51.580000000000005,5.0,1.791759469228055,13.0,6.0,1.9459101490553132,1.0,1.0,19.0
ETH,Ethiopia,ESA,2021,21.4,20.7,25.4,21.2,13.1,,-0.7442012353965868,790.657019602458,6.672864270197742,893.009835441784,6.794597594748415,45.56,4.177,22.1067085266113,0.8,9.3447728615381,3.935,65.567,21.1,0.3000000000000007,74.7,,26.06931114,25.16040622607649,0,6,1.9459101490553132,14.0,7,2.0794415416798357,1,1,19.0,7.0,7.0,5.0,2.0794415416798357,2.0794415416798357,1.791759469228055,17.0,17.0,12.0,8.0,8.0,6.0,2.1972245773362196,2.1972245773362196,1.9459101490553132,1.0,1.0,1.0,1.0,1.0,1.0,23.0,23.0,19.0,73.45129413652019,87.82432890132506,61.23,5.0,1.791759469228055,13.0,6.0,1.9459101490553132,1.0,1.0,19.0
ETH,Ethiopia,ESA,2022,22.2,21.4,25.7,21.0,13.7,,-0.7172966852986533,811.177729337321,6.698487178487321,982.103161502198,6.889696355283074,59.89,4.082,22.7367687225342,0.8,9.67915935964554,3.386,66.153,19.7,0.3000000000000007,74.5,,27.06845474,87.49,0,6,1.9459101490553132,15.0,7,2.0794415416798357,1,1,20.0,7.0,7.0,7.0,2.0794415416798357,2.0794415416798357,2.0794415416798357,17.0,17.0,17.0,8.0,8.0,8.0,2.1972245773362196,2.1972245773362196,2.1972245773362196,1.0,1.0,1.0,1.0,1.0,1.0,24.0,23.0,22.0,47.77351449054499,73.45129413652019,74.83,5.0,1.791759469228055,14.0,6.0,1.9459101490553132,1.0,1.0,20.0
ETH,Ethiopia,ESA,2023,23.1,22.2,26.2,,,,,842.446604881663,6.736310283223052,1055.81091593061,6.962064391349717,109.24,3.989,23.0586471557617,0.7,10.0168072289161,3.375,66.149,19.0,0.6000000000000014,72.3,,34.79846954,33.92,0,5,1.791759469228055,13.0,6,1.9459101490553132,1,1,19.0,6.0,7.0,7.0,1.9459101490553132,2.0794415416798357,2.0794415416798357,14.0,17.0,17.0,7.0,8.0,8.0,2.0794415416798357,2.1972245773362196,2.1972245773362196,1.0,1.0,1.0,1.0,1.0,1.0,19.0,24.0,23.0,25.16040622607649,47.77351449054499,87.82432890132506,,,,,,,,
ETH,Ethiopia,ESA,2024,,23.1,,,,,,883.458588614999,6.7838444186917854,1133.88279681256,7.033403125165516,138.5,3.909,23.6222839355469,0.7,10.3577188356734,3.357,66.168,16.6,0.8000000000000007,70.9,,,73.49,0,5,1.791759469228055,13.0,6,1.9459101490553132,1,1,19.0,6.0,6.0,7.0,1.9459101490553132,1.9459101490553132,2.0794415416798357,15.0,14.0,17.0,7.0,7.0,8.0,2.0794415416798357,2.0794415416798357,2.1972245773362196,1.0,1.0,1.0,1.0,1.0,1.0,20.0,19.0,23.0,87.49,25.16040622607649,73.45129413652019,,,,,,,,
ETH,Ethiopia,ESA,2025,,,,,,,,945.358838108184,6.851564578283064,932.729352775179,6.838115075994758,,,24.1096952088946,,,3.323,66.185,,,67.9,,,,0,5,1.791759469228055,14.0,6,1.9459101490553132,1,1,20.0,5.0,6.0,7.0,1.791759469228055,1.9459101490553132,2.0794415416798357,13.0,15.0,17.0,6.0,7.0,8.0,1.9459101490553132,2.0794415416798357,2.1972245773362196,1.0,1.0,1.0,1.0,1.0,1.0,19.0,20.0,24.0,33.92,87.49,47.77351449054499,,,,,,,,
GAB,Gabon,WCA,2000,63.8,,59.6,6.8,35.2,15.0,0.7949103077326825,7596.09970650519,8.935390198031547,3982.906200928,8.28976703304946,364.66,4.469,79.5660404650438,4.7,26.818195491378,17.848,39.542,,,,,123.197258,,0,0,0.0,0.0,0,0.0,0,0,1.0,,,,,,,,,,,,,,,,,,,,,,,,,,,,0.0,0.0,0.0,0.0,0.0,0.0,0.0,1.0
GAB,Gabon,WCA,2001,63.6,63.8,59.3,6.7,36.3,15.0,0.7982087107261682,7556.76995314898,8.930199122999735,3835.75718279727,8.252122134416215,353.69,4.417,80.4090993437448,4.8,27.9500597734658,17.827,39.512,,,,,120.90242767,,0,0,0.0,0.0,0,0.0,0,0,1.0,,,,,,,,,,,,,,,,,,,,,,,,,,,,0.0,0.0,1.0,0.0,0.0,0.0,1.0,2.0
GAB,Gabon,WCA,2002,63.4,63.6,59.0,6.7,37.4,15.0,0.8056289875836251,7338.75620613605,8.900924653044678,3966.48001864663,8.285634335201733,323.31,4.36,81.2205241874174,4.8,29.1019683421917,17.376,39.722,,,,,132.07215881,,0,0,0.0,0.0,0,0.0,0,0,1.0,0.0,,,0.0,,,0.0,,,0.0,,,0.0,,,0.0,,,0.0,,,1.0,,,,,,0.0,0.0,1.0,0.0,0.0,0.0,1.0,2.0
GAB,Gabon,WCA,2003,63.2,63.4,58.6,6.6,38.6,15.0,0.8082645252232912,7301.67154442842,8.895858579613689,4710.74862768151,8.457602118686209,259.04,4.299,81.9970830091574,4.7,30.2734572599332,17.126,39.83,,,,,166.59495544,,0,0,0.0,0.0,0,0.0,0,0,1.0,0.0,0.0,,0.0,0.0,,0.0,0.0,,0.0,0.0,,0.0,0.0,,0.0,0.0,,0.0,0.0,,1.0,1.0,,,,,0.0,0.0,1.0,0.0,0.0,0.0,1.0,2.0
GAB,Gabon,WCA,2004,62.9,63.2,58.2,6.6,39.7,15.0,0.8110928130107666,7148.98713447497,8.874725966139406,5465.79193590708,8.606264300616624,196.66,4.252,82.7355438220611,4.7,31.4642634106599,17.108,39.868,,,,,183.92318726,,0,0,0.0,1.0,0,0.0,0,1,2.0,0.0,0.0,,0.0,0.0,,0.0,0.0,,0.0,0.0,,0.0,0.0,,0.0,0.0,,0.0,0.0,,1.0,1.0,,,,,0.0,0.0,1.0,0.0,0.0,0.0,1.0,2.0
GAB,Gabon,WCA,2005,62.7,62.9,57.8,6.5,40.8,15.0,0.8120016386153086,7130.22505771754,8.872098077807452,6547.87613955186,8.78689602254423,158.04,4.21,83.4326746392243,4.6,32.6738741656831,16.91,40.001,,,,,188.91426086,,0,0,0.0,1.0,0,0.0,0,1,2.0,0.0,0.0,0.0,0.0,0.0,0.0,0.0,0.0,0.0,0.0,0.0,0.0,0.0,0.0,0.0,0.0,0.0,0.0,0.0,0.0,0.0,1.0,1.0,1.0,,,,0.0,0.0,1.0,0.0,0.0,0.0,1.0,2.0
GAB,Gabon,WCA,2006,62.3,62.7,57.4,6.5,41.9,15.1,0.8126275147217465,6724.08148977274,8.813450613695512,6847.00985685394,8.831567318707283,131.79,4.17,84.0852434737431,4.6,33.9024749587278,17.805,39.695,,,,,211.9914093,0.0,0,0,0.0,1.0,0,0.0,0,1,2.0,0.0,0.0,0.0,0.0,0.0,0.0,1.0,0.0,0.0,0.0,0.0,0.0,0.0,0.0,0.0,0.0,0.0,0.0,1.0,0.0,0.0,2.0,1.0,1.0,,,,0.0,0.0,2.0,0.0,0.0,0.0,1.0,3.0
GAB,Gabon,WCA,2007,62.0,62.3,56.9,6.4,42.9,15.1,0.8072176392211834,6908.67399162999,8.840533001332654,8003.54289696049,8.987639584747548,121.2,4.142,84.6900183387136,4.5,35.1495484187274,18.257,39.55,,,,,246.78276062,0.0,0,0,0.0,1.0,0,0.0,0,1,2.0,0.0,0.0,0.0,0.0,0.0,0.0,1.0,1.0,0.0,0.0,0.0,0.0,0.0,0.0,0.0,0.0,0.0,0.0,1.0,1.0,0.0,2.0,2.0,1.0,,,,0.0,0.0,2.0,0.0,0.0,0.0,1.0,3.0
GAB,Gabon,WCA,2008,61.6,62.0,56.5,6.4,44.0,15.1,0.8078435153276216,6468.38523357609,8.774681778845467,9688.64519690633,9.178709880549095,124.41,4.118,85.2437672472316,4.4,36.4153101145998,19.212,39.282,,,,,275.89450073,0.0,0,0,0.0,1.0,0,0.0,0,1,2.0,0.0,0.0,0.0,0.0,0.0,0.0,1.0,1.0,0.0,0.0,0.0,0.0,0.0,0.0,0.0,0.0,0.0,0.0,1.0,1.0,0.0,2.0,2.0,1.0,0.0,,,0.0,0.0,2.0,0.0,0.0,0.0,1.0,3.0
GAB,Gabon,WCA,2009,61.2,61.6,56.2,6.3,45.0,15.1,0.8050103829239085,6264.83611480154,8.742707708137507,7290.57526093114,8.894337732853888,147.03,4.138,85.7432582123932,4.4,37.6987238584805,19.76,39.212,,,,,277.62945557,0.0,0,0,0.0,2.0,0,0.0,0,1,3.0,0.0,0.0,0.0,0.0,0.0,0.0,1.0,1.0,1.0,0.0,0.0,0.0,0.0,0.0,0.0,0.0,0.0,0.0,1.0,1.0,1.0,2.0,2.0,2.0,0.0,0.0,,0.0,0.0,2.0,0.0,0.0,0.0,1.0,3.0
GAB,Gabon,WCA,2010,60.8,61.2,55.8,6.2,45.9,15.1,0.7980609610961273,6481.49612073562,8.776706645526552,8356.74662013345,9.03082447006512,177.88,4.153,86.1852592472945,4.3,39.0002582968992,20.39,39.071,,,,,206.87702942,0.0,0,0,0.0,2.0,0,0.0,0,1,3.0,0.0,0.0,0.0,0.0,0.0,0.0,1.0,1.0,1.0,0.0,0.0,0.0,0.0,0.0,0.0,0.0,0.0,0.0,1.0,1.0,1.0,2.0,2.0,2.0,0.0,0.0,,0.0,0.0,2.0,0.0,0.0,0.0,1.0,3.0
GAB,Gabon,WCA,2011,60.4,60.8,55.4,6.2,46.9,15.0,0.7969601251674414,6699.23394606512,8.80974846243396,10219.1139339454,9.232015160776537,195.4,4.151,86.5665383650315,4.2,40.3193752929904,19.895,39.513,,,,1.95,261.37597656,0.0,0,0,0.0,2.0,0,0.0,0,1,3.0,0.0,0.0,0.0,0.0,0.0,0.0,2.0,1.0,1.0,0.0,0.0,0.0,0.0,0.0,0.0,0.0,0.0,0.0,1.0,1.0,1.0,3.0,2.0,2.0,0.0,0.0,0.0,0.0,0.0,2.0,0.0,0.0,0.0,1.0,3.0
GAB,Gabon,WCA,2012,60.0,60.4,55.0,6.1,47.8,14.9,0.7900107033396605,6803.22668079211,8.82515229050023,9296.96587941088,9.137443376384681,200.15,4.086,86.8838635787001,4.1,41.6563306484328,19.661,39.86,,,,,225.07722473,0.0,1,0,0.0,2.0,0,0.0,0,1,3.0,0.0,0.0,0.0,0.0,0.0,0.0,2.0,2.0,1.0,0.0,0.0,0.0,0.0,0.0,0.0,0.0,0.0,0.0,1.0,1.0,1.0,3.0,3.0,2.0,0.0,0.0,0.0,0.0,0.0,2.0,0.0,0.0,0.0,1.0,3.0
GAB,Gabon,WCA,2013,59.7,60.0,54.7,6.1,48.8,14.9,0.793501856480956,6938.25753862236,8.844805946849753,9197.70106323947,9.126708847380323,199.19,4.019,87.1482480671637,4.0,43.0100058976352,19.736,40.052,,,,,261.29452515,0.0,0,0,0.0,2.0,0,0.0,0,1,3.0,0.0,0.0,0.0,0.0,0.0,0.0,2.0,2.0,1.0,0.0,0.0,0.0,0.0,0.0,0.0,0.0,0.0,0.0,1.0,1.0,1.0,3.0,3.0,2.0,0.0,0.0,0.0,0.0,0.0,2.0,1.0,0.6931471805599453,0.0,1.0,3.0
GAB,Gabon,WCA,2014,59.5,59.7,54.4,6.0,49.7,14.8,0.7933468354041939,6998.60545439576,8.853466187389746,9201.36276648105,9.12710687885886,193.87,3.953,87.6236017962969,4.0,44.3780097930999,19.873,40.22,,,,,233.05368042,0.0,0,0,0.0,2.0,0,0.0,0,1,3.0,0.0,0.0,0.0,0.0,0.0,0.0,2.0,2.0,2.0,0.0,0.0,0.0,0.0,0.0,0.0,0.0,0.0,0.0,1.0,1.0,1.0,3.0,3.0,3.0,0.0,0.0,0.0,1.0,0.6931471805599453,3.0,2.0,1.0986122886681098,1.0,1.0,4.0
GAB,Gabon,WCA,2015,59.4,59.5,54.3,6.0,50.7,14.7,0.8060219666854518,7047.12654634355,8.860375230643234,7047.12654634355,8.860375230643234,185.36,3.921,88.085308383892,3.9,45.7595556064781,19.943,40.41,,,,,187.27270508,0.0,0,0,0.0,2.0,0,0.0,0,1,3.0,0.0,0.0,0.0,0.0,0.0,0.0,2.0,2.0,2.0,0.0,0.0,0.0,0.0,0.0,0.0,0.0,0.0,0.0,1.0,1.0,1.0,3.0,3.0,3.0,0.0,0.0,0.0,1.0,0.6931471805599453,3.0,1.0,0.6931471805599453,1.0,1.0,5.0
GAB,Gabon,WCA,2016,59.3,59.4,54.2,5.9,51.7,14.7,0.8145752241027391,6991.3251446736,8.852425394466891,6677.07003901644,8.80643455339645,182.55,3.921,88.5445883406178,3.8,47.1547496987424,20.117,40.551,,,,,207.50273132,18.94,0,0,0.0,2.0,1,0.6931471805599453,0,1,3.0,0.0,0.0,0.0,0.0,0.0,0.0,2.0,2.0,2.0,0.0,0.0,0.0,0.0,0.0,0.0,0.0,0.0,0.0,1.0,1.0,1.0,3.0,3.0,3.0,0.0,0.0,0.0,1.0,0.6931471805599453,3.0,1.0,0.6931471805599453,1.0,1.0,5.0
GAB,Gabon,WCA,2017,59.2,59.3,54.2,5.9,52.7,14.7,0.8296399327729408,6840.05959347802,8.830551723075429,6921.73373135624,8.842421556445338,184.66,3.913,89.0009733256896,3.7,48.5637395217699,20.307,40.678,,,32.8,,192.47543335,0.0,0,1,0.6931471805599453,3.0,2,1.0986122886681098,1,1,4.0,0.0,0.0,0.0,0.0,0.0,0.0,2.0,2.0,2.0,0.0,0.0,0.0,0.0,0.0,0.0,0.0,0.0,0.0,1.0,1.0,1.0,3.0,3.0,3.0,0.0,0.0,0.0,1.0,0.6931471805599453,3.0,1.0,0.6931471805599453,1.0,1.0,5.0
GAB,Gabon,WCA,2018,59.3,59.2,54.2,5.9,53.6,14.7,0.8473827527700937,6724.5961429108,8.813527149568015,7624.2775233771,8.939092845953938,186.73,3.908,89.4539949981866,3.6,49.9863984455825,20.459,40.789,,,33.7,,209.28697205,39.36764534723456,0,1,0.6931471805599453,3.0,1,0.6931471805599453,1,1,5.0,0.0,0.0,0.0,0.0,0.0,0.0,2.0,2.0,2.0,1.0,0.0,0.0,0.6931471805599453,0.0,0.0,0.0,0.0,0.0,1.0,1.0,1.0,3.0,3.0,3.0,18.94,0.0,0.0,1.0,0.6931471805599453,3.0,1.0,0.6931471805599453,1.0,1.0,5.0
GAB,Gabon,WCA,2019,59.4,59.3,54.4,5.8,54.6,14.7,0.8675095657162868,6817.56879468764,8.82725820556544,7441.1786472281,8.914784535606321,190.72,3.884,89.9031850170394,3.4,51.4223011158649,20.371,40.945,,,34.5,,205.99945068,0.0,1,1,0.6931471805599453,3.0,1,0.6931471805599453,1,1,5.0,1.0,0.0,0.0,0.6931471805599453,0.0,0.0,3.0,2.0,2.0,2.0,1.0,0.0,1.0986122886681098,0.6931471805599453,0.0,1.0,0.0,0.0,1.0,1.0,1.0,4.0,3.0,3.0,0.0,18.94,0.0,1.0,0.6931471805599453,2.0,1.0,0.6931471805599453,1.0,1.0,4.0
GAB,Gabon,WCA,2020,59.4,59.4,54.4,5.8,55.6,14.6,0.8847766860675261,6534.27966529444,8.784817392789964,6605.80346077904,8.795703853885234,193.57,3.831,90.3480750410147,3.3,52.8720170958258,21.279,37.692,,,36.1,,227.2480011,63.019275117018466,0,1,0.6931471805599453,3.0,1,0.6931471805599453,1,1,5.0,1.0,1.0,0.0,0.6931471805599453,0.6931471805599453,0.0,3.0,3.0,2.0,1.0,2.0,0.0,0.6931471805599453,1.0986122886681098,0.0,1.0,1.0,0.0,1.0,1.0,1.0,5.0,4.0,3.0,39.36764534723456,0.0,0.0,1.0,0.6931471805599453,2.0,1.0,0.6931471805599453,1.0,1.0,4.0
GAB,Gabon,WCA,2021,59.5,59.4,54.4,5.8,56.5,,0.9025195060646791,6479.0490069252,8.776329020385727,8181.40914134398,9.009619681428562,189.19,3.776,90.7881967286967,3.2,54.3351602742865,21.223,38.22,,,37.2,,228.46922302,0.0,0,1,0.6931471805599453,3.0,1,0.6931471805599453,1,1,5.0,1.0,1.0,0.0,0.6931471805599453,0.6931471805599453,0.0,3.0,3.0,2.0,1.0,1.0,1.0,0.6931471805599453,0.6931471805599453,0.6931471805599453,1.0,1.0,0.0,1.0,1.0,1.0,5.0,5.0,3.0,0.0,39.36764534723456,18.94,1.0,0.6931471805599453,2.0,1.0,0.6931471805599453,1.0,1.0,5.0
GAB,Gabon,WCA,2022,59.7,59.5,54.7,5.8,57.5,,0.931360181944825,6527.48207901861,8.783776555110856,8409.20741452279,9.037082505306179,188.68,3.712,91.2243355459988,3.0,55.8117052668054,20.319,41.097,,,38.7,,243.09941101,37.64,0,1,0.6931471805599453,2.0,1,0.6931471805599453,1,1,4.0,1.0,1.0,1.0,0.6931471805599453,0.6931471805599453,0.6931471805599453,3.0,3.0,3.0,1.0,1.0,2.0,0.6931471805599453,0.6931471805599453,1.0986122886681098,1.0,1.0,1.0,1.0,1.0,1.0,5.0,5.0,4.0,63.019275117018466,0.0,0.0,1.0,0.6931471805599453,2.0,1.0,0.6931471805599453,1.0,1.0,5.0
GAB,Gabon,WCA,2023,59.9,59.7,54.8,,,,,6541.25368618042,8.7858841212147,7802.82433276138,8.962241041081258,191.3,3.647,91.6375962797313,2.9,57.3016336632799,20.161,41.117,,,39.3,,252.98246765,0.0,0,1,0.6931471805599453,2.0,1,0.6931471805599453,1,1,4.0,1.0,1.0,1.0,0.6931471805599453,0.6931471805599453,0.6931471805599453,3.0,3.0,3.0,1.0,1.0,1.0,0.6931471805599453,0.6931471805599453,0.6931471805599453,1.0,1.0,1.0,1.0,1.0,1.0,5.0,5.0,5.0,0.0,63.019275117018466,39.36764534723456,,,,,,,,
GAB,Gabon,WCA,2024,,59.9,,,,,,6618.9868586134,8.797697594713325,8230.04311451151,9.015546532358671,187.0,3.592,91.8632094677575,2.8,57.4015026293834,20.091,41.005,,,39.2,,,0.0,0,1,0.6931471805599453,2.0,1,0.6931471805599453,1,1,5.0,1.0,1.0,1.0,0.6931471805599453,0.6931471805599453,0.6931471805599453,2.0,3.0,3.0,1.0,1.0,1.0,0.6931471805599453,0.6931471805599453,0.6931471805599453,1.0,1.0,1.0,1.0,1.0,1.0,4.0,5.0,5.0,37.64,0.0,0.0,,,,,,,,
GAB,Gabon,WCA,2025,,,,,,,,6640.95687890165,8.801011340356201,8263.03321595,9.019547016534567,,,92.0876666682068,,,20.154,40.768,,,39.3,,,,0,1,0.6931471805599453,2.0,1,0.6931471805599453,1,1,5.0,1.0,1.0,1.0,0.6931471805599453,0.6931471805599453,0.6931471805599453,2.0,2.0,3.0,1.0,1.0,1.0,0.6931471805599453,0.6931471805599453,0.6931471805599453,1.0,1.0,1.0,1.0,1.0,1.0,4.0,4.0,5.0,0.0,37.64,63.019275117018466,,,,,,,,
GHA,Ghana,WCA,2000,47.1,,54.1,10.1,24.9,15.8,0.25385129850077864,1022.27520714566,6.929786017434901,253.746936203344,5.5363374562076135,430.36,4.827,43.9373786640616,2.6,5.7234427408028,10.456,64.906,,,,,10.46035767,,0,1,0.6931471805599453,7.0,3,1.3862943611198906,1,1,6.0,,,,,,,,,,,,,,,,,,,,,,,,,,,,0.0,0.0,6.0,2.0,1.0986122886681098,1.0,1.0,7.0
GHA,Ghana,WCA,2001,46.8,47.1,53.8,9.8,26.1,15.8,0.24843025412040903,1035.22666053257,6.942375677407058,263.542156494853,5.574213341882644,411.18,4.768,44.6410507317701,2.5,5.81107386081924,9.615,65.459,,,,,12.15051079,,0,0,0.0,6.0,2,1.0986122886681098,1,1,5.0,,,,,,,,,,,,,,,,,,,,,,,,,,,,0.0,0.0,6.0,2.0,1.0986122886681098,1.0,1.0,7.0
GHA,Ghana,WCA,2002,46.5,46.8,53.6,9.6,27.4,15.7,0.25124737302807815,1052.46591644399,6.958891181606044,297.46164468774,5.695285291254727,392.1,4.687,45.3484692124806,2.4,6.75045552246998,8.711,66.055,,,,,14.30371571,,0,0,0.0,6.0,2,1.0986122886681098,1,1,6.0,1.0,,,0.6931471805599453,,,7.0,,,3.0,,,1.3862943611198906,,,1.0,,,1.0,,,6.0,,,,,,1.0,0.6931471805599453,7.0,3.0,1.3862943611198906,1.0,1.0,8.0
GHA,Ghana,WCA,2003,46.3,46.5,53.3,9.3,28.6,15.7,0.24802874032874608,1077.69990866645,6.982584334854198,358.39927142073,5.881647648232442,365.98,4.597,46.0547973581418,2.4,7.7086235468762,7.728,66.707,,,,,18.96423721,12.523424756906556,1,0,0.0,6.0,2,1.0986122886681098,1,1,7.0,0.0,1.0,,0.0,0.6931471805599453,,6.0,7.0,,2.0,3.0,,1.0986122886681098,1.3862943611198906,,1.0,1.0,,1.0,1.0,,5.0,6.0,,,,,3.0,1.3862943611198906,10.0,4.0,1.6094379124341005,1.0,1.0,11.0
GHA,Ghana,WCA,2004,46.1,46.3,53.0,9.1,29.9,15.7,0.25065869352850895,1108.30475353633,7.010586877806363,406.132105329565,6.006678489261435,340.21,4.504,46.7572004525685,2.3,8.68540857696259,6.758,67.349,,,,,23.57214928,21.855056148338814,0,0,0.0,6.0,2,1.0986122886681098,1,1,7.0,0.0,0.0,,0.0,0.0,,6.0,6.0,,2.0,2.0,,1.0986122886681098,1.0986122886681098,,1.0,1.0,,1.0,1.0,,6.0,5.0,,,,,4.0,1.6094379124341005,12.0,5.0,1.791759469228055,1.0,1.0,15.0
GHA,Ghana,WCA,2005,45.9,46.1,52.6,8.8,31.1,15.6,0.2450504834402333,1143.31178934301,7.041684408174118,478.611909191028,6.1708900585558855,323.73,4.496,47.4528437795757,2.2,9.68014854216275,5.816,67.969,,,,,38.51657486,26.82969064215807,0,1,0.6931471805599453,7.0,3,1.3862943611198906,1,1,8.0,0.0,0.0,1.0,0.0,0.0,0.6931471805599453,6.0,6.0,7.0,2.0,2.0,3.0,1.0986122886681098,1.0986122886681098,1.3862943611198906,1.0,1.0,1.0,1.0,1.0,1.0,7.0,6.0,6.0,12.523424756906556,,,4.0,1.6094379124341005,11.0,5.0,1.791759469228055,1.0,1.0,15.0
GHA,Ghana,WCA,2006,45.5,45.9,52.2,8.6,32.3,15.5,0.23915932385385325,1185.26570738595,7.077722254076571,906.441027564887,6.8095259729931135,311.34,4.399,48.1388926229785,2.1,10.6928566524772,4.897,68.571,,,,,49.34616852,39.91648862395768,0,3,1.3862943611198906,10.0,4,1.6094379124341005,1,1,11.0,0.0,0.0,0.0,0.0,0.0,0.0,6.0,6.0,6.0,2.0,2.0,2.0,1.0986122886681098,1.0986122886681098,1.0986122886681098,1.0,1.0,1.0,1.0,1.0,1.0,7.0,7.0,5.0,21.855056148338814,12.523424756906556,,4.0,1.6094379124341005,11.0,9.0,2.302585092994046,1.0,1.0,15.0
GHA,Ghana,WCA,2007,45.1,45.5,51.7,8.4,33.5,15.5,0.23087858687852963,1205.31705804209,7.094497930022228,1050.12461524926,6.956664117299285,305.83,4.288,48.8125122665918,2.1,11.7231535267872,5.104,68.361,,,,,57.34096527,26.240601743223692,0,4,1.6094379124341005,12.0,5,1.791759469228055,1,1,15.0,1.0,0.0,0.0,0.6931471805599453,0.0,0.0,7.0,6.0,6.0,3.0,2.0,2.0,1.3862943611198906,1.0986122886681098,1.0986122886681098,1.0,1.0,1.0,1.0,1.0,1.0,8.0,7.0,6.0,26.82969064215807,21.855056148338814,,5.0,1.791759469228055,16.0,11.0,2.4849066497880004,1.0,1.0,16.0
GHA,Ghana,WCA,2008,44.5,45.1,51.1,8.1,34.6,15.3,0.2099548632530921,1282.63416886747,7.156671186674488,1182.65761256016,7.07551939906139,314.58,4.217,49.4708679942306,2.0,12.7707576406742,5.144,68.271,,,,,63.45487595,49.72046707334485,1,4,1.6094379124341005,11.0,5,1.791759469228055,1,1,15.0,3.0,1.0,0.0,1.3862943611198906,0.6931471805599453,0.0,10.0,7.0,6.0,4.0,3.0,2.0,1.6094379124341005,1.3862943611198906,1.0986122886681098,1.0,1.0,1.0,1.0,1.0,1.0,11.0,8.0,7.0,39.91648862395768,26.82969064215807,12.523424756906556,5.0,1.791759469228055,17.0,7.0,2.0794415416798357,1.0,1.0,16.0
GHA,Ghana,WCA,2009,43.7,44.5,50.5,7.9,35.7,15.2,0.18874819012955057,1311.63053760125,7.17902632740855,1047.70430093586,6.954356669472054,340.42,4.179,50.1111250897099,2.0,13.8350497335121,5.362,68.053,,,,,62.44382095,100.0,0,4,1.6094379124341005,11.0,9,2.302585092994046,1,1,15.0,4.0,3.0,0.0,1.6094379124341005,1.3862943611198906,0.0,12.0,10.0,6.0,5.0,4.0,2.0,1.791759469228055,1.6094379124341005,1.0986122886681098,1.0,1.0,1.0,1.0,1.0,1.0,15.0,11.0,7.0,26.240601743223692,39.91648862395768,21.855056148338814,5.0,1.791759469228055,16.0,6.0,1.9459101490553132,1.0,1.0,16.0
GHA,Ghana,WCA,2010,42.9,43.7,49.9,7.6,36.7,15.1,0.1616929311069139,1381.2279503506,7.2307282015915675,1263.89251760539,7.141951537551207,366.4,4.181,50.7296926788704,1.9,14.9161840108112,5.384,67.977,,,,0.7,80.6833725,100.0,0,5,1.791759469228055,16.0,11,2.4849066497880004,1,1,16.0,4.0,4.0,1.0,1.6094379124341005,1.6094379124341005,0.6931471805599453,11.0,12.0,7.0,5.0,5.0,3.0,1.791759469228055,1.791759469228055,1.3862943611198906,1.0,1.0,1.0,1.0,1.0,1.0,15.0,15.0,8.0,49.72046707334485,26.240601743223692,26.82969064215807,5.0,1.791759469228055,16.0,6.0,1.9459101490553132,1.0,1.0,16.0
GHA,Ghana,WCA,2011,42.1,42.9,49.2,7.4,37.7,15.0,0.13636996855930478,1537.81834019283,7.338120028780592,1507.43573198753,7.31816529551182,375.14,4.177,51.3304086646488,1.9,16.0135300837222,4.213,68.756,,,,0.68,91.70959473,100.0,0,5,1.791759469228055,17.0,7,2.0794415416798357,1,1,16.0,4.0,4.0,3.0,1.6094379124341005,1.6094379124341005,1.3862943611198906,11.0,11.0,10.0,9.0,5.0,4.0,2.302585092994046,1.791759469228055,1.6094379124341005,1.0,1.0,1.0,1.0,1.0,1.0,15.0,15.0,11.0,100.0,49.72046707334485,39.91648862395768,6.0,1.9459101490553132,17.0,7.0,2.0794415416798357,1.0,1.0,19.0
GHA,Ghana,WCA,2012,41.3,42.1,48.6,7.2,38.6,14.9,0.1117098713655151,1640.54072088003,7.402781174330231,1543.77524235764,7.341986151567393,367.32,4.154,51.9197918381031,1.9,17.126673080362,3.126,69.474,,,,0.72,81.96895599,100.0,0,5,1.791759469228055,16.0,6,1.9459101490553132,1,1,16.0,5.0,4.0,4.0,1.791759469228055,1.6094379124341005,1.6094379124341005,16.0,11.0,12.0,11.0,9.0,5.0,2.4849066497880004,2.302585092994046,1.791759469228055,1.0,1.0,1.0,1.0,1.0,1.0,16.0,15.0,15.0,100.0,100.0,26.240601743223692,6.0,1.9459101490553132,14.0,6.0,1.9459101490553132,1.0,1.0,19.0
GHA,Ghana,WCA,2013,40.6,41.3,48.1,7.0,39.5,14.8,0.09164176324170697,1718.59704769958,7.449263567025663,2294.79584693743,7.7383991629550435,344.33,4.114,52.4985794475913,1.9,18.2550635017005,2.173,70.094,,,,0.73,105.34784698,100.0,0,5,1.791759469228055,16.0,6,1.9459101490553132,1,1,16.0,5.0,5.0,4.0,1.791759469228055,1.791759469228055,1.6094379124341005,17.0,16.0,11.0,7.0,11.0,5.0,2.0794415416798357,2.4849066497880004,1.791759469228055,1.0,1.0,1.0,1.0,1.0,1.0,16.0,16.0,15.0,100.0,100.0,49.72046707334485,7.0,2.0794415416798357,15.0,9.0,2.302585092994046,1.0,1.0,20.0
GHA,Ghana,WCA,2014,39.8,40.6,47.5,6.8,40.5,14.7,0.06870837808304125,1726.36930134647,7.453775812456562,1949.90832923846,7.575537639805813,313.81,4.029,53.0663398797148,1.8,19.3983890713711,4.403,67.363,,,,0.71,78.46701813,29.796035952984557,1,6,1.9459101490553132,17.0,7,2.0794415416798357,1,1,19.0,5.0,5.0,4.0,1.791759469228055,1.791759469228055,1.6094379124341005,16.0,17.0,11.0,6.0,7.0,9.0,1.9459101490553132,2.0794415416798357,2.302585092994046,1.0,1.0,1.0,1.0,1.0,1.0,16.0,16.0,15.0,100.0,100.0,100.0,8.0,2.1972245773362196,16.0,10.0,2.3978952727983707,1.0,1.0,20.0
GHA,Ghana,WCA,2015,39.1,39.8,47.1,6.6,41.4,14.7,0.05102984734817692,1722.77282833606,7.4516903812515745,1722.77282833606,7.4516903812515745,275.99,3.982,53.6226415210752,1.8,20.556338766229,6.806,64.54,5.1,0.09999999999999964,,0.69,78.21643066,37.92,0,6,1.9459101490553132,14.0,6,1.9459101490553132,1,1,19.0,5.0,5.0,5.0,1.791759469228055,1.791759469228055,1.791759469228055,16.0,16.0,16.0,6.0,6.0,11.0,1.9459101490553132,1.9459101490553132,2.4849066497880004,1.0,1.0,1.0,1.0,1.0,1.0,16.0,16.0,16.0,100.0,100.0,100.0,7.0,2.0794415416798357,15.0,7.0,2.0794415416798357,1.0,1.0,18.0
GHA,Ghana,WCA,2016,38.4,39.1,46.7,6.4,42.3,14.6,0.03335131661331253,1740.81101902928,7.462106386506756,1912.47991339951,7.5561560628478945,244.92,3.873,54.167052758274,1.8,21.7286047018582,5.256,64.488,6.0,0.09999999999999964,,,64.86400604,59.0,0,7,2.0794415416798357,15.0,9,2.302585092994046,1,1,20.0,6.0,5.0,5.0,1.9459101490553132,1.791759469228055,1.791759469228055,17.0,16.0,17.0,7.0,6.0,7.0,2.0794415416798357,1.9459101490553132,2.0794415416798357,1.0,1.0,1.0,1.0,1.0,1.0,19.0,16.0,16.0,29.796035952984557,100.0,100.0,7.0,2.0794415416798357,15.0,7.0,2.0794415416798357,1.0,1.0,17.0
GHA,Ghana,WCA,2017,37.8,38.4,46.3,6.3,43.3,14.6,0.023723783458580283,1841.44636153249,7.518306607865188,2012.28662641265,7.607026979528979,226.19,3.715,54.6991419779128,1.7,22.9147548943672,3.369,64.603,6.9,0.09999999999999964,67.2,,54.10602188,16.141122726669,0,8,2.1972245773362196,16.0,10,2.3978952727983707,1,1,20.0,6.0,6.0,5.0,1.9459101490553132,1.9459101490553132,1.791759469228055,14.0,17.0,16.0,6.0,7.0,6.0,1.9459101490553132,2.0794415416798357,1.9459101490553132,1.0,1.0,1.0,1.0,1.0,1.0,19.0,19.0,16.0,37.92,29.796035952984557,100.0,7.0,2.0794415416798357,15.0,7.0,2.0794415416798357,1.0,1.0,18.0
GHA,Ghana,WCA,2018,37.2,37.8,46.0,6.1,44.2,14.5,0.010637241793697488,1915.4532323781,7.5577095484827375,2195.32166016377,7.694083856988851,212.76,3.65,55.218477566593,1.7,24.1144852694417,3.204,63.191,6.2,0.09999999999999964,66.1,,53.37788773,16.495500810332402,0,7,2.0794415416798357,15.0,7,2.0794415416798357,1,1,18.0,7.0,6.0,5.0,2.0794415416798357,1.9459101490553132,1.791759469228055,15.0,14.0,16.0,9.0,6.0,6.0,2.302585092994046,1.9459101490553132,1.9459101490553132,1.0,1.0,1.0,1.0,1.0,1.0,20.0,19.0,16.0,59.0,37.92,100.0,6.0,1.9459101490553132,14.0,6.0,1.9459101490553132,1.0,1.0,17.0
GHA,Ghana,WCA,2019,36.8,37.2,45.7,6.0,45.2,14.5,0.007804109389984271,1999.55372220211,7.600679295743949,2186.65822682613,7.690129733579404,215.27,3.593,55.7246279109161,1.7,25.327363008811,3.067,61.758,6.0,0.09999999999999964,64.8,,71.14958191,52.828890263389205,0,7,2.0794415416798357,15.0,7,2.0794415416798357,1,1,17.0,8.0,7.0,6.0,2.1972245773362196,2.0794415416798357,1.9459101490553132,16.0,15.0,17.0,10.0,9.0,7.0,2.3978952727983707,2.302585092994046,2.0794415416798357,1.0,1.0,1.0,1.0,1.0,1.0,20.0,20.0,19.0,16.141122726669,59.0,29.796035952984557,6.0,1.9459101490553132,14.0,6.0,1.9459101490553132,1.0,1.0,18.0
GHA,Ghana,WCA,2020,36.4,36.8,45.4,5.9,46.1,14.4,0.0032442649511471022,1970.19411460398,7.585887352209717,2195.45481659987,7.694144509785387,219.63,3.541,56.2171613974837,1.6,26.5532224510153,3.178,59.656,5.6,0.10000000000000053,65.6,,97.37677765,0.0,0,7,2.0794415416798357,15.0,7,2.0794415416798357,1,1,18.0,7.0,8.0,6.0,2.0794415416798357,2.1972245773362196,1.9459101490553132,15.0,16.0,14.0,7.0,10.0,6.0,2.0794415416798357,2.3978952727983707,1.9459101490553132,1.0,1.0,1.0,1.0,1.0,1.0,18.0,20.0,19.0,16.495500810332402,16.141122726669,37.92,6.0,1.9459101490553132,16.0,6.0,1.9459101490553132,1.0,1.0,19.0
GHA,Ghana,WCA,2021,36.1,36.4,45.2,5.8,47.0,,0.003276409582291473,2030.04866500967,7.615815044659655,2445.18662529344,7.801876728359405,212.47,3.492,56.6952556826536,1.6,27.7916388048117,3.2,58.456,7.0,0.5,64.7,,94.40388489,,0,6,1.9459101490553132,14.0,6,1.9459101490553132,1,1,17.0,7.0,7.0,7.0,2.0794415416798357,2.0794415416798357,2.0794415416798357,15.0,15.0,15.0,7.0,7.0,9.0,2.0794415416798357,2.0794415416798357,2.302585092994046,1.0,1.0,1.0,1.0,1.0,1.0,17.0,18.0,20.0,52.828890263389205,16.495500810332402,59.0,6.0,1.9459101490553132,16.0,6.0,1.9459101490553132,1.0,1.0,19.0
GHA,Ghana,WCA,2022,36.0,36.1,45.2,5.6,47.9,,0.008370658489427363,2067.20895855521,7.6339546472453055,2229.89122654479,7.709708085930337,210.79,3.434,57.250609602871,1.6,29.0423190138112,2.87,57.404,8.2,0.6999999999999993,64.7,,82.32108307,,1,6,1.9459101490553132,14.0,6,1.9459101490553132,1,1,18.0,7.0,7.0,8.0,2.0794415416798357,2.0794415416798357,2.1972245773362196,15.0,15.0,16.0,7.0,7.0,10.0,2.0794415416798357,2.0794415416798357,2.3978952727983707,1.0,1.0,1.0,1.0,1.0,1.0,18.0,17.0,20.0,0.0,52.828890263389205,16.141122726669,6.0,1.9459101490553132,17.0,6.0,1.9459101490553132,1.0,1.0,20.0
GHA,Ghana,WCA,2023,36.0,36.0,45.3,,,,,2091.81335596465,7.645786603214523,2383.90410476221,7.776494802863717,194.92,3.397,57.8074737774654,1.5,30.3048454596217,2.829,57.397,9.4,0.8000000000000007,66.4,,70.25730896,,0,6,1.9459101490553132,16.0,6,1.9459101490553132,1,1,19.0,6.0,7.0,7.0,1.9459101490553132,2.0794415416798357,2.0794415416798357,14.0,15.0,15.0,6.0,7.0,7.0,1.9459101490553132,2.0794415416798357,2.0794415416798357,1.0,1.0,1.0,1.0,1.0,1.0,17.0,18.0,18.0,,0.0,16.495500810332402,,,,,,,,
GHA,Ghana,WCA,2024,,36.0,,,,,,2173.00329800201,7.6838654979736445,2419.2518672482,7.791213625590123,195.77,3.344,58.3654868038581,1.5,31.5789404731982,2.82,57.391,8.8,0.10000000000000142,65.8,,,,0,6,1.9459101490553132,16.0,6,1.9459101490553132,1,1,19.0,6.0,6.0,7.0,1.9459101490553132,1.9459101490553132,2.0794415416798357,14.0,14.0,15.0,6.0,6.0,7.0,1.9459101490553132,1.9459101490553132,2.0794415416798357,1.0,1.0,1.0,1.0,1.0,1.0,18.0,17.0,17.0,,,52.828890263389205,,,,,,,,
GHA,Ghana,WCA,2025,,,,,,,,2260.57555903544,7.723374731982462,3257.1588903576,8.088610588353314,,,58.9246861473125,,,2.979,56.781,,,65.8,,,,0,6,1.9459101490553132,17.0,6,1.9459101490553132,1,1,20.0,6.0,6.0,7.0,1.9459101490553132,1.9459101490553132,2.0794415416798357,16.0,14.0,15.0,6.0,6.0,7.0,1.9459101490553132,1.9459101490553132,2.0794415416798357,1.0,1.0,1.0,1.0,1.0,1.0,19.0,18.0,18.0,,,0.0,,,,,,,,
GIN,Guinea,WCA,2000,51.4,,60.8,13.7,14.1,,0.470559245154194,614.137235083638,6.42021841308073,518.157066924026,6.250278414298246,415.77,5.918,30.9231105645224,1.5,9.16230658478803,4.586,61.287,,,,,22.71741867,,0,1,0.6931471805599453,3.0,1,0.6931471805599453,1,1,4.0,,,,,,,,,,,,,,,,,,,,,,,,,,,,1.0,0.6931471805599453,4.0,1.0,0.6931471805599453,1.0,1.0,5.0
GIN,Guinea,WCA,2001,51.0,51.4,60.5,13.5,14.8,,0.4584241027811384,628.320554864936,6.443050473922217,483.085120214741,6.180192870454136,414.39,5.834,31.2176948406254,1.5,9.88629196850462,4.584,61.4,,,,,21.76875114,,0,1,0.6931471805599453,4.0,1,0.6931471805599453,1,1,5.0,,,,,,,,,,,,,,,,,,,,,,,,,,,,1.0,0.6931471805599453,4.0,1.0,0.6931471805599453,1.0,1.0,5.0
GIN,Guinea,WCA,2002,50.7,51.0,60.2,13.3,15.6,,0.4502180841242441,650.554963973291,6.477825789345846,495.916073559269,6.206406705874155,418.97,5.781,31.5131362085814,1.6,10.6114415301292,4.549,61.486,,,,,24.83917809,,0,1,0.6931471805599453,4.0,1,0.6931471805599453,1,1,5.0,1.0,,,0.6931471805599453,,,3.0,,,1.0,,,0.6931471805599453,,,1.0,,,1.0,,,4.0,,,,,,2.0,1.0986122886681098,5.0,2.0,1.0986122886681098,1.0,1.0,6.0
GIN,Guinea,WCA,2003,50.3,50.7,59.8,13.1,16.4,,0.4374200763973681,644.071217908894,6.467809306805135,566.48540588068,6.339451318230974,425.18,5.744,31.8086015036327,1.6,11.3379449716538,4.628,60.818,,,,,25.60194969,0.0,0,1,0.6931471805599453,4.0,1,0.6931471805599453,1,1,5.0,1.0,1.0,,0.6931471805599453,0.6931471805599453,,4.0,3.0,,1.0,1.0,,0.6931471805599453,0.6931471805599453,,1.0,1.0,,1.0,1.0,,5.0,4.0,,,,,3.0,1.3862943611198906,7.0,3.0,1.3862943611198906,1.0,1.0,7.0
GIN,Guinea,WCA,2004,50.0,50.3,59.4,12.8,17.2,,0.4227026064875593,645.182843390689,6.469533754748539,584.897740538081,6.371437029453112,425.36,5.733,32.1032575610216,1.7,12.2068746539465,4.709,60.145,,,,,26.41420937,1.2746132135207424,0,1,0.6931471805599453,4.0,1,0.6931471805599453,1,1,5.0,1.0,1.0,,0.6931471805599453,0.6931471805599453,,4.0,4.0,,1.0,1.0,,0.6931471805599453,0.6931471805599453,,1.0,1.0,,1.0,1.0,,5.0,5.0,,,,,4.0,1.6094379124341005,8.0,4.0,1.6094379124341005,1.0,1.0,8.0
GIN,Guinea,WCA,2005,49.7,50.0,58.9,12.6,18.0,,0.4097174330527773,651.359606871604,6.479061881204382,463.17768685098,6.138110753360537,420.24,5.727,32.3962712159907,1.7,13.0950354311112,4.814,59.452,,,,0.3,19.66388702,7.674273210378243,1,2,1.0986122886681098,5.0,2,1.0986122886681098,1,1,6.0,1.0,1.0,1.0,0.6931471805599453,0.6931471805599453,0.6931471805599453,4.0,4.0,3.0,1.0,1.0,1.0,0.6931471805599453,0.6931471805599453,0.6931471805599453,1.0,1.0,1.0,1.0,1.0,1.0,5.0,5.0,4.0,0.0,,,4.0,1.6094379124341005,8.0,4.0,1.6094379124341005,1.0,1.0,8.0
GIN,Guinea,WCA,2006,49.2,49.7,58.4,12.3,18.8,,0.3882055623919494,645.472001923653,6.469981835099149,446.980554135013,6.102515090613621,404.99,5.704,32.6868093037822,1.7,14.0026334670864,4.863,58.792,,,,,16.15967941,7.7504837358850205,0,3,1.3862943611198906,7.0,3,1.3862943611198906,1,1,7.0,1.0,1.0,1.0,0.6931471805599453,0.6931471805599453,0.6931471805599453,4.0,4.0,4.0,1.0,1.0,1.0,0.6931471805599453,0.6931471805599453,0.6931471805599453,1.0,1.0,1.0,1.0,1.0,1.0,5.0,5.0,5.0,1.2746132135207424,0.0,,5.0,1.791759469228055,9.0,5.0,1.791759469228055,1.0,1.0,9.0
GIN,Guinea,WCA,2007,48.7,49.2,57.8,12.1,19.6,,0.3684259882061488,673.698997420626,6.5127834197966274,650.148575304743,6.477200914161763,384.49,5.664,32.9740386596386,1.7,14.9294878110963,4.787,58.205,,,,,22.64143372,0.0,0,4,1.6094379124341005,8.0,4,1.6094379124341005,1,1,8.0,2.0,1.0,1.0,1.0986122886681098,0.6931471805599453,0.6931471805599453,5.0,4.0,4.0,2.0,1.0,1.0,1.0986122886681098,0.6931471805599453,0.6931471805599453,1.0,1.0,1.0,1.0,1.0,1.0,6.0,5.0,5.0,7.674273210378243,1.2746132135207424,,5.0,1.791759469228055,9.0,5.0,1.791759469228055,1.0,1.0,10.0
GIN,Guinea,WCA,2008,48.2,48.7,57.3,11.8,20.4,,0.34691411754532087,684.775780377366,6.529091456762496,703.532825784369,6.556114536140167,378.78,5.596,33.2571261188022,1.7,15.8756067639013,4.803,57.557,,,,,22.97397041,8.3091562650845,0,4,1.6094379124341005,8.0,4,1.6094379124341005,1,1,8.0,3.0,2.0,1.0,1.3862943611198906,1.0986122886681098,0.6931471805599453,7.0,5.0,4.0,3.0,2.0,1.0,1.3862943611198906,1.0986122886681098,0.6931471805599453,1.0,1.0,1.0,1.0,1.0,1.0,7.0,6.0,5.0,7.7504837358850205,7.674273210378243,0.0,4.0,1.6094379124341005,8.0,4.0,1.6094379124341005,1.0,1.0,9.0
GIN,Guinea,WCA,2009,47.6,48.2,56.7,11.6,21.1,,0.3232054196433587,660.756701330284,6.493385695438696,662.185914665575,6.495546354372843,393.8,5.528,33.5352385165154,1.7,16.8410008400224,4.914,56.849,,,,,23.71565628,13.484850549340749,0,5,1.791759469228055,9.0,5,1.791759469228055,1,1,9.0,4.0,3.0,1.0,1.6094379124341005,1.3862943611198906,0.6931471805599453,8.0,7.0,4.0,4.0,3.0,1.0,1.6094379124341005,1.3862943611198906,0.6931471805599453,1.0,1.0,1.0,1.0,1.0,1.0,8.0,7.0,5.0,0.0,7.7504837358850205,1.2746132135207424,5.0,1.791759469228055,10.0,5.0,1.791759469228055,1.0,1.0,10.0
GIN,Guinea,WCA,2010,47.0,47.6,56.1,11.3,21.9,,0.2971015599125494,675.736917327708,6.515803824743778,659.235326211315,6.491080566678987,415.74,5.435,33.8075426880206,1.7,17.8258882415396,5.018,56.142,,,,,22.59741783,72.31135665162519,0,5,1.791759469228055,9.0,5,1.791759469228055,1,1,10.0,4.0,4.0,2.0,1.6094379124341005,1.6094379124341005,1.0986122886681098,8.0,8.0,5.0,4.0,4.0,2.0,1.6094379124341005,1.6094379124341005,1.0986122886681098,1.0,1.0,1.0,1.0,1.0,1.0,8.0,8.0,6.0,8.3091562650845,0.0,7.674273210378243,4.0,1.6094379124341005,12.0,4.0,1.6094379124341005,1.0,1.0,12.0
GIN,Guinea,WCA,2011,46.5,47.0,55.4,11.1,22.6,,0.2732056963026809,696.199991395571,6.545636963018205,636.694958747648,6.456290669208766,428.78,5.337,34.0732054685603,1.7,18.8300745161128,5.024,55.492,,,,0.3,24.12806129,0.0,0,4,1.6094379124341005,8.0,4,1.6094379124341005,1,1,9.0,5.0,4.0,3.0,1.791759469228055,1.6094379124341005,1.3862943611198906,9.0,8.0,7.0,5.0,4.0,3.0,1.791759469228055,1.6094379124341005,1.3862943611198906,1.0,1.0,1.0,1.0,1.0,1.0,9.0,8.0,7.0,13.484850549340749,8.3091562650845,7.7504837358850205,5.0,1.791759469228055,12.0,5.0,1.791759469228055,1.0,1.0,13.0
GIN,Guinea,WCA,2012,46.1,46.5,54.8,10.8,23.3,,0.2497799478988229,719.505916794546,6.578564749774563,699.353377212197,6.550156161286645,431.75,5.232,34.3313936933767,1.7,19.8535699723585,4.874,54.928,,,,,23.70012856,25.158859521586308,1,5,1.791759469228055,10.0,5,1.791759469228055,1,1,10.0,5.0,5.0,4.0,1.791759469228055,1.791759469228055,1.6094379124341005,9.0,9.0,8.0,5.0,5.0,4.0,1.791759469228055,1.791759469228055,1.6094379124341005,1.0,1.0,1.0,1.0,1.0,1.0,10.0,9.0,8.0,72.31135665162519,13.484850549340749,0.0,6.0,1.9459101490553132,14.0,6.0,1.9459101490553132,1.0,1.0,15.0
GIN,Guinea,WCA,2013,45.7,46.1,54.2,10.6,24.0,,0.23047607335893588,729.833143236326,6.592815937106983,748.455020824734,6.618011109635536,413.73,5.151,34.5812741977122,1.7,20.8963805102335,4.944,54.234,,,,,25.90467834,100.0,0,4,1.6094379124341005,12.0,4,1.6094379124341005,1,1,12.0,4.0,5.0,4.0,1.6094379124341005,1.791759469228055,1.6094379124341005,8.0,9.0,8.0,4.0,5.0,4.0,1.6094379124341005,1.791759469228055,1.6094379124341005,1.0,1.0,1.0,1.0,1.0,1.0,9.0,10.0,8.0,0.0,72.31135665162519,8.3091562650845,6.0,1.9459101490553132,14.0,12.0,2.5649493574615367,1.0,1.0,14.0
GIN,Guinea,WCA,2014,45.5,45.7,53.7,10.4,24.8,,0.21969331160519157,738.272274481308,6.604312692171993,765.146999389279,6.640067971431341,396.69,5.07,34.8177920826682,1.7,21.958517184142,5.044,53.521,,,,,36.63517761,11.618332651990965,0,5,1.791759469228055,12.0,5,1.791759469228055,1,1,13.0,5.0,4.0,5.0,1.791759469228055,1.6094379124341005,1.791759469228055,10.0,8.0,9.0,5.0,4.0,5.0,1.791759469228055,1.6094379124341005,1.791759469228055,1.0,1.0,1.0,1.0,1.0,1.0,10.0,9.0,9.0,25.158859521586308,0.0,13.484850549340749,5.0,1.791759469228055,13.0,11.0,2.4849066497880004,1.0,1.0,13.0
GIN,Guinea,WCA,2015,45.3,45.5,53.1,10.2,25.6,,0.2065209724625033,747.356966759448,6.616542938138529,747.356966759448,6.616542938138529,384.39,5.002,35.0373191833496,1.7,23.0429534538905,5.15,52.804,,,,,43.41540527,41.01,0,6,1.9459101490553132,14.0,6,1.9459101490553132,1,1,15.0,4.0,5.0,5.0,1.6094379124341005,1.791759469228055,1.791759469228055,12.0,10.0,9.0,4.0,5.0,5.0,1.6094379124341005,1.791759469228055,1.791759469228055,1.0,1.0,1.0,1.0,1.0,1.0,12.0,10.0,10.0,100.0,25.158859521586308,72.31135665162519,5.0,1.791759469228055,13.0,5.0,1.791759469228055,1.0,1.0,12.0
GIN,Guinea,WCA,2016,45.2,45.3,52.6,10.0,26.5,,0.19966733442492063,807.236421043888,6.693616588244367,711.996509782316,6.568073009408832,366.52,4.915,35.3100280761719,1.6,24.1498387012441,4.997,52.228,,,,,38.42609406,88.29,0,6,1.9459101490553132,14.0,12,2.5649493574615367,1,1,14.0,5.0,4.0,4.0,1.791759469228055,1.6094379124341005,1.6094379124341005,12.0,12.0,8.0,5.0,4.0,4.0,1.791759469228055,1.6094379124341005,1.6094379124341005,1.0,1.0,1.0,1.0,1.0,1.0,13.0,12.0,9.0,11.618332651990965,100.0,0.0,5.0,1.791759469228055,13.0,5.0,1.791759469228055,1.0,1.0,12.0
GIN,Guinea,WCA,2017,45.0,45.2,52.0,9.8,27.4,,0.18822170731735638,867.907502577607,6.766085145131337,833.598621691121,6.725752017556182,358.48,4.793,35.5827331542969,1.6,25.2793165342665,4.86,51.64,,,47.1,,32.63646317,99.49,0,5,1.791759469228055,13.0,11,2.4849066497880004,1,1,13.0,6.0,5.0,5.0,1.9459101490553132,1.791759469228055,1.791759469228055,14.0,12.0,10.0,6.0,5.0,5.0,1.9459101490553132,1.791759469228055,1.791759469228055,1.0,1.0,1.0,1.0,1.0,1.0,15.0,13.0,10.0,41.01,11.618332651990965,25.158859521586308,5.0,1.791759469228055,12.0,5.0,1.791759469228055,1.0,1.0,11.0
GIN,Guinea,WCA,2018,45.0,45.0,51.5,9.6,28.3,,0.18357048096081108,899.907328045175,6.802291789183961,933.273615633705,6.8386984221985685,350.28,4.669,35.8554382324219,1.6,26.4315341873572,4.835,50.989,,,46.4,,34.88978195,99.9873242845806,1,5,1.791759469228055,13.0,5,1.791759469228055,1,1,12.0,6.0,6.0,4.0,1.9459101490553132,1.9459101490553132,1.6094379124341005,14.0,14.0,12.0,12.0,6.0,4.0,2.5649493574615367,1.9459101490553132,1.6094379124341005,1.0,1.0,1.0,1.0,1.0,1.0,14.0,15.0,12.0,88.29,41.01,100.0,5.0,1.791759469228055,12.0,5.0,1.791759469228055,1.0,1.0,11.0
GIN,Guinea,WCA,2019,44.9,45.0,51.1,9.4,29.3,,0.1808331323472959,926.42221954853,6.831330091363277,1031.34146480732,6.938615626862378,321.2,4.576,36.1281547546387,1.5,27.6063983510435,5.018,50.225,,,45.4,,42.16910172,0.0,0,5,1.791759469228055,13.0,5,1.791759469228055,1,1,12.0,5.0,6.0,5.0,1.791759469228055,1.9459101490553132,1.791759469228055,13.0,14.0,12.0,11.0,12.0,5.0,2.4849066497880004,2.5649493574615367,1.791759469228055,1.0,1.0,1.0,1.0,1.0,1.0,13.0,14.0,13.0,99.49,88.29,11.618332651990965,5.0,1.791759469228055,12.0,5.0,1.791759469228055,1.0,1.0,11.0
GIN,Guinea,WCA,2020,45.0,44.9,50.7,9.2,30.3,,0.182500607095856,945.570903389665,6.851788875651407,1053.66097696415,6.9600260236254465,304.94,4.489,36.4802208060551,1.5,28.8045342946628,6.007,49.23,,,45.4,,41.1027565,80.74933844607945,0,5,1.791759469228055,12.0,5,1.791759469228055,1,1,11.0,5.0,5.0,6.0,1.791759469228055,1.791759469228055,1.9459101490553132,13.0,13.0,14.0,5.0,11.0,6.0,1.791759469228055,2.4849066497880004,1.9459101490553132,1.0,1.0,1.0,1.0,1.0,1.0,12.0,13.0,15.0,99.9873242845806,99.49,41.01,5.0,1.791759469228055,12.0,5.0,1.791759469228055,1.0,1.0,11.0
GIN,Guinea,WCA,2021,45.1,45.0,50.4,9.0,31.3,,0.18655765923335965,973.646890096159,6.881048702074966,1244.96550477914,7.126863101510255,294.45,4.399,36.8502178436256,1.5,30.0258495167405,5.815,49.564,,,45.1,,44.10476303,97.10834573865556,0,5,1.791759469228055,12.0,5,1.791759469228055,1,1,11.0,5.0,5.0,6.0,1.791759469228055,1.791759469228055,1.9459101490553132,13.0,13.0,14.0,5.0,5.0,12.0,1.791759469228055,1.791759469228055,2.5649493574615367,1.0,1.0,1.0,1.0,1.0,1.0,12.0,12.0,14.0,0.0,99.9873242845806,88.29,5.0,1.791759469228055,12.0,5.0,1.791759469228055,1.0,1.0,11.0
GIN,Guinea,WCA,2022,45.3,45.1,50.2,8.8,32.3,,0.19520670044084465,987.502501465337,6.895179029901524,1416.59612011764,7.256012174446394,285.7,4.303,37.2384967469106,1.4,31.2707423118105,5.174,50.087,,,45.9,,53.2922287,89.46,0,5,1.791759469228055,12.0,5,1.791759469228055,1,1,11.0,5.0,5.0,5.0,1.791759469228055,1.791759469228055,1.791759469228055,12.0,13.0,13.0,5.0,5.0,11.0,1.791759469228055,1.791759469228055,2.4849066497880004,1.0,1.0,1.0,1.0,1.0,1.0,11.0,12.0,13.0,80.74933844607945,0.0,99.49,4.0,1.6094379124341005,11.0,4.0,1.6094379124341005,1.0,1.0,10.0
GIN,Guinea,WCA,2023,45.7,45.3,50.2,,,,,1016.88094800324,6.924495327252559,1555.49375806861,7.349548303516146,285.5,4.217,37.6454083954705,1.4,32.538855541003,5.141,50.096,,,48.6,,59.33010101,75.01,0,5,1.791759469228055,12.0,5,1.791759469228055,1,1,11.0,5.0,5.0,5.0,1.791759469228055,1.791759469228055,1.791759469228055,12.0,12.0,13.0,5.0,5.0,5.0,1.791759469228055,1.791759469228055,1.791759469228055,1.0,1.0,1.0,1.0,1.0,1.0,11.0,11.0,12.0,97.10834573865556,80.74933844607945,99.9873242845806,,,,,,,,
GIN,Guinea,WCA,2024,,45.7,,,,,,1045.92207475792,6.952654143530342,1694.95375862185,7.43541073839336,286.08,4.131,38.0713036688655,1.3,32.6496371481415,5.132,50.083,,,50.4,,,83.17,0,5,1.791759469228055,12.0,5,1.791759469228055,1,1,11.0,5.0,5.0,5.0,1.791759469228055,1.791759469228055,1.791759469228055,12.0,12.0,13.0,5.0,5.0,5.0,1.791759469228055,1.791759469228055,1.791759469228055,1.0,1.0,1.0,1.0,1.0,1.0,11.0,11.0,12.0,89.46,97.10834573865556,0.0,,,,,,,,
GIN,Guinea,WCA,2025,,,,,,,,1098.14023541721,7.001373332873312,1877.2541220972,7.537565414794442,,,38.5165334466562,,,5.163,49.894,,,50.3,,,,0,4,1.6094379124341005,11.0,4,1.6094379124341005,1,1,10.0,5.0,5.0,5.0,1.791759469228055,1.791759469228055,1.791759469228055,12.0,12.0,12.0,5.0,5.0,5.0,1.791759469228055,1.791759469228055,1.791759469228055,1.0,1.0,1.0,1.0,1.0,1.0,11.0,11.0,11.0,75.01,89.46,80.74933844607945,,,,,,,,
GMB,Gambia,WCA,2000,60.6,,66.7,15.5,17.5,14.5,0.9470681245030212,659.911237641141,6.492105337553578,538.054072348854,6.287959061336008,309.72,5.716,46.9722332873784,1.6,51.0627069646761,9.722,43.707,,,,,74.83678436,,0,1,0.6931471805599453,2.0,1,0.6931471805599453,1,0,1.0,,,,,,,,,,,,,,,,,,,,,,,,,,,,1.0,0.6931471805599453,1.0,1.0,0.6931471805599453,1.0,0.0,1.0
GMB,Gambia,WCA,2001,60.1,60.6,66.3,15.3,18.6,14.4,0.9372478412004797,679.539755947951,6.521415739529363,459.803068381399,6.1307982856025935,301.46,5.67,48.3491979765917,1.7,49.9139746844975,9.64,43.756,,,,,55.65046692,,0,1,0.6931471805599453,1.0,1,0.6931471805599453,1,0,1.0,,,,,,,,,,,,,,,,,,,,,,,,,,,,1.0,0.6931471805599453,1.0,1.0,0.6931471805599453,1.0,0.0,1.0
GMB,Gambia,WCA,2002,59.6,60.1,65.9,15.2,19.8,14.3,0.9332761437970333,640.03893213613,6.461529005966263,376.531026962584,5.9310004527756846,293.32,5.656,49.5731153377033,1.8,48.7879556235198,10.039,43.487,,,,,35.99459839,,0,1,0.6931471805599453,1.0,1,0.6931471805599453,1,0,1.0,1.0,,,0.6931471805599453,,,2.0,,,1.0,,,0.6931471805599453,,,1.0,,,0.0,,,1.0,,,,,,1.0,0.6931471805599453,1.0,1.0,0.6931471805599453,1.0,0.0,1.0
GMB,Gambia,WCA,2003,59.1,59.6,65.5,14.9,21.0,14.2,0.9210606986656448,665.834222326194,6.501040724129667,308.719123437587,5.7324318778809005,285.25,5.656,50.6010077995371,1.9,47.7243148779708,9.991,43.518,,,,,28.3001461,12.538850427521442,0,1,0.6931471805599453,1.0,1,0.6931471805599453,1,0,1.0,1.0,1.0,,0.6931471805599453,0.6931471805599453,,1.0,2.0,,1.0,1.0,,0.6931471805599453,0.6931471805599453,,1.0,1.0,,0.0,0.0,,1.0,1.0,,,,,1.0,0.6931471805599453,4.0,1.0,0.6931471805599453,1.0,1.0,4.0
GMB,Gambia,WCA,2004,58.6,59.1,65.0,14.7,22.3,14.2,0.9123042620444073,693.563314497133,6.5418425326274106,593.285346326581,6.38567547436963,277.25,5.683,51.5062022597801,1.9,46.6954252889106,9.948,43.543,,,,,32.15613174,11.66083290191806,0,1,0.6931471805599453,1.0,1,0.6931471805599453,1,0,1.0,1.0,1.0,,0.6931471805599453,0.6931471805599453,,1.0,1.0,,1.0,1.0,,0.6931471805599453,0.6931471805599453,,1.0,1.0,,0.0,0.0,,1.0,1.0,,,,,1.0,0.6931471805599453,4.0,1.0,0.6931471805599453,1.0,1.0,5.0
GMB,Gambia,WCA,2005,58.1,58.6,64.5,14.4,23.5,14.2,0.897699239524075,658.676285443081,6.490232192938562,616.483657865348,6.424031814329859,269.36,5.708,52.3582132660613,2.0,46.5783414763304,9.92,43.475,,,,,33.2039566,5.231767290990897,0,1,0.6931471805599453,1.0,1,0.6931471805599453,1,0,1.0,1.0,1.0,1.0,0.6931471805599453,0.6931471805599453,0.6931471805599453,1.0,1.0,2.0,1.0,1.0,1.0,0.6931471805599453,0.6931471805599453,0.6931471805599453,1.0,1.0,1.0,0.0,0.0,0.0,1.0,1.0,1.0,12.538850427521442,,,1.0,0.6931471805599453,4.0,1.0,0.6931471805599453,1.0,1.0,5.0
GMB,Gambia,WCA,2006,57.4,58.1,64.0,14.1,24.8,14.1,0.8804161056767916,636.596026908866,6.4561352737177184,614.544307904464,6.420881030400967,261.65,5.736,53.1603285370566,2.0,46.4862604097152,10.241,43.253,,,,,33.41355896,21.03016416083367,0,1,0.6931471805599453,4.0,1,0.6931471805599453,1,1,4.0,1.0,1.0,1.0,0.6931471805599453,0.6931471805599453,0.6931471805599453,1.0,1.0,1.0,1.0,1.0,1.0,0.6931471805599453,0.6931471805599453,0.6931471805599453,1.0,1.0,1.0,0.0,0.0,0.0,1.0,1.0,1.0,11.66083290191806,12.538850427521442,,1.0,0.6931471805599453,4.0,1.0,0.6931471805599453,1.0,1.0,5.0
GMB,Gambia,WCA,2007,56.8,57.4,63.5,13.9,26.1,14.0,0.8694572573745167,637.20930597537,6.45709818241037,724.726407242432,6.585794214312171,254.15,5.685,53.9196109423854,2.0,46.4185276331036,10.425,43.126,,,,,35.91078568,0.0,0,1,0.6931471805599453,4.0,1,0.6931471805599453,1,1,5.0,1.0,1.0,1.0,0.6931471805599453,0.6931471805599453,0.6931471805599453,1.0,1.0,1.0,1.0,1.0,1.0,0.6931471805599453,0.6931471805599453,0.6931471805599453,1.0,1.0,1.0,0.0,0.0,0.0,1.0,1.0,1.0,5.231767290990897,11.66083290191806,,1.0,0.6931471805599453,7.0,1.0,0.6931471805599453,1.0,1.0,7.0
GMB,Gambia,WCA,2008,56.0,56.8,63.0,13.6,27.3,13.9,0.8482449998110719,657.675679192228,6.48871192105011,859.127671411226,6.755917538892748,246.86,5.625,54.6431233516671,2.0,46.3744960730948,10.065,43.287,,,,,40.0297699,15.18479923932351,0,1,0.6931471805599453,4.0,1,0.6931471805599453,1,1,5.0,1.0,1.0,1.0,0.6931471805599453,0.6931471805599453,0.6931471805599453,4.0,1.0,1.0,1.0,1.0,1.0,0.6931471805599453,0.6931471805599453,0.6931471805599453,1.0,1.0,1.0,1.0,0.0,0.0,4.0,1.0,1.0,21.03016416083367,5.231767290990897,12.538850427521442,3.0,1.3862943611198906,10.0,3.0,1.3862943611198906,1.0,1.0,10.0
GMB,Gambia,WCA,2009,55.3,56.0,62.5,13.3,28.4,13.9,0.8275084418935407,681.433469086571,6.5241986221400285,774.888030908091,6.652718542668024,239.74,5.574,55.3379286345209,2.0,46.3534874804285,9.778,43.415,,,,,34.59326172,0.0,0,1,0.6931471805599453,4.0,1,0.6931471805599453,1,1,5.0,1.0,1.0,1.0,0.6931471805599453,0.6931471805599453,0.6931471805599453,4.0,4.0,1.0,1.0,1.0,1.0,0.6931471805599453,0.6931471805599453,0.6931471805599453,1.0,1.0,1.0,1.0,1.0,0.0,5.0,4.0,1.0,0.0,21.03016416083367,11.66083290191806,3.0,1.3862943611198906,10.0,3.0,1.3862943611198906,1.0,1.0,9.0
GMB,Gambia,WCA,2010,54.5,55.3,62.0,13.1,29.6,13.8,0.8104180581940668,701.014524591061,6.552528606636002,801.033372714536,6.68590261001385,232.81,5.558,56.0110896605662,2.0,46.3547731022519,9.673,43.452,,,,,32.99832535,100.0,0,1,0.6931471805599453,7.0,1,0.6931471805599453,1,1,7.0,1.0,1.0,1.0,0.6931471805599453,0.6931471805599453,0.6931471805599453,4.0,4.0,1.0,1.0,1.0,1.0,0.6931471805599453,0.6931471805599453,0.6931471805599453,1.0,1.0,1.0,1.0,1.0,0.0,5.0,5.0,1.0,15.18479923932351,0.0,5.231767290990897,3.0,1.3862943611198906,10.0,3.0,1.3862943611198906,1.0,1.0,9.0
GMB,Gambia,WCA,2011,53.8,54.5,61.4,12.8,30.6,13.7,0.7855652108524678,625.464360270983,6.438494350299619,710.608411468152,6.5661215206518975,238.87,5.542,56.6696692994225,2.0,46.3775424677641,10.276,43.029,,,,,31.05148888,0.0,0,3,1.3862943611198906,10.0,3,1.3862943611198906,1,1,10.0,1.0,1.0,1.0,0.6931471805599453,0.6931471805599453,0.6931471805599453,4.0,4.0,4.0,1.0,1.0,1.0,0.6931471805599453,0.6931471805599453,0.6931471805599453,1.0,1.0,1.0,1.0,1.0,1.0,5.0,5.0,4.0,0.0,15.18479923932351,21.03016416083367,3.0,1.3862943611198906,10.0,3.0,1.3862943611198906,1.0,1.0,9.0
GMB,Gambia,WCA,2012,53.1,53.8,60.9,12.6,31.7,13.7,0.7689505267989074,639.139881889048,6.460123337915383,692.579361628102,6.540422833124257,256.47,5.519,57.3207304207091,2.0,46.4212058311807,10.346,42.988,,,,,29.56409264,0.0,0,3,1.3862943611198906,10.0,3,1.3862943611198906,1,1,9.0,1.0,1.0,1.0,0.6931471805599453,0.6931471805599453,0.6931471805599453,7.0,4.0,4.0,1.0,1.0,1.0,0.6931471805599453,0.6931471805599453,0.6931471805599453,1.0,1.0,1.0,1.0,1.0,1.0,7.0,5.0,5.0,100.0,0.0,0.0,3.0,1.3862943611198906,10.0,3.0,1.3862943611198906,1.0,1.0,9.0
GMB,Gambia,WCA,2013,52.4,53.1,60.3,12.4,32.7,13.7,0.7482195533212794,638.522368532214,6.459156707798993,653.862713272743,6.482897410878011,204.12,5.392,57.970305611505,1.9,46.4844347761008,9.454,43.392,,,,,25.59075928,0.0,1,3,1.3862943611198906,10.0,3,1.3862943611198906,1,1,9.0,3.0,1.0,1.0,1.3862943611198906,0.6931471805599453,0.6931471805599453,10.0,7.0,4.0,3.0,1.0,1.0,1.3862943611198906,0.6931471805599453,0.6931471805599453,1.0,1.0,1.0,1.0,1.0,1.0,10.0,7.0,5.0,0.0,100.0,15.18479923932351,1.0,0.6931471805599453,8.0,2.0,1.0986122886681098,1.0,1.0,8.0
GMB,Gambia,WCA,2014,51.7,52.4,59.8,12.2,33.8,13.6,0.7316048692677192,611.879472952196,6.416535323496578,568.00453558864,6.342129403880538,140.32,5.197,58.6141799655551,1.9,46.5660263360159,8.191,43.934,,,,1.05,17.33743477,0.0,0,3,1.3862943611198906,10.0,3,1.3862943611198906,1,1,9.0,3.0,3.0,1.0,1.3862943611198906,1.3862943611198906,0.6931471805599453,10.0,10.0,4.0,3.0,3.0,1.0,1.3862943611198906,1.3862943611198906,0.6931471805599453,1.0,1.0,1.0,1.0,1.0,1.0,9.0,10.0,5.0,0.0,0.0,0.0,1.0,0.6931471805599453,8.0,2.0,1.0986122886681098,1.0,1.0,7.0
GMB,Gambia,WCA,2015,51.0,51.7,59.2,12.1,34.9,13.6,0.7167224816891861,619.536364296461,6.428971398775769,619.536364296461,6.428971398775769,202.51,5.003,59.2458499408388,1.9,46.6646737011035,7.226,44.378,,,,1.02,19.67725563,0.0,0,3,1.3862943611198906,10.0,3,1.3862943611198906,1,1,9.0,3.0,3.0,1.0,1.3862943611198906,1.3862943611198906,0.6931471805599453,10.0,10.0,7.0,3.0,3.0,1.0,1.3862943611198906,1.3862943611198906,0.6931471805599453,1.0,1.0,1.0,1.0,1.0,1.0,9.0,9.0,7.0,0.0,0.0,100.0,1.0,0.6931471805599453,10.0,1.0,0.6931471805599453,1.0,1.0,8.0
GMB,Gambia,WCA,2016,50.3,51.0,58.5,11.9,36.0,13.5,0.6953286428577381,615.193365494386,6.421936633826368,650.056501323611,6.477059284225161,130.07,4.809,59.8652472486563,1.8,46.7787647028692,6.244,44.809,23.6,-0.5,,1.08,20.77086067,0.0,0,1,0.6931471805599453,8.0,2,1.0986122886681098,1,1,8.0,3.0,3.0,3.0,1.3862943611198906,1.3862943611198906,1.3862943611198906,10.0,10.0,10.0,3.0,3.0,3.0,1.3862943611198906,1.3862943611198906,1.3862943611198906,1.0,1.0,1.0,1.0,1.0,1.0,9.0,9.0,10.0,0.0,0.0,0.0,2.0,1.0986122886681098,14.0,2.0,1.0986122886681098,1.0,1.0,11.0
GMB,Gambia,WCA,2017,49.5,50.3,57.9,11.7,37.1,13.5,0.6741219697341964,628.777299272925,6.44377713879812,642.522641296331,6.4654020555202045,63.21,4.614,60.471712657237,1.8,46.9072182092037,5.097,45.339,23.6,-0.5,43.6,,21.55331612,65.9789097564164,0,1,0.6931471805599453,8.0,2,1.0986122886681098,1,1,7.0,3.0,3.0,3.0,1.3862943611198906,1.3862943611198906,1.3862943611198906,10.0,10.0,10.0,3.0,3.0,3.0,1.3862943611198906,1.3862943611198906,1.3862943611198906,1.0,1.0,1.0,1.0,1.0,1.0,9.0,9.0,9.0,0.0,0.0,0.0,3.0,1.3862943611198906,16.0,3.0,1.3862943611198906,1.0,1.0,12.0
GMB,Gambia,WCA,2018,48.9,49.5,57.3,11.6,38.2,13.4,0.6614419938367008,658.127833258563,6.489399187925223,696.219806960615,6.545665425074072,81.75,4.42,61.0645869348107,1.7,47.0485303132535,4.055,45.833,24.6,-1.5,42.7,,22.17474365,77.6541073092797,0,1,0.6931471805599453,10.0,1,0.6931471805599453,1,1,8.0,1.0,3.0,3.0,0.6931471805599453,1.3862943611198906,1.3862943611198906,8.0,10.0,10.0,2.0,3.0,3.0,1.0986122886681098,1.3862943611198906,1.3862943611198906,1.0,1.0,1.0,1.0,1.0,1.0,8.0,9.0,9.0,0.0,0.0,0.0,4.0,1.6094379124341005,13.0,4.0,1.6094379124341005,1.0,1.0,10.0
GMB,Gambia,WCA,2019,48.1,48.9,56.5,11.4,39.4,13.3,0.6371828779703956,682.797642940426,6.526198538864571,738.186751987483,6.604196844061903,44.76,4.33,61.643210849607,1.6,47.2014093425827,4.481,45.613,25.7,-2.5,42.1,0.96,23.21861267,0.0,1,2,1.0986122886681098,14.0,2,1.0986122886681098,1,1,11.0,1.0,1.0,3.0,0.6931471805599453,0.6931471805599453,1.3862943611198906,8.0,8.0,10.0,2.0,2.0,3.0,1.0986122886681098,1.0986122886681098,1.3862943611198906,1.0,1.0,1.0,1.0,1.0,1.0,7.0,8.0,9.0,65.9789097564164,0.0,0.0,4.0,1.6094379124341005,13.0,4.0,1.6094379124341005,1.0,1.0,10.0
GMB,Gambia,WCA,2020,47.4,48.1,55.8,11.3,40.5,13.2,0.6199109130029186,670.758642891251,6.508409374636435,720.335143352133,6.5797165805873075,83.83,4.248,62.2069251698555,1.6,47.3645750957407,5.84,44.891,27.1,-3.400000000000002,44.8,1.14,28.9169693,0.0,0,3,1.3862943611198906,16.0,3,1.3862943611198906,1,1,12.0,1.0,1.0,3.0,0.6931471805599453,0.6931471805599453,1.3862943611198906,10.0,8.0,10.0,1.0,2.0,3.0,0.6931471805599453,1.0986122886681098,1.3862943611198906,1.0,1.0,1.0,1.0,1.0,1.0,8.0,7.0,9.0,77.6541073092797,65.9789097564164,0.0,4.0,1.6094379124341005,13.0,4.0,1.6094379124341005,1.0,1.0,10.0
GMB,Gambia,WCA,2021,46.7,47.4,55.1,11.2,41.7,,0.6043656600705657,689.49323955737,6.535956892337384,781.890925169531,6.661715248936414,62.48,4.165,62.7550706637859,1.5,47.5364188505618,6.213,44.677,27.0,0.10000000000000142,44.7,1.18,29.77283478,42.7554235074149,0,4,1.6094379124341005,13.0,4,1.6094379124341005,1,1,10.0,2.0,1.0,1.0,1.0986122886681098,0.6931471805599453,0.6931471805599453,14.0,10.0,8.0,2.0,1.0,2.0,1.0986122886681098,0.6931471805599453,1.0986122886681098,1.0,1.0,1.0,1.0,1.0,1.0,11.0,8.0,8.0,0.0,77.6541073092797,0.0,4.0,1.6094379124341005,13.0,4.0,1.6094379124341005,1.0,1.0,10.0
GMB,Gambia,WCA,2022,46.3,46.7,54.5,11.0,42.8,,0.591968633671174,710.686979216316,6.566232078596093,836.244875868476,6.728921483912127,95.52,4.078,63.2869880996278,1.4,47.7159912011406,6.067,44.71,25.5,0.7999999999999972,44.5,,29.57811737,0.0,0,4,1.6094379124341005,13.0,4,1.6094379124341005,1,1,10.0,3.0,2.0,1.0,1.3862943611198906,1.0986122886681098,0.6931471805599453,16.0,14.0,8.0,3.0,2.0,2.0,1.3862943611198906,1.0986122886681098,1.0986122886681098,1.0,1.0,1.0,1.0,1.0,1.0,12.0,11.0,7.0,0.0,0.0,65.9789097564164,4.0,1.6094379124341005,13.0,4.0,1.6094379124341005,1.0,1.0,10.0
GMB,Gambia,WCA,2023,46.1,46.3,54.1,,,,,735.612384062616,6.600703327910118,883.024111978927,6.783352507115536,87.51,4.006,63.8020182456108,1.4,47.9457928819298,6.479,44.469,21.7,2.0,44.8,1.11,25.74407768,0.0,0,4,1.6094379124341005,13.0,4,1.6094379124341005,1,1,10.0,4.0,3.0,1.0,1.6094379124341005,1.3862943611198906,0.6931471805599453,13.0,16.0,10.0,4.0,3.0,1.0,1.6094379124341005,1.3862943611198906,0.6931471805599453,1.0,1.0,1.0,1.0,1.0,1.0,10.0,12.0,8.0,42.7554235074149,0.0,77.6541073092797,,,,,,,,
GMB,Gambia,WCA,2024,,46.1,,,,,,758.965888826955,6.6319568341287205,871.340287547821,6.770032586602595,75.44,3.907,64.2994103409645,1.3,48.1711442175538,6.48,44.428,17.6,-0.5999999999999979,45.0,,,43.25,0,4,1.6094379124341005,13.0,4,1.6094379124341005,1,1,10.0,4.0,4.0,2.0,1.6094379124341005,1.6094379124341005,1.0986122886681098,13.0,13.0,14.0,4.0,4.0,2.0,1.6094379124341005,1.6094379124341005,1.0986122886681098,1.0,1.0,1.0,1.0,1.0,1.0,10.0,10.0,11.0,0.0,42.7554235074149,0.0,,,,,,,,
GMB,Gambia,WCA,2025,,,,,,,,786.0058158504,6.666964191702595,919.060423427951,6.823351869299805,,,64.9884861325581,,,6.521,44.362,,,43.7,,,,0,4,1.6094379124341005,13.0,4,1.6094379124341005,1,1,10.0,4.0,4.0,3.0,1.6094379124341005,1.6094379124341005,1.3862943611198906,13.0,13.0,16.0,4.0,4.0,3.0,1.6094379124341005,1.6094379124341005,1.3862943611198906,1.0,1.0,1.0,1.0,1.0,1.0,10.0,10.0,12.0,0.0,0.0,0.0,,,,,,,,
GNB,Guinea-Bissau,WCA,2000,52.8,,56.1,12.6,17.7,24.4,0.4059038921691444,571.094015178625,6.34755384615281,316.945495037639,5.758729819149557,396.46,5.786,36.8412054388232,3.8,4.53445720097512,3.358,61.671,,,,,13.2785511,,0,0,0.0,0.0,0,0.0,0,0,2.0,,,,,,,,,,,,,,,,,,,,,,,,,,,,0.0,0.0,0.0,0.0,0.0,0.0,0.0,2.0
GNB,Guinea-Bissau,WCA,2001,52.3,52.8,55.8,12.4,18.6,24.2,0.39501976218529894,585.837980688333,6.373043267881404,327.138431972397,5.790383420679555,320.17,5.688,37.1627839410066,4.2,5.01574870772438,2.958,61.88,,,,,13.50725842,,0,0,0.0,0.0,0,0.0,0,0,2.0,,,,,,,,,,,,,,,,,,,,,,,,,,,,0.0,0.0,2.0,0.0,0.0,0.0,1.0,3.0
GNB,Guinea-Bissau,WCA,2002,51.8,52.3,55.5,12.2,19.4,24.0,0.3824089201663295,594.040535151552,6.386947558030213,362.034574570354,5.891739717127851,251.22,5.634,37.4734924367695,4.4,5.72910394514667,3.146,61.717,,,,,14.02086544,,0,0,0.0,0.0,0,0.0,0,0,2.0,0.0,,,0.0,,,0.0,,,0.0,,,0.0,,,0.0,,,0.0,,,2.0,,,,,,0.0,0.0,2.0,0.0,0.0,0.0,1.0,3.0
GNB,Guinea-Bissau,WCA,2003,51.4,51.8,55.1,11.9,20.3,23.8,0.3672157506106069,579.092506821836,6.36146223479703,419.78486611807,6.039742356517722,182.29,5.577,37.7773055741583,4.5,6.75416506576179,3.169,61.663,,,,,14.70093441,19.4547592262081,0,0,0.0,0.0,0,0.0,0,0,2.0,0.0,0.0,,0.0,0.0,,0.0,0.0,,0.0,0.0,,0.0,0.0,,0.0,0.0,,0.0,0.0,,2.0,2.0,,,,,0.0,0.0,2.0,0.0,0.0,0.0,1.0,3.0
GNB,Guinea-Bissau,WCA,2004,50.9,51.4,54.8,11.7,21.2,23.6,0.35633162062676116,572.526464627294,6.350058960783207,431.376557669634,6.066981392352556,121.23,5.5,38.0781980012196,4.5,7.78216486739306,3.226,61.585,,,,,18.42279816,34.04957457512194,0,0,0.0,2.0,0,0.0,0,1,3.0,0.0,0.0,,0.0,0.0,,0.0,0.0,,0.0,0.0,,0.0,0.0,,0.0,0.0,,0.0,0.0,,2.0,2.0,,,,,0.0,0.0,2.0,0.0,0.0,0.0,1.0,3.0
GNB,Guinea-Bissau,WCA,2005,50.4,50.9,54.3,11.4,22.1,23.4,0.3365464620010574,595.94255560187,6.39014427920185,463.073962650452,6.1378867878733665,93.26,5.46,38.3801443659997,4.4,8.8783527585904,3.184,61.574,,,,,20.99864388,34.84392259325346,0,0,0.0,2.0,0,0.0,0,1,3.0,0.0,0.0,0.0,0.0,0.0,0.0,0.0,0.0,0.0,0.0,0.0,0.0,0.0,0.0,0.0,0.0,0.0,0.0,0.0,0.0,0.0,2.0,2.0,2.0,19.4547592262081,,,0.0,0.0,2.0,0.0,0.0,0.0,1.0,3.0
GNB,Guinea-Bissau,WCA,2006,49.8,50.4,53.9,11.2,23.0,23.2,0.32107034294723036,597.257151722046,6.392347760553726,448.513075469701,6.105937834852485,78.21,5.406,38.6871193165452,4.4,9.9897316228944,3.143,61.571,,,,,22.77665329,22.689629162748886,0,0,0.0,2.0,0,0.0,0,1,3.0,0.0,0.0,0.0,0.0,0.0,0.0,2.0,0.0,0.0,0.0,0.0,0.0,0.0,0.0,0.0,0.0,0.0,0.0,1.0,0.0,0.0,3.0,2.0,2.0,34.04957457512194,19.4547592262081,,0.0,0.0,2.0,4.0,1.6094379124341005,0.0,1.0,3.0
GNB,Guinea-Bissau,WCA,2007,49.2,49.8,53.4,11.0,23.8,23.0,0.301477934469336,597.482020935948,6.392724192869169,519.069789794741,6.252038343865029,76.5,5.365,39.0030975009025,4.3,11.1161885061566,3.125,61.552,,,,,25.56799126,22.75995540421848,0,0,0.0,2.0,0,0.0,0,1,3.0,0.0,0.0,0.0,0.0,0.0,0.0,2.0,2.0,0.0,0.0,0.0,0.0,0.0,0.0,0.0,0.0,0.0,0.0,1.0,1.0,0.0,3.0,3.0,2.0,34.84392259325346,34.04957457512194,,0.0,0.0,2.0,4.0,1.6094379124341005,0.0,1.0,3.0
GNB,Guinea-Bissau,WCA,2008,48.5,49.2,53.0,10.8,24.6,22.7,0.2820726916993477,608.958620496925,6.411750318762545,640.210331101753,6.461796764709139,87.5,5.266,39.3320535671181,4.2,12.2580921089513,3.157,61.495,,,,,34.26661301,27.17413716922775,0,0,0.0,2.0,0,0.0,0,1,3.0,0.0,0.0,0.0,0.0,0.0,0.0,2.0,2.0,0.0,0.0,0.0,0.0,0.0,0.0,0.0,0.0,0.0,0.0,1.0,1.0,0.0,3.0,3.0,2.0,22.689629162748886,34.84392259325346,19.4547592262081,0.0,0.0,2.0,0.0,0.0,0.0,1.0,4.0
GNB,Guinea-Bissau,WCA,2009,47.8,48.5,52.5,10.5,25.4,22.5,0.2561559976764445,608.202131879882,6.41050728046547,583.190020139094,6.36851306830368,106.34,5.176,39.6716434222135,4.1,13.4152955008386,3.163,61.451,,,,1.0,26.88874054,0.0,0,0,0.0,2.0,4,1.6094379124341005,0,1,3.0,0.0,0.0,0.0,0.0,0.0,0.0,2.0,2.0,2.0,0.0,0.0,0.0,0.0,0.0,0.0,0.0,0.0,0.0,1.0,1.0,1.0,3.0,3.0,3.0,22.75995540421848,22.689629162748886,34.04957457512194,0.0,0.0,2.0,0.0,0.0,0.0,1.0,4.0
GNB,Guinea-Bissau,WCA,2010,47.1,47.8,52.1,10.3,26.2,22.2,0.23675075490645636,625.904027290582,6.439197048309351,600.194298540768,6.397253433695517,124.54,5.111,40.0095596313477,4.0,14.5887141664203,3.121,61.434,,,,,29.23748016,0.0,0,0,0.0,2.0,4,1.6094379124341005,0,1,3.0,0.0,0.0,0.0,0.0,0.0,0.0,2.0,2.0,2.0,0.0,0.0,0.0,0.0,0.0,0.0,0.0,0.0,0.0,1.0,1.0,1.0,3.0,3.0,3.0,27.17413716922775,22.75995540421848,34.84392259325346,0.0,0.0,2.0,0.0,0.0,0.0,1.0,4.0
GNB,Guinea-Bissau,WCA,2011,46.5,47.1,51.7,10.1,26.9,22.0,0.2178212117823816,658.953470528116,6.49065292583089,719.539573498937,6.578611526203278,129.31,5.067,40.4391136169434,3.8,15.7782187068147,3.072,61.421,,,,,44.72909927,18.822408815145092,0,0,0.0,2.0,0,0.0,0,1,4.0,0.0,0.0,0.0,0.0,0.0,0.0,2.0,2.0,2.0,4.0,0.0,0.0,1.6094379124341005,0.0,0.0,0.0,0.0,0.0,1.0,1.0,1.0,3.0,3.0,3.0,0.0,27.17413716922775,22.689629162748886,2.0,1.0986122886681098,6.0,2.0,1.0986122886681098,1.0,1.0,7.0
GNB,Guinea-Bissau,WCA,2012,46.1,46.5,51.5,10.0,27.7,21.8,0.21392423269736432,630.66862302825,6.446780562992153,635.461653303881,6.45435174782368,126.55,5.003,40.8686027526855,3.7,16.9842205721111,3.135,61.338,,,,,37.75499725,0.0,0,0,0.0,2.0,0,0.0,0,1,4.0,0.0,0.0,0.0,0.0,0.0,0.0,2.0,2.0,2.0,4.0,4.0,0.0,1.6094379124341005,1.6094379124341005,0.0,0.0,0.0,0.0,1.0,1.0,1.0,3.0,3.0,3.0,0.0,0.0,22.75995540421848,2.0,1.0986122886681098,6.0,2.0,1.0986122886681098,1.0,1.0,7.0
GNB,Guinea-Bissau,WCA,2013,45.7,46.1,51.3,9.8,28.4,21.5,0.2041786677132522,634.095456089352,6.452199504759086,654.304534409417,6.483572892020436,120.88,4.93,41.2976379394531,3.6,18.2067554736928,3.173,61.267,,,,,46.05934143,19.506421475413973,0,0,0.0,2.0,0,0.0,0,1,4.0,0.0,0.0,0.0,0.0,0.0,0.0,2.0,2.0,2.0,0.0,4.0,0.0,0.0,1.6094379124341005,0.0,0.0,0.0,0.0,1.0,1.0,1.0,4.0,3.0,3.0,18.822408815145092,0.0,27.17413716922775,2.0,1.0986122886681098,6.0,3.0,1.3862943611198906,1.0,1.0,7.0
GNB,Guinea-Bissau,WCA,2014,45.4,45.7,51.2,9.7,29.1,21.3,0.20314696566309237,623.610159103365,6.435525428108276,652.022501029449,6.480079072112533,105.73,4.79,41.7271995544434,3.4,19.4462525723006,3.285,61.144,,,,,64.99989319,21.28355401525881,0,2,1.0986122886681098,6.0,2,1.0986122886681098,1,1,7.0,0.0,0.0,0.0,0.0,0.0,0.0,2.0,2.0,2.0,0.0,0.0,4.0,0.0,0.0,1.6094379124341005,0.0,0.0,0.0,1.0,1.0,1.0,4.0,4.0,3.0,0.0,18.822408815145092,0.0,2.0,1.0986122886681098,6.0,3.0,1.3862943611198906,1.0,1.0,7.0
GNB,Guinea-Bissau,WCA,2015,45.2,45.4,51.1,9.5,29.9,21.0,0.2019225134651231,645.066837207039,6.469353935004025,645.066837207039,6.469353935004025,89.59,4.661,42.1568145751953,3.3,20.7029543822311,3.168,61.157,,,,,52.45866776,9.3,0,2,1.0986122886681098,6.0,2,1.0986122886681098,1,1,7.0,0.0,0.0,0.0,0.0,0.0,0.0,2.0,2.0,2.0,0.0,0.0,4.0,0.0,0.0,1.6094379124341005,0.0,0.0,0.0,1.0,1.0,1.0,4.0,4.0,3.0,19.506421475413973,0.0,0.0,2.0,1.0986122886681098,6.0,2.0,1.0986122886681098,1.0,1.0,7.0
GNB,Guinea-Bissau,WCA,2016,45.1,45.2,51.0,9.4,30.7,20.7,0.2070223468121623,663.242608032005,6.497140847885263,679.665386626818,6.521600598569827,74.16,4.519,42.586109161377,3.2,21.9768833616634,3.139,61.105,,,,,56.60805511,55.01,0,2,1.0986122886681098,6.0,3,1.3862943611198906,1,1,7.0,2.0,0.0,0.0,1.0986122886681098,0.0,0.0,6.0,2.0,2.0,2.0,0.0,0.0,1.0986122886681098,0.0,0.0,1.0,0.0,0.0,1.0,1.0,1.0,7.0,4.0,4.0,21.28355401525881,19.506421475413973,18.822408815145092,2.0,1.0986122886681098,6.0,2.0,1.0986122886681098,1.0,1.0,8.0
GNB,Guinea-Bissau,WCA,2017,45.0,45.1,51.0,9.3,31.5,20.4,0.2145117575481453,677.466131311367,6.518359560819951,783.123186602022,6.66329001005566,70.21,4.347,43.0155792236328,3.0,23.2682682564985,3.089,61.054,8.3,0.0,69.4,,54.8225174,49.41,0,2,1.0986122886681098,6.0,3,1.3862943611198906,1,1,7.0,2.0,2.0,0.0,1.0986122886681098,1.0986122886681098,0.0,6.0,6.0,2.0,2.0,2.0,0.0,1.0986122886681098,1.0986122886681098,0.0,1.0,1.0,0.0,1.0,1.0,1.0,7.0,7.0,4.0,9.3,21.28355401525881,0.0,2.0,1.0986122886681098,5.0,2.0,1.0986122886681098,1.0,1.0,7.0
GNB,Guinea-Bissau,WCA,2018,45.0,45.0,50.9,9.2,32.3,20.1,0.22181400257622183,686.456819839526,6.5315433242342085,808.531613218504,6.695219779326951,71.68,4.241,43.4449081420898,2.9,24.5775735612132,3.127,60.934,8.3,0.0,65.8,,58.87445068,74.05924739791834,0,2,1.0986122886681098,6.0,2,1.0986122886681098,1,1,7.0,2.0,2.0,0.0,1.0986122886681098,1.0986122886681098,0.0,6.0,6.0,2.0,3.0,2.0,0.0,1.3862943611198906,1.0986122886681098,0.0,1.0,1.0,0.0,1.0,1.0,1.0,7.0,7.0,4.0,55.01,9.3,19.506421475413973,2.0,1.0986122886681098,5.0,2.0,1.0986122886681098,1.0,1.0,7.0
GNB,Guinea-Bissau,WCA,2019,45.0,45.0,50.9,9.1,33.2,19.8,0.23323253702836638,706.298562874985,6.56003804168958,811.210004050041,6.698526965169703,87.1,4.153,43.8745574951172,2.8,25.9048078160921,2.413,60.667,8.5,0.0,62.7,,53.98390961,34.95,0,2,1.0986122886681098,6.0,2,1.0986122886681098,1,1,8.0,2.0,2.0,2.0,1.0986122886681098,1.0986122886681098,1.0986122886681098,6.0,6.0,6.0,3.0,3.0,2.0,1.3862943611198906,1.3862943611198906,1.0986122886681098,1.0,1.0,1.0,1.0,1.0,1.0,7.0,7.0,7.0,49.41,55.01,21.28355401525881,2.0,1.0986122886681098,5.0,2.0,1.0986122886681098,1.0,1.0,7.0
GNB,Guinea-Bissau,WCA,2020,45.0,45.0,50.8,9.0,34.0,19.5,0.2405347820564431,710.275830755611,6.565653388613085,846.918134967613,6.74160403705006,95.17,4.075,44.3038330078125,2.7,27.2502045881432,2.887,60.697,8.7,0.0,65.1,,67.88795471,29.18,0,2,1.0986122886681098,5.0,2,1.0986122886681098,1,1,7.0,2.0,2.0,2.0,1.0986122886681098,1.0986122886681098,1.0986122886681098,6.0,6.0,6.0,2.0,3.0,2.0,1.0986122886681098,1.3862943611198906,1.0986122886681098,1.0,1.0,1.0,1.0,1.0,1.0,7.0,7.0,7.0,74.05924739791834,49.41,9.3,2.0,1.0986122886681098,5.0,2.0,1.0986122886681098,1.0,1.0,7.0
GNB,Guinea-Bissau,WCA,2021,45.1,45.0,50.8,8.9,34.9,,0.2541557281896251,729.396882757942,6.5922180046582115,926.54619187706,6.831463900798938,98.71,3.998,44.7334136962891,2.5,28.6139998460415,3.016,61.842,8.9,0.0,67.0,,70.21189117,27.461410218691775,0,2,1.0986122886681098,5.0,2,1.0986122886681098,1,1,7.0,2.0,2.0,2.0,1.0986122886681098,1.0986122886681098,1.0986122886681098,6.0,6.0,6.0,2.0,2.0,3.0,1.0986122886681098,1.0986122886681098,1.3862943611198906,1.0,1.0,1.0,1.0,1.0,1.0,8.0,7.0,7.0,34.95,74.05924739791834,55.01,2.0,1.0986122886681098,5.0,2.0,1.0986122886681098,1.0,1.0,7.0
GNB,Guinea-Bissau,WCA,2022,45.4,45.1,50.9,8.8,35.7,,0.2728443630387021,752.149255217249,6.6229347819382625,881.602654162231,6.781741449013709,97.61,3.911,45.1627159118652,2.4,28.7228575496477,2.666,63.11,9.0,0.0,67.0,,68.01049042,48.62,0,2,1.0986122886681098,5.0,2,1.0986122886681098,1,1,7.0,2.0,2.0,2.0,1.0986122886681098,1.0986122886681098,1.0986122886681098,5.0,6.0,6.0,2.0,2.0,3.0,1.0986122886681098,1.0986122886681098,1.3862943611198906,1.0,1.0,1.0,1.0,1.0,1.0,7.0,8.0,7.0,29.18,34.95,49.41,2.0,1.0986122886681098,5.0,2.0,1.0986122886681098,1.0,1.0,7.0
GNB,Guinea-Bissau,WCA,2023,45.7,45.4,51.1,,,,,769.504652461795,6.64574699934486,964.431832665395,6.871539153503246,97.81,3.836,45.5923843383789,2.3,28.8319728978299,2.632,63.091,,,66.6,,82.13543701,44.49,0,2,1.0986122886681098,5.0,2,1.0986122886681098,1,1,7.0,2.0,2.0,2.0,1.0986122886681098,1.0986122886681098,1.0986122886681098,5.0,5.0,6.0,2.0,2.0,2.0,1.0986122886681098,1.0986122886681098,1.0986122886681098,1.0,1.0,1.0,1.0,1.0,1.0,7.0,7.0,7.0,27.461410218691775,29.18,74.05924739791834,,,,,,,,
GNB,Guinea-Bissau,WCA,2024,,45.7,,,,,,785.91021956464,6.6668425614326265,998.376093392688,6.906130052409297,110.13,3.757,46.113204421822,2.2,28.9416006403664,2.647,63.037,,,65.5,,,29.44,0,2,1.0986122886681098,5.0,2,1.0986122886681098,1,1,7.0,2.0,2.0,2.0,1.0986122886681098,1.0986122886681098,1.0986122886681098,5.0,5.0,6.0,2.0,2.0,2.0,1.0986122886681098,1.0986122886681098,1.0986122886681098,1.0,1.0,1.0,1.0,1.0,1.0,7.0,7.0,8.0,48.62,27.461410218691775,34.95,,,,,,,,
GNB,Guinea-Bissau,WCA,2025,,,,,,,,813.829913686556,6.70175139292417,1123.76679992349,7.0244415355503795,,,46.6510315281292,,,2.673,63.081,,,66.4,,,,0,2,1.0986122886681098,5.0,2,1.0986122886681098,1,1,7.0,2.0,2.0,2.0,1.0986122886681098,1.0986122886681098,1.0986122886681098,5.0,5.0,5.0,2.0,2.0,2.0,1.0986122886681098,1.0986122886681098,1.0986122886681098,1.0,1.0,1.0,1.0,1.0,1.0,7.0,7.0,7.0,44.49,48.62,29.18,,,,,,,,
GNQ,Equatorial Guinea,WCA,2000,50.3,,51.8,5.0,36.6,,0.2611779333952573,3839.08642737128,8.25298970773808,1487.3165506701,7.304728802533745,334.3,5.834,38.8154587133988,,54.790530594174,7.444,57.11,,,,,20.14153671,,0,0,0.0,0.0,0,0.0,0,0,3.0,,,,,,,,,,,,,,,,,,,,,,,,,,,,0.0,0.0,0.0,0.0,0.0,0.0,0.0,3.0
GNQ,Equatorial Guinea,WCA,2001,49.7,50.3,50.9,4.9,37.7,,0.24132922533093054,5882.85050306586,8.679796702858056,1948.61145907844,7.574872325646453,331.5,5.785,38.8638365386531,,55.776966411997,7.551,56.6,,,,,29.59247589,,0,0,0.0,0.0,0,0.0,0,0,3.0,,,,,,,,,,,,,,,,,,,,,,,,,,,,0.0,0.0,0.0,0.0,0.0,0.0,0.0,3.0
GNQ,Equatorial Guinea,WCA,2002,49.1,49.7,50.2,4.8,38.9,,0.22798638407961502,6604.0054631081,8.79543163228197,2264.21065580365,7.724981480844246,325.04,5.731,39.1969150391705,,56.7470042992933,7.646,56.012,,,,,74.93979645,,0,0,0.0,0.0,0,0.0,0,0,3.0,0.0,,,0.0,,,0.0,,,0.0,,,0.0,,,0.0,,,0.0,,,3.0,,,,,,0.0,0.0,0.0,0.0,0.0,0.0,0.0,3.0
GNQ,Equatorial Guinea,WCA,2003,48.6,49.1,49.5,4.7,40.0,,0.21511924247421316,7082.65489186921,8.865404101125852,2930.60183743733,7.982963086187052,332.79,5.675,39.895902485648,,57.6992350383254,7.701,55.409,,,,,86.82926178,,0,0,0.0,0.0,0,0.0,0,0,3.0,0.0,0.0,,0.0,0.0,,0.0,0.0,,0.0,0.0,,0.0,0.0,,0.0,0.0,,0.0,0.0,,3.0,3.0,,,,,0.0,0.0,0.0,0.0,0.0,0.0,0.0,3.0
GNQ,Equatorial Guinea,WCA,2004,48.0,48.6,48.8,4.6,41.0,,0.19832297715264974,9208.60566707162,9.127893724419232,4901.30127408119,8.497256014981291,346.23,5.618,40.9304009672368,,58.6335894811516,7.658,54.874,,,,,104.54925537,,0,0,0.0,0.0,0,0.0,0,0,3.0,0.0,0.0,,0.0,0.0,,0.0,0.0,,0.0,0.0,,0.0,0.0,,0.0,0.0,,0.0,0.0,,3.0,3.0,,,,,0.0,0.0,0.0,0.0,0.0,0.0,0.0,3.0
GNQ,Equatorial Guinea,WCA,2005,47.5,48.0,48.2,4.5,42.0,,0.18611870090106789,10212.4545051498,9.231363284338242,8673.9026086535,9.068074096369804,357.64,5.559,42.2814597171299,,59.5483734842498,7.667,54.509,,,,,122.75533295,,0,0,0.0,0.0,0,0.0,0,0,3.0,0.0,0.0,0.0,0.0,0.0,0.0,0.0,0.0,0.0,0.0,0.0,0.0,0.0,0.0,0.0,0.0,0.0,0.0,0.0,0.0,0.0,3.0,3.0,3.0,,,,0.0,0.0,0.0,0.0,0.0,0.0,0.0,3.0
GNQ,Equatorial Guinea,WCA,2006,46.9,47.5,47.5,4.4,42.9,,0.16759572354438054,10521.9996774827,9.261223551639041,10184.8841248541,9.228659951556825,356.69,5.498,43.9301279685204,,60.4443395996533,7.612,54.406,,,,,143.95661926,,0,0,0.0,0.0,0,0.0,0,0,3.0,0.0,0.0,0.0,0.0,0.0,0.0,0.0,0.0,0.0,0.0,0.0,0.0,0.0,0.0,0.0,0.0,0.0,0.0,0.0,0.0,0.0,3.0,3.0,3.0,,,,0.0,0.0,0.0,0.0,0.0,0.0,0.0,3.0
GNQ,Equatorial Guinea,WCA,2007,46.3,46.9,46.9,4.3,43.8,,0.15146232357663697,11594.9172068456,9.358322109245476,12616.9532942011,9.442796688105965,353.65,5.433,45.8574549546013,,61.3207811186255,7.592,54.38,,,,,179.49963379,,0,0,0.0,0.0,0,0.0,0,0,3.0,0.0,0.0,0.0,0.0,0.0,0.0,0.0,0.0,0.0,0.0,0.0,0.0,0.0,0.0,0.0,0.0,0.0,0.0,0.0,0.0,0.0,3.0,3.0,3.0,,,,0.0,0.0,0.0,0.0,0.0,0.0,0.0,3.0
GNQ,Equatorial Guinea,WCA,2008,45.6,46.3,46.3,4.2,44.7,,0.1331265119278561,13048.0703050168,9.476395532469718,18210.5552970599,9.809756666329202,332.63,5.363,48.0444899085658,,62.1777142751886,7.571,54.44,,,,,225.50572205,0.0,0,0,0.0,0.0,0,0.0,0,0,3.0,0.0,0.0,0.0,0.0,0.0,0.0,0.0,0.0,0.0,0.0,0.0,0.0,0.0,0.0,0.0,0.0,0.0,0.0,0.0,0.0,0.0,3.0,3.0,3.0,,,,0.0,0.0,0.0,0.0,0.0,0.0,0.0,3.0
GNQ,Equatorial Guinea,WCA,2009,44.9,45.6,45.7,4.1,45.5,,0.11306398824395109,12627.862381545,9.443660951736412,13232.5019378102,9.490431350175374,303.16,5.288,50.4722820636069,,63.0143173257129,7.702,54.497,,,,1.9,248.9617157,1.1917662774715534,0,0,0.0,0.0,0,0.0,0,0,3.0,0.0,0.0,0.0,0.0,0.0,0.0,0.0,0.0,0.0,0.0,0.0,0.0,0.0,0.0,0.0,0.0,0.0,0.0,0.0,0.0,0.0,3.0,3.0,3.0,,,,0.0,0.0,0.0,0.0,0.0,0.0,0.0,3.0
GNQ,Equatorial Guinea,WCA,2010,44.2,44.9,45.2,4.0,46.3,,0.09539104194898992,10984.3243932426,9.304224480263949,13720.1658723222,9.526621991026197,288.37,5.209,53.1218806529176,,63.831192420274,7.847,54.631,,,,2.1,237.85783386,0.0,0,0,0.0,0.0,0,0.0,0,0,3.0,0.0,0.0,0.0,0.0,0.0,0.0,0.0,0.0,0.0,0.0,0.0,0.0,0.0,0.0,0.0,0.0,0.0,0.0,0.0,0.0,0.0,3.0,3.0,3.0,0.0,,,0.0,0.0,0.0,0.0,0.0,0.0,0.0,3.0
GNQ,Equatorial Guinea,WCA,2011,43.6,44.2,44.7,3.9,47.2,,0.08164721937019032,11203.9073679091,9.324017868576194,17198.2136668275,9.75256080082828,290.83,5.126,55.9743349096911,,64.6283695926991,7.837,54.945,,,,,265.38485718,0.0,0,0,0.0,0.0,0,0.0,0,0,3.0,0.0,0.0,0.0,0.0,0.0,0.0,0.0,0.0,0.0,0.0,0.0,0.0,0.0,0.0,0.0,0.0,0.0,0.0,0.0,0.0,0.0,3.0,3.0,3.0,1.1917662774715534,0.0,,0.0,0.0,0.0,0.0,0.0,0.0,0.0,3.0
GNQ,Equatorial Guinea,WCA,2012,43.1,43.6,44.2,3.8,48.0,,0.06837909643730414,11650.7196270884,9.363123227651652,17308.5723924575,9.758957171774226,312.77,5.04,59.0106940671203,,65.4060732402599,7.761,55.35,,,,,280.90136719,0.0,0,0,0.0,0.0,0,0.0,0,0,3.0,0.0,0.0,0.0,0.0,0.0,0.0,0.0,0.0,0.0,0.0,0.0,0.0,0.0,0.0,0.0,0.0,0.0,0.0,0.0,0.0,0.0,3.0,3.0,3.0,0.0,1.1917662774715534,,0.0,0.0,0.0,0.0,0.0,0.0,0.0,3.0
GNQ,Equatorial Guinea,WCA,2013,42.6,43.1,43.8,3.7,48.9,,0.05922726292848557,10731.6455729191,9.280952185741047,16304.0713196418,9.699170129817622,333.66,4.952,62.2120073583984,,66.0469451872043,7.675,55.754,,,,,286.33657837,0.0,0,0,0.0,0.0,0,0.0,0,0,3.0,0.0,0.0,0.0,0.0,0.0,0.0,0.0,0.0,0.0,0.0,0.0,0.0,0.0,0.0,0.0,0.0,0.0,0.0,0.0,0.0,0.0,3.0,3.0,3.0,0.0,0.0,0.0,0.0,0.0,0.0,0.0,0.0,0.0,0.0,3.0
GNQ,Equatorial Guinea,WCA,2014,42.3,42.6,43.5,3.6,49.8,,0.05686983017068603,10363.4872473549,9.246044066061625,15548.6624656619,9.651729898837898,334.0,4.863,65.5593240167184,,66.1151129596268,7.669,56.077,,,,,290.53604126,0.0,0,0,0.0,0.0,0,0.0,0,0,3.0,0.0,0.0,0.0,0.0,0.0,0.0,0.0,0.0,0.0,0.0,0.0,0.0,0.0,0.0,0.0,0.0,0.0,0.0,0.0,0.0,0.0,3.0,3.0,3.0,0.0,0.0,1.1917662774715534,0.0,0.0,0.0,0.0,0.0,0.0,0.0,3.0
GNQ,Equatorial Guinea,WCA,2015,42.0,42.3,43.3,3.5,50.7,,0.056901974801830346,9068.91003238645,9.112607363052838,9068.91003238645,9.112607363052838,333.82,4.774,68.951270615355,,66.1825230692518,7.778,56.265,,,,,222.81713867,0.0,0,0,0.0,0.0,0,0.0,0,0,3.0,0.0,0.0,0.0,0.0,0.0,0.0,0.0,0.0,0.0,0.0,0.0,0.0,0.0,0.0,0.0,0.0,0.0,0.0,0.0,0.0,0.0,3.0,3.0,3.0,0.0,0.0,0.0,0.0,0.0,0.0,0.0,0.0,0.0,0.0,3.0
GNQ,Equatorial Guinea,WCA,2016,41.7,42.0,43.1,3.4,51.6,,0.05693411943297477,7971.83401904573,8.983669860624934,7453.19797948517,8.91639847825962,315.21,4.686,69.253269853051,,66.2485390317556,7.798,56.43,,,,,221.49227905,0.0,0,0,0.0,0.0,0,0.0,0,0,3.0,0.0,0.0,0.0,0.0,0.0,0.0,0.0,0.0,0.0,0.0,0.0,0.0,0.0,0.0,0.0,0.0,0.0,0.0,0.0,0.0,0.0,3.0,3.0,3.0,0.0,0.0,0.0,0.0,0.0,0.0,0.0,0.0,0.0,0.0,3.0
GNQ,Equatorial Guinea,WCA,2017,41.5,41.7,43.0,3.3,52.5,,0.06155825313410013,7259.10936454803,8.890012423233896,7809.10465655488,8.963045595616009,291.23,4.599,69.5516019132985,,66.3127866671561,7.843,56.497,,,57.0,,223.4354248,0.0,0,0,0.0,0.0,0,0.0,0,0,3.0,0.0,0.0,0.0,0.0,0.0,0.0,0.0,0.0,0.0,0.0,0.0,0.0,0.0,0.0,0.0,0.0,0.0,0.0,0.0,0.0,0.0,3.0,3.0,3.0,0.0,0.0,0.0,0.0,0.0,0.0,0.0,0.0,0.0,0.0,5.0
GNQ,Equatorial Guinea,WCA,2018,41.4,41.5,42.9,3.2,53.5,,0.07011151055138709,6578.90039765711,8.791622897536392,8102.47084834031,8.999924337149348,268.08,4.513,69.8396623666175,,,7.818,56.513,,,56.9,,240.49389648,0.0,0,0,0.0,0.0,0,0.0,0,0,3.0,0.0,0.0,0.0,0.0,0.0,0.0,0.0,0.0,0.0,0.0,0.0,0.0,0.0,0.0,0.0,0.0,0.0,0.0,0.0,0.0,0.0,3.0,3.0,3.0,0.0,0.0,0.0,0.0,0.0,0.0,0.0,0.0,0.0,0.0,5.0
GNQ,Equatorial Guinea,WCA,2019,41.2,41.4,42.8,3.2,54.4,,0.07885751811648356,6018.12066321865,8.70253030737427,6804.14923073888,8.825287886070482,247.4,4.429,70.1175419547293,,,7.917,56.353,,,56.8,,223.14128113,0.0,0,0,0.0,0.0,0,0.0,0,0,3.0,0.0,0.0,0.0,0.0,0.0,0.0,0.0,0.0,0.0,0.0,0.0,0.0,0.0,0.0,0.0,0.0,0.0,0.0,0.0,0.0,0.0,3.0,3.0,3.0,0.0,0.0,0.0,0.0,0.0,0.0,0.0,0.0,0.0,0.0,6.0
GNQ,Equatorial Guinea,WCA,2020,41.1,41.2,42.7,3.1,55.3,,0.08568406349864677,5575.26241511492,8.626094665196334,5764.05502912947,8.659396504112262,244.3,4.346,70.3853314193247,,,8.625,52.085,,,61.2,,213.59317017,0.0,0,0,0.0,0.0,0,0.0,0,0,5.0,0.0,0.0,0.0,0.0,0.0,0.0,0.0,0.0,0.0,0.0,0.0,0.0,0.0,0.0,0.0,0.0,0.0,0.0,0.0,0.0,0.0,3.0,3.0,3.0,0.0,0.0,0.0,0.0,0.0,0.0,0.0,0.0,0.0,0.0,6.0
GNQ,Equatorial Guinea,WCA,2021,41.1,41.1,42.7,3.0,56.1,,0.09537588591566742,5487.92479201992,8.610305465233816,6945.63069794539,8.845868064304248,239.58,4.266,70.6431215020592,,,8.821,52.589,,,61.1,,243.81242371,36.04248238805059,0,0,0.0,0.0,0,0.0,0,0,5.0,0.0,0.0,0.0,0.0,0.0,0.0,0.0,0.0,0.0,0.0,0.0,0.0,0.0,0.0,0.0,0.0,0.0,0.0,0.0,0.0,0.0,3.0,3.0,3.0,0.0,0.0,0.0,0.0,0.0,0.0,0.0,0.0,0.0,0.0,6.0
GNQ,Equatorial Guinea,WCA,2022,41.1,41.1,42.8,3.0,56.9,,0.11157915958560238,5524.24312418579,8.616901525904222,7589.29964909381,8.93449459328561,237.56,4.17,70.8910029445467,,,8.334,56.036,,,60.7,,215.32841492,0.0,0,0,0.0,0.0,0,0.0,0,0,6.0,0.0,0.0,0.0,0.0,0.0,0.0,0.0,0.0,0.0,0.0,0.0,0.0,0.0,0.0,0.0,0.0,0.0,0.0,0.0,0.0,0.0,5.0,3.0,3.0,0.0,0.0,0.0,0.0,0.0,0.0,0.0,0.0,0.0,0.0,6.0
GNQ,Equatorial Guinea,WCA,2023,41.3,41.1,42.9,,,,,4992.26076814571,8.515644145893624,6788.35271638376,8.8229635867578,229.81,4.081,71.1290664883517,,,8.218,56.117,,,60.0,,233.68379211,24.05,0,0,0.0,0.0,0,0.0,0,0,6.0,0.0,0.0,0.0,0.0,0.0,0.0,0.0,0.0,0.0,0.0,0.0,0.0,0.0,0.0,0.0,0.0,0.0,0.0,0.0,0.0,0.0,5.0,5.0,3.0,36.04248238805059,0.0,0.0,,,,,,,,
GNQ,Equatorial Guinea,WCA,2024,,41.3,,,,,,4892.95310498567,8.495551307140532,7003.58055684906,8.854176805383059,227.73,4.116,71.3574028749806,,,8.293,55.856,,,61.9,,,0.0,0,0,0.0,0.0,0,0.0,0,0,6.0,0.0,0.0,0.0,0.0,0.0,0.0,0.0,0.0,0.0,0.0,0.0,0.0,0.0,0.0,0.0,0.0,0.0,0.0,0.0,0.0,0.0,6.0,5.0,3.0,0.0,36.04248238805059,0.0,,,,,,,,
GNQ,Equatorial Guinea,WCA,2025,,,,,,,,4497.75112328053,8.411332800459464,6615.25245207167,8.79713323939933,,,71.5761028458697,,,8.337,55.469,,,63.2,,,,0,0,0.0,0.0,0,0.0,0,0,6.0,0.0,0.0,0.0,0.0,0.0,0.0,0.0,0.0,0.0,0.0,0.0,0.0,0.0,0.0,0.0,0.0,0.0,0.0,0.0,0.0,0.0,6.0,6.0,5.0,24.05,0.0,0.0,,,,,,,,
KEN,Kenya,ESA,2000,34.4,,45.8,11.2,20.0,11.7,-0.2634581854907161,1195.41296851656,7.086246985015062,414.626365130846,6.027377789708817,220.26,5.136,19.4553832211834,8.8,23.6473801064419,2.884,70.421,,,,,21.53400993,,0,2,1.0986122886681098,4.0,2,1.0986122886681098,1,1,4.0,,,,,,,,,,,,,,,,,,,,,,,,,,,,2.0,1.0986122886681098,4.0,2.0,1.0986122886681098,1.0,1.0,4.0
KEN,Kenya,ESA,2001,33.5,34.4,45.1,11.1,20.9,11.6,-0.28858839789051594,1202.29348759987,7.091986251347937,410.700452474814,6.017864122678034,243.23,5.094,20.4416297068833,8.3,24.3164597238105,2.876,70.544,,,,,22.11487579,,0,2,1.0986122886681098,4.0,2,1.0986122886681098,1,1,4.0,,,,,,,,,,,,,,,,,,,,,,,,,,,,2.0,1.0986122886681098,4.0,2.0,1.0986122886681098,1.0,1.0,4.0
KEN,Kenya,ESA,2002,32.7,33.5,44.5,11.0,21.9,11.5,-0.30739990918521054,1171.4262517349,7.065977303968766,402.936385605382,5.998778697390903,227.55,5.027,21.8586568137501,7.8,25.0346081207823,2.916,70.632,,,,,22.28772163,,0,2,1.0986122886681098,4.0,2,1.0986122886681098,1,1,4.0,2.0,,,1.0986122886681098,,,4.0,,,2.0,,,1.0986122886681098,,,1.0,,,1.0,,,4.0,,,,,,2.0,1.0986122886681098,6.0,2.0,1.0986122886681098,1.0,1.0,4.0
KEN,Kenya,ESA,2003,31.9,32.7,43.8,10.9,22.8,11.5,-0.33032770990397303,1169.14433674051,7.064027424115863,442.898457253405,6.093340527638834,220.14,4.937,23.563889811899,7.4,25.7535178867465,2.869,70.782,,,,,25.64012337,4.308850999146748,0,2,1.0986122886681098,4.0,2,1.0986122886681098,1,1,4.0,2.0,2.0,,1.0986122886681098,1.0986122886681098,,4.0,4.0,,2.0,2.0,,1.0986122886681098,1.0986122886681098,,1.0,1.0,,1.0,1.0,,4.0,4.0,,,,,2.0,1.0986122886681098,6.0,3.0,1.3862943611198906,1.0,1.0,4.0
KEN,Kenya,ESA,2004,31.1,31.9,43.1,10.8,23.9,11.4,-0.34980208655248735,1191.25443604556,7.082762178819241,463.662781300121,6.139157523565561,184.42,4.861,25.4147539714454,6.9,26.4731149422539,2.844,70.917,,,,1.4,27.65002823,1.7744250649678623,0,2,1.0986122886681098,4.0,2,1.0986122886681098,1,1,4.0,2.0,2.0,,1.0986122886681098,1.0986122886681098,,4.0,4.0,,2.0,2.0,,1.0986122886681098,1.0986122886681098,,1.0,1.0,,1.0,1.0,,4.0,4.0,,,,,2.0,1.0986122886681098,9.0,5.0,1.791759469228055,1.0,1.0,6.0
KEN,Kenya,ESA,2005,30.4,31.1,42.3,10.6,24.9,11.3,-0.37531221480800314,1223.44738472019,7.1094278780513624,523.456312433863,6.2604535739798095,138.92,4.801,27.2686745625048,6.5,27.1932269454509,2.739,71.11,,,,,30.9943428,4.434920709138954,0,2,1.0986122886681098,6.0,2,1.0986122886681098,1,1,4.0,2.0,2.0,2.0,1.0986122886681098,1.0986122886681098,1.0986122886681098,4.0,4.0,4.0,2.0,2.0,2.0,1.0986122886681098,1.0986122886681098,1.0986122886681098,1.0,1.0,1.0,1.0,1.0,1.0,4.0,4.0,4.0,4.308850999146748,,,2.0,1.0986122886681098,10.0,5.0,1.791759469228055,1.0,1.0,9.0
KEN,Kenya,ESA,2006,29.6,30.4,41.6,10.5,26.0,11.2,-0.3947865914565174,1263.54164666211,7.141673887632175,699.80237063381,6.550797967515461,125.53,4.754,28.9830768551925,6.2,27.9138955031129,2.673,71.274,,,,,40.3040123,6.626543201482653,0,2,1.0986122886681098,6.0,3,1.3862943611198906,1,1,4.0,2.0,2.0,2.0,1.0986122886681098,1.0986122886681098,1.0986122886681098,4.0,4.0,4.0,2.0,2.0,2.0,1.0986122886681098,1.0986122886681098,1.0986122886681098,1.0,1.0,1.0,1.0,1.0,1.0,4.0,4.0,4.0,1.7744250649678623,4.308850999146748,,2.0,1.0986122886681098,13.0,6.0,1.9459101490553132,1.0,1.0,10.0
KEN,Kenya,ESA,2007,29.0,29.6,40.9,10.3,27.0,11.1,-0.41570473064205177,1309.91092948216,7.177714421121875,840.201439476765,6.733641671988711,94.84,4.718,30.4153861196239,6.0,28.6350439627237,2.642,71.413,,,,,49.44605255,10.29658541671245,0,2,1.0986122886681098,9.0,5,1.791759469228055,1,1,6.0,2.0,2.0,2.0,1.0986122886681098,1.0986122886681098,1.0986122886681098,6.0,4.0,4.0,2.0,2.0,2.0,1.0986122886681098,1.0986122886681098,1.0986122886681098,1.0,1.0,1.0,1.0,1.0,1.0,4.0,4.0,4.0,4.434920709138954,1.7744250649678623,,2.0,1.0986122886681098,13.0,6.0,1.9459101490553132,1.0,1.0,10.0
KEN,Kenya,ESA,2008,28.3,29.0,40.2,10.2,28.1,11.0,-0.4329766956095286,1273.77226103073,7.149738061150247,915.54435473604,6.819518811587653,79.78,4.66,31.4230276259143,5.8,29.3565994040011,2.751,71.448,,,,,54.35681915,6.316625577993184,0,2,1.0986122886681098,10.0,5,1.791759469228055,1,1,9.0,2.0,2.0,2.0,1.0986122886681098,1.0986122886681098,1.0986122886681098,6.0,6.0,4.0,3.0,2.0,2.0,1.3862943611198906,1.0986122886681098,1.0986122886681098,1.0,1.0,1.0,1.0,1.0,1.0,4.0,4.0,4.0,6.626543201482653,4.434920709138954,4.308850999146748,2.0,1.0986122886681098,14.0,6.0,1.9459101490553132,1.0,1.0,10.0
KEN,Kenya,ESA,2009,27.8,28.3,39.6,10.0,29.2,10.9,-0.44757613368995763,1276.73503486074,7.152061344182959,1047.9678324485,6.95460817018138,77.6,4.567,31.8603086707305,5.6,30.0784132028819,2.816,71.515,,,,,55.455616,36.00503811396804,0,2,1.0986122886681098,13.0,6,1.9459101490553132,1,1,10.0,2.0,2.0,2.0,1.0986122886681098,1.0986122886681098,1.0986122886681098,9.0,6.0,4.0,5.0,3.0,2.0,1.791759469228055,1.3862943611198906,1.0986122886681098,1.0,1.0,1.0,1.0,1.0,1.0,6.0,4.0,4.0,10.29658541671245,6.626543201482653,1.7744250649678623,4.0,1.6094379124341005,16.0,9.0,2.302585092994046,1.0,1.0,13.0
KEN,Kenya,ESA,2010,27.5,27.8,39.1,9.8,30.3,10.9,-0.4553811710193677,1340.16467408856,7.200547776505329,1091.51873101194,6.995325336641599,80.27,4.446,31.8713287706458,5.5,30.8004947681643,2.793,71.646,,,,1.4,58.8164711,0.4303675508157665,0,2,1.0986122886681098,13.0,6,1.9459101490553132,1,1,10.0,2.0,2.0,2.0,1.0986122886681098,1.0986122886681098,1.0986122886681098,10.0,9.0,6.0,5.0,5.0,2.0,1.791759469228055,1.791759469228055,1.0986122886681098,1.0,1.0,1.0,1.0,1.0,1.0,9.0,6.0,4.0,6.316625577993184,10.29658541671245,4.434920709138954,4.0,1.6094379124341005,16.0,8.0,2.1972245773362196,1.0,1.0,13.0
KEN,Kenya,ESA,2011,27.2,27.5,38.8,9.7,31.4,10.8,-0.4542851797069196,1370.58000874482,7.222989293276212,1096.14499807675,6.999554756272699,82.58,4.284,31.8673949025409,5.3,31.5229174481557,2.699,71.83,,,,,57.02286911,3.2238618003696677,0,2,1.0986122886681098,14.0,6,1.9459101490553132,1,1,10.0,2.0,2.0,2.0,1.0986122886681098,1.0986122886681098,1.0986122886681098,13.0,10.0,6.0,6.0,5.0,3.0,1.9459101490553132,1.791759469228055,1.3862943611198906,1.0,1.0,1.0,1.0,1.0,1.0,10.0,9.0,4.0,36.00503811396804,6.316625577993184,6.626543201482653,4.0,1.6094379124341005,16.0,8.0,2.1972245773362196,1.0,1.0,14.0
KEN,Kenya,ESA,2012,27.2,27.2,38.6,9.5,32.5,10.8,-0.44831424982638557,1396.30178709756,7.24158243982813,1285.00536171512,7.158518169861565,84.23,4.116,31.8558130142761,5.2,32.2455260120869,2.678,71.96,,,,,64.48231506,41.320017962888755,0,4,1.6094379124341005,16.0,9,2.302585092994046,1,1,13.0,2.0,2.0,2.0,1.0986122886681098,1.0986122886681098,1.0986122886681098,13.0,13.0,9.0,6.0,6.0,5.0,1.9459101490553132,1.9459101490553132,1.791759469228055,1.0,1.0,1.0,1.0,1.0,1.0,10.0,10.0,6.0,0.4303675508157665,36.00503811396804,10.29658541671245,5.0,1.791759469228055,17.0,7.0,2.0794415416798357,1.0,1.0,19.0
KEN,Kenya,ESA,2013,27.3,27.2,38.5,9.3,33.6,10.7,-0.4377513308758703,1413.94142522583,7.254136420722833,1370.87885214659,7.223207311067554,85.44,3.955,31.8324454433988,5.0,32.9682462912978,2.762,72.011,,,,,67.59809875,40.78087207775826,0,4,1.6094379124341005,16.0,8,2.1972245773362196,1,1,13.0,2.0,2.0,2.0,1.0986122886681098,1.0986122886681098,1.0986122886681098,14.0,13.0,10.0,6.0,6.0,5.0,1.9459101490553132,1.9459101490553132,1.791759469228055,1.0,1.0,1.0,1.0,1.0,1.0,10.0,10.0,9.0,3.2238618003696677,0.4303675508157665,6.316625577993184,5.0,1.791759469228055,14.0,11.0,2.4849066497880004,1.0,1.0,19.0
KEN,Kenya,ESA,2014,27.5,27.3,38.5,9.2,34.6,10.6,-0.42020126102652694,1450.59338202277,7.279727980684498,1482.81566253497,7.301698034030995,84.43,3.843,31.7931545274563,4.9,33.6908976254492,2.767,72.121,,,,,72.84589386,59.487837832176005,0,4,1.6094379124341005,16.0,8,2.1972245773362196,1,1,14.0,4.0,2.0,2.0,1.6094379124341005,1.0986122886681098,1.0986122886681098,16.0,14.0,13.0,9.0,6.0,6.0,2.302585092994046,1.9459101490553132,1.9459101490553132,1.0,1.0,1.0,1.0,1.0,1.0,13.0,10.0,10.0,41.320017962888755,3.2238618003696677,36.00503811396804,5.0,1.791759469228055,14.0,11.0,2.4849066497880004,1.0,1.0,19.0
KEN,Kenya,ESA,2015,27.8,27.5,38.5,9.0,35.7,10.6,-0.4028439413249928,1489.11959777284,7.305940350326721,1489.11959777284,7.305940350326721,81.8,3.766,31.7338026039958,4.7,34.4133695043635,2.762,72.237,15.0,2.6999999999999993,,,70.94755554,24.76,0,5,1.791759469228055,17.0,7,2.0794415416798357,1,1,19.0,4.0,4.0,2.0,1.6094379124341005,1.6094379124341005,1.0986122886681098,16.0,16.0,13.0,8.0,9.0,6.0,2.1972245773362196,2.302585092994046,1.9459101490553132,1.0,1.0,1.0,1.0,1.0,1.0,13.0,13.0,10.0,40.78087207775826,41.320017962888755,0.4303675508157665,6.0,1.9459101490553132,15.0,7.0,2.0794415416798357,1.0,1.0,20.0
KEN,Kenya,ESA,2016,28.1,27.8,38.5,8.9,36.8,10.5,-0.38136474775948787,1517.97796057742,7.325134439126475,1554.12610314423,7.348668675089776,77.26,3.689,31.6502520105647,4.5,35.1355349703251,2.757,72.354,17.8,3.1999999999999993,,,73.88768005,69.42,0,5,1.791759469228055,14.0,11,2.4849066497880004,1,1,19.0,4.0,4.0,2.0,1.6094379124341005,1.6094379124341005,1.0986122886681098,16.0,16.0,14.0,8.0,8.0,6.0,2.1972245773362196,2.1972245773362196,1.9459101490553132,1.0,1.0,1.0,1.0,1.0,1.0,14.0,13.0,10.0,59.487837832176005,40.78087207775826,3.2238618003696677,6.0,1.9459101490553132,15.0,7.0,2.0794415416798357,1.0,1.0,19.0
KEN,Kenya,ESA,2017,28.5,28.1,38.6,8.8,37.9,10.3,-0.35529356512400156,1542.33773973372,7.341054557205019,1667.48447230835,7.419071465787412,76.85,3.609,31.5383650847102,4.3,35.857250498731,3.542,69.745,21.6,3.900000000000002,69.8,,66.46552277,71.21761077674398,0,5,1.791759469228055,14.0,11,2.4849066497880004,1,1,19.0,5.0,4.0,4.0,1.791759469228055,1.6094379124341005,1.6094379124341005,17.0,16.0,16.0,7.0,8.0,9.0,2.0794415416798357,2.1972245773362196,2.302585092994046,1.0,1.0,1.0,1.0,1.0,1.0,19.0,14.0,13.0,24.76,59.487837832176005,41.320017962888755,6.0,1.9459101490553132,15.0,7.0,2.0794415416798357,1.0,1.0,20.0
KEN,Kenya,ESA,2018,28.9,28.5,38.7,8.7,38.9,10.2,-0.3309490945236393,1596.69045914945,7.375688302972038,1836.45275528993,7.515591139521756,74.15,3.536,31.3940041639796,4.1,36.5783889502292,4.284,67.099,23.4,4.199999999999999,69.8,,75.27681732,25.45,0,6,1.9459101490553132,15.0,7,2.0794415416798357,1,1,20.0,5.0,5.0,4.0,1.791759469228055,1.791759469228055,1.6094379124341005,14.0,17.0,16.0,11.0,7.0,8.0,2.4849066497880004,2.0794415416798357,2.1972245773362196,1.0,1.0,1.0,1.0,1.0,1.0,19.0,19.0,13.0,69.42,24.76,40.78087207775826,6.0,1.9459101490553132,15.0,7.0,2.0794415416798357,1.0,1.0,20.0
KEN,Kenya,ESA,2019,29.3,28.9,38.8,8.5,39.9,10.1,-0.3107264977872479,1645.70961777862,7.405926948771305,1960.40808854893,7.580907938995525,71.67,3.433,31.1895566421135,3.9,37.298797647533,5.014,64.404,24.9,4.400000000000002,72.1,1.33,85.64528656,30.2239886423476,0,6,1.9459101490553132,15.0,7,2.0794415416798357,1,1,19.0,5.0,5.0,4.0,1.791759469228055,1.791759469228055,1.6094379124341005,14.0,14.0,16.0,11.0,11.0,8.0,2.4849066497880004,2.4849066497880004,2.1972245773362196,1.0,1.0,1.0,1.0,1.0,1.0,19.0,19.0,14.0,71.21761077674398,69.42,59.487837832176005,6.0,1.9459101490553132,15.0,7.0,2.0794415416798357,1.0,1.0,20.0
KEN,Kenya,ESA,2020,29.8,29.3,38.9,8.4,41.0,10.0,-0.28245290347072394,1609.33414078281,7.383575795278356,1927.66459027849,7.564064492338477,85.0,3.364,31.2063494632616,3.7,38.018340896347,5.613,63.316,26.1,4.599999999999998,76.3,,86.5921936,26.68921767509684,0,6,1.9459101490553132,15.0,7,2.0794415416798357,1,1,20.0,6.0,5.0,5.0,1.9459101490553132,1.791759469228055,1.791759469228055,15.0,14.0,17.0,7.0,11.0,7.0,2.0794415416798357,2.4849066497880004,2.0794415416798357,1.0,1.0,1.0,1.0,1.0,1.0,20.0,19.0,19.0,25.45,71.21761077674398,24.76,5.0,1.791759469228055,13.0,6.0,1.9459101490553132,1.0,1.0,18.0
KEN,Kenya,ESA,2021,30.5,29.8,39.1,8.3,42.0,,-0.24911162043830506,1698.89578271444,7.4377337794223415,2061.35622089594,7.631119404818203,88.69,3.312,31.2879334021971,3.6,38.7368777065186,5.693,63.621,28.0,3.3999999999999986,78.0,,94.20249176,44.27413044137019,0,6,1.9459101490553132,15.0,7,2.0794415416798357,1,1,20.0,6.0,6.0,5.0,1.9459101490553132,1.9459101490553132,1.791759469228055,15.0,15.0,14.0,7.0,7.0,11.0,2.0794415416798357,2.0794415416798357,2.4849066497880004,1.0,1.0,1.0,1.0,1.0,1.0,19.0,20.0,19.0,30.2239886423476,25.45,69.42,5.0,1.791759469228055,13.0,6.0,1.9459101490553132,1.0,1.0,18.0
KEN,Kenya,ESA,2022,31.3,30.5,39.5,8.2,43.0,,-0.20878877094696136,1747.53198804428,7.465959778972922,2109.56288513137,7.654236041563953,82.09,3.262,31.4307820066946,3.4,39.454252565811,5.565,63.747,28.0,2.200000000000003,77.8,,91.18416595,35.20435123954464,0,6,1.9459101490553132,15.0,7,2.0794415416798357,1,1,20.0,6.0,6.0,5.0,1.9459101490553132,1.9459101490553132,1.791759469228055,15.0,15.0,14.0,7.0,7.0,11.0,2.0794415416798357,2.0794415416798357,2.4849066497880004,1.0,1.0,1.0,1.0,1.0,1.0,20.0,19.0,19.0,26.68921767509684,30.2239886423476,71.21761077674398,5.0,1.791759469228055,13.0,6.0,1.9459101490553132,1.0,1.0,18.0
KEN,Kenya,ESA,2023,32.2,31.3,39.8,,,,,1811.21651838425,7.5017540080999225,1942.58802756191,7.571776397849223,73.77,3.208,31.6330340816429,3.2,40.1703366344741,5.409,63.814,28.1,1.3000000000000007,76.9,,84.958992,21.33,0,5,1.791759469228055,13.0,6,1.9459101490553132,1,1,18.0,6.0,6.0,6.0,1.9459101490553132,1.9459101490553132,1.9459101490553132,15.0,15.0,15.0,7.0,7.0,7.0,2.0794415416798357,2.0794415416798357,2.0794415416798357,1.0,1.0,1.0,1.0,1.0,1.0,20.0,20.0,20.0,44.27413044137019,26.68921767509684,25.45,,,,,,,,
KEN,Kenya,ESA,2024,,32.2,,,,,,1858.87650030024,7.52772755210972,2133.46193404026,7.665501260444164,74.17,3.167,31.8937831721599,3.0,40.8849654611543,5.487,63.719,26.5,1.5,76.4,,,56.87,0,5,1.791759469228055,13.0,6,1.9459101490553132,1,1,18.0,6.0,6.0,6.0,1.9459101490553132,1.9459101490553132,1.9459101490553132,15.0,15.0,15.0,7.0,7.0,7.0,2.0794415416798357,2.0794415416798357,2.0794415416798357,1.0,1.0,1.0,1.0,1.0,1.0,20.0,20.0,19.0,35.20435123954464,44.27413044137019,30.2239886423476,,,,,,,,
KEN,Kenya,ESA,2025,,,,,,,,1907.81875397233,7.553715854819166,2362.86091198611,7.767628414678459,,,32.2121192871745,,,5.449,63.713,,,76.3,,,,0,5,1.791759469228055,13.0,6,1.9459101490553132,1,1,18.0,5.0,6.0,6.0,1.791759469228055,1.9459101490553132,1.9459101490553132,13.0,15.0,15.0,6.0,7.0,7.0,1.9459101490553132,2.0794415416798357,2.0794415416798357,1.0,1.0,1.0,1.0,1.0,1.0,18.0,20.0,20.0,21.33,35.20435123954464,26.68921767509684,,,,,,,,
LBR,Liberia,WCA,2000,52.8,,56.3,10.5,20.3,19.3,0.369018208716865,754.850917360951,6.626520269302072,298.485340578945,5.698720821338416,397.08,5.875,43.7710042955819,2.7,12.1734894943623,2.018,75.542,,,,,7.93455124,,0,0,0.0,0.0,0,0.0,0,0,0.0,,,,,,,,,,,,,,,,,,,,,,,,,,,,0.0,0.0,0.0,0.0,0.0,0.0,0.0,0.0
LBR,Liberia,WCA,2001,51.6,52.8,55.3,10.2,21.4,19.4,0.3253217054494273,754.422355762017,6.625952364711056,300.463828598983,5.705327376011267,406.05,5.774,44.1509656015089,2.6,12.4677838881013,2.104,75.462,,,,,6.46313238,,0,0,0.0,0.0,0,0.0,0,0,0.0,,,,,,,,,,,,,,,,,,,,,,,,,,,,0.0,0.0,0.0,0.0,0.0,0.0,0.0,0.0
LBR,Liberia,WCA,2002,50.5,51.6,54.3,9.9,22.5,19.6,0.283827613863027,762.716393927064,6.636886263533476,299.536445539621,5.702236098097439,415.53,5.653,44.566701526991,2.5,12.7650839146354,2.222,75.362,,,,,6.59576607,,0,0,0.0,0.0,0,0.0,0,0,0.0,0.0,,,0.0,,,0.0,,,0.0,,,0.0,,,0.0,,,0.0,,,0.0,,,,,,0.0,0.0,0.0,0.0,0.0,0.0,0.0,0.0
LBR,Liberia,WCA,2003,49.5,50.5,53.5,9.6,23.6,19.7,0.24931508873555194,528.567395543421,6.270170319494906,239.779556677091,5.47971998740421,423.21,5.547,45.0004573003041,2.4,13.0649848713731,2.42,75.206,,,,,5.76429653,,0,0,0.0,0.0,0,0.0,0,0,0.0,0.0,0.0,,0.0,0.0,,0.0,0.0,,0.0,0.0,,0.0,0.0,,0.0,0.0,,0.0,0.0,,0.0,0.0,,,,,0.0,0.0,0.0,0.0,0.0,0.0,0.0,0.0
LBR,Liberia,WCA,2004,48.4,49.5,52.7,9.3,24.8,19.8,0.21432686396216322,535.995882066218,6.28412647832901,284.140223992458,5.649467862760852,406.13,5.506,45.4344781497244,2.3,13.3677053295354,2.424,75.206,,,,,16.7787571,,0,0,0.0,0.0,0,0.0,0,0,0.0,0.0,0.0,,0.0,0.0,,0.0,0.0,,0.0,0.0,,0.0,0.0,,0.0,0.0,,0.0,0.0,,0.0,0.0,,,,,0.0,0.0,0.0,0.0,0.0,0.0,0.0,2.0
LBR,Liberia,WCA,2005,47.4,48.4,51.8,9.0,26.0,19.9,0.179151473480868,539.665378841936,6.29094927867302,287.487333441381,5.661178801671644,403.18,5.519,45.8510093035277,2.2,13.6730363587121,2.413,75.225,,,,,19.14579582,0.0,0,0,0.0,0.0,0,0.0,0,0,0.0,0.0,0.0,0.0,0.0,0.0,0.0,0.0,0.0,0.0,0.0,0.0,0.0,0.0,0.0,0.0,0.0,0.0,0.0,0.0,0.0,0.0,0.0,0.0,0.0,,,,1.0,0.6931471805599453,2.0,1.0,0.6931471805599453,1.0,1.0,4.0
LBR,Liberia,WCA,2006,46.4,47.4,51.0,8.7,27.1,19.8,0.14463894835339283,551.377446611852,6.3124195957072144,320.55808618515,5.770063496086552,390.79,5.53,46.2322959899902,2.0,14.1158011729766,2.28,75.344,,,,,18.34446335,11.328828415722688,0,0,0.0,0.0,0,0.0,0,0,0.0,0.0,0.0,0.0,0.0,0.0,0.0,0.0,0.0,0.0,0.0,0.0,0.0,0.0,0.0,0.0,0.0,0.0,0.0,0.0,0.0,0.0,0.0,0.0,0.0,,,,1.0,0.6931471805599453,2.0,1.0,0.6931471805599453,1.0,1.0,4.0
LBR,Liberia,WCA,2007,45.4,46.4,50.2,8.4,28.3,19.8,0.11185313526104168,574.609394348543,6.353690495782481,374.211308104278,5.924820632796214,372.68,5.462,46.6104850769043,1.9,14.564331528772,2.232,75.399,,,,,15.8568964,0.0,0,0,0.0,0.0,0,0.0,0,0,2.0,0.0,0.0,0.0,0.0,0.0,0.0,0.0,0.0,0.0,0.0,0.0,0.0,0.0,0.0,0.0,0.0,0.0,0.0,0.0,0.0,0.0,0.0,0.0,0.0,0.0,,,1.0,0.6931471805599453,2.0,1.0,0.6931471805599453,1.0,1.0,4.0
LBR,Liberia,WCA,2008,44.3,45.4,49.5,8.1,29.4,19.8,0.0775277758414725,591.185378141907,6.382129636821215,451.713856283285,6.113048918044138,357.06,5.328,47.1080497871025,1.9,15.018343502263,2.221,75.408,,,,,26.30083656,0.0,0,1,0.6931471805599453,2.0,1,0.6931471805599453,1,1,4.0,0.0,0.0,0.0,0.0,0.0,0.0,0.0,0.0,0.0,0.0,0.0,0.0,0.0,0.0,0.0,0.0,0.0,0.0,0.0,0.0,0.0,0.0,0.0,0.0,11.328828415722688,0.0,,1.0,0.6931471805599453,3.0,1.0,0.6931471805599453,1.0,1.0,6.0
LBR,Liberia,WCA,2009,43.2,44.3,48.8,7.9,30.6,19.7,0.0490510023209985,603.256211077605,6.402342000478006,448.386367025545,6.105655287135327,342.42,5.174,47.6245255922562,1.8,15.4802745365152,2.241,75.384,,,,0.7,40.21982574,0.0,0,1,0.6931471805599453,2.0,1,0.6931471805599453,1,1,4.0,0.0,0.0,0.0,0.0,0.0,0.0,0.0,0.0,0.0,0.0,0.0,0.0,0.0,0.0,0.0,0.0,0.0,0.0,0.0,0.0,0.0,2.0,0.0,0.0,0.0,11.328828415722688,,1.0,0.6931471805599453,3.0,1.0,0.6931471805599453,1.0,1.0,5.0
LBR,Liberia,WCA,2010,42.2,43.2,48.2,7.6,31.6,19.7,0.017590919936286996,621.783295071575,6.432591631827256,492.252808033724,6.198992421989961,322.14,5.058,48.1407517057907,1.7,15.9501173630923,2.266,75.36,,,,0.8,40.8739624,2.394783792471721,0,1,0.6931471805599453,2.0,1,0.6931471805599453,1,1,4.0,1.0,0.0,0.0,0.6931471805599453,0.0,0.0,2.0,0.0,0.0,1.0,0.0,0.0,0.6931471805599453,0.0,0.0,1.0,0.0,0.0,1.0,0.0,0.0,4.0,2.0,0.0,0.0,0.0,0.0,2.0,1.0986122886681098,4.0,2.0,1.0986122886681098,1.0,1.0,6.0
LBR,Liberia,WCA,2011,41.4,42.2,47.6,7.3,32.6,19.7,-0.00946433908634961,646.908727016597,6.472205213477721,568.087865520004,6.3422760995743594,299.38,4.97,48.6583302770849,1.6,16.4280907750626,2.211,75.319,,,,,47.58517075,0.0,0,1,0.6931471805599453,3.0,1,0.6931471805599453,1,1,6.0,1.0,1.0,0.0,0.6931471805599453,0.6931471805599453,0.0,2.0,2.0,0.0,1.0,1.0,0.0,0.6931471805599453,0.6931471805599453,0.0,1.0,1.0,0.0,1.0,1.0,0.0,4.0,4.0,0.0,0.0,0.0,11.328828415722688,2.0,1.0986122886681098,6.0,2.0,1.0986122886681098,1.0,1.0,8.0
LBR,Liberia,WCA,2012,40.8,41.4,47.2,7.1,33.6,19.7,-0.02321374610505255,674.360011422232,6.513764109885485,638.368751462083,6.458916096726574,266.12,4.881,49.1773247639526,1.6,16.9137232016405,2.146,75.311,,,,,46.67208862,62.77331592601655,0,1,0.6931471805599453,3.0,1,0.6931471805599453,1,1,5.0,1.0,1.0,0.0,0.6931471805599453,0.6931471805599453,0.0,2.0,2.0,0.0,1.0,1.0,0.0,0.6931471805599453,0.6931471805599453,0.0,1.0,1.0,0.0,1.0,1.0,0.0,4.0,4.0,2.0,2.394783792471721,0.0,0.0,2.0,1.0986122886681098,6.0,2.0,1.0986122886681098,1.0,1.0,8.0
LBR,Liberia,WCA,2013,40.3,40.8,46.9,6.8,34.6,19.7,-0.03649303791774518,717.007280358975,6.575085994465748,710.744570927863,6.566313111990311,260.75,4.749,49.6977986242077,1.5,17.4074580077978,2.08,75.38,,,,,48.72935104,76.56843159439525,0,2,1.0986122886681098,4.0,2,1.0986122886681098,1,1,6.0,1.0,1.0,1.0,0.6931471805599453,0.6931471805599453,0.6931471805599453,3.0,2.0,2.0,1.0,1.0,1.0,0.6931471805599453,0.6931471805599453,0.6931471805599453,1.0,1.0,1.0,1.0,1.0,1.0,6.0,4.0,4.0,0.0,2.394783792471721,0.0,2.0,1.0986122886681098,7.0,6.0,1.9459101490553132,1.0,1.0,9.0
LBR,Liberia,WCA,2014,40.0,40.3,46.7,6.6,35.6,19.7,-0.03885605511544776,707.157694930142,6.561253689016782,706.714490064507,6.56062675132771,287.7,4.622,50.2198153156642,1.4,17.9088071106971,2.079,75.382,,,,,54.82420349,0.0,0,2,1.0986122886681098,6.0,2,1.0986122886681098,1,1,8.0,1.0,1.0,1.0,0.6931471805599453,0.6931471805599453,0.6931471805599453,3.0,3.0,2.0,1.0,1.0,1.0,0.6931471805599453,0.6931471805599453,0.6931471805599453,1.0,1.0,1.0,1.0,1.0,1.0,5.0,6.0,4.0,62.77331592601655,0.0,0.0,3.0,1.3862943611198906,9.0,7.0,2.0794415416798357,1.0,1.0,11.0
LBR,Liberia,WCA,2015,39.9,40.0,46.7,6.4,36.7,19.7,-0.030308382138063916,692.590082351257,6.540438312419157,692.590082351257,6.540438312419157,318.13,4.523,50.7434382961363,1.4,18.4179781203981,2.557,74.997,38.6,2.799999999999997,,,68.89793396,39.48,0,2,1.0986122886681098,6.0,2,1.0986122886681098,1,1,8.0,2.0,1.0,1.0,1.0986122886681098,0.6931471805599453,0.6931471805599453,4.0,3.0,2.0,2.0,1.0,1.0,1.0986122886681098,0.6931471805599453,0.6931471805599453,1.0,1.0,1.0,1.0,1.0,1.0,6.0,5.0,4.0,76.56843159439525,62.77331592601655,2.394783792471721,2.0,1.0986122886681098,8.0,2.0,1.0986122886681098,1.0,1.0,11.0
LBR,Liberia,WCA,2016,39.8,39.9,46.8,6.3,37.7,19.8,-0.01697596994288951,668.031513175601,6.504335347836498,714.613063145659,6.571741225782789,348.7,4.461,51.2687310234384,1.3,18.9349390175014,3.081,74.567,38.4,2.8999999999999986,,0.63,67.68016052,84.13785333141853,0,2,1.0986122886681098,7.0,6,1.9459101490553132,1,1,9.0,2.0,2.0,1.0,1.0986122886681098,1.0986122886681098,0.6931471805599453,6.0,4.0,3.0,2.0,2.0,1.0,1.0986122886681098,1.0986122886681098,0.6931471805599453,1.0,1.0,1.0,1.0,1.0,1.0,8.0,6.0,6.0,0.0,76.56843159439525,0.0,3.0,1.3862943611198906,9.0,3.0,1.3862943611198906,1.0,1.0,12.0
LBR,Liberia,WCA,2017,39.9,39.8,46.9,6.1,38.7,19.8,-0.0033606082496106804,671.260899835355,6.509157883807223,699.269095727404,6.550035640579269,356.09,4.396,51.7957569553849,1.3,19.4591800299081,3.067,74.551,38.3,2.9000000000000057,65.8,,67.8789978,94.2170069989892,0,3,1.3862943611198906,9.0,7,2.0794415416798357,1,1,11.0,2.0,2.0,1.0,1.0986122886681098,1.0986122886681098,0.6931471805599453,6.0,6.0,3.0,2.0,2.0,1.0,1.0986122886681098,1.0986122886681098,0.6931471805599453,1.0,1.0,1.0,1.0,1.0,1.0,8.0,8.0,5.0,39.48,0.0,62.77331592601655,3.0,1.3862943611198906,9.0,3.0,1.3862943611198906,1.0,1.0,12.0
LBR,Liberia,WCA,2018,40.1,39.9,47.1,5.9,39.8,19.8,0.016573454548773375,665.875439637137,6.501102625476685,692.203127129794,6.539879448859046,331.58,4.336,52.3245795497906,1.2,19.9911366216728,3.058,74.522,,,65.0,1.64,68.88298798,63.77030561133608,0,2,1.0986122886681098,8.0,2,1.0986122886681098,1,1,11.0,2.0,2.0,2.0,1.0986122886681098,1.0986122886681098,1.0986122886681098,7.0,6.0,4.0,6.0,2.0,2.0,1.9459101490553132,1.0986122886681098,1.0986122886681098,1.0,1.0,1.0,1.0,1.0,1.0,9.0,8.0,6.0,84.13785333141853,39.48,76.56843159439525,3.0,1.3862943611198906,9.0,3.0,1.3862943611198906,1.0,1.0,12.0
LBR,Liberia,WCA,2019,40.4,40.1,47.4,5.8,40.9,19.9,0.04522138028110953,636.699384824869,6.456297620829438,658.164180770507,6.489454415050459,300.8,4.257,52.85526226447,1.2,20.5305258325317,3.071,74.464,37.3,2.8000000000000043,67.4,,51.1932373,89.0622901318843,1,3,1.3862943611198906,9.0,3,1.3862943611198906,1,1,12.0,3.0,2.0,2.0,1.3862943611198906,1.0986122886681098,1.0986122886681098,9.0,7.0,6.0,7.0,6.0,2.0,2.0794415416798357,1.9459101490553132,1.0986122886681098,1.0,1.0,1.0,1.0,1.0,1.0,11.0,9.0,8.0,94.2170069989892,84.13785333141853,0.0,3.0,1.3862943611198906,7.0,3.0,1.3862943611198906,1.0,1.0,9.0
LBR,Liberia,WCA,2020,40.7,40.4,47.8,5.6,41.9,19.9,0.07041029750329475,605.025475431411,6.40527056529541,616.787867006715,6.424525151184561,276.93,4.174,53.3878685572381,1.1,21.0772995001903,4.102,72.972,37.3,2.8000000000000043,70.8,,76.11009979,0.0,0,3,1.3862943611198906,9.0,3,1.3862943611198906,1,1,12.0,2.0,3.0,2.0,1.0986122886681098,1.3862943611198906,1.0986122886681098,8.0,9.0,6.0,2.0,7.0,2.0,1.0986122886681098,2.0794415416798357,1.0986122886681098,1.0,1.0,1.0,1.0,1.0,1.0,11.0,11.0,8.0,63.77030561133608,94.2170069989892,39.48,3.0,1.3862943611198906,7.0,3.0,1.3862943611198906,1.0,1.0,9.0
LBR,Liberia,WCA,2021,41.2,40.7,48.2,5.5,43.0,,0.10585262398665005,621.927983063426,6.432824303179599,667.96610514319,6.50423743144568,216.07,4.089,53.9224618859098,1.1,21.631407651363,3.844,73.405,37.5,5.899999999999999,66.3,1.59,88.54867554,73.25490651576582,0,3,1.3862943611198906,9.0,3,1.3862943611198906,1,1,12.0,3.0,2.0,2.0,1.3862943611198906,1.0986122886681098,1.0986122886681098,9.0,8.0,7.0,3.0,2.0,6.0,1.3862943611198906,1.0986122886681098,1.9459101490553132,1.0,1.0,1.0,1.0,1.0,1.0,12.0,11.0,9.0,89.0622901318843,63.77030561133608,84.13785333141853,4.0,1.6094379124341005,8.0,4.0,1.6094379124341005,1.0,1.0,10.0
LBR,Liberia,WCA,2022,41.8,41.2,48.7,5.4,44.1,,0.14588693953998647,638.005183858289,6.458346408481513,744.617175237387,6.612870227567148,181.79,4.016,54.4591057083,1.0,22.1923063601074,2.956,74.42,37.3,5.199999999999996,61.1,,100.49607086,84.59,0,3,1.3862943611198906,7.0,3,1.3862943611198906,1,1,9.0,3.0,3.0,3.0,1.3862943611198906,1.3862943611198906,1.3862943611198906,9.0,9.0,9.0,3.0,3.0,7.0,1.3862943611198906,1.3862943611198906,2.0794415416798357,1.0,1.0,1.0,1.0,1.0,1.0,12.0,12.0,11.0,0.0,89.0622901318843,94.2170069989892,4.0,1.6094379124341005,8.0,4.0,1.6094379124341005,1.0,1.0,10.0
LBR,Liberia,WCA,2023,42.5,41.8,49.2,,,,,653.329188343162,6.482081119163617,799.194470229642,6.683604308178327,179.32,3.95,54.997863482224,1.0,22.7604195167576,2.905,74.421,37.1,4.0,60.8,,103.94123077,77.49956005966742,0,3,1.3862943611198906,7.0,3,1.3862943611198906,1,1,9.0,3.0,3.0,2.0,1.3862943611198906,1.3862943611198906,1.0986122886681098,9.0,9.0,8.0,3.0,3.0,2.0,1.3862943611198906,1.3862943611198906,1.0986122886681098,1.0,1.0,1.0,1.0,1.0,1.0,12.0,12.0,11.0,73.25490651576582,0.0,63.77030561133608,,,,,,,,
LBR,Liberia,WCA,2024,,42.5,,,,,,665.101337624192,6.499939416450873,851.497723870206,6.746996827016617,172.34,3.864,55.5387986654968,0.9,23.3351954904068,2.914,74.379,35.5,1.5999999999999943,62.1,,,37.52,0,4,1.6094379124341005,8.0,4,1.6094379124341005,1,1,10.0,3.0,3.0,3.0,1.3862943611198906,1.3862943611198906,1.3862943611198906,7.0,9.0,9.0,3.0,3.0,3.0,1.3862943611198906,1.3862943611198906,1.3862943611198906,1.0,1.0,1.0,1.0,1.0,1.0,9.0,12.0,12.0,84.59,73.25490651576582,89.0622901318843,,,,,,,,
LBR,Liberia,WCA,2025,,,,,,,,684.038392553354,6.528014045511319,915.328972645548,6.8192835336049935,,,56.0819747159338,,,2.884,74.373,,,59.6,,,,0,4,1.6094379124341005,8.0,4,1.6094379124341005,1,1,10.0,3.0,3.0,3.0,1.3862943611198906,1.3862943611198906,1.3862943611198906,7.0,7.0,9.0,3.0,3.0,3.0,1.3862943611198906,1.3862943611198906,1.3862943611198906,1.0,1.0,1.0,1.0,1.0,1.0,9.0,9.0,12.0,77.49956005966742,84.59,0.0,,,,,,,,
LSO,Lesotho,ESA,2000,32.1,,34.8,4.6,45.8,15.0,-0.4035191368985002,725.263668707773,6.586535269715017,442.779545779081,6.093072006856719,,3.605,19.3273988558381,22.0,13.9109680595621,16.169,60.701,,,,,23.71122551,,0,0,0.0,2.0,0,0.0,0,1,3.0,,,,,,,,,,,,,,,,,,,,,,,,,,,,0.0,0.0,2.0,0.0,0.0,0.0,1.0,3.0
LSO,Lesotho,ESA,2001,31.0,32.1,34.2,4.6,46.2,15.0,-0.43517628158308,752.243212493971,6.6230596925302265,412.677473676821,6.022666352464918,,3.63,19.8975236019886,22.5,15.4957394207867,16.081,60.329,,,,,28.22144127,,0,0,0.0,3.0,0,0.0,0,1,3.0,,,,,,,,,,,,,,,,,,,,,,,,,,,,0.0,0.0,3.0,0.0,0.0,0.0,1.0,4.0
LSO,Lesotho,ESA,2002,30.0,31.0,33.7,4.5,46.6,14.9,-0.4663633110616497,760.033443180306,6.633362436496834,388.92334985135,5.963382280118777,,3.682,20.4926272688562,22.8,17.0718164332742,16.079,59.891,,,,,23.20003891,,0,0,0.0,2.0,0,0.0,0,1,3.0,0.0,,,0.0,,,2.0,,,0.0,,,0.0,,,0.0,,,1.0,,,3.0,,,,,,0.0,0.0,3.0,0.0,0.0,0.0,1.0,4.0
LSO,Lesotho,ESA,2003,29.0,30.0,33.2,4.5,47.0,14.9,-0.49342846667624835,798.540500554454,6.682785687163368,583.270036200288,6.368650262990948,,3.619,21.1231084926925,23.1,18.6189165343031,16.056,59.463,,,,,32.02215576,0.0,0,0,0.0,2.0,0,0.0,0,1,3.0,0.0,0.0,,0.0,0.0,,3.0,2.0,,0.0,0.0,,0.0,0.0,,0.0,0.0,,1.0,1.0,,3.0,3.0,,,,,1.0,0.6931471805599453,4.0,1.0,0.6931471805599453,1.0,1.0,5.0
LSO,Lesotho,ESA,2004,28.1,29.0,32.8,4.4,47.4,14.9,-0.5200235070848368,817.793597897186,6.706609979454297,766.685820928242,6.642077096756487,,3.508,21.7993659097494,23.2,20.1519465673748,16.154,58.944,,,,,41.18851089,3.1853513445579775,1,0,0.0,3.0,0,0.0,0,1,4.0,0.0,0.0,,0.0,0.0,,2.0,3.0,,0.0,0.0,,0.0,0.0,,0.0,0.0,,1.0,1.0,,3.0,3.0,,,,,1.0,0.6931471805599453,4.0,1.0,0.6931471805599453,1.0,1.0,5.0
LSO,Lesotho,ESA,2005,27.3,28.1,32.4,4.4,47.7,14.8,-0.5420209739835404,853.960500629797,6.749884940528971,861.381496414995,6.758537491561566,,3.428,22.5317981562788,23.3,21.6703679710685,16.031,58.577,,,,,41.66717911,20.238041036848177,0,0,0.0,3.0,0,0.0,0,1,4.0,0.0,0.0,0.0,0.0,0.0,0.0,2.0,2.0,2.0,0.0,0.0,0.0,0.0,0.0,0.0,0.0,0.0,0.0,1.0,1.0,1.0,3.0,3.0,3.0,0.0,,,1.0,0.6931471805599453,3.0,1.0,0.6931471805599453,1.0,1.0,4.0
LSO,Lesotho,ESA,2006,26.4,27.3,32.0,4.3,48.1,14.8,-0.5686160143921286,893.750686627156,6.795426862262083,925.467485502842,6.830298999578849,,3.414,23.3329886243114,23.5,23.1744368605151,16.054,58.101,,,,1.3,49.67809296,0.0,0,1,0.6931471805599453,4.0,1,0.6931471805599453,1,1,5.0,0.0,0.0,0.0,0.0,0.0,0.0,3.0,2.0,3.0,0.0,0.0,0.0,0.0,0.0,0.0,0.0,0.0,0.0,1.0,1.0,1.0,4.0,3.0,3.0,3.1853513445579775,0.0,,1.0,0.6931471805599453,3.0,1.0,0.6931471805599453,1.0,1.0,4.0
LSO,Lesotho,ESA,2007,25.6,26.4,31.6,4.3,48.4,14.8,-0.5906134812908326,927.26863327342,6.832243311366954,861.188420899563,6.758313320090441,,3.442,24.2187949905661,23.8,24.6557826139107,15.942,57.715,,,,,65.80387878,0.0,0,1,0.6931471805599453,4.0,1,0.6931471805599453,1,1,5.0,0.0,0.0,0.0,0.0,0.0,0.0,3.0,3.0,2.0,0.0,0.0,0.0,0.0,0.0,0.0,0.0,0.0,0.0,1.0,1.0,1.0,4.0,4.0,3.0,20.238041036848177,3.1853513445579775,,1.0,0.6931471805599453,4.0,1.0,0.6931471805599453,1.0,1.0,4.0
LSO,Lesotho,ESA,2008,24.9,25.6,31.2,4.2,48.8,14.8,-0.6128036983373457,971.881366821351,6.879233746416341,898.482517882593,6.800707249031088,,3.392,25.1966303659683,24.2,26.1239917400803,15.851,57.308,,,,,69.06710052,0.0,0,1,0.6931471805599453,3.0,1,0.6931471805599453,1,1,4.0,1.0,0.0,0.0,0.6931471805599453,0.0,0.0,4.0,3.0,2.0,1.0,0.0,0.0,0.6931471805599453,0.0,0.0,1.0,0.0,0.0,1.0,1.0,1.0,5.0,4.0,3.0,0.0,20.238041036848177,0.0,1.0,0.6931471805599453,3.0,1.0,0.6931471805599453,1.0,1.0,4.0
LSO,Lesotho,ESA,2009,24.3,24.9,30.9,4.2,49.1,14.8,-0.6280067644850305,952.747929746529,6.8593503668274725,878.847950537772,6.778611902674362,,3.309,26.2591028264855,24.6,27.5788226829742,16.115,56.656,,,,,80.82315063,0.0,1,1,0.6931471805599453,3.0,1,0.6931471805599453,1,1,4.0,1.0,1.0,0.0,0.6931471805599453,0.6931471805599453,0.0,4.0,4.0,3.0,1.0,1.0,0.0,0.6931471805599453,0.6931471805599453,0.0,1.0,1.0,0.0,1.0,1.0,1.0,5.0,5.0,4.0,0.0,0.0,3.1853513445579775,2.0,1.0986122886681098,4.0,2.0,1.0986122886681098,1.0,1.0,7.0
LSO,Lesotho,ESA,2010,23.8,24.3,30.7,4.1,49.5,14.8,-0.6410130033915811,995.233432451681,6.902977315122107,1119.47557793042,7.020615620642678,,3.25,27.4004815007995,24.8,29.020495938413,16.068,56.212,,,,,85.87903595,0.0,0,1,0.6931471805599453,4.0,1,0.6931471805599453,1,1,4.0,1.0,1.0,0.0,0.6931471805599453,0.6931471805599453,0.0,3.0,4.0,3.0,1.0,1.0,0.0,0.6931471805599453,0.6931471805599453,0.0,1.0,1.0,0.0,1.0,1.0,1.0,4.0,5.0,4.0,0.0,0.0,20.238041036848177,2.0,1.0986122886681098,4.0,2.0,1.0986122886681098,1.0,1.0,8.0
LSO,Lesotho,ESA,2011,23.6,23.8,30.6,4.0,49.9,14.8,-0.6450224298660749,1031.99721564343,6.9392512480179365,1280.73390931581,7.155188559254785,,3.343,28.6150355175921,24.9,30.4489318304881,16.115,55.699,,,,,117.67031097,0.0,0,1,0.6931471805599453,3.0,1,0.6931471805599453,1,1,4.0,1.0,1.0,1.0,0.6931471805599453,0.6931471805599453,0.6931471805599453,3.0,3.0,4.0,1.0,1.0,1.0,0.6931471805599453,0.6931471805599453,0.6931471805599453,1.0,1.0,1.0,1.0,1.0,1.0,4.0,4.0,5.0,0.0,0.0,0.0,3.0,1.3862943611198906,5.0,3.0,1.3862943611198906,1.0,1.0,10.0
LSO,Lesotho,ESA,2012,23.6,23.6,30.7,3.9,50.4,14.8,-0.6381211661654825,1086.39034816283,6.99061587252604,1217.93071228944,7.104908560189874,,3.296,29.8970340055453,24.9,31.8586043360402,15.761,55.448,,,,,125.37831116,0.0,0,2,1.0986122886681098,4.0,2,1.0986122886681098,1,1,7.0,1.0,1.0,1.0,0.6931471805599453,0.6931471805599453,0.6931471805599453,4.0,3.0,4.0,1.0,1.0,1.0,0.6931471805599453,0.6931471805599453,0.6931471805599453,1.0,1.0,1.0,1.0,1.0,1.0,4.0,4.0,5.0,0.0,0.0,0.0,3.0,1.3862943611198906,5.0,3.0,1.3862943611198906,1.0,1.0,10.0
LSO,Lesotho,ESA,2013,23.7,23.6,30.8,3.9,50.9,14.8,-0.6248956169198816,1093.95323489272,6.997553235169458,1151.03735837227,7.048418865512506,,3.283,31.2407460933407,24.9,33.2568347766841,15.926,54.85,,,,,131.35578918,0.0,0,2,1.0986122886681098,4.0,2,1.0986122886681098,1,1,8.0,1.0,1.0,1.0,0.6931471805599453,0.6931471805599453,0.6931471805599453,3.0,4.0,3.0,1.0,1.0,1.0,0.6931471805599453,0.6931471805599453,0.6931471805599453,1.0,1.0,1.0,1.0,1.0,1.0,4.0,4.0,4.0,0.0,0.0,0.0,4.0,1.6094379124341005,6.0,6.0,1.9459101490553132,1.0,1.0,11.0
LSO,Lesotho,ESA,2014,24.0,23.7,31.0,3.8,51.4,14.7,-0.6089975407872326,1100.04993684215,7.0031108548852705,1173.5377928819,7.067778220040416,,3.239,32.6404409096604,24.7,34.6437079655808,16.066,53.732,,,,,121.21549988,0.0,1,3,1.3862943611198906,5.0,3,1.3862943611198906,1,1,10.0,2.0,1.0,1.0,1.0986122886681098,0.6931471805599453,0.6931471805599453,4.0,3.0,3.0,2.0,1.0,1.0,1.0986122886681098,0.6931471805599453,0.6931471805599453,1.0,1.0,1.0,1.0,1.0,1.0,7.0,4.0,4.0,0.0,0.0,0.0,4.0,1.6094379124341005,6.0,6.0,1.9459101490553132,1.0,1.0,11.0
LSO,Lesotho,ESA,2015,24.5,24.0,31.2,3.7,51.9,14.7,-0.5886946412925087,1121.19851342518,7.022153493411392,1121.19851342518,7.022153493411392,,3.217,34.0903875831861,24.3,36.0192915871812,16.223,52.592,,,,,104.59999847,0.0,0,3,1.3862943611198906,5.0,3,1.3862943611198906,1,1,10.0,2.0,2.0,1.0,1.0986122886681098,1.0986122886681098,0.6931471805599453,4.0,4.0,4.0,2.0,2.0,1.0,1.0986122886681098,1.0986122886681098,0.6931471805599453,1.0,1.0,1.0,1.0,1.0,1.0,8.0,7.0,4.0,0.0,0.0,0.0,3.0,1.3862943611198906,5.0,3.0,1.3862943611198906,1.0,1.0,8.0
LSO,Lesotho,ESA,2016,25.3,24.5,31.6,3.7,52.4,14.7,-0.5528834781128135,1147.58748801671,7.045417181308762,992.491840678465,6.900218791548676,,3.18,35.5077950709441,23.8,37.3835722556357,16.138,51.59,,,,,91.0127182,0.0,0,4,1.6094379124341005,6.0,6,1.9459101490553132,1,1,11.0,3.0,2.0,1.0,1.3862943611198906,1.0986122886681098,0.6931471805599453,5.0,4.0,3.0,3.0,2.0,1.0,1.3862943611198906,1.0986122886681098,0.6931471805599453,1.0,1.0,1.0,1.0,1.0,1.0,10.0,8.0,4.0,0.0,0.0,0.0,3.0,1.3862943611198906,5.0,3.0,1.3862943611198906,1.0,1.0,8.0
LSO,Lesotho,ESA,2017,26.1,25.3,32.1,3.6,52.9,14.6,-0.5188046114081455,1097.82166812752,7.001083193694294,1069.36673247542,6.974821913442213,,3.105,36.5283648068846,23.1,38.7366301247734,16.379,50.376,,,70.7,,115.43321228,81.02766656492936,0,4,1.6094379124341005,6.0,6,1.9459101490553132,1,1,11.0,3.0,3.0,2.0,1.3862943611198906,1.3862943611198906,1.0986122886681098,5.0,5.0,4.0,3.0,3.0,2.0,1.3862943611198906,1.3862943611198906,1.0986122886681098,1.0,1.0,1.0,1.0,1.0,1.0,10.0,10.0,7.0,0.0,0.0,0.0,3.0,1.3862943611198906,7.0,3.0,1.3862943611198906,1.0,1.0,9.0
LSO,Lesotho,ESA,2018,27.1,26.1,32.6,3.6,53.4,14.6,-0.47619904747743147,1068.44462913373,6.973959252296863,1170.65569702819,7.065319295622884,,3.016,37.569092747415,22.3,40.0785080651777,16.614,49.161,27.0,0.0,71.5,,130.93614197,73.9865092496238,0,3,1.3862943611198906,5.0,3,1.3862943611198906,1,1,8.0,4.0,3.0,2.0,1.6094379124341005,1.3862943611198906,1.0986122886681098,6.0,5.0,4.0,6.0,3.0,2.0,1.9459101490553132,1.3862943611198906,1.0986122886681098,1.0,1.0,1.0,1.0,1.0,1.0,11.0,10.0,8.0,0.0,0.0,0.0,3.0,1.3862943611198906,7.0,3.0,1.3862943611198906,1.0,1.0,9.0
LSO,Lesotho,ESA,2019,28.2,27.1,33.1,3.6,53.9,14.5,-0.43139107186567993,1040.99351014117,6.947930834341136,1082.05706777516,6.986619200876163,,2.924,38.6040920446259,21.5,41.4091356196007,16.876,47.925,26.8,-0.8000000000000007,72.5,,235.94372559,68.62998618386541,0,3,1.3862943611198906,5.0,3,1.3862943611198906,1,1,8.0,4.0,4.0,3.0,1.6094379124341005,1.6094379124341005,1.3862943611198906,6.0,6.0,5.0,6.0,6.0,3.0,1.9459101490553132,1.9459101490553132,1.3862943611198906,1.0,1.0,1.0,1.0,1.0,1.0,11.0,11.0,10.0,81.02766656492936,0.0,0.0,3.0,1.3862943611198906,7.0,3.0,1.3862943611198906,1.0,1.0,9.0
LSO,Lesotho,ESA,2020,29.5,28.2,33.7,3.5,54.5,14.4,-0.3821838573317563,944.834128375429,6.851009386558688,918.582574704447,6.8228318023066405,,2.846,39.6329305425532,20.7,42.7284382834052,18.385,46.608,26.4,-1.5999999999999979,76.2,,96.84536743,0.0,0,3,1.3862943611198906,7.0,3,1.3862943611198906,1,1,9.0,3.0,4.0,3.0,1.3862943611198906,1.6094379124341005,1.3862943611198906,5.0,6.0,5.0,3.0,6.0,3.0,1.3862943611198906,1.9459101490553132,1.3862943611198906,1.0,1.0,1.0,1.0,1.0,1.0,8.0,11.0,10.0,73.9865092496238,81.02766656492936,0.0,3.0,1.3862943611198906,7.0,3.0,1.3862943611198906,1.0,1.0,10.0
LSO,Lesotho,ESA,2021,30.9,29.5,34.3,3.5,55.0,,-0.32837906928794847,955.221236301503,6.861942974700147,1066.58645143823,6.972218595515254,,2.769,40.6551760851997,19.8,44.0363729437393,18.214,46.452,25.8,-0.3000000000000007,76.7,,115.81448364,0.0,0,3,1.3862943611198906,7.0,3,1.3862943611198906,1,1,9.0,3.0,3.0,4.0,1.3862943611198906,1.3862943611198906,1.6094379124341005,5.0,5.0,6.0,3.0,3.0,6.0,1.3862943611198906,1.3862943611198906,1.9459101490553132,1.0,1.0,1.0,1.0,1.0,1.0,8.0,8.0,11.0,68.62998618386541,73.9865092496238,0.0,4.0,1.6094379124341005,9.0,4.0,1.6094379124341005,1.0,1.0,11.0
LSO,Lesotho,ESA,2022,32.5,30.9,35.1,3.5,55.5,,-0.2653903031041777,967.51928598325,6.874735358538077,1030.12582947757,6.9374362383035315,,2.716,41.6703965165322,18.9,45.3328485039477,16.623,47.942,25.3,1.1000000000000014,76.5,,133.32562256,0.0,0,3,1.3862943611198906,7.0,3,1.3862943611198906,1,1,9.0,3.0,3.0,4.0,1.3862943611198906,1.3862943611198906,1.6094379124341005,7.0,5.0,6.0,3.0,3.0,6.0,1.3862943611198906,1.3862943611198906,1.9459101490553132,1.0,1.0,1.0,1.0,1.0,1.0,9.0,8.0,11.0,0.0,68.62998618386541,81.02766656492936,4.0,1.6094379124341005,9.0,4.0,1.6094379124341005,1.0,1.0,11.0
LSO,Lesotho,ESA,2023,34.2,32.5,35.8,,,,,973.116561960912,6.880503871476462,921.435141557056,6.825932391081083,,2.694,42.6781596804785,18.0,46.6178621737328,16.348,48.066,24.7,2.0,76.8,,122.63982391,0.0,1,3,1.3862943611198906,7.0,3,1.3862943611198906,1,1,10.0,3.0,3.0,3.0,1.3862943611198906,1.3862943611198906,1.3862943611198906,7.0,7.0,5.0,3.0,3.0,3.0,1.3862943611198906,1.3862943611198906,1.3862943611198906,1.0,1.0,1.0,1.0,1.0,1.0,9.0,9.0,8.0,0.0,0.0,73.9865092496238,,,,,,,,
LSO,Lesotho,ESA,2024,,34.2,,,,,,1012.59379523386,6.920270431958137,1023.04227681523,6.930536091407816,,2.664,43.6780334209246,17.1,47.8913481422717,16.34,48.039,24.3,1.2999999999999972,77.1,,,0.0,0,4,1.6094379124341005,9.0,4,1.6094379124341005,1,1,11.0,3.0,3.0,3.0,1.3862943611198906,1.3862943611198906,1.3862943611198906,7.0,7.0,5.0,3.0,3.0,3.0,1.3862943611198906,1.3862943611198906,1.3862943611198906,1.0,1.0,1.0,1.0,1.0,1.0,9.0,9.0,8.0,0.0,0.0,68.62998618386541,,,,,,,,
LSO,Lesotho,ESA,2025,,,,,,,,1021.35104816239,6.928881586848471,1088.96276223185,6.9929809278872055,,,44.6695855817109,,,16.315,47.798,,,77.4,,,,0,4,1.6094379124341005,9.0,4,1.6094379124341005,1,1,11.0,3.0,3.0,3.0,1.3862943611198906,1.3862943611198906,1.3862943611198906,7.0,7.0,7.0,3.0,3.0,3.0,1.3862943611198906,1.3862943611198906,1.3862943611198906,1.0,1.0,1.0,1.0,1.0,1.0,10.0,9.0,9.0,0.0,0.0,0.0,,,,,,,,
MDG,Madagascar,ESA,2000,36.6,,41.9,22.0,6.5,20.0,-0.09614239410956904,465.529509827021,6.143175488536005,280.282905559649,5.635799470080714,54.85,5.665,25.0095755608264,0.1,3.82452281975997,5.8,81.308,,,,0.43,11.1882658,,0,0,0.0,0.0,0,0.0,0,1,2.0,,,,,,,,,,,,,,,,,,,,,,,,,,,,0.0,0.0,0.0,0.0,0.0,0.0,1.0,2.0
MDG,Madagascar,ESA,2001,36.1,36.6,41.5,22.1,6.8,20.0,-0.10741075210118917,478.40561494987,6.1704589395028915,319.283278235657,5.76607872827627,65.26,5.528,25.3079943968146,0.1,4.27623527366861,5.35,81.742,,,,0.32,13.13894939,,0,0,0.0,0.0,0,0.0,0,1,2.0,,,,,,,,,,,,,,,,,,,,,,,,,,,,1.0,0.6931471805599453,2.0,1.0,0.6931471805599453,1.0,1.0,4.0
MDG,Madagascar,ESA,2002,35.7,36.1,41.2,22.1,7.1,20.0,-0.11820899488679881,406.70122213637,6.00807881791572,304.941777398445,5.720120864609286,51.2,5.412,25.6037489918904,0.1,4.72902485932566,5.515,81.706,,,,,15.02957344,,0,0,0.0,0.0,0,0.0,0,1,2.0,0.0,,,0.0,,,0.0,,,0.0,,,0.0,,,0.0,,,1.0,,,2.0,,,,,,1.0,0.6931471805599453,2.0,1.0,0.6931471805599453,1.0,1.0,4.0
MDG,Madagascar,ESA,2003,35.3,35.7,40.7,22.1,7.4,20.0,-0.1337863924502961,433.601040301214,6.072124849341225,352.620095849925,5.865391261674723,65.3,5.329,25.8967668078478,0.1,5.18344484506749,5.01,82.164,,,,0.39,17.64075851,0.0,0,0,0.0,0.0,0,0.0,0,1,2.0,0.0,0.0,,0.0,0.0,,0.0,0.0,,0.0,0.0,,0.0,0.0,,0.0,0.0,,1.0,1.0,,2.0,2.0,,,,,1.0,0.6931471805599453,2.0,1.0,0.6931471805599453,1.0,1.0,4.0
MDG,Madagascar,ESA,2004,34.8,35.3,40.2,22.1,7.8,19.9,-0.14983948965970706,443.278654985967,6.094198590323231,272.20074858856,5.606539840355245,44.83,5.264,26.1869753064804,0.1,5.63879503752012,3.951,83.095,,,,,14.29298973,0.0,1,1,0.6931471805599453,2.0,1,0.6931471805599453,1,1,4.0,0.0,0.0,,0.0,0.0,,0.0,0.0,,0.0,0.0,,0.0,0.0,,0.0,0.0,,1.0,1.0,,2.0,2.0,,,,,1.0,0.6931471805599453,2.0,1.0,0.6931471805599453,1.0,1.0,4.0
MDG,Madagascar,ESA,2005,34.3,34.8,39.5,22.1,8.1,19.9,-0.17239845368212953,450.955230911228,6.111368068303234,305.812074924388,5.722970779060681,34.6,5.195,26.4743019495822,0.1,6.12117413127887,2.62,84.237,,,,0.38,15.9498682,3.724849651556803,0,1,0.6931471805599453,2.0,1,0.6931471805599453,1,1,4.0,0.0,0.0,0.0,0.0,0.0,0.0,0.0,0.0,0.0,0.0,0.0,0.0,0.0,0.0,0.0,0.0,0.0,0.0,1.0,1.0,1.0,2.0,2.0,2.0,0.0,,,1.0,0.6931471805599453,3.0,1.0,0.6931471805599453,1.0,1.0,4.0
MDG,Madagascar,ESA,2006,33.7,34.3,38.9,22.1,8.5,19.8,-0.19304353996152163,461.540337897729,6.134569456185471,324.146874882604,5.7811967306138765,33.78,5.133,26.7586741989468,0.1,6.60626042533301,2.945,83.984,,,,0.32,16.44085503,11.53554691354954,0,1,0.6931471805599453,2.0,1,0.6931471805599453,1,1,4.0,1.0,0.0,0.0,0.6931471805599453,0.0,0.0,2.0,0.0,0.0,1.0,0.0,0.0,0.6931471805599453,0.0,0.0,1.0,0.0,0.0,1.0,1.0,1.0,4.0,2.0,2.0,0.0,0.0,,1.0,0.6931471805599453,2.0,6.0,1.9459101490553132,1.0,1.0,4.0
MDG,Madagascar,ESA,2007,33.2,33.7,38.2,22.0,8.9,19.7,-0.21799766581279084,473.785462328449,6.16075460811433,419.548001431865,6.039177944705316,30.68,5.083,27.0400195163682,0.2,7.09404608313975,3.202,83.777,,,,0.32,19.33553123,15.383286623924144,0,1,0.6931471805599453,2.0,1,0.6931471805599453,1,1,4.0,1.0,1.0,0.0,0.6931471805599453,0.6931471805599453,0.0,2.0,2.0,0.0,1.0,1.0,0.0,0.6931471805599453,0.6931471805599453,0.0,1.0,1.0,0.0,1.0,1.0,1.0,4.0,4.0,2.0,3.724849651556803,0.0,,1.0,0.6931471805599453,2.0,6.0,1.9459101490553132,1.0,1.0,4.0
MDG,Madagascar,ESA,2008,32.7,33.2,37.6,21.9,9.3,19.6,-0.2405622142751166,490.963935389518,6.1963706737516615,512.579800058444,6.23945640632253,29.9,5.043,27.31826536364,0.2,7.58477414006482,3.431,83.578,,,,0.29,20.91898537,78.05577270911313,1,1,0.6931471805599453,3.0,1,0.6931471805599453,1,1,4.0,1.0,1.0,0.0,0.6931471805599453,0.6931471805599453,0.0,2.0,2.0,0.0,1.0,1.0,0.0,0.6931471805599453,0.6931471805599453,0.0,1.0,1.0,0.0,1.0,1.0,1.0,4.0,4.0,2.0,11.53554691354954,3.724849651556803,0.0,1.0,0.6931471805599453,2.0,1.0,0.6931471805599453,1.0,1.0,5.0
MDG,Madagascar,ESA,2009,32.3,32.7,37.1,21.8,9.7,19.6,-0.2585347736674608,457.789754866068,6.1264100282074745,446.315238370592,6.101025514835874,44.57,5.003,27.5933392025561,0.2,8.07809172690129,3.885,83.167,,,,,19.56957817,44.20162499833054,0,1,0.6931471805599453,2.0,6,1.9459101490553132,1,1,4.0,1.0,1.0,1.0,0.6931471805599453,0.6931471805599453,0.6931471805599453,2.0,2.0,2.0,1.0,1.0,1.0,0.6931471805599453,0.6931471805599453,0.6931471805599453,1.0,1.0,1.0,1.0,1.0,1.0,4.0,4.0,4.0,15.383286623924144,11.53554691354954,0.0,2.0,1.0986122886681098,3.0,2.0,1.0986122886681098,1.0,1.0,7.0
MDG,Madagascar,ESA,2010,32.1,32.3,36.7,21.7,10.1,19.6,-0.26971293230878607,447.417143030687,6.103491365332874,450.009391645726,6.109268452870419,44.52,4.896,27.8651684949103,0.2,8.57423264106828,4.28,82.79,,,,0.33,21.13975906,55.08835844914226,0,1,0.6931471805599453,2.0,6,1.9459101490553132,1,1,4.0,1.0,1.0,1.0,0.6931471805599453,0.6931471805599453,0.6931471805599453,3.0,2.0,2.0,1.0,1.0,1.0,0.6931471805599453,0.6931471805599453,0.6931471805599453,1.0,1.0,1.0,1.0,1.0,1.0,4.0,4.0,4.0,78.05577270911313,15.383286623924144,3.724849651556803,2.0,1.0986122886681098,4.0,2.0,1.0986122886681098,1.0,1.0,7.0
MDG,Madagascar,ESA,2011,32.1,32.1,36.7,21.5,10.5,19.5,-0.2710498318962321,441.755158414121,6.090755788356576,506.163691559309,6.226860118077619,37.08,4.737,28.1336807024963,0.2,9.07317377918647,2.516,84.26,,,,0.32,22.88667488,8.281200899048626,0,1,0.6931471805599453,2.0,1,0.6931471805599453,1,1,5.0,1.0,1.0,1.0,0.6931471805599453,0.6931471805599453,0.6931471805599453,2.0,3.0,2.0,6.0,1.0,1.0,1.9459101490553132,0.6931471805599453,0.6931471805599453,1.0,1.0,1.0,1.0,1.0,1.0,4.0,4.0,4.0,44.20162499833054,78.05577270911313,11.53554691354954,2.0,1.0986122886681098,4.0,2.0,1.0986122886681098,1.0,1.0,8.0
MDG,Madagascar,ESA,2012,32.2,32.1,36.7,21.3,10.9,19.5,-0.2701843198026406,442.641500123543,6.092760187621575,493.511162904211,6.2015454784844,70.79,4.613,28.3988032871081,0.2,9.57497737668474,0.599,85.84,,,,,19.30151749,14.21150086209312,0,2,1.0986122886681098,3.0,2,1.0986122886681098,1,1,7.0,1.0,1.0,1.0,0.6931471805599453,0.6931471805599453,0.6931471805599453,2.0,2.0,2.0,6.0,6.0,1.0,1.9459101490553132,1.9459101490553132,0.6931471805599453,1.0,1.0,1.0,1.0,1.0,1.0,4.0,4.0,4.0,55.08835844914226,44.20162499833054,15.383286623924144,2.0,1.0986122886681098,4.0,2.0,1.0986122886681098,1.0,1.0,11.0
MDG,Madagascar,ESA,2013,32.5,32.2,36.9,21.1,11.4,19.4,-0.25840811753396276,440.674658903628,6.088306868274125,515.301589361832,6.244752339672197,63.67,4.527,28.6604637105393,0.2,10.0796108433394,0.995,85.409,,,,0.32,19.33186913,35.531626792276576,0,2,1.0986122886681098,4.0,2,1.0986122886681098,1,1,7.0,1.0,1.0,1.0,0.6931471805599453,0.6931471805599453,0.6931471805599453,2.0,2.0,3.0,1.0,6.0,1.0,0.6931471805599453,1.9459101490553132,0.6931471805599453,1.0,1.0,1.0,1.0,1.0,1.0,5.0,4.0,4.0,8.281200899048626,55.08835844914226,78.05577270911313,0.0,0.0,3.0,3.0,1.3862943611198906,1.0,1.0,8.0
MDG,Madagascar,ESA,2014,32.9,32.5,37.1,20.9,11.9,19.4,-0.2444295035842472,443.343869908205,6.094345698975503,505.684922503435,6.22591379254048,49.8,4.421,28.9185894345838,0.3,10.5872297277492,1.385,84.966,,,,0.32,22.56570244,40.64641937361142,0,2,1.0986122886681098,4.0,2,1.0986122886681098,1,1,8.0,2.0,1.0,1.0,1.0986122886681098,0.6931471805599453,0.6931471805599453,3.0,2.0,2.0,2.0,1.0,6.0,1.0986122886681098,0.6931471805599453,1.9459101490553132,1.0,1.0,1.0,1.0,1.0,1.0,7.0,5.0,4.0,14.21150086209312,8.281200899048626,44.20162499833054,0.0,0.0,2.0,3.0,1.3862943611198906,1.0,1.0,9.0
MDG,Madagascar,ESA,2015,33.3,32.9,37.4,20.7,12.4,19.3,-0.22806131224558795,445.320069480568,6.098793280884405,445.320069480568,6.098793280884405,106.98,4.335,29.1731079210354,0.3,11.0976984755033,1.785,84.506,,,,,22.29386139,61.35,0,2,1.0986122886681098,4.0,2,1.0986122886681098,1,1,11.0,2.0,2.0,1.0,1.0986122886681098,1.0986122886681098,0.6931471805599453,4.0,3.0,2.0,2.0,2.0,6.0,1.0986122886681098,1.0986122886681098,1.9459101490553132,1.0,1.0,1.0,1.0,1.0,1.0,7.0,7.0,4.0,35.531626792276576,14.21150086209312,55.08835844914226,0.0,0.0,2.0,0.0,0.0,1.0,1.0,9.0
MDG,Madagascar,ESA,2016,33.8,33.3,37.7,20.5,12.9,19.2,-0.20949070922589091,451.15659433146,6.111814495049767,453.970714522463,6.118032690503652,63.37,4.285,29.4239466316878,0.3,11.6111708038341,1.949,84.157,,,,,24.20793915,87.23,0,0,0.0,3.0,3,1.3862943611198906,1,1,8.0,2.0,2.0,1.0,1.0986122886681098,1.0986122886681098,0.6931471805599453,4.0,4.0,2.0,2.0,2.0,1.0,1.0986122886681098,1.0986122886681098,0.6931471805599453,1.0,1.0,1.0,1.0,1.0,1.0,8.0,7.0,5.0,40.64641937361142,35.531626792276576,8.281200899048626,0.0,0.0,2.0,0.0,0.0,1.0,1.0,9.0
MDG,Madagascar,ESA,2017,34.3,33.8,38.0,20.3,13.4,19.0,-0.19092010620619404,456.851859574031,6.124359179862155,491.866848718929,6.198208047179571,77.22,4.259,29.671033028335,0.3,12.1276026442495,2.123,83.828,,,82.5,,23.62072182,45.26737978745534,0,0,0.0,2.0,3,1.3862943611198906,1,1,9.0,2.0,2.0,2.0,1.0986122886681098,1.0986122886681098,1.0986122886681098,4.0,4.0,3.0,2.0,2.0,2.0,1.0986122886681098,1.0986122886681098,1.0986122886681098,1.0,1.0,1.0,1.0,1.0,1.0,11.0,8.0,7.0,61.35,40.64641937361142,14.21150086209312,0.0,0.0,2.0,0.0,0.0,1.0,1.0,8.0
MDG,Madagascar,ESA,2018,34.6,34.3,38.1,20.1,14.0,18.9,-0.17980676929133566,459.330367799543,6.129769706715298,500.45718552916,6.215522051697948,71.86,4.246,29.9181125346909,0.3,12.647045200372,2.303,83.527,9.5,2.0,83.1,,21.12731934,0.0,0,0,0.0,2.0,0,0.0,1,1,9.0,0.0,2.0,2.0,0.0,1.0986122886681098,1.0986122886681098,3.0,4.0,4.0,3.0,2.0,2.0,1.3862943611198906,1.0986122886681098,1.0986122886681098,1.0,1.0,1.0,1.0,1.0,1.0,8.0,11.0,7.0,87.23,61.35,35.531626792276576,0.0,0.0,2.0,0.0,0.0,1.0,1.0,9.0
MDG,Madagascar,ESA,2019,34.9,34.6,38.1,20.0,14.5,18.8,-0.16868784793657446,467.27741349648,6.146923114484069,499.818837622534,6.214245708011786,71.73,4.221,30.3046972370204,0.3,13.1693375483997,2.479,83.25,9.9,2.1999999999999993,83.0,,15.50084877,26.1431375339673,0,0,0.0,2.0,0,0.0,1,1,9.0,0.0,0.0,2.0,0.0,0.0,1.0986122886681098,2.0,3.0,4.0,3.0,3.0,2.0,1.3862943611198906,1.3862943611198906,1.0986122886681098,1.0,1.0,1.0,1.0,1.0,1.0,9.0,8.0,8.0,45.26737978745534,87.23,40.64641937361142,2.0,1.0986122886681098,4.0,2.0,1.0986122886681098,1.0,1.0,10.0
MDG,Madagascar,ESA,2020,35.3,34.9,38.3,19.8,15.1,18.7,-0.152982521951735,422.924255422319,6.047193097816728,450.771615205157,6.110960814799804,138.73,4.17,30.7019474167548,0.3,13.6947390405503,3.292,81.804,10.3,2.200000000000001,85.3,,16.78295326,67.41775855918473,0,0,0.0,2.0,0,0.0,1,1,8.0,0.0,0.0,2.0,0.0,0.0,1.0986122886681098,2.0,2.0,4.0,0.0,3.0,2.0,0.0,1.3862943611198906,1.0986122886681098,1.0,1.0,1.0,1.0,1.0,1.0,9.0,9.0,11.0,0.0,45.26737978745534,61.35,2.0,1.0986122886681098,4.0,2.0,1.0986122886681098,1.0,1.0,10.0
MDG,Madagascar,ESA,2021,35.7,35.3,38.4,19.6,15.7,,-0.13966677335583905,431.599103077746,6.067497155248701,483.469463351195,6.180988155403887,166.33,4.104,31.1137123216036,0.4,14.2229663442332,3.498,82.058,11.4,2.299999999999999,85.6,,17.17938805,56.904428060970645,1,0,0.0,2.0,0,0.0,1,1,9.0,0.0,0.0,0.0,0.0,0.0,0.0,2.0,2.0,3.0,0.0,0.0,3.0,0.0,0.0,1.3862943611198906,1.0,1.0,1.0,1.0,1.0,1.0,9.0,9.0,8.0,26.1431375339673,0.0,87.23,2.0,1.0986122886681098,4.0,2.0,1.0986122886681098,1.0,1.0,10.0
MDG,Madagascar,ESA,2022,36.4,35.7,38.8,19.4,16.3,,-0.11257505754999966,438.438112102315,6.08321866639517,504.059106969168,6.222693536927584,117.08,4.036,31.5397813465886,0.4,14.7542849047499,3.186,82.725,13.2,1.5999999999999996,85.8,,15.85809231,49.27,0,2,1.0986122886681098,4.0,2,1.0986122886681098,1,1,10.0,0.0,0.0,0.0,0.0,0.0,0.0,2.0,2.0,2.0,0.0,0.0,3.0,0.0,0.0,1.3862943611198906,1.0,1.0,1.0,1.0,1.0,1.0,8.0,9.0,9.0,67.41775855918473,26.1431375339673,45.26737978745534,2.0,1.0986122886681098,4.0,2.0,1.0986122886681098,1.0,1.0,10.0
MDG,Madagascar,ESA,2023,37.2,36.4,39.3,,,,,445.874102052267,6.10003662977687,514.064076551927,6.242347920237822,200.02,3.972,31.9799438860946,0.4,15.2883891812498,3.044,82.864,15.4,0.5999999999999996,85.9,,17.44003487,63.25,0,2,1.0986122886681098,4.0,2,1.0986122886681098,1,1,10.0,0.0,0.0,0.0,0.0,0.0,0.0,2.0,2.0,2.0,0.0,0.0,0.0,0.0,0.0,0.0,1.0,1.0,1.0,1.0,1.0,1.0,9.0,8.0,9.0,56.904428060970645,67.41775855918473,0.0,,,,,,,,
MDG,Madagascar,ESA,2024,,37.2,,,,,,453.957809653992,6.118004263445512,550.37875528856,6.310606687197878,255.45,3.912,32.4339893339844,0.5,15.3671469967754,3.051,82.866,16.9,-0.1999999999999993,85.3,,,89.8,0,2,1.0986122886681098,4.0,2,1.0986122886681098,1,1,10.0,2.0,0.0,0.0,1.0986122886681098,0.0,0.0,4.0,2.0,2.0,2.0,0.0,0.0,1.0986122886681098,0.0,0.0,1.0,1.0,1.0,1.0,1.0,1.0,10.0,9.0,9.0,49.27,56.904428060970645,26.1431375339673,,,,,,,,
MDG,Madagascar,ESA,2025,,,,,,,,456.509679348005,6.123609903201264,599.265294255357,6.395704395317311,,,32.9017070836898,,,3.041,82.895,,,85.3,,,,0,2,1.0986122886681098,4.0,2,1.0986122886681098,1,1,10.0,2.0,2.0,0.0,1.0986122886681098,1.0986122886681098,0.0,4.0,4.0,2.0,2.0,2.0,0.0,1.0986122886681098,1.0986122886681098,0.0,1.0,1.0,1.0,1.0,1.0,1.0,10.0,10.0,8.0,63.25,49.27,67.41775855918473,,,,,,,,
MLI,Mali,WCA,2000,62.5,,65.3,13.5,14.0,,0.8125874644887665,682.497420451512,6.525758747493748,304.652870189314,5.719172997918182,394.98,6.886,18.977631037325,1.7,17.3336177697569,1.412,69.289,,,,,14.00473022,,0,0,0.0,2.0,0,0.0,0,1,3.0,,,,,,,,,,,,,,,,,,,,,,,,,,,,0.0,0.0,2.0,0.0,0.0,0.0,1.0,3.0
MLI,Mali,WCA,2001,62.0,62.5,64.9,13.3,14.8,,0.7975870450808535,766.960343250964,6.6424350963160546,346.224554248587,5.8470875652662935,396.22,6.852,19.3181950112665,1.7,18.5366288294077,1.332,69.319,,,,,13.15901566,,1,0,0.0,2.0,0,0.0,0,1,3.0,,,,,,,,,,,,,,,,,,,,,,,,,,,,0.0,0.0,2.0,0.0,0.0,0.0,1.0,3.0
MLI,Mali,WCA,2002,61.4,62.0,64.4,13.0,15.7,,0.7755994747741121,766.073669039402,6.641278338796881,378.191678628068,5.935401153412408,405.09,6.819,19.6792980362731,1.6,19.7478525761063,1.36,69.278,,,,,15.89499378,,0,0,0.0,2.0,0,0.0,0,1,3.0,0.0,,,0.0,,,2.0,,,0.0,,,0.0,,,0.0,,,1.0,,,3.0,,,,,,0.0,0.0,2.0,0.0,0.0,0.0,1.0,4.0
MLI,Mali,WCA,2003,60.8,61.4,64.0,12.8,16.6,,0.7601233557202849,814.808466518784,6.70295307521519,441.910358475171,6.091107052629493,412.36,6.783,20.0594231247985,1.6,20.9666083854735,1.272,69.33,,,,,18.76944542,6.642658323429865,0,0,0.0,2.0,0,0.0,0,1,3.0,0.0,0.0,,0.0,0.0,,2.0,2.0,,0.0,0.0,,0.0,0.0,,0.0,0.0,,1.0,1.0,,3.0,3.0,,,,,1.0,0.6931471805599453,3.0,1.0,0.6931471805599453,1.0,1.0,6.0
MLI,Mali,WCA,2004,60.2,60.8,63.5,12.5,17.5,,0.7381357854135435,800.501816705242,6.6852388018973326,495.006294675661,6.204570479004323,417.89,6.741,20.4570532892964,1.5,22.193273656424,1.413,69.232,,,,,21.72010231,4.855687970713147,0,0,0.0,2.0,0,0.0,0,1,3.0,0.0,0.0,,0.0,0.0,,2.0,2.0,,0.0,0.0,,0.0,0.0,,0.0,0.0,,1.0,1.0,,3.0,3.0,,,,,1.0,0.6931471805599453,3.0,1.0,0.6931471805599453,1.0,1.0,6.0
MLI,Mali,WCA,2005,59.5,60.2,62.9,12.3,18.4,,0.7156780999007915,794.373328212082,6.677553537409113,548.730382848879,6.307607214955624,419.83,6.708,20.8706715422205,1.5,23.4264099806876,1.367,69.281,,,,,23.97353554,81.85224618585234,0,0,0.0,2.0,0,0.0,0,1,4.0,0.0,0.0,0.0,0.0,0.0,0.0,2.0,2.0,2.0,0.0,0.0,0.0,0.0,0.0,0.0,0.0,0.0,0.0,1.0,1.0,1.0,3.0,3.0,3.0,6.642658323429865,,,1.0,0.6931471805599453,3.0,1.0,0.6931471805599453,1.0,1.0,6.0
MLI,Mali,WCA,2006,58.7,59.5,62.4,12.0,19.3,,0.689285706231975,797.10053288464,6.680980809962873,586.985415512593,6.374999973714653,395.08,6.677,21.2987608960246,1.4,24.6671660825145,1.395,69.286,,,,,26.93190002,60.61003503894349,1,1,0.6931471805599453,3.0,1,0.6931471805599453,1,1,6.0,0.0,0.0,0.0,0.0,0.0,0.0,2.0,2.0,2.0,0.0,0.0,0.0,0.0,0.0,0.0,0.0,0.0,0.0,1.0,1.0,1.0,3.0,3.0,3.0,4.855687970713147,6.642658323429865,,1.0,0.6931471805599453,3.0,7.0,2.0794415416798357,1.0,1.0,6.0
MLI,Mali,WCA,2007,57.9,58.7,61.8,11.8,20.1,,0.6628988970030614,784.893915013531,6.665548568540009,670.853394978069,6.5085506257348165,378.67,6.647,21.7398043631622,1.4,25.9143828499992,1.372,69.33,,,,,29.63545799,39.22695600298374,0,1,0.6931471805599453,3.0,1,0.6931471805599453,1,1,6.0,0.0,0.0,0.0,0.0,0.0,0.0,2.0,2.0,2.0,0.0,0.0,0.0,0.0,0.0,0.0,0.0,0.0,0.0,1.0,1.0,1.0,4.0,3.0,3.0,81.85224618585234,4.855687970713147,,1.0,0.6931471805599453,3.0,7.0,2.0794415416798357,1.0,1.0,6.0
MLI,Mali,WCA,2008,57.0,57.9,61.3,11.5,21.0,,0.6343040916532071,787.156518982091,6.66842710917962,767.194838946144,6.642740796416966,369.17,6.624,22.1922849560871,1.4,27.1686715784898,1.383,69.354,,,,,33.21391678,43.97539759247869,0,1,0.6931471805599453,3.0,1,0.6931471805599453,1,1,6.0,1.0,0.0,0.0,0.6931471805599453,0.0,0.0,3.0,2.0,2.0,1.0,0.0,0.0,0.6931471805599453,0.0,0.0,1.0,0.0,0.0,1.0,1.0,1.0,6.0,4.0,3.0,60.61003503894349,81.85224618585234,6.642658323429865,2.0,1.0986122886681098,6.0,2.0,1.0986122886681098,1.0,1.0,8.0
MLI,Mali,WCA,2009,56.2,57.0,60.9,11.3,21.8,,0.6126964372021815,803.486738930068,6.688960680909535,787.48256428259,6.668841229861145,364.79,6.592,22.6557955217884,1.4,28.4286615146563,1.406,69.377,,,,0.2,34.64731598,80.93272595398106,0,1,0.6931471805599453,3.0,7,2.0794415416798357,1,1,6.0,1.0,1.0,0.0,0.6931471805599453,0.6931471805599453,0.0,3.0,3.0,2.0,1.0,1.0,0.0,0.6931471805599453,0.6931471805599453,0.0,1.0,1.0,0.0,1.0,1.0,1.0,6.0,6.0,3.0,39.22695600298374,60.61003503894349,4.855687970713147,4.0,1.6094379124341005,7.0,4.0,1.6094379124341005,1.0,1.0,9.0
MLI,Mali,WCA,2010,55.4,56.2,60.4,11.0,22.6,,0.5845773314982409,821.181286586904,6.7107438969977755,797.151541141189,6.681044800165423,373.6,6.579,23.1359461824894,1.3,29.6932856424804,1.375,69.445,,,,0.25,31.36436844,91.217930541948,0,1,0.6931471805599453,3.0,7,2.0794415416798357,1,1,6.0,1.0,1.0,0.0,0.6931471805599453,0.6931471805599453,0.0,3.0,3.0,2.0,1.0,1.0,0.0,0.6931471805599453,0.6931471805599453,0.0,1.0,1.0,0.0,1.0,1.0,1.0,6.0,6.0,4.0,43.97539759247869,39.22695600298374,81.85224618585234,5.0,1.791759469228055,8.0,5.0,1.791759469228055,1.0,1.0,10.0
MLI,Mali,WCA,2011,54.7,55.4,60.1,10.8,23.3,,0.5658349540820724,818.399030997125,6.707350030615608,938.292902579598,6.8440621631403555,394.18,6.545,23.6379674039304,1.3,30.9622372812507,1.403,69.476,,,,0.24,31.67968369,100.0,0,2,1.0986122886681098,6.0,2,1.0986122886681098,1,1,8.0,1.0,1.0,1.0,0.6931471805599453,0.6931471805599453,0.6931471805599453,3.0,3.0,3.0,7.0,1.0,1.0,2.0794415416798357,0.6931471805599453,0.6931471805599453,1.0,1.0,1.0,1.0,1.0,1.0,6.0,6.0,6.0,80.93272595398106,43.97539759247869,60.61003503894349,5.0,1.791759469228055,10.0,5.0,1.791759469228055,1.0,1.0,12.0
MLI,Mali,WCA,2012,54.1,54.7,59.8,10.6,24.1,,0.5510217003820652,786.323471337187,6.667368248910837,872.506092463946,6.771369636818903,424.29,6.523,24.1606168848588,1.3,32.2352227048023,1.462,69.506,,,,0.22,27.53120613,78.25802847093964,1,4,1.6094379124341005,7.0,4,1.6094379124341005,1,1,9.0,1.0,1.0,1.0,0.6931471805599453,0.6931471805599453,0.6931471805599453,3.0,3.0,3.0,7.0,7.0,1.0,2.0794415416798357,2.0794415416798357,0.6931471805599453,1.0,1.0,1.0,1.0,1.0,1.0,6.0,6.0,6.0,91.217930541948,80.93272595398106,39.22695600298374,4.0,1.6094379124341005,10.0,4.0,1.6094379124341005,1.0,1.0,14.0
MLI,Mali,WCA,2013,53.7,54.1,59.7,10.4,24.8,,0.543665712786897,788.819448208696,6.670537458421474,901.920957649814,6.804526886122898,441.0,6.491,24.7033626854883,1.2,33.5119596461235,1.517,69.526,,,,0.22,30.06661987,98.79187643731744,0,5,1.791759469228055,8.0,5,1.791759469228055,1,1,10.0,2.0,1.0,1.0,1.0986122886681098,0.6931471805599453,0.6931471805599453,6.0,3.0,3.0,2.0,7.0,1.0,1.0986122886681098,2.0794415416798357,0.6931471805599453,1.0,1.0,1.0,1.0,1.0,1.0,8.0,6.0,6.0,100.0,91.217930541948,43.97539759247869,4.0,1.6094379124341005,10.0,9.0,2.302585092994046,1.0,1.0,14.0
MLI,Mali,WCA,2014,53.4,53.7,59.6,10.2,25.6,,0.5402388489078902,813.97566128646,6.701930465416038,947.915033293219,6.854264870910425,429.54,6.441,25.2656728660325,1.2,34.7924079704944,1.476,69.574,,,,0.25,35.7261734,13.35148190048303,0,5,1.791759469228055,10.0,5,1.791759469228055,1,1,12.0,4.0,2.0,1.0,1.6094379124341005,1.0986122886681098,0.6931471805599453,7.0,6.0,3.0,4.0,2.0,7.0,1.6094379124341005,1.0986122886681098,2.0794415416798357,1.0,1.0,1.0,1.0,1.0,1.0,9.0,8.0,6.0,78.25802847093964,100.0,80.93272595398106,4.0,1.6094379124341005,11.0,9.0,2.302585092994046,1.0,1.0,15.0
MLI,Mali,WCA,2015,53.3,53.4,59.6,10.1,26.4,,0.5477282596438731,838.11986940103,6.731161132497182,838.11986940103,6.731161132497182,381.71,6.385,25.847015486705,1.2,36.0760821566718,1.404,69.57,,,,0.25,28.97842216,98.3,0,4,1.6094379124341005,10.0,4,1.6094379124341005,1,1,14.0,5.0,4.0,1.0,1.791759469228055,1.6094379124341005,0.6931471805599453,8.0,7.0,3.0,5.0,4.0,7.0,1.791759469228055,1.6094379124341005,2.0794415416798357,1.0,1.0,1.0,1.0,1.0,1.0,10.0,9.0,6.0,98.79187643731744,78.25802847093964,91.217930541948,3.0,1.3862943611198906,10.0,3.0,1.3862943611198906,1.0,1.0,14.0
MLI,Mali,WCA,2016,53.4,53.3,59.8,9.9,27.3,,0.5620064866909716,860.75307554569,6.757807675312093,872.468587171653,6.771326650186792,374.39,6.319,26.4468586077195,1.1,37.3629585814102,1.367,68.909,,,,0.23,27.58086205,100.0,0,4,1.6094379124341005,10.0,9,2.302585092994046,1,1,14.0,5.0,5.0,2.0,1.791759469228055,1.791759469228055,1.0986122886681098,10.0,8.0,6.0,5.0,5.0,2.0,1.791759469228055,1.791759469228055,1.0986122886681098,1.0,1.0,1.0,1.0,1.0,1.0,12.0,10.0,8.0,13.35148190048303,98.79187643731744,100.0,3.0,1.3862943611198906,11.0,3.0,1.3862943611198906,1.0,1.0,16.0
MLI,Mali,WCA,2017,53.7,53.4,60.2,9.8,28.1,,0.5878638537068801,878.561348378099,6.778285738288648,924.057531692284,6.8287743334396165,376.98,6.251,27.0646702892896,1.1,38.6530201870083,1.498,68.123,3.2,0.19999999999999973,59.2,0.22,28.49467659,,0,4,1.6094379124341005,11.0,9,2.302585092994046,1,1,15.0,4.0,5.0,4.0,1.6094379124341005,1.791759469228055,1.6094379124341005,10.0,10.0,7.0,4.0,5.0,4.0,1.6094379124341005,1.791759469228055,1.6094379124341005,1.0,1.0,1.0,1.0,1.0,1.0,14.0,12.0,9.0,98.3,13.35148190048303,78.25802847093964,3.0,1.3862943611198906,10.0,3.0,1.3862943611198906,1.0,1.0,14.0
MLI,Mali,WCA,2018,54.0,53.7,60.5,9.7,29.0,,0.6130583553689684,892.978322787306,6.794562305987584,996.379292136901,6.904128000491313,377.17,6.118,27.6999185916288,1.0,39.9458152875809,1.62,67.178,3.1,0.3999999999999999,53.8,0.25,31.16962242,,1,3,1.3862943611198906,10.0,3,1.3862943611198906,1,1,14.0,4.0,4.0,5.0,1.6094379124341005,1.6094379124341005,1.791759469228055,10.0,10.0,8.0,9.0,4.0,5.0,2.302585092994046,1.6094379124341005,1.791759469228055,1.0,1.0,1.0,1.0,1.0,1.0,14.0,14.0,10.0,100.0,98.3,98.79187643731744,4.0,1.6094379124341005,11.0,4.0,1.6094379124341005,1.0,1.0,15.0
MLI,Mali,WCA,2019,54.3,54.0,60.8,9.5,29.9,,0.6341309831670857,909.751069706998,6.813171012316802,971.949318638092,6.879303661782198,325.76,5.892,28.3520715749509,1.0,41.2415636688459,3.29,65.177,3.0,0.20000000000000018,51.3,,31.4089489,,0,3,1.3862943611198906,11.0,3,1.3862943611198906,1,1,16.0,4.0,4.0,5.0,1.6094379124341005,1.6094379124341005,1.791759469228055,11.0,10.0,10.0,9.0,9.0,5.0,2.302585092994046,2.302585092994046,1.791759469228055,1.0,1.0,1.0,1.0,1.0,1.0,15.0,14.0,12.0,,100.0,13.35148190048303,3.0,1.3862943611198906,10.0,3.0,1.3862943611198906,1.0,1.0,14.0
MLI,Mali,WCA,2020,54.8,54.3,61.1,9.4,30.7,,0.6620035961561254,872.389426815267,6.771235914601654,953.242943290974,6.85986979592084,349.39,5.85,29.0205972994693,0.9,42.5396302417606,3.528,63.591,2.8,0.19999999999999973,56.6,,28.20211601,,0,3,1.3862943611198906,10.0,3,1.3862943611198906,1,1,14.0,3.0,4.0,4.0,1.3862943611198906,1.6094379124341005,1.6094379124341005,10.0,11.0,10.0,3.0,9.0,4.0,1.3862943611198906,2.302585092994046,1.6094379124341005,1.0,1.0,1.0,1.0,1.0,1.0,14.0,15.0,14.0,,,98.3,3.0,1.3862943611198906,10.0,3.0,1.3862943611198906,1.0,1.0,14.0
MLI,Mali,WCA,2021,55.3,54.8,61.4,9.3,31.6,,0.6916029211802889,872.332509422409,6.771170669370656,1027.27345365357,6.934663438998207,345.92,5.779,29.7049638253978,0.9,43.8404477380485,4.006,64.091,2.7,0.09999999999999964,59.4,,30.55883217,,0,4,1.6094379124341005,11.0,4,1.6094379124341005,1,1,15.0,3.0,3.0,4.0,1.3862943611198906,1.3862943611198906,1.6094379124341005,11.0,10.0,10.0,3.0,3.0,9.0,1.3862943611198906,1.3862943611198906,2.302585092994046,1.0,1.0,1.0,1.0,1.0,1.0,16.0,14.0,14.0,,,100.0,3.0,1.3862943611198906,9.0,3.0,1.3862943611198906,1.0,1.0,12.0
MLI,Mali,WCA,2022,55.9,55.3,61.8,9.2,32.5,,0.7257942352744337,877.817842434642,6.777439103357243,976.914116406452,6.884398742760709,346.22,5.692,30.4015705681899,0.8,45.1434215383033,2.387,65.631,2.7,0.10000000000000009,62.4,,31.0949192,,0,3,1.3862943611198906,10.0,3,1.3862943611198906,1,1,14.0,3.0,3.0,4.0,1.3862943611198906,1.3862943611198906,1.6094379124341005,10.0,11.0,11.0,3.0,3.0,9.0,1.3862943611198906,1.3862943611198906,2.302585092994046,1.0,1.0,1.0,1.0,1.0,1.0,14.0,16.0,15.0,,,,3.0,1.3862943611198906,9.0,3.0,1.3862943611198906,1.0,1.0,12.0
MLI,Mali,WCA,2023,56.5,55.9,62.1,,,,,892.689219532429,6.7942385018632985,1042.44223444837,6.949321541536649,346.22,5.614,31.0031889023235,0.8,46.4485840749361,2.947,65.227,2.6,0.0,61.8,,33.9802475,,1,3,1.3862943611198906,10.0,3,1.3862943611198906,1,1,14.0,4.0,3.0,3.0,1.6094379124341005,1.3862943611198906,1.3862943611198906,11.0,10.0,10.0,4.0,3.0,3.0,1.6094379124341005,1.3862943611198906,1.3862943611198906,1.0,1.0,1.0,1.0,1.0,1.0,15.0,14.0,14.0,,,,,,,,,,,
MLI,Mali,WCA,2024,,56.5,,,,,,910.300376300627,6.813774628892051,1093.2523323649,6.996912323713942,346.22,5.51,31.6075621182225,0.8,47.7561676952566,2.924,65.209,2.4,0.10000000000000009,61.4,,,,0,3,1.3862943611198906,9.0,3,1.3862943611198906,1,1,12.0,3.0,4.0,3.0,1.3862943611198906,1.6094379124341005,1.3862943611198906,10.0,11.0,11.0,3.0,4.0,3.0,1.3862943611198906,1.6094379124341005,1.3862943611198906,1.0,1.0,1.0,1.0,1.0,1.0,14.0,15.0,16.0,,,,,,,,,,,
MLI,Mali,WCA,2025,,,,,,,,933.797527588101,6.839259634844427,1193.27601004701,7.084457753299402,,,32.2127137183989,,,2.831,65.138,,,60.8,,,,0,3,1.3862943611198906,9.0,3,1.3862943611198906,1,1,12.0,3.0,3.0,3.0,1.3862943611198906,1.3862943611198906,1.3862943611198906,10.0,10.0,10.0,3.0,3.0,3.0,1.3862943611198906,1.3862943611198906,1.3862943611198906,1.0,1.0,1.0,1.0,1.0,1.0,14.0,14.0,14.0,,,,,,,,,,,
MOZ,Mozambique,ESA,2000,49.9,,52.4,11.4,13.8,19.3,0.13681533429065224,287.390630344484,5.66084237166771,327.12623979157,5.790346150805894,473.67,5.83,29.2423697311441,8.8,10.7368086528161,2.832,82.607,,,,,7.00877714,,0,0,0.0,0.0,0,0.0,0,0,0.0,,,,,,,,,,,,,,,,,,,,,,,,,,,,0.0,0.0,0.0,0.0,0.0,0.0,0.0,0.0
MOZ,Mozambique,ESA,2001,49.4,49.9,52.3,11.3,14.4,19.3,0.12965209684329332,317.185703581034,5.75948741806728,304.792138621913,5.719630031557016,489.94,5.755,29.4137097764239,9.4,11.6891382934177,2.838,82.937,,,,,8.53719139,,0,0,0.0,0.0,0,0.0,0,0,0.0,,,,,,,,,,,,,,,,,,,,,,,,,,,,0.0,0.0,0.0,0.0,0.0,0.0,0.0,0.0
MOZ,Mozambique,ESA,2002,49.0,49.4,52.2,11.2,15.1,19.2,0.12641798311209584,340.13537022259,5.829343686083938,313.886661721198,5.749031970817656,494.65,5.667,29.5686323334348,9.9,12.6706023887281,2.902,83.211,,,,,10.00207806,,0,0,0.0,0.0,0,0.0,0,0,0.0,0.0,,,0.0,,,0.0,,,0.0,,,0.0,,,0.0,,,0.0,,,0.0,,,,,,0.0,0.0,0.0,0.0,0.0,0.0,0.0,0.0
MOZ,Mozambique,ESA,2003,48.6,49.0,52.1,11.1,15.7,19.2,0.12145715734577467,356.521157404125,5.876393585650507,339.488737800648,5.827440773549101,483.85,5.6,29.7146340268639,10.3,13.6597206754492,2.857,83.572,,,,,11.03660774,1.0381412658023033,0,0,0.0,0.0,0,0.0,0,0,0.0,0.0,0.0,,0.0,0.0,,0.0,0.0,,0.0,0.0,,0.0,0.0,,0.0,0.0,,0.0,0.0,,0.0,0.0,,,,,0.0,0.0,0.0,0.0,0.0,0.0,0.0,1.0
MOZ,Mozambique,ESA,2004,48.2,48.6,51.9,11.0,16.4,19.1,0.11583346622563345,377.064958084878,5.932417475218029,400.056973161545,5.991606969869242,459.3,5.551,29.8592114813982,10.6,14.656791437849,2.953,83.006,,,,,14.12452602,1.9691896817721264,0,0,0.0,0.0,0,0.0,0,0,0.0,0.0,0.0,,0.0,0.0,,0.0,0.0,,0.0,0.0,,0.0,0.0,,0.0,0.0,,0.0,0.0,,0.0,0.0,,,,,0.0,0.0,0.0,0.0,0.0,0.0,1.0,6.0
MOZ,Mozambique,ESA,2005,47.7,48.2,51.7,10.9,17.0,19.0,0.10628065138933088,391.699758163976,5.970495623270462,436.773856167384,6.079415569542779,442.25,5.5,30.0098613217248,10.9,15.661495607588,3.035,82.439,,,,,18.40718079,0.1153955623754779,0,0,0.0,0.0,0,0.0,0,0,0.0,0.0,0.0,0.0,0.0,0.0,0.0,0.0,0.0,0.0,0.0,0.0,0.0,0.0,0.0,0.0,0.0,0.0,0.0,0.0,0.0,0.0,0.0,0.0,0.0,1.0381412658023033,,,0.0,0.0,0.0,0.0,0.0,0.0,1.0,7.0
MOZ,Mozambique,ESA,2006,47.3,47.7,51.5,10.8,17.7,18.9,0.10065696026918952,420.526462764726,6.041507409096922,457.487647833183,6.125749885079358,417.42,5.452,30.1740801725307,11.1,16.6744657730016,3.037,81.927,,,,0.85,18.05057144,0.5549109735846074,0,0,0.0,0.0,0,0.0,0,0,1.0,0.0,0.0,0.0,0.0,0.0,0.0,0.0,0.0,0.0,0.0,0.0,0.0,0.0,0.0,0.0,0.0,0.0,0.0,0.0,0.0,0.0,0.0,0.0,0.0,1.9691896817721264,1.0381412658023033,,0.0,0.0,0.0,0.0,0.0,0.0,1.0,7.0
MOZ,Mozambique,ESA,2007,46.7,47.3,51.2,10.7,18.4,18.8,0.08823886839802958,442.049574057751,6.091422034290103,507.874923914304,6.230235204496024,388.02,5.466,30.3598131347122,11.3,17.6947339130943,3.082,81.364,,,,0.75,19.29700851,0.0,0,0,0.0,0.0,0,0.0,0,1,6.0,0.0,0.0,0.0,0.0,0.0,0.0,0.0,0.0,0.0,0.0,0.0,0.0,0.0,0.0,0.0,0.0,0.0,0.0,0.0,0.0,0.0,0.0,0.0,0.0,0.1153955623754779,1.9691896817721264,,0.0,0.0,0.0,0.0,0.0,0.0,1.0,5.0
MOZ,Mozambique,ESA,2008,46.2,46.7,51.0,10.6,19.2,18.6,0.08213947763197477,460.94729485679,6.133283708601263,592.159111184122,6.3837753676642155,369.61,5.598,30.5625357695184,11.6,18.8175728896395,3.112,80.798,,,,0.79,24.48562622,4.192771610887645,0,0,0.0,0.0,0,0.0,0,1,7.0,0.0,0.0,0.0,0.0,0.0,0.0,0.0,0.0,0.0,0.0,0.0,0.0,0.0,0.0,0.0,0.0,0.0,0.0,0.0,0.0,0.0,1.0,0.0,0.0,0.5549109735846074,0.1153955623754779,1.0381412658023033,2.0,1.0986122886681098,5.0,3.0,1.3862943611198906,1.0,1.0,8.0
MOZ,Mozambique,ESA,2009,45.8,46.2,50.8,10.5,19.9,18.5,0.07651578651183338,475.788178051193,6.164972751093582,547.697144193651,6.30572247759615,371.47,5.681,30.7715592059159,11.8,19.9603052560203,3.207,80.165,,,,0.84,27.68954468,6.970128417456451,0,0,0.0,0.0,0,0.0,0,1,7.0,0.0,0.0,0.0,0.0,0.0,0.0,0.0,0.0,0.0,0.0,0.0,0.0,0.0,0.0,0.0,0.0,0.0,0.0,1.0,0.0,0.0,6.0,1.0,0.0,0.0,0.5549109735846074,1.9691896817721264,4.0,1.6094379124341005,9.0,5.0,1.791759469228055,1.0,1.0,10.0
MOZ,Mozambique,ESA,2010,45.3,45.8,50.6,10.4,20.6,18.4,0.06868968371065484,494.162859074785,6.202865137097766,496.185839392659,6.206950532746206,377.94,5.66,30.9861779822921,12.0,21.1157832994067,3.259,79.552,,,,0.85,26.26061249,19.69269790336177,0,0,0.0,0.0,0,0.0,0,1,5.0,0.0,0.0,0.0,0.0,0.0,0.0,0.0,0.0,0.0,0.0,0.0,0.0,0.0,0.0,0.0,0.0,0.0,0.0,1.0,1.0,0.0,7.0,6.0,0.0,4.192771610887645,0.0,0.1153955623754779,4.0,1.6094379124341005,9.0,5.0,1.791759469228055,1.0,1.0,10.0
MOZ,Mozambique,ESA,2011,45.2,45.3,50.7,10.2,21.4,18.2,0.07444679797161069,514.869957191994,6.243914358470833,618.17649286789,6.426774003850309,375.99,5.599,31.2062230032794,12.3,22.2833615319123,3.295,78.938,,,,0.85,30.42516136,42.409531805966445,1,2,1.0986122886681098,5.0,3,1.3862943611198906,1,1,8.0,0.0,0.0,0.0,0.0,0.0,0.0,0.0,0.0,0.0,0.0,0.0,0.0,0.0,0.0,0.0,0.0,0.0,0.0,1.0,1.0,0.0,7.0,7.0,1.0,6.970128417456451,4.192771610887645,0.5549109735846074,6.0,1.9459101490553132,11.0,7.0,2.0794415416798357,1.0,1.0,12.0
MOZ,Mozambique,ESA,2012,45.1,45.2,50.8,10.1,22.1,18.1,0.0825990740614134,540.2945177803,6.292114394176851,685.685748199513,6.5304194297656055,375.23,5.518,31.4315251735105,12.4,23.4630594441157,3.304,78.332,,,,0.86,35.24672699,0.0,0,4,1.6094379124341005,9.0,5,1.791759469228055,1,1,10.0,0.0,0.0,0.0,0.0,0.0,0.0,0.0,0.0,0.0,0.0,0.0,0.0,0.0,0.0,0.0,0.0,0.0,0.0,1.0,1.0,1.0,5.0,7.0,6.0,19.69269790336177,6.970128417456451,0.0,5.0,1.791759469228055,9.0,6.0,1.9459101490553132,1.0,1.0,9.0
MOZ,Mozambique,ESA,2013,45.1,45.1,51.1,10.0,22.9,18.0,0.09945962864526525,559.393953685688,6.326853972138992,686.505672517351,6.531614488127057,372.38,5.43,31.6619153976179,12.6,24.6548929254595,3.345,77.684,,,,0.81,41.5031395,69.18215983709271,0,4,1.6094379124341005,9.0,5,1.791759469228055,1,1,10.0,2.0,0.0,0.0,1.0986122886681098,0.0,0.0,5.0,0.0,0.0,3.0,0.0,0.0,1.3862943611198906,0.0,0.0,1.0,0.0,0.0,1.0,1.0,1.0,8.0,5.0,7.0,42.409531805966445,19.69269790336177,4.192771610887645,6.0,1.9459101490553132,9.0,11.0,2.4849066497880004,1.0,1.0,9.0
MOZ,Mozambique,ESA,2014,45.2,45.1,51.3,9.9,23.7,18.0,0.11613301752121077,585.266716133984,6.372067668344984,697.142680444123,6.546990096330548,361.47,5.304,31.8972245802342,12.7,25.8588794084376,3.377,77.029,,,,0.81,43.50259018,98.23839582627495,0,6,1.9459101490553132,11.0,7,2.0794415416798357,1,1,12.0,4.0,2.0,0.0,1.6094379124341005,1.0986122886681098,0.0,9.0,5.0,0.0,5.0,3.0,0.0,1.791759469228055,1.3862943611198906,0.0,1.0,1.0,0.0,1.0,1.0,1.0,10.0,8.0,7.0,0.0,42.409531805966445,6.970128417456451,5.0,1.791759469228055,8.0,10.0,2.3978952727983707,1.0,1.0,10.0
MOZ,Mozambique,ESA,2015,45.3,45.2,51.6,9.8,24.6,17.9,0.13692269582122407,610.563774706589,6.414382751168728,610.563774706589,6.414382751168728,353.67,5.245,32.1372836259918,12.8,27.0750381576231,3.426,76.345,,,,0.78,40.35658646,0.0,0,5,1.791759469228055,9.0,6,1.9459101490553132,1,1,9.0,4.0,4.0,0.0,1.6094379124341005,1.6094379124341005,0.0,9.0,9.0,0.0,5.0,5.0,0.0,1.791759469228055,1.791759469228055,0.0,1.0,1.0,0.0,1.0,1.0,1.0,10.0,10.0,5.0,69.18215983709271,0.0,19.69269790336177,5.0,1.791759469228055,8.0,5.0,1.791759469228055,1.0,1.0,10.0
MOZ,Mozambique,ESA,2016,45.5,45.3,52.0,9.7,25.4,17.9,0.16057765115609465,620.779714954555,6.430976292682047,441.489734819071,6.090154769080782,345.21,5.188,32.3819234395234,12.9,28.3033808340067,3.65,76.135,,,,0.79,31.85357285,91.38,0,6,1.9459101490553132,9.0,11,2.4849066497880004,1,1,9.0,6.0,4.0,2.0,1.9459101490553132,1.6094379124341005,1.0986122886681098,11.0,9.0,5.0,7.0,5.0,3.0,2.0794415416798357,1.791759469228055,1.3862943611198906,1.0,1.0,1.0,1.0,1.0,1.0,12.0,10.0,8.0,98.23839582627495,69.18215983709271,42.409531805966445,5.0,1.791759469228055,8.0,5.0,1.791759469228055,1.0,1.0,11.0
MOZ,Mozambique,ESA,2017,45.6,45.5,52.3,9.7,26.3,17.8,0.1854892033200789,618.397694360334,6.427131768870941,470.93856305196,6.154727646128334,333.74,5.128,32.6274411492675,12.8,29.5435460585168,3.935,75.875,,,85.9,0.77,36.75825882,88.43315375481058,0,5,1.791759469228055,8.0,10,2.3978952727983707,1,1,10.0,5.0,6.0,4.0,1.791759469228055,1.9459101490553132,1.6094379124341005,9.0,11.0,9.0,6.0,7.0,5.0,1.9459101490553132,2.0794415416798357,1.791759469228055,1.0,1.0,1.0,1.0,1.0,1.0,9.0,12.0,10.0,0.0,98.23839582627495,0.0,4.0,1.6094379124341005,7.0,4.0,1.6094379124341005,1.0,1.0,11.0
MOZ,Mozambique,ESA,2018,45.6,45.6,52.6,9.6,27.2,17.8,0.20407646993905465,621.153734194787,6.431578610385618,517.507260258101,6.249023554525365,331.3,5.07,32.9902559073541,12.8,30.7959176592195,4.21,75.626,,,86.2,0.77,41.29206467,77.54313387318767,0,5,1.791759469228055,8.0,5,1.791759469228055,1,1,10.0,6.0,5.0,4.0,1.9459101490553132,1.791759469228055,1.6094379124341005,9.0,9.0,9.0,11.0,6.0,5.0,2.4849066497880004,1.9459101490553132,1.791759469228055,1.0,1.0,1.0,1.0,1.0,1.0,9.0,9.0,10.0,91.38,0.0,69.18215983709271,4.0,1.6094379124341005,7.0,4.0,1.6094379124341005,1.0,1.0,10.0
MOZ,Mozambique,ESA,2019,45.7,45.6,52.8,9.6,28.1,17.8,0.22659844471409502,617.13932000195,6.425094800688096,519.09255091362,6.2520821927275625,323.97,5.016,33.4177241517032,12.7,32.0616645064997,4.462,75.396,,,87.2,0.72,41.01906586,71.70442405631479,0,5,1.791759469228055,8.0,5,1.791759469228055,1,1,11.0,5.0,6.0,6.0,1.791759469228055,1.9459101490553132,1.9459101490553132,8.0,9.0,11.0,10.0,11.0,7.0,2.3978952727983707,2.4849066497880004,2.0794415416798357,1.0,1.0,1.0,1.0,1.0,1.0,10.0,9.0,12.0,88.43315375481058,91.38,98.23839582627495,4.0,1.6094379124341005,7.0,4.0,1.6094379124341005,1.0,1.0,10.0
MOZ,Mozambique,ESA,2020,45.7,45.7,53.1,9.5,29.1,17.8,0.24691242336819486,591.804059985932,6.383175600344625,462.433876479921,6.136503576958184,320.65,4.959,33.9044006416285,12.6,33.3404532645595,5.019,74.227,,,89.0,0.71,34.92252731,66.79486442156909,0,4,1.6094379124341005,7.0,4,1.6094379124341005,1,1,11.0,5.0,5.0,5.0,1.791759469228055,1.791759469228055,1.791759469228055,8.0,8.0,9.0,5.0,10.0,6.0,1.791759469228055,2.3978952727983707,1.9459101490553132,1.0,1.0,1.0,1.0,1.0,1.0,10.0,10.0,9.0,77.54313387318767,88.43315375481058,0.0,4.0,1.6094379124341005,7.0,4.0,1.6094379124341005,1.0,1.0,10.0
MOZ,Mozambique,ESA,2021,46.0,45.7,53.5,9.5,30.0,,0.27861837628319774,588.215854695416,6.3770939803561095,509.907829475551,6.234229982866839,312.45,4.905,34.4499259401554,12.4,34.6331153020155,5.413,73.848,,,89.7,0.74,44.09894943,11.09230954465137,0,4,1.6094379124341005,7.0,4,1.6094379124341005,1,1,10.0,5.0,5.0,6.0,1.791759469228055,1.791759469228055,1.9459101490553132,8.0,8.0,9.0,5.0,5.0,11.0,1.791759469228055,1.791759469228055,2.4849066497880004,1.0,1.0,1.0,1.0,1.0,1.0,11.0,10.0,9.0,71.70442405631479,77.54313387318767,91.38,4.0,1.6094379124341005,7.0,4.0,1.6094379124341005,1.0,1.0,9.0
MOZ,Mozambique,ESA,2022,46.4,46.0,54.0,9.4,31.0,,0.3125211564393352,596.086630918965,6.390386010393377,578.273222184503,6.360046459724987,304.5,4.84,35.0536638047945,12.1,35.9385123672753,6.789,73.466,,,89.9,,47.69813538,95.77,1,4,1.6094379124341005,7.0,4,1.6094379124341005,1,1,10.0,4.0,5.0,5.0,1.6094379124341005,1.791759469228055,1.791759469228055,7.0,8.0,8.0,4.0,5.0,10.0,1.6094379124341005,1.791759469228055,2.3978952727983707,1.0,1.0,1.0,1.0,1.0,1.0,11.0,11.0,10.0,66.79486442156909,71.70442405631479,88.43315375481058,4.0,1.6094379124341005,9.0,4.0,1.6094379124341005,1.0,1.0,10.0
MOZ,Mozambique,ESA,2023,47.0,46.4,54.6,,,,,610.591041611538,6.414427408741362,622.191133245967,6.433247333712633,303.5,4.763,35.7149783148407,11.8,37.257486002339,6.661,73.562,,,89.9,,52.96166611,29.92,0,4,1.6094379124341005,7.0,4,1.6094379124341005,1,1,10.0,4.0,4.0,5.0,1.6094379124341005,1.6094379124341005,1.791759469228055,7.0,7.0,8.0,4.0,4.0,5.0,1.6094379124341005,1.6094379124341005,1.791759469228055,1.0,1.0,1.0,1.0,1.0,1.0,10.0,11.0,10.0,11.09230954465137,66.79486442156909,77.54313387318767,,,,,,,,
MOZ,Mozambique,ESA,2024,,47.0,,,,,,605.763481416969,6.406489615193047,656.976148587772,6.487647714306249,295.1,4.69,36.4332337447237,11.5,38.5900804802051,6.668,73.529,,,90.7,,,39.01,0,4,1.6094379124341005,7.0,4,1.6094379124341005,1,1,9.0,4.0,4.0,5.0,1.6094379124341005,1.6094379124341005,1.791759469228055,7.0,7.0,8.0,4.0,4.0,5.0,1.6094379124341005,1.6094379124341005,1.791759469228055,1.0,1.0,1.0,1.0,1.0,1.0,10.0,10.0,11.0,95.77,11.09230954465137,71.70442405631479,,,,,,,,
MOZ,Mozambique,ESA,2025,,,,,,,,585.682593109736,6.372777992848283,626.914419215727,6.4408100388380705,,,37.2077944927189,,,6.628,73.493,,,91.3,,,,0,4,1.6094379124341005,9.0,4,1.6094379124341005,1,1,10.0,4.0,4.0,4.0,1.6094379124341005,1.6094379124341005,1.6094379124341005,7.0,7.0,7.0,4.0,4.0,4.0,1.6094379124341005,1.6094379124341005,1.6094379124341005,1.0,1.0,1.0,1.0,1.0,1.0,10.0,10.0,11.0,29.92,95.77,66.79486442156909,,,,,,,,
MRT,Mauritania,WCA,2000,57.3,,57.3,10.2,37.2,,0.7714712205970238,1307.91078676112,7.176186323850898,680.911061879778,6.523431698325202,96.39,5.456,38.0555858542174,0.7,18.1529733941699,10.03,41.386,,,,,23.00290108,,0,1,0.6931471805599453,1.0,1,0.6931471805599453,1,1,2.0,,,,,,,,,,,,,,,,,,,,,,,,,,,,1.0,0.6931471805599453,1.0,1.0,0.6931471805599453,1.0,1.0,2.0
MRT,Mauritania,WCA,2001,56.9,57.3,56.9,9.9,38.7,,0.7666383232520447,1265.81694335882,7.143472997746027,651.817840199777,6.479765136694398,93.67,5.407,38.1070763150421,0.7,19.3093273656577,10.132,41.155,,,,,23.28163338,,0,1,0.6931471805599453,1.0,1,0.6931471805599453,1,1,2.0,,,,,,,,,,,,,,,,,,,,,,,,,,,,1.0,0.6931471805599453,3.0,1.0,0.6931471805599453,1.0,1.0,4.0
MRT,Mauritania,WCA,2002,56.5,56.9,56.6,9.6,40.1,,0.7624682912608854,1255.23785465583,7.135080359230348,648.879643934862,6.475247251023901,92.59,5.373,38.3900378438208,0.7,20.5759918023257,10.201,40.939,,,,,25.96999741,,0,1,0.6931471805599453,1.0,1,0.6931471805599453,1,1,2.0,1.0,,,0.6931471805599453,,,1.0,,,1.0,,,0.6931471805599453,,,1.0,,,1.0,,,2.0,,,,,,1.0,0.6931471805599453,4.0,1.0,0.6931471805599453,1.0,1.0,5.0
MRT,Mauritania,WCA,2003,56.1,56.5,56.3,9.4,41.5,,0.762420133133697,1311.83928290699,7.179185464216261,732.017820812675,6.595804859037474,96.01,5.364,38.8866922319919,0.7,21.8519258918573,9.911,40.887,,,,,29.51877594,5.69180496915362,0,1,0.6931471805599453,1.0,1,0.6931471805599453,1,1,2.0,1.0,1.0,,0.6931471805599453,0.6931471805599453,,1.0,1.0,,1.0,1.0,,0.6931471805599453,0.6931471805599453,,1.0,1.0,,1.0,1.0,,2.0,2.0,,,,,1.0,0.6931471805599453,5.0,1.0,0.6931471805599453,1.0,1.0,6.0
MRT,Mauritania,WCA,2004,55.8,56.1,56.0,9.1,42.8,,0.7587258007884514,1342.01926086998,7.201930669790764,823.554457141893,6.713629676322464,86.37,5.374,39.5685575664461,0.7,23.1372199810227,9.77,40.767,,,,,31.47280884,5.293795002231627,0,1,0.6931471805599453,3.0,1,0.6931471805599453,1,1,4.0,1.0,1.0,,0.6931471805599453,0.6931471805599453,,1.0,1.0,,1.0,1.0,,0.6931471805599453,0.6931471805599453,,1.0,1.0,,1.0,1.0,,2.0,2.0,,,,,1.0,0.6931471805599453,5.0,1.0,0.6931471805599453,1.0,1.0,6.0
MRT,Mauritania,WCA,2005,55.5,55.8,55.7,8.8,44.1,,0.7550314684432059,1422.08355395812,7.259878366694749,998.96583416747,6.906720578031156,84.33,5.376,40.407151934074,0.7,24.4309798679279,9.59,40.663,,,,,34.00539017,0.0,0,1,0.6931471805599453,4.0,1,0.6931471805599453,1,1,5.0,1.0,1.0,1.0,0.6931471805599453,0.6931471805599453,0.6931471805599453,1.0,1.0,1.0,1.0,1.0,1.0,0.6931471805599453,0.6931471805599453,0.6931471805599453,1.0,1.0,1.0,1.0,1.0,1.0,2.0,2.0,2.0,5.69180496915362,,,1.0,0.6931471805599453,5.0,1.0,0.6931471805599453,1.0,1.0,6.0
MRT,Mauritania,WCA,2006,55.1,55.5,55.4,8.6,45.4,,0.7532565982808936,1641.14052210995,7.403146719422631,1300.60367988659,7.170583804807175,76.41,5.404,41.3739934217664,0.6,25.9997164897389,9.313,40.603,,,,0.4,35.14922333,0.0,0,1,0.6931471805599453,5.0,1,0.6931471805599453,1,1,6.0,1.0,1.0,1.0,0.6931471805599453,0.6931471805599453,0.6931471805599453,3.0,1.0,1.0,1.0,1.0,1.0,0.6931471805599453,0.6931471805599453,0.6931471805599453,1.0,1.0,1.0,1.0,1.0,1.0,4.0,2.0,2.0,5.293795002231627,5.69180496915362,,1.0,0.6931471805599453,5.0,5.0,1.791759469228055,1.0,1.0,6.0
MRT,Mauritania,WCA,2007,54.6,55.1,55.0,8.3,46.6,,0.7410411531495054,1567.52103874761,7.357250694265558,1405.15016203368,7.247899452949217,75.8,5.426,42.4406001164139,0.6,27.6037678904985,9.482,40.342,,,,,40.41820145,0.0,0,1,0.6931471805599453,5.0,1,0.6931471805599453,1,1,6.0,1.0,1.0,1.0,0.6931471805599453,0.6931471805599453,0.6931471805599453,4.0,3.0,1.0,1.0,1.0,1.0,0.6931471805599453,0.6931471805599453,0.6931471805599453,1.0,1.0,1.0,1.0,1.0,1.0,5.0,4.0,2.0,0.0,5.293795002231627,,1.0,0.6931471805599453,7.0,5.0,1.791759469228055,1.0,1.0,7.0
MRT,Mauritania,WCA,2008,54.2,54.6,54.7,8.1,47.7,,0.735812858916945,1518.05671993749,7.325186322170231,1635.5630623124,7.399742404665164,65.48,5.436,43.5784901049073,0.6,29.2444593327866,9.715,40.054,,,,,49.2858696,0.0,0,1,0.6931471805599453,5.0,1,0.6931471805599453,1,1,6.0,1.0,1.0,1.0,0.6931471805599453,0.6931471805599453,0.6931471805599453,5.0,4.0,1.0,1.0,1.0,1.0,0.6931471805599453,0.6931471805599453,0.6931471805599453,1.0,1.0,1.0,1.0,1.0,1.0,6.0,5.0,2.0,0.0,0.0,5.69180496915362,2.0,1.0986122886681098,8.0,2.0,1.0986122886681098,1.0,1.0,8.0
MRT,Mauritania,WCA,2009,53.7,54.2,54.4,7.9,48.7,,0.7266554409682235,1472.73229282851,7.2948746571270116,1435.43010811893,7.269219810196731,32.98,5.406,44.7591814741371,0.5,30.9205985186658,10.214,39.651,,,,,44.64679718,,0,1,0.6931471805599453,5.0,5,1.791759469228055,1,1,6.0,1.0,1.0,1.0,0.6931471805599453,0.6931471805599453,0.6931471805599453,5.0,5.0,3.0,1.0,1.0,1.0,0.6931471805599453,0.6931471805599453,0.6931471805599453,1.0,1.0,1.0,1.0,1.0,1.0,6.0,6.0,4.0,0.0,0.0,5.293795002231627,4.0,1.6094379124341005,9.0,4.0,1.6094379124341005,1.0,1.0,9.0
MRT,Mauritania,WCA,2010,53.3,53.7,54.2,7.7,49.7,,0.7220900120894832,1463.84763242531,7.288823612892732,1659.96369705455,7.414551011867206,36.28,5.384,45.9541923109942,0.5,32.634513910578,10.093,39.521,,,,,43.759655,,0,1,0.6931471805599453,7.0,5,1.791759469228055,1,1,7.0,1.0,1.0,1.0,0.6931471805599453,0.6931471805599453,0.6931471805599453,5.0,5.0,4.0,1.0,1.0,1.0,0.6931471805599453,0.6931471805599453,0.6931471805599453,1.0,1.0,1.0,1.0,1.0,1.0,6.0,6.0,5.0,0.0,0.0,0.0,4.0,1.6094379124341005,9.0,4.0,1.6094379124341005,1.0,1.0,9.0
MRT,Mauritania,WCA,2011,52.9,53.3,53.9,7.5,50.6,,0.713408293786675,1476.23923867862,7.297253077851553,1931.19975525465,7.565896723610994,46.39,5.38,47.1350407023691,0.4,34.3867695026877,9.976,39.389,,,,,47.77469254,,0,2,1.0986122886681098,8.0,2,1.0986122886681098,1,1,8.0,1.0,1.0,1.0,0.6931471805599453,0.6931471805599453,0.6931471805599453,5.0,5.0,5.0,5.0,1.0,1.0,1.791759469228055,0.6931471805599453,0.6931471805599453,1.0,1.0,1.0,1.0,1.0,1.0,6.0,6.0,6.0,,0.0,0.0,4.0,1.6094379124341005,9.0,4.0,1.6094379124341005,1.0,1.0,9.0
MRT,Mauritania,WCA,2012,52.5,52.9,53.6,7.3,51.5,,0.7047265754838672,1492.69966692583,7.308341616503797,1859.11733247641,7.527857101639568,24.34,5.352,48.2732447351525,0.4,36.1778963960657,9.864,39.255,,,,,49.2515831,,0,4,1.6094379124341005,9.0,4,1.6094379124341005,1,1,9.0,1.0,1.0,1.0,0.6931471805599453,0.6931471805599453,0.6931471805599453,7.0,5.0,5.0,5.0,5.0,1.0,1.791759469228055,1.791759469228055,0.6931471805599453,1.0,1.0,1.0,1.0,1.0,1.0,7.0,6.0,6.0,,,0.0,4.0,1.6094379124341005,9.0,4.0,1.6094379124341005,1.0,1.0,9.0
MRT,Mauritania,WCA,2013,52.3,52.5,53.4,7.1,52.4,,0.7028392579320779,1506.66419033006,7.3176533405705735,1936.26950446101,7.568518464997843,27.11,5.317,49.3553973225913,0.4,38.0075543396616,9.926,38.785,,,,,55.47412872,,0,4,1.6094379124341005,9.0,4,1.6094379124341005,1,1,9.0,2.0,1.0,1.0,1.0986122886681098,0.6931471805599453,0.6931471805599453,8.0,7.0,5.0,2.0,5.0,1.0,1.0986122886681098,1.791759469228055,0.6931471805599453,1.0,1.0,1.0,1.0,1.0,1.0,8.0,7.0,6.0,,,0.0,3.0,1.3862943611198906,6.0,9.0,2.302585092994046,1.0,1.0,7.0
MRT,Mauritania,WCA,2014,52.2,52.3,53.2,6.9,53.4,,0.7048810640964505,1524.45340969502,7.329391204921639,1718.97089374709,7.449481073155201,56.3,5.261,50.4694791226856,0.3,39.8731407401327,10.026,38.299,,,,,59.39431381,,0,4,1.6094379124341005,9.0,4,1.6094379124341005,1,1,9.0,4.0,2.0,1.0,1.6094379124341005,1.0986122886681098,0.6931471805599453,9.0,8.0,5.0,4.0,2.0,5.0,1.6094379124341005,1.0986122886681098,1.791759469228055,1.0,1.0,1.0,1.0,1.0,1.0,9.0,8.0,6.0,,,,3.0,1.3862943611198906,6.0,9.0,2.302585092994046,1.0,1.0,7.0
MRT,Mauritania,WCA,2015,52.2,52.2,53.1,6.8,54.4,,0.715636733194775,1558.84205473416,7.351698552016565,1558.84205473416,7.351698552016565,73.55,5.211,51.6680350049622,0.3,41.7742652183786,10.104,37.826,4.6,0.5,,,57.1233139,,0,4,1.6094379124341005,9.0,4,1.6094379124341005,1,1,9.0,4.0,4.0,1.0,1.6094379124341005,1.6094379124341005,0.6931471805599453,9.0,9.0,7.0,4.0,4.0,5.0,1.6094379124341005,1.6094379124341005,1.791759469228055,1.0,1.0,1.0,1.0,1.0,1.0,9.0,9.0,7.0,,,,3.0,1.3862943611198906,6.0,3.0,1.3862943611198906,1.0,1.0,8.0
MRT,Mauritania,WCA,2016,52.3,52.2,53.1,6.6,55.4,,0.72686251749911,1531.87725661699,7.334249227389078,1568.00551190332,7.357559716148639,94.53,5.157,52.9185627319946,0.3,43.7104270690001,10.287,37.311,5.0,0.9000000000000004,,,49.90084076,,0,3,1.3862943611198906,6.0,9,2.302585092994046,1,1,7.0,4.0,4.0,2.0,1.6094379124341005,1.6094379124341005,1.0986122886681098,9.0,9.0,8.0,4.0,4.0,2.0,1.6094379124341005,1.6094379124341005,1.0986122886681098,1.0,1.0,1.0,1.0,1.0,1.0,9.0,9.0,8.0,,,,3.0,1.3862943611198906,6.0,3.0,1.3862943611198906,1.0,1.0,8.0
MRT,Mauritania,WCA,2017,52.4,52.3,53.1,6.4,56.4,,0.738088301803445,1580.01453100123,7.365189322814944,1617.93401542267,7.388905315218657,72.79,5.106,54.1970448502004,0.2,45.6828446170813,10.336,36.854,5.5,0.1999999999999993,49.8,,55.22446442,,0,3,1.3862943611198906,6.0,9,2.302585092994046,1,1,7.0,4.0,4.0,4.0,1.6094379124341005,1.6094379124341005,1.6094379124341005,9.0,9.0,9.0,4.0,4.0,4.0,1.6094379124341005,1.6094379124341005,1.6094379124341005,1.0,1.0,1.0,1.0,1.0,1.0,9.0,9.0,9.0,,,,3.0,1.3862943611198906,6.0,3.0,1.3862943611198906,1.0,1.0,9.0
MRT,Mauritania,WCA,2018,52.6,52.4,53.1,6.3,57.5,,0.7573650836879126,1606.91539159026,7.382071714438738,1723.37809442655,7.452041652052116,79.68,5.044,55.1305077000081,0.2,47.6904380054199,10.411,36.803,5.9,-0.7000000000000002,49.9,,49.68307495,,0,3,1.3862943611198906,6.0,3,1.3862943611198906,1,1,8.0,3.0,4.0,4.0,1.3862943611198906,1.6094379124341005,1.6094379124341005,6.0,9.0,9.0,9.0,4.0,4.0,2.302585092994046,1.6094379124341005,1.6094379124341005,1.0,1.0,1.0,1.0,1.0,1.0,7.0,9.0,9.0,,,,2.0,1.0986122886681098,5.0,2.0,1.0986122886681098,1.0,1.0,8.0
MRT,Mauritania,WCA,2019,52.8,52.6,53.2,6.1,58.5,,0.7731828570622288,1609.15396170643,7.383463830237113,1767.072710621,7.477079620664377,60.21,4.984,56.0596215779146,0.2,49.7339098436372,10.416,36.77,6.6,-0.8999999999999995,50.4,,54.63365555,,0,3,1.3862943611198906,6.0,3,1.3862943611198906,1,1,8.0,3.0,3.0,4.0,1.3862943611198906,1.3862943611198906,1.6094379124341005,6.0,6.0,9.0,9.0,9.0,4.0,2.302585092994046,2.302585092994046,1.6094379124341005,1.0,1.0,1.0,1.0,1.0,1.0,7.0,7.0,9.0,,,,2.0,1.0986122886681098,5.0,2.0,1.0986122886681098,1.0,1.0,8.0
MRT,Mauritania,WCA,2020,53.1,52.8,53.3,6.0,59.6,,0.7970516280166775,1557.19511875153,7.3506414810996965,1795.72437324423,7.493163770071643,64.11,4.912,56.9836701058893,0.2,51.8124755125379,11.051,36.067,7.2,-0.8999999999999995,52.2,,53.89974594,,1,3,1.3862943611198906,6.0,3,1.3862943611198906,1,1,9.0,3.0,3.0,4.0,1.3862943611198906,1.3862943611198906,1.6094379124341005,6.0,6.0,9.0,3.0,9.0,4.0,1.3862943611198906,2.302585092994046,1.6094379124341005,1.0,1.0,1.0,1.0,1.0,1.0,8.0,7.0,9.0,,,,2.0,1.0986122886681098,5.0,2.0,1.0986122886681098,1.0,1.0,7.0
MRT,Mauritania,WCA,2021,53.4,53.1,53.3,5.9,60.6,,0.8168041095470585,1524.11753502309,7.329170855991351,1947.47413907209,7.574288498618015,26.25,4.848,57.901535141641,0.2,53.9267671870648,11.131,36.173,9.5,0.1999999999999993,54.6,,73.6309433,,0,2,1.0986122886681098,5.0,2,1.0986122886681098,1,1,8.0,3.0,3.0,3.0,1.3862943611198906,1.3862943611198906,1.3862943611198906,6.0,6.0,6.0,3.0,3.0,9.0,1.3862943611198906,1.3862943611198906,2.302585092994046,1.0,1.0,1.0,1.0,1.0,1.0,8.0,8.0,7.0,,,,2.0,1.0986122886681098,5.0,2.0,1.0986122886681098,1.0,1.0,7.0
MRT,Mauritania,WCA,2022,53.9,53.4,53.6,5.7,61.6,,0.844008272742375,1580.70391528747,7.365625542812952,1961.28166648869,7.581353449991435,57.55,4.77,58.8120996197226,0.2,56.0758490078081,10.52,36.632,11.6,1.3000000000000007,55.4,,91.54125977,,0,2,1.0986122886681098,5.0,2,1.0986122886681098,1,1,8.0,3.0,3.0,3.0,1.3862943611198906,1.3862943611198906,1.3862943611198906,6.0,6.0,6.0,3.0,3.0,9.0,1.3862943611198906,1.3862943611198906,2.302585092994046,1.0,1.0,1.0,1.0,1.0,1.0,9.0,8.0,7.0,,,,2.0,1.0986122886681098,5.0,2.0,1.0986122886681098,1.0,1.0,7.0
MRT,Mauritania,WCA,2023,54.5,53.9,53.9,,,,,1638.99221583023,7.40183682939163,2127.9576285973,7.662917938889851,42.86,4.697,59.7142464747058,0.1,58.2608340232933,10.37,36.682,13.1,1.9000000000000004,53.8,,92.11444092,,0,2,1.0986122886681098,5.0,2,1.0986122886681098,1,1,7.0,2.0,3.0,3.0,1.0986122886681098,1.3862943611198906,1.3862943611198906,5.0,6.0,6.0,2.0,3.0,3.0,1.0986122886681098,1.3862943611198906,1.3862943611198906,1.0,1.0,1.0,1.0,1.0,1.0,8.0,9.0,8.0,,,,,,,,,,,
MRT,Mauritania,WCA,2024,,54.5,,,,,,1692.84166088843,7.434163851999394,2104.54260769051,7.651853433997842,69.55,4.625,60.6068586411829,0.1,58.676920295931,10.257,36.701,12.5,0.9000000000000004,51.7,,,,0,2,1.0986122886681098,5.0,2,1.0986122886681098,1,1,7.0,2.0,2.0,3.0,1.0986122886681098,1.0986122886681098,1.3862943611198906,5.0,5.0,6.0,2.0,2.0,3.0,1.0986122886681098,1.0986122886681098,1.3862943611198906,1.0,1.0,1.0,1.0,1.0,1.0,8.0,8.0,8.0,,,,,,,,,,,
MRT,Mauritania,WCA,2025,,,,,,,,1712.77993129076,7.445873020305124,2197.51046251309,7.695080390646105,,,61.4888190537696,,,10.319,36.564,,,50.9,,,,0,2,1.0986122886681098,5.0,2,1.0986122886681098,1,1,7.0,2.0,2.0,3.0,1.0986122886681098,1.0986122886681098,1.3862943611198906,5.0,5.0,6.0,2.0,2.0,3.0,1.0986122886681098,1.0986122886681098,1.3862943611198906,1.0,1.0,1.0,1.0,1.0,1.0,7.0,8.0,9.0,,,,,,,,,,,
MUS,Mauritius,ESA,2000,18.4,,34.4,8.6,47.5,19.4,-0.5205787876004779,5724.49584395791,8.65250976235398,3981.98343249582,8.289535324016747,,1.99,42.063123063288,,90.5194424395301,9.125,53.473,,,,3.76,115.89820862,,0,0,0.0,1.0,0,0.0,0,1,1.0,,,,,,,,,,,,,,,,,,,,,,,,,,,,0.0,0.0,1.0,0.0,0.0,0.0,1.0,1.0
MUS,Mauritius,ESA,2001,18.4,18.4,34.1,8.4,48.3,19.5,-0.5221775712142596,5869.56961565396,8.677536590824774,3908.55694927435,8.27092351817579,,1.91,41.8827214180181,,90.8010935078889,9.14,52.305,,,,3.66,116.36106873,,0,0,0.0,1.0,0,0.0,0,1,1.0,,,,,,,,,,,,,,,,,,,,,,,,,,,,0.0,0.0,1.0,0.0,0.0,0.0,1.0,1.0
MUS,Mauritius,ESA,2002,18.5,18.4,33.7,8.2,49.0,19.5,-0.5256902325710714,5923.09482066607,8.686614365040613,4073.06053055903,8.312149968956845,,1.94,41.6986829938864,,91.0831578826494,8.205,53.477,,,,3.54,132.38633728,,0,0,0.0,1.0,0,0.0,0,1,1.0,0.0,,,0.0,,,1.0,,,0.0,,,0.0,,,0.0,,,1.0,,,1.0,,,,,,0.0,0.0,1.0,0.0,0.0,0.0,1.0,1.0
MUS,Mauritius,ESA,2003,18.6,18.5,33.2,8.0,49.8,19.5,-0.5298657592817029,6228.82545560651,8.73694306360717,4858.26575549747,8.488436812779224,,1.87,41.5127065251754,,91.3656724156252,8.318,55.485,,,,3.41,157.68417358,,0,0,0.0,1.0,0,0.0,0,1,1.0,0.0,0.0,,0.0,0.0,,1.0,1.0,,0.0,0.0,,0.0,0.0,,0.0,0.0,,1.0,1.0,,1.0,1.0,,,,,0.0,0.0,1.0,0.0,0.0,0.0,1.0,1.0
MUS,Mauritius,ESA,2004,18.7,18.6,32.8,7.8,50.5,19.6,-0.5333784206385149,6457.90977761094,8.77306098058126,5460.60800184198,8.605315418188084,,1.92,41.3265540022042,,91.6486409323772,8.337,53.944,,,,3.41,184.74328613,,0,0,0.0,1.0,0,0.0,0,1,1.0,0.0,0.0,,0.0,0.0,,1.0,1.0,,0.0,0.0,,0.0,0.0,,0.0,0.0,,1.0,1.0,,1.0,1.0,,,,,0.0,0.0,1.0,0.0,0.0,0.0,1.0,1.0
MUS,Mauritius,ESA,2005,18.8,18.7,32.4,7.6,51.2,19.6,-0.5368910819953265,6533.89994300683,8.784759278760452,5354.02974260642,8.585604779277125,,1.88,41.1419874152917,,91.9320916263266,9.524,53.622,,,,3.38,192.13858032,,0,0,0.0,1.0,0,0.0,0,1,1.0,0.0,0.0,0.0,0.0,0.0,0.0,1.0,1.0,1.0,0.0,0.0,0.0,0.0,0.0,0.0,0.0,0.0,0.0,1.0,1.0,1.0,1.0,1.0,1.0,,,,0.0,0.0,1.0,0.0,0.0,0.0,1.0,2.0
MUS,Mauritius,ESA,2006,18.9,18.8,31.9,7.4,51.8,19.5,-0.5445200327762063,6819.92708580325,8.827604059549161,5784.22491883026,8.662889649463986,,1.77,40.9607687547567,,92.2159724037212,9.04,53.689,,,,3.4,203.24180603,,0,0,0.0,1.0,0,0.0,0,1,1.0,0.0,0.0,0.0,0.0,0.0,0.0,1.0,1.0,1.0,0.0,0.0,0.0,0.0,0.0,0.0,0.0,0.0,0.0,1.0,1.0,1.0,1.0,1.0,1.0,,,,1.0,0.6931471805599453,2.0,2.0,1.0986122886681098,1.0,1.0,5.0
MUS,Mauritius,ESA,2007,19.0,18.9,31.5,7.3,52.3,19.5,-0.547364244339295,7180.23173197486,8.879086936169763,6677.37538616398,8.806480283059924,,1.74,40.7846600109183,,92.5003340946351,8.475,53.275,,,,3.35,229.2313385,,0,0,0.0,1.0,0,0.0,0,1,1.0,0.0,0.0,0.0,0.0,0.0,0.0,1.0,1.0,1.0,0.0,0.0,0.0,0.0,0.0,0.0,0.0,0.0,0.0,1.0,1.0,1.0,1.0,1.0,1.0,,,,1.0,0.6931471805599453,2.0,2.0,1.0986122886681098,1.0,1.0,5.0
MUS,Mauritius,ESA,2008,19.2,19.0,31.1,7.1,52.8,19.5,-0.5521279180853169,7545.15683789094,8.928661157982713,8140.47983639243,9.00460440521898,,1.67,40.6154231740954,,92.7851254425672,7.17,54.124,,,,3.34,312.88540649,0.0,0,0,0.0,1.0,0,0.0,0,1,2.0,0.0,0.0,0.0,0.0,0.0,0.0,1.0,1.0,1.0,0.0,0.0,0.0,0.0,0.0,0.0,0.0,0.0,0.0,1.0,1.0,1.0,1.0,1.0,1.0,,,,0.0,0.0,1.0,0.0,0.0,1.0,1.0,5.0
MUS,Mauritius,ESA,2009,19.4,19.2,30.7,7.0,53.2,19.4,-0.5544964300024922,7778.25811331163,8.959087699214146,7426.86137313939,8.91285862223852,,1.59,40.4548202346069,,93.0703993955795,7.257,54.192,,,,3.48,301.67260742,0.0,0,1,0.6931471805599453,2.0,2,1.0986122886681098,1,1,5.0,0.0,0.0,0.0,0.0,0.0,0.0,1.0,1.0,1.0,0.0,0.0,0.0,0.0,0.0,0.0,0.0,0.0,0.0,1.0,1.0,1.0,1.0,1.0,1.0,,,,0.0,0.0,1.0,0.0,0.0,1.0,1.0,6.0
MUS,Mauritius,ESA,2010,19.7,19.4,30.5,6.9,53.6,19.3,-0.5498833754607422,8100.95282599507,8.999736966581228,8113.17670740212,9.00124477292973,,1.57,40.3046131827718,,93.356133421421,7.654,54.671,,,,3.4,357.17382813,0.0,0,1,0.6931471805599453,2.0,2,1.0986122886681098,1,1,5.0,0.0,0.0,0.0,0.0,0.0,0.0,1.0,1.0,1.0,0.0,0.0,0.0,0.0,0.0,0.0,0.0,0.0,0.0,1.0,1.0,1.0,2.0,1.0,1.0,0.0,,,0.0,0.0,1.0,0.0,0.0,1.0,1.0,7.0
MUS,Mauritius,ESA,2011,20.1,19.7,30.4,6.8,53.9,19.2,-0.5424050438841349,8423.28220250903,9.038754841554317,9324.24232310496,9.140372988996932,,1.55,40.1665923228716,,93.6423302206656,7.447,54.075,,,,3.34,385.76248169,0.0,0,0,0.0,1.0,0,0.0,1,1,5.0,1.0,0.0,0.0,0.6931471805599453,0.0,0.0,2.0,1.0,1.0,2.0,0.0,0.0,1.0986122886681098,0.0,0.0,1.0,0.0,0.0,1.0,1.0,1.0,5.0,2.0,1.0,0.0,0.0,,0.0,0.0,1.0,0.0,0.0,1.0,1.0,7.0
MUS,Mauritius,ESA,2012,20.8,20.1,30.3,6.7,54.2,19.1,-0.5283194772644146,8694.84560747968,9.070485670159163,9421.52514098225,9.15075225902815,,1.56,40.0369511615085,,93.928957338752,7.472,54.304,,,,3.46,387.1026001,0.0,0,0,0.0,1.0,0,0.0,1,1,6.0,1.0,1.0,0.0,0.6931471805599453,0.6931471805599453,0.0,2.0,2.0,1.0,2.0,2.0,0.0,1.0986122886681098,1.0986122886681098,0.0,1.0,1.0,0.0,1.0,1.0,1.0,5.0,5.0,1.0,0.0,0.0,,0.0,0.0,1.0,0.0,0.0,1.0,1.0,6.0
MUS,Mauritius,ESA,2013,21.5,20.8,30.4,6.6,54.5,19.0,-0.5094547558668073,8968.51243536773,9.101475103548594,9877.13865958834,9.197978139443618,,1.45,39.9108848558771,,94.2160990172905,7.322,55.336,,,,3.45,440.00280762,0.0,0,0,0.0,1.0,0,0.0,1,1,7.0,0.0,1.0,0.0,0.0,0.6931471805599453,0.0,1.0,2.0,1.0,0.0,2.0,0.0,0.0,1.0986122886681098,0.0,1.0,1.0,0.0,1.0,1.0,1.0,5.0,5.0,2.0,0.0,0.0,0.0,1.0,0.6931471805599453,2.0,1.0,0.6931471805599453,1.0,1.0,8.0
MUS,Mauritius,ESA,2014,22.4,21.5,30.5,6.5,54.8,19.0,-0.4861852111071247,9297.64820128968,9.137516765579655,10490.3315563853,9.258209307791265,,1.44,39.7887571971735,,94.5036776997777,7.467,55.495,,,,3.43,544.44122314,,0,0,0.0,1.0,0,0.0,1,1,7.0,0.0,0.0,1.0,0.0,0.0,0.6931471805599453,1.0,1.0,2.0,0.0,0.0,2.0,0.0,0.0,1.0986122886681098,1.0,1.0,1.0,1.0,1.0,1.0,6.0,5.0,5.0,0.0,0.0,0.0,1.0,0.6931471805599453,2.0,1.0,0.6931471805599453,1.0,1.0,8.0
MUS,Mauritius,ESA,2015,23.4,22.4,30.7,6.4,55.1,18.9,-0.45832367727746065,9630.5437837507,9.172694970877131,9630.5437837507,9.172694970877131,,1.37,39.6709610617726,,94.7917221671352,7.41,55.871,5.2,1.4000000000000004,,3.47,515.72247314,,0,0,0.0,1.0,0,0.0,1,1,6.0,0.0,0.0,1.0,0.0,0.0,0.6931471805599453,1.0,1.0,2.0,0.0,0.0,2.0,0.0,0.0,1.0986122886681098,1.0,1.0,1.0,1.0,1.0,1.0,7.0,6.0,5.0,0.0,0.0,0.0,1.0,0.6931471805599453,2.0,1.0,0.6931471805599453,1.0,1.0,8.0
MUS,Mauritius,ESA,2016,24.4,23.4,30.8,6.4,55.4,18.8,-0.4287298469727695,9997.89198315532,9.210129548069917,10095.1225574156,9.21980767108093,,1.41,39.5578893260494,,95.0806649213747,6.814,55.593,5.9,2.0,,3.51,540.39239502,,0,1,0.6931471805599453,2.0,1,0.6931471805599453,1,1,8.0,0.0,0.0,0.0,0.0,0.0,0.0,1.0,1.0,1.0,0.0,0.0,0.0,0.0,0.0,0.0,1.0,1.0,1.0,1.0,1.0,1.0,7.0,7.0,5.0,,0.0,0.0,1.0,0.6931471805599453,2.0,1.0,0.6931471805599453,1.0,1.0,8.0
MUS,Mauritius,ESA,2017,25.4,24.4,31.0,6.3,55.7,18.8,-0.40086831314310545,10383.8832682578,9.248010197380088,10986.7034093005,9.304441039642834,,1.46,39.4499348663789,,95.3704562123422,6.752,55.844,6.2,2.0999999999999996,18.1,3.52,594.86120605,,0,1,0.6931471805599453,2.0,1,0.6931471805599453,1,1,8.0,0.0,0.0,0.0,0.0,0.0,0.0,1.0,1.0,1.0,0.0,0.0,0.0,0.0,0.0,0.0,1.0,1.0,1.0,1.0,1.0,1.0,6.0,7.0,6.0,,,0.0,1.0,0.6931471805599453,2.0,1.0,0.6931471805599453,1.0,1.0,9.0
MUS,Mauritius,ESA,2018,26.4,25.4,31.2,6.2,56.0,18.7,-0.3730067793134415,10805.4615213739,9.287806981714475,11818.7480619272,9.377442368423862,,1.42,39.3474905591359,,95.6610436549434,6.426,55.465,6.8,1.7999999999999998,16.9,3.56,640.62182617,,0,1,0.6931471805599453,2.0,1,0.6931471805599453,1,1,8.0,1.0,0.0,0.0,0.6931471805599453,0.0,0.0,2.0,1.0,1.0,1.0,0.0,0.0,0.6931471805599453,0.0,0.0,1.0,1.0,1.0,1.0,1.0,1.0,8.0,6.0,7.0,,,0.0,0.0,0.0,1.0,0.0,0.0,1.0,1.0,8.0
MUS,Mauritius,ESA,2019,27.5,26.4,31.3,6.2,56.3,18.7,-0.34121053732771284,11111.3423669526,9.315721700443156,11568.2533399824,9.356019844226378,,1.41,39.2509492806955,,95.9523952887646,6.331,55.964,8.3,3.6999999999999993,16.0,3.66,639.18286133,,0,1,0.6931471805599453,2.0,1,0.6931471805599453,1,1,8.0,1.0,1.0,0.0,0.6931471805599453,0.6931471805599453,0.0,2.0,2.0,1.0,1.0,1.0,0.0,0.6931471805599453,0.6931471805599453,0.0,1.0,1.0,1.0,1.0,1.0,1.0,8.0,8.0,7.0,,,,0.0,0.0,1.0,0.0,0.0,1.0,1.0,8.0
MUS,Mauritius,ESA,2020,28.6,27.5,31.5,6.1,56.6,18.7,-0.31114659181701126,9533.5982796049,9.162577499320603,9135.84773751062,9.119961265547476,,1.46,39.1607039074325,,96.2430585209024,8.626,50.908,9.1,3.500000000000001,22.1,3.68,541.95184326,,0,1,0.6931471805599453,2.0,1,0.6931471805599453,1,1,9.0,1.0,1.0,0.0,0.6931471805599453,0.6931471805599453,0.0,2.0,2.0,1.0,1.0,1.0,0.0,0.6931471805599453,0.6931471805599453,0.0,1.0,1.0,1.0,1.0,1.0,1.0,8.0,8.0,6.0,,,,0.0,0.0,1.0,0.0,0.0,1.0,1.0,8.0
MUS,Mauritius,ESA,2021,29.9,28.6,31.7,6.1,56.9,,-0.27255594908026376,9849.34891121846,9.195160631597496,9177.71195973013,9.124533210689158,,1.42,39.077147315722,,96.5249988240641,7.719,48.525,10.5,2.0,21.3,3.75,593.77947998,,0,0,0.0,1.0,0,0.0,1,1,8.0,1.0,1.0,1.0,0.6931471805599453,0.6931471805599453,0.6931471805599453,2.0,2.0,2.0,1.0,1.0,1.0,0.6931471805599453,0.6931471805599453,0.6931471805599453,1.0,1.0,1.0,1.0,1.0,1.0,8.0,8.0,8.0,,,,1.0,0.6931471805599453,3.0,1.0,0.6931471805599453,1.0,1.0,9.0
MUS,Mauritius,ESA,2022,31.3,29.9,32.1,6.0,57.2,,-0.23110561374856187,10703.2364271462,9.278301444541968,10246.5017455553,9.234691633196247,,1.33,39.0000125885784,,96.8074578506506,6.322,52.046,10.2,-0.6999999999999993,20.7,3.77,590.91522217,,0,0,0.0,1.0,0,0.0,1,1,8.0,1.0,1.0,1.0,0.6931471805599453,0.6931471805599453,0.6931471805599453,2.0,2.0,2.0,1.0,1.0,1.0,0.6931471805599453,0.6931471805599453,0.6931471805599453,1.0,1.0,1.0,1.0,1.0,1.0,9.0,8.0,8.0,,,,1.0,0.6931471805599453,2.0,1.0,0.6931471805599453,1.0,1.0,7.0
MUS,Mauritius,ESA,2023,32.8,31.3,32.4,,,,,11330.7335655767,9.335274097343342,11269.9684462139,9.329896807226344,,1.4,39.0039901092226,,97.0904086099851,5.571,55.709,12.2,-0.3000000000000007,19.2,3.8,616.20739746,,0,0,0.0,1.0,0,0.0,1,1,8.0,0.0,1.0,1.0,0.0,0.6931471805599453,0.6931471805599453,1.0,2.0,2.0,0.0,1.0,1.0,0.0,0.6931471805599453,0.6931471805599453,1.0,1.0,1.0,1.0,1.0,1.0,8.0,9.0,8.0,,,,,,,,,,,
MUS,Mauritius,ESA,2024,,32.8,,,,,,11918.8045212095,9.385872643744937,11990.9355434317,9.391906271952735,,1.44,39.0162147027917,,97.3737391141644,5.548,55.41,12.2,1.4000000000000004,19.1,,,,0,1,0.6931471805599453,3.0,1,0.6931471805599453,1,1,9.0,0.0,0.0,1.0,0.0,0.0,0.6931471805599453,1.0,1.0,2.0,0.0,0.0,1.0,0.0,0.0,0.6931471805599453,1.0,1.0,1.0,1.0,1.0,1.0,8.0,8.0,8.0,,,,,,,,,,,
MUS,Mauritius,ESA,2025,,,,,,,,12314.5801796066,9.418539219807627,12991.2935987166,9.472034688903282,,,39.0369663368524,,,5.635,55.249,,,17.8,,,,0,1,0.6931471805599453,2.0,1,0.6931471805599453,1,1,7.0,0.0,0.0,1.0,0.0,0.0,0.6931471805599453,1.0,1.0,2.0,0.0,0.0,1.0,0.0,0.0,0.6931471805599453,1.0,1.0,1.0,1.0,1.0,1.0,8.0,8.0,9.0,,,,,,,,,,,
MWI,Malawi,ESA,2000,33.7,,41.9,9.4,13.7,16.5,-0.5550451731910693,418.592985038462,6.036899051721604,224.22415918428,5.412646262122045,452.55,6.002,14.6770603287659,15.3,9.3511917456521,5.045,76.764,,,,,8.84964848,,0,0,0.0,3.0,1,0.6931471805599453,0,1,3.0,,,,,,,,,,,,,,,,,,,,,,,,,,,,1.0,0.6931471805599453,4.0,2.0,1.0986122886681098,1.0,1.0,5.0
MWI,Malawi,ESA,2001,33.0,33.7,41.5,9.3,14.3,16.4,-0.5737819661673345,388.260039763569,5.961675320712021,215.474524898357,5.372842688627247,464.48,5.943,14.780400724713,14.8,9.35302758911489,5.221,76.612,,,,,7.42542601,,0,0,0.0,3.0,1,0.6931471805599453,0,1,3.0,,,,,,,,,,,,,,,,,,,,,,,,,,,,1.0,0.6931471805599453,4.0,2.0,1.0986122886681098,1.0,1.0,5.0
MWI,Malawi,ESA,2002,32.3,33.0,41.1,9.2,14.8,16.4,-0.5942454711787237,385.308980237095,5.954045558490261,428.210439838398,6.059614756611291,439.55,5.903,14.8722487440558,14.3,9.35480608724583,5.248,76.582,,,,,11.17413807,,0,0,0.0,3.0,1,0.6931471805599453,0,1,3.0,0.0,,,0.0,,,3.0,,,1.0,,,0.6931471805599453,,,0.0,,,1.0,,,3.0,,,,,,2.0,1.0986122886681098,5.0,3.0,1.3862943611198906,1.0,1.0,6.0
MWI,Malawi,ESA,2003,31.7,32.3,40.7,9.1,15.4,16.3,-0.6107798524739514,397.224846758815,5.984502484995049,383.348596852642,5.948944749772933,404.31,5.875,14.9551384691108,13.6,9.35670106577719,5.165,76.641,,,,,12.3155899,4.443206832644908,0,1,0.6931471805599453,4.0,2,1.0986122886681098,1,1,5.0,0.0,0.0,,0.0,0.0,,3.0,3.0,,1.0,1.0,,0.6931471805599453,0.6931471805599453,,0.0,0.0,,1.0,1.0,,3.0,3.0,,,,,2.0,1.0986122886681098,3.0,2.0,1.0986122886681098,1.0,1.0,7.0
MWI,Malawi,ESA,2004,31.0,31.7,40.2,8.9,16.0,16.2,-0.6360280967031313,408.064916052765,6.011426269720294,404.674248445428,6.003082418637669,376.52,5.864,15.0316039821946,12.9,9.35853844568126,4.964,76.797,,,,,15.94395351,10.320420590561694,1,1,0.6931471805599453,4.0,2,1.0986122886681098,1,1,5.0,0.0,0.0,,0.0,0.0,,3.0,3.0,,1.0,1.0,,0.6931471805599453,0.6931471805599453,,0.0,0.0,,1.0,1.0,,3.0,3.0,,,,,3.0,1.3862943611198906,4.0,3.0,1.3862943611198906,1.0,1.0,8.0
MWI,Malawi,ESA,2005,30.3,31.0,39.7,8.8,16.6,16.2,-0.6571544670683404,410.267979592536,6.016810554951459,414.361121984475,6.026737868939096,373.65,5.848,15.1041793656241,12.3,11.6430173155279,4.935,76.822,,,,,17.24028015,6.620266122866715,0,2,1.0986122886681098,5.0,3,1.3862943611198906,1,1,6.0,1.0,0.0,0.0,0.6931471805599453,0.0,0.0,4.0,3.0,3.0,2.0,1.0,1.0,1.0986122886681098,0.6931471805599453,0.6931471805599453,1.0,0.0,0.0,1.0,1.0,1.0,5.0,3.0,3.0,4.443206832644908,,,3.0,1.3862943611198906,4.0,3.0,1.3862943611198906,1.0,1.0,9.0
MWI,Malawi,ESA,2006,29.5,30.3,39.1,8.6,17.3,16.1,-0.6852679883323778,417.877689776503,6.0351887815164424,440.822149023873,6.088641503908185,359.15,5.802,15.1753987017157,11.8,13.9195182666637,4.954,75.743,,,,,20.95070648,12.554642911670811,0,2,1.0986122886681098,3.0,2,1.0986122886681098,1,1,7.0,1.0,1.0,0.0,0.6931471805599453,0.6931471805599453,0.0,4.0,4.0,3.0,2.0,2.0,1.0,1.0986122886681098,1.0986122886681098,0.6931471805599453,1.0,1.0,0.0,1.0,1.0,1.0,5.0,5.0,3.0,10.320420590561694,4.443206832644908,,3.0,1.3862943611198906,4.0,3.0,1.3862943611198906,1.0,1.0,8.0
MWI,Malawi,ESA,2007,28.7,29.5,38.4,8.5,17.9,16.0,-0.7133759251565122,445.254305419586,6.098645591790816,475.180261659331,6.163694230273571,348.76,5.724,15.2477960727861,11.3,16.1881872542677,4.876,74.695,,,,1.1,25.0216465,0.0,0,3,1.3862943611198906,4.0,3,1.3862943611198906,1,1,8.0,2.0,1.0,0.0,1.0986122886681098,0.6931471805599453,0.0,5.0,4.0,3.0,3.0,2.0,1.0,1.3862943611198906,1.0986122886681098,0.6931471805599453,1.0,1.0,0.0,1.0,1.0,1.0,6.0,5.0,3.0,6.620266122866715,10.320420590561694,,3.0,1.3862943611198906,5.0,3.0,1.3862943611198906,1.0,1.0,8.0
MWI,Malawi,ESA,2008,27.9,28.7,37.8,8.2,18.6,15.9,-0.7456113202845205,465.55147298007,6.143222666286294,554.048820396119,6.317252806323339,359.36,5.609,15.3238029928378,11.1,18.4488656297589,4.796,73.601,,,,,32.73482132,21.047181355026257,0,3,1.3862943611198906,4.0,3,1.3862943611198906,1,1,9.0,2.0,2.0,1.0,1.0986122886681098,1.0986122886681098,0.6931471805599453,3.0,5.0,4.0,2.0,3.0,2.0,1.0986122886681098,1.3862943611198906,1.0986122886681098,1.0,1.0,1.0,1.0,1.0,1.0,7.0,6.0,5.0,12.554642911670811,6.620266122866715,4.443206832644908,3.0,1.3862943611198906,6.0,3.0,1.3862943611198906,1.0,1.0,9.0
MWI,Malawi,ESA,2009,27.2,27.9,37.3,8.0,19.2,15.9,-0.7708595645137004,489.631418790158,6.193652901504677,625.869729869625,6.439142250194645,377.56,5.453,15.4015312766848,10.9,20.7030011916433,4.732,72.448,,,,,35.56456757,70.9816887370715,0,3,1.3862943611198906,4.0,3,1.3862943611198906,1,1,8.0,3.0,2.0,1.0,1.3862943611198906,1.0986122886681098,0.6931471805599453,4.0,3.0,4.0,3.0,2.0,2.0,1.3862943611198906,1.0986122886681098,1.0986122886681098,1.0,1.0,1.0,1.0,1.0,1.0,8.0,7.0,5.0,0.0,12.554642911670811,10.320420590561694,2.0,1.0986122886681098,4.0,2.0,1.0986122886681098,1.0,1.0,8.0
MWI,Malawi,ESA,2010,26.7,27.2,36.8,7.8,19.9,15.8,-0.7899762733456812,508.088650552846,6.2306559413158595,683.124694716799,6.526677412038552,389.81,5.263,15.4776969380518,10.7,22.950220782325,4.78,71.164,,,,,33.99194336,82.98064967737166,1,3,1.3862943611198906,5.0,3,1.3862943611198906,1,1,8.0,3.0,3.0,2.0,1.3862943611198906,1.3862943611198906,1.0986122886681098,4.0,4.0,5.0,3.0,3.0,3.0,1.3862943611198906,1.3862943611198906,1.3862943611198906,1.0,1.0,1.0,1.0,1.0,1.0,9.0,8.0,6.0,21.047181355026257,0.0,6.620266122866715,3.0,1.3862943611198906,5.0,3.0,1.3862943611198906,1.0,1.0,9.0
MWI,Malawi,ESA,2011,26.5,26.7,36.6,7.5,20.6,15.8,-0.7994388888316889,517.833736624232,6.249654218969128,763.061000394572,6.637337976181271,395.25,5.083,15.5523153908723,10.5,25.1902507973083,4.829,69.836,,,,1.3,39.29234314,84.00310424469124,0,3,1.3862943611198906,6.0,3,1.3862943611198906,1,1,9.0,3.0,3.0,2.0,1.3862943611198906,1.3862943611198906,1.0986122886681098,4.0,4.0,3.0,3.0,3.0,2.0,1.3862943611198906,1.3862943611198906,1.0986122886681098,1.0,1.0,1.0,1.0,1.0,1.0,8.0,9.0,7.0,70.9816887370715,21.047181355026257,12.554642911670811,4.0,1.6094379124341005,9.0,4.0,1.6094379124341005,1.0,1.0,10.0
MWI,Malawi,ESA,2012,26.4,26.5,36.6,7.3,21.4,15.8,-0.796071351959677,512.74031797451,6.239769514228157,558.46208832772,6.325186734965685,354.96,4.902,15.6253133040464,10.3,27.4226021008412,4.949,68.294,,,,,32.53762817,91.74049732467168,0,2,1.0986122886681098,4.0,2,1.0986122886681098,1,1,8.0,3.0,3.0,3.0,1.3862943611198906,1.3862943611198906,1.3862943611198906,5.0,4.0,4.0,3.0,3.0,3.0,1.3862943611198906,1.3862943611198906,1.3862943611198906,1.0,1.0,1.0,1.0,1.0,1.0,8.0,8.0,8.0,82.98064967737166,70.9816887370715,0.0,6.0,1.9459101490553132,12.0,6.0,1.9459101490553132,1.0,1.0,12.0
MWI,Malawi,ESA,2013,26.6,26.4,36.7,7.1,22.1,15.8,-0.7854337146907323,525.357645516557,6.264079260215444,496.947368267313,6.208484121630423,306.13,4.759,15.6966173464742,10.1,29.6470619671529,4.978,66.77,,,,,39.54008484,92.03996290811118,0,3,1.3862943611198906,5.0,3,1.3862943611198906,1,1,9.0,3.0,3.0,3.0,1.3862943611198906,1.3862943611198906,1.3862943611198906,6.0,5.0,4.0,3.0,3.0,3.0,1.3862943611198906,1.3862943611198906,1.3862943611198906,1.0,1.0,1.0,1.0,1.0,1.0,9.0,8.0,9.0,84.00310424469124,82.98064967737166,21.047181355026257,6.0,1.9459101490553132,12.0,14.0,2.70805020110221,1.0,1.0,12.0
MWI,Malawi,ESA,2014,26.9,26.6,36.8,6.9,22.8,15.8,-0.7725936657407503,539.562601918057,6.290758814885902,529.5133440206,6.271958365895966,275.05,4.569,15.766154187056,9.9,31.8630595478382,4.967,65.226,,,,,35.33760452,0.0,0,4,1.6094379124341005,9.0,4,1.6094379124341005,1,1,10.0,2.0,3.0,3.0,1.0986122886681098,1.3862943611198906,1.3862943611198906,4.0,6.0,4.0,2.0,3.0,3.0,1.0986122886681098,1.3862943611198906,1.3862943611198906,1.0,1.0,1.0,1.0,1.0,1.0,8.0,9.0,8.0,91.74049732467168,84.00310424469124,70.9816887370715,6.0,1.9459101490553132,12.0,14.0,2.70805020110221,1.0,1.0,13.0
MWI,Malawi,ESA,2015,27.3,26.9,36.9,6.8,23.6,15.8,-0.7517026192106359,539.605363240686,6.2908380635738395,539.605363240686,6.2908380635738395,260.88,4.384,15.8338504946918,9.6,34.0704035850355,4.953,63.64,47.7,4.399999999999999,,,34.97310638,100.0,1,6,1.9459101490553132,12.0,6,1.9459101490553132,1,1,12.0,3.0,2.0,3.0,1.3862943611198906,1.0986122886681098,1.3862943611198906,5.0,4.0,5.0,3.0,2.0,3.0,1.3862943611198906,1.0986122886681098,1.3862943611198906,1.0,1.0,1.0,1.0,1.0,1.0,9.0,8.0,8.0,92.03996290811118,91.74049732467168,82.98064967737166,7.0,2.0794415416798357,13.0,7.0,2.0794415416798357,1.0,1.0,15.0
MWI,Malawi,ESA,2016,27.8,27.3,37.1,6.6,24.4,15.8,-0.7303414574745108,538.221990810959,6.288271097381806,450.506105510719,6.110371629699549,260.92,4.216,15.899632938282,9.4,36.2684898070789,5.011,61.963,48.5,4.5,,,34.0307579,91.5,0,6,1.9459101490553132,12.0,14,2.70805020110221,1,1,12.0,4.0,3.0,3.0,1.6094379124341005,1.3862943611198906,1.3862943611198906,9.0,5.0,6.0,4.0,3.0,3.0,1.6094379124341005,1.3862943611198906,1.3862943611198906,1.0,1.0,1.0,1.0,1.0,1.0,10.0,9.0,9.0,0.0,92.03996290811118,84.00310424469124,8.0,2.1972245773362196,14.0,8.0,2.1972245773362196,1.0,1.0,16.0
MWI,Malawi,ESA,2017,28.2,27.8,37.2,6.5,25.2,15.8,-0.7094504109443963,544.795729220349,6.300410915634879,495.769683367165,6.206111470831916,264.44,4.113,15.9634281867266,9.0,38.4570661478088,5.046,60.264,49.7,4.700000000000003,85.5,,37.60110092,74.95596300005055,0,6,1.9459101490553132,12.0,14,2.70805020110221,1,1,13.0,6.0,4.0,2.0,1.9459101490553132,1.6094379124341005,1.0986122886681098,12.0,9.0,4.0,6.0,4.0,2.0,1.9459101490553132,1.6094379124341005,1.0986122886681098,1.0,1.0,1.0,1.0,1.0,1.0,12.0,10.0,8.0,100.0,0.0,91.74049732467168,8.0,2.1972245773362196,14.0,8.0,2.1972245773362196,1.0,1.0,17.0
MWI,Malawi,ESA,2018,28.7,28.2,37.2,6.3,25.9,15.7,-0.6945951160212829,553.528790902088,6.316313766879168,533.202567189331,6.278901402976629,270.95,4.021,16.0221486554255,8.7,40.6356741988533,5.021,60.192,48.3,4.5,86.4,,36.70302963,96.9062546414548,0,7,2.0794415416798357,13.0,7,2.0794415416798357,1,1,15.0,6.0,6.0,3.0,1.9459101490553132,1.9459101490553132,1.3862943611198906,12.0,12.0,5.0,14.0,6.0,3.0,2.70805020110221,1.9459101490553132,1.3862943611198906,1.0,1.0,1.0,1.0,1.0,1.0,12.0,12.0,9.0,91.5,100.0,92.03996290811118,8.0,2.1972245773362196,14.0,8.0,2.1972245773362196,1.0,1.0,17.0
MWI,Malawi,ESA,2019,29.1,28.7,37.3,6.2,26.8,15.6,-0.6719773574560445,569.866249371948,6.345401683069272,580.889139762475,6.364559929286583,280.29,3.952,16.1383746619001,8.3,42.8038384563156,4.964,60.13,49.5,4.699999999999996,87.8,,36.91519165,74.407761037388,0,8,2.1972245773362196,14.0,8,2.1972245773362196,1,1,16.0,6.0,6.0,4.0,1.9459101490553132,1.9459101490553132,1.6094379124341005,12.0,12.0,9.0,14.0,14.0,4.0,2.70805020110221,2.70805020110221,1.6094379124341005,1.0,1.0,1.0,1.0,1.0,1.0,13.0,12.0,10.0,74.95596300005055,91.5,0.0,8.0,2.1972245773362196,14.0,8.0,2.1972245773362196,1.0,1.0,16.0
MWI,Malawi,ESA,2020,29.7,29.1,37.4,6.1,27.6,15.6,-0.6466814875638549,559.447086086067,6.326948949706904,602.507478176106,6.401100077198333,283.01,3.877,16.2961471756409,7.9,44.9611479828173,5.72,64.36,51.0,4.799999999999997,88.9,,42.37881851,53.79563791752693,0,8,2.1972245773362196,14.0,8,2.1972245773362196,1,1,17.0,7.0,6.0,6.0,2.0794415416798357,1.9459101490553132,1.9459101490553132,13.0,12.0,12.0,7.0,14.0,6.0,2.0794415416798357,2.70805020110221,1.9459101490553132,1.0,1.0,1.0,1.0,1.0,1.0,15.0,13.0,12.0,96.9062546414548,74.95596300005055,100.0,7.0,2.0794415416798357,13.0,7.0,2.0794415416798357,1.0,1.0,15.0
MWI,Malawi,ESA,2021,30.5,29.7,37.6,6.0,28.4,,-0.6145912169206463,569.968967322435,6.345581916052533,617.446994451007,6.425593225872022,280.49,3.791,16.4881925800694,7.4,47.1071277327455,5.652,59.374,52.2,3.299999999999997,88.9,,46.41017532,0.0,0,8,2.1972245773362196,14.0,8,2.1972245773362196,1,1,17.0,8.0,7.0,6.0,2.1972245773362196,2.0794415416798357,1.9459101490553132,14.0,13.0,12.0,8.0,7.0,14.0,2.1972245773362196,2.0794415416798357,2.70805020110221,1.0,1.0,1.0,1.0,1.0,1.0,16.0,15.0,12.0,74.407761037388,96.9062546414548,91.5,6.0,1.9459101490553132,12.0,6.0,1.9459101490553132,1.0,1.0,14.0
MWI,Malawi,ESA,2022,31.4,30.5,38.0,5.9,29.2,,-0.5755193798185128,560.635759714941,6.329071424985529,604.269740360317,6.404020688243706,285.5,3.72,16.7146031979436,7.0,49.2412879464451,5.02,59.904,53.5,3.0,89.8,,40.03453827,20.47,0,8,2.1972245773362196,14.0,8,2.1972245773362196,1,1,16.0,8.0,8.0,6.0,2.1972245773362196,2.1972245773362196,1.9459101490553132,14.0,14.0,12.0,8.0,8.0,14.0,2.1972245773362196,2.1972245773362196,2.70805020110221,1.0,1.0,1.0,1.0,1.0,1.0,17.0,16.0,13.0,53.79563791752693,74.407761037388,74.95596300005055,8.0,2.1972245773362196,14.0,8.0,2.1972245773362196,1.0,1.0,15.0
MWI,Malawi,ESA,2023,32.4,31.4,38.6,,,,,557.03523965791,6.3226285048163415,633.214767978695,6.45080965050604,291.01,3.648,16.9748746665356,6.6,49.23687867184,5.009,59.843,55.6,2.3999999999999986,91.1,,41.26664734,31.26,0,7,2.0794415416798357,13.0,7,2.0794415416798357,1,1,15.0,8.0,8.0,7.0,2.1972245773362196,2.1972245773362196,2.0794415416798357,14.0,14.0,13.0,8.0,8.0,7.0,2.1972245773362196,2.1972245773362196,2.0794415416798357,1.0,1.0,1.0,1.0,1.0,1.0,17.0,17.0,15.0,0.0,53.79563791752693,96.9062546414548,,,,,,,,
MWI,Malawi,ESA,2024,,32.4,,,,,,551.95152347056,6.313460222621001,522.365366146003,6.258367278187876,294.53,3.59,17.268503531213,6.2,49.2322090448262,5.051,59.747,58.1,3.1000000000000014,92.1,,,54.44,1,6,1.9459101490553132,12.0,6,1.9459101490553132,1,1,14.0,8.0,8.0,8.0,2.1972245773362196,2.1972245773362196,2.1972245773362196,14.0,14.0,14.0,8.0,8.0,8.0,2.1972245773362196,2.1972245773362196,2.1972245773362196,1.0,1.0,1.0,1.0,1.0,1.0,16.0,17.0,16.0,20.47,0.0,74.407761037388,,,,,,,,
MWI,Malawi,ESA,2025,,,,,,,,548.160446261232,6.306568029243042,671.506847203876,6.509524212789749,,,17.5949868386317,,,5.072,59.403,,,92.7,,,,0,8,2.1972245773362196,14.0,8,2.1972245773362196,1,1,15.0,7.0,8.0,8.0,2.0794415416798357,2.1972245773362196,2.1972245773362196,13.0,14.0,14.0,7.0,8.0,8.0,2.0794415416798357,2.1972245773362196,2.1972245773362196,1.0,1.0,1.0,1.0,1.0,1.0,15.0,16.0,17.0,31.26,20.47,53.79563791752693,,,,,,,,
NAM,Namibia,ESA,2000,26.3,,31.1,14.5,29.3,16.4,-0.4965153510519262,3083.59657884697,8.033851915117301,2156.67590512714,7.676323382493306,53.57,3.991,32.1168956399877,13.4,27.1488440827973,20.3,43.142,,,,,217.55029297,,0,0,0.0,2.0,0,0.0,0,1,3.0,,,,,,,,,,,,,,,,,,,,,,,,,,,,0.0,0.0,2.0,0.0,0.0,0.0,1.0,4.0
NAM,Namibia,ESA,2001,25.2,26.3,30.5,14.4,30.2,16.4,-0.5236608094248576,3055.40444831936,8.02466725181829,1915.58926594875,7.557780564959724,69.81,3.827,32.8575058425719,13.7,27.5998396163148,21.009,42.983,,,,,201.46917725,,0,0,0.0,2.0,0,0.0,0,1,3.0,,,,,,,,,,,,,,,,,,,,,,,,,,,,0.0,0.0,2.0,0.0,0.0,0.0,1.0,4.0
NAM,Namibia,ESA,2002,24.2,25.2,29.9,14.2,31.0,16.4,-0.5544524420158462,3145.94566281247,8.053869811635773,1772.07565537493,7.47990682516047,46.92,3.693,33.6459301456028,13.8,28.1968311809375,21.538,42.919,,,,,187.86433411,,0,0,0.0,2.0,0,0.0,0,1,3.0,0.0,,,0.0,,,2.0,,,0.0,,,0.0,,,0.0,,,1.0,,,3.0,,,,,,0.0,0.0,2.0,0.0,0.0,0.0,1.0,4.0
NAM,Namibia,ESA,2003,23.4,24.2,29.5,14.0,31.9,16.3,-0.5743333844317482,3232.30589658857,8.080951061384026,2569.24739317883,7.8513682918812675,44.39,3.58,34.5460063719633,13.8,28.8122875122617,22.104,42.832,,,,,278.70162964,,0,0,0.0,2.0,0,0.0,0,1,4.0,0.0,0.0,,0.0,0.0,,2.0,2.0,,0.0,0.0,,0.0,0.0,,0.0,0.0,,1.0,1.0,,3.0,3.0,,,,,0.0,0.0,4.0,0.0,0.0,0.0,1.0,4.0
NAM,Namibia,ESA,2004,22.7,23.4,29.1,13.9,32.7,16.3,-0.5896167533377654,3582.89503259701,8.183926420921873,3403.15496192955,8.132458210322657,68.43,3.545,35.5356476670033,13.6,29.4178256763319,22.09,43.061,,,,,373.46408081,,0,0,0.0,2.0,0,0.0,0,1,4.0,0.0,0.0,,0.0,0.0,,2.0,2.0,,0.0,0.0,,0.0,0.0,,0.0,0.0,,1.0,1.0,,3.0,3.0,,,,,0.0,0.0,2.0,0.0,0.0,0.0,1.0,5.0
NAM,Namibia,ESA,2005,22.0,22.7,28.6,13.7,33.5,16.3,-0.6114115734966976,3627.75059772278,8.196368065135237,3685.77299991587,8.212235551937244,41.83,3.571,36.5870014553064,13.4,30.0109518702615,22.108,43.272,,,,,402.20068359,,0,0,0.0,2.0,0,0.0,0,1,4.0,0.0,0.0,0.0,0.0,0.0,0.0,2.0,2.0,2.0,0.0,0.0,0.0,0.0,0.0,0.0,0.0,0.0,0.0,1.0,1.0,1.0,4.0,3.0,3.0,,,,0.0,0.0,3.0,0.0,0.0,0.0,1.0,6.0
NAM,Namibia,ESA,2006,21.3,22.0,28.1,13.5,34.1,16.2,-0.6366598177258775,3834.99894666178,8.251924439136854,4017.1834716928,8.298336307125775,43.12,3.601,37.6722151614564,13.3,30.5926680157068,21.848,43.639,,,,,437.56240845,,0,0,0.0,4.0,0,0.0,0,1,4.0,0.0,0.0,0.0,0.0,0.0,0.0,2.0,2.0,2.0,0.0,0.0,0.0,0.0,0.0,0.0,0.0,0.0,0.0,1.0,1.0,1.0,4.0,4.0,3.0,,,,0.0,0.0,3.0,0.0,0.0,0.0,1.0,6.0
NAM,Namibia,ESA,2007,20.7,21.3,27.7,13.4,34.8,16.2,-0.6514674869859814,3987.61796106565,8.29094932936793,4379.04313682732,8.384585517592642,12.9,3.608,38.763436210037,13.2,31.1618359120794,22.12,43.708,,,,,493.60388184,,0,0,0.0,2.0,0,0.0,0,1,5.0,0.0,0.0,0.0,0.0,0.0,0.0,2.0,2.0,2.0,0.0,0.0,0.0,0.0,0.0,0.0,0.0,0.0,0.0,1.0,1.0,1.0,4.0,4.0,3.0,,,,0.0,0.0,5.0,0.0,0.0,0.0,1.0,7.0
NAM,Namibia,ESA,2008,20.1,20.7,27.3,13.2,35.3,16.2,-0.673850454180304,4036.38187484707,8.30310399415493,4204.78555422749,8.343978573301024,7.44,3.616,39.8328120256318,13.2,31.7185868742759,22.005,43.993,,,,,443.17068481,0.0,0,0,0.0,3.0,0,0.0,0,1,6.0,0.0,0.0,0.0,0.0,0.0,0.0,4.0,2.0,2.0,0.0,0.0,0.0,0.0,0.0,0.0,0.0,0.0,0.0,1.0,1.0,1.0,4.0,4.0,4.0,,,,1.0,0.6931471805599453,6.0,1.0,0.6931471805599453,1.0,1.0,9.0
NAM,Namibia,ESA,2009,19.6,20.1,26.9,13.0,35.9,16.1,-0.6923042976584652,3989.20711387651,8.291347771810116,4302.91374148376,8.367047686503293,3.68,3.633,40.8524900328246,13.1,32.2603036353343,22.271,44.063,,,,2.7,420.74865723,0.0,0,0,0.0,3.0,0,0.0,0,1,6.0,0.0,0.0,0.0,0.0,0.0,0.0,2.0,4.0,2.0,0.0,0.0,0.0,0.0,0.0,0.0,0.0,0.0,0.0,1.0,1.0,1.0,5.0,4.0,4.0,,,,2.0,1.0986122886681098,8.0,2.0,1.0986122886681098,1.0,1.0,13.0
NAM,Namibia,ESA,2010,19.2,19.6,26.7,12.8,36.3,16.1,-0.7072299987479491,4165.12990200988,8.334502743072532,5418.21633365814,8.597521950540813,1.55,3.657,41.7946176561991,13.1,32.7891161090276,22.12,44.368,,,,,567.35003662,0.0,0,0,0.0,5.0,0,0.0,0,1,7.0,0.0,0.0,0.0,0.0,0.0,0.0,3.0,2.0,2.0,0.0,0.0,0.0,0.0,0.0,0.0,0.0,0.0,0.0,1.0,1.0,1.0,6.0,5.0,4.0,0.0,,,2.0,1.0986122886681098,10.0,2.0,1.0986122886681098,1.0,1.0,13.0
NAM,Namibia,ESA,2011,19.0,19.2,26.5,12.6,36.8,16.0,-0.7160241644402338,4302.72451368462,8.367003708870591,5834.7917675794,8.671593857293704,1.81,3.658,42.6276075621535,13.1,33.3028894118118,19.481,46.099,,,,,624.59814453,0.0,0,1,0.6931471805599453,6.0,1,0.6931471805599453,1,1,9.0,0.0,0.0,0.0,0.0,0.0,0.0,3.0,3.0,4.0,0.0,0.0,0.0,0.0,0.0,0.0,0.0,0.0,0.0,1.0,1.0,1.0,6.0,6.0,4.0,0.0,0.0,,2.0,1.0986122886681098,10.0,2.0,1.0986122886681098,1.0,1.0,14.0
NAM,Namibia,ESA,2012,18.9,19.0,26.4,12.4,37.2,15.9,-0.7219530530976611,4420.96741373862,8.394113823009352,5942.64680978673,8.689909903983745,3.13,3.676,43.3804079185694,13.0,33.8118744896686,16.771,47.884,,,,,606.36633301,50.008985639314616,0,2,1.0986122886681098,8.0,2,1.0986122886681098,1,1,13.0,0.0,0.0,0.0,0.0,0.0,0.0,5.0,3.0,2.0,0.0,0.0,0.0,0.0,0.0,0.0,0.0,0.0,0.0,1.0,1.0,1.0,7.0,6.0,5.0,0.0,0.0,,2.0,1.0986122886681098,10.0,2.0,1.0986122886681098,1.0,1.0,14.0
NAM,Namibia,ESA,2013,18.9,18.9,26.3,12.2,37.7,15.8,-0.7239528180389272,4549.26759093897,8.42272152996369,5346.62131149967,8.58422010982982,4.39,3.653,44.1106769079132,12.8,34.3053246503093,19.028,49.961,,,,,539.41345215,0.0,1,2,1.0986122886681098,10.0,2,1.0986122886681098,1,1,13.0,1.0,0.0,0.0,0.6931471805599453,0.0,0.0,6.0,5.0,3.0,1.0,0.0,0.0,0.6931471805599453,0.0,0.0,1.0,0.0,0.0,1.0,1.0,1.0,9.0,7.0,6.0,0.0,0.0,0.0,1.0,0.6931471805599453,9.0,2.0,1.0986122886681098,1.0,1.0,13.0
NAM,Namibia,ESA,2014,19.0,18.9,26.3,12.1,38.2,15.7,-0.7172387200462407,4701.95694189098,8.455734071655062,5378.32326241205,8.590131943317665,14.05,3.635,44.8214248210559,12.6,34.7830478360411,18.521,49.56,,,,,452.2585144,0.0,0,2,1.0986122886681098,10.0,2,1.0986122886681098,1,1,14.0,2.0,1.0,0.0,1.0986122886681098,0.6931471805599453,0.0,8.0,6.0,3.0,2.0,1.0,0.0,1.0986122886681098,0.6931471805599453,0.0,1.0,1.0,0.0,1.0,1.0,1.0,13.0,9.0,6.0,50.008985639314616,0.0,0.0,0.0,0.0,8.0,1.0,0.6931471805599453,1.0,1.0,13.0
NAM,Namibia,ESA,2015,19.3,19.0,26.4,11.9,38.7,15.7,-0.7078520951665065,4774.10650865775,8.470962116800253,4774.10650865775,8.470962116800253,7.99,3.604,45.5103554445325,12.4,35.243867972916,20.791,48.031,28.9,3.5,,,476.50784302,38.1,0,2,1.0986122886681098,10.0,2,1.0986122886681098,1,1,14.0,2.0,2.0,0.0,1.0986122886681098,1.0986122886681098,0.0,10.0,8.0,5.0,2.0,2.0,0.0,1.0986122886681098,1.0986122886681098,0.0,1.0,1.0,0.0,1.0,1.0,1.0,13.0,13.0,7.0,0.0,50.008985639314616,0.0,1.0,0.6931471805599453,9.0,1.0,0.6931471805599453,1.0,1.0,13.0
NAM,Namibia,ESA,2016,19.6,19.3,26.5,11.7,39.2,15.6,-0.6984654702867723,4648.62713460213,8.44432721511902,4395.68776162376,8.388379285162827,16.55,3.574,46.1751725648784,12.1,35.68218646148,23.352,46.336,29.6,1.5,,,409.78051758,0.0,0,1,0.6931471805599453,9.0,2,1.0986122886681098,1,1,13.0,2.0,2.0,1.0,1.0986122886681098,1.0986122886681098,0.6931471805599453,10.0,10.0,6.0,2.0,2.0,1.0,1.0986122886681098,1.0986122886681098,0.6931471805599453,1.0,1.0,1.0,1.0,1.0,1.0,14.0,13.0,9.0,0.0,0.0,0.0,1.0,0.6931471805599453,9.0,1.0,0.6931471805599453,1.0,1.0,12.0
NAM,Namibia,ESA,2017,20.0,19.6,26.6,11.6,39.8,15.6,-0.6810278478269056,4476.73324402105,8.406648872820726,5143.96072323076,8.545578630435498,44.81,3.511,46.8135799686288,11.8,36.0971096744774,21.748,46.692,30.5,0.5,45.4,,447.95223999,0.0,0,0,0.0,8.0,1,0.6931471805599453,1,1,13.0,2.0,2.0,2.0,1.0986122886681098,1.0986122886681098,1.0986122886681098,10.0,10.0,8.0,2.0,2.0,2.0,1.0986122886681098,1.0986122886681098,1.0986122886681098,1.0,1.0,1.0,1.0,1.0,1.0,14.0,14.0,13.0,38.1,0.0,50.008985639314616,1.0,0.6931471805599453,9.0,1.0,0.6931471805599453,1.0,1.0,12.0
NAM,Namibia,ESA,2018,20.5,20.0,26.8,11.4,40.4,15.6,-0.6631201101610286,4400.47537705743,8.389467854310752,5308.60813408705,8.577084958235245,24.55,3.462,47.4232814423189,11.5,36.4891060185928,19.877,47.175,31.3,1.0,45.9,,457.6807251,0.0,0,1,0.6931471805599453,9.0,1,0.6931471805599453,1,1,13.0,1.0,2.0,2.0,0.6931471805599453,1.0986122886681098,1.0986122886681098,9.0,10.0,10.0,2.0,2.0,2.0,1.0986122886681098,1.0986122886681098,1.0986122886681098,1.0,1.0,1.0,1.0,1.0,1.0,13.0,14.0,13.0,0.0,38.1,0.0,2.0,1.0986122886681098,9.0,2.0,1.0986122886681098,1.0,1.0,12.0
NAM,Namibia,ESA,2019,21.2,20.5,27.0,11.2,41.0,15.6,-0.6408075491330765,4243.09274481966,8.35304770327587,4731.9210318831,8.462086536853176,2.71,3.404,48.0019807724839,11.1,36.9123066913261,19.929,47.18,32.1,2.1000000000000014,46.7,,419.14828491,66.6,0,1,0.6931471805599453,9.0,1,0.6931471805599453,1,1,12.0,0.0,1.0,2.0,0.0,0.6931471805599453,1.0986122886681098,8.0,9.0,10.0,1.0,2.0,2.0,0.6931471805599453,1.0986122886681098,1.0986122886681098,1.0,1.0,1.0,1.0,1.0,1.0,13.0,13.0,14.0,0.0,0.0,0.0,2.0,1.0986122886681098,9.0,2.0,1.0986122886681098,1.0,1.0,12.0
NAM,Namibia,ESA,2020,21.9,21.2,27.2,11.1,41.6,15.6,-0.6143731142411533,3787.49943973286,8.239461301892296,3878.58982993966,8.263226920663014,9.32,3.349,48.547381745659,10.6,37.3147816708838,21.003,44.224,32.6,3.0,50.8,,370.81643677,0.0,0,1,0.6931471805599453,9.0,1,0.6931471805599453,1,1,12.0,1.0,0.0,2.0,0.6931471805599453,0.0,1.0986122886681098,9.0,8.0,10.0,1.0,1.0,2.0,0.6931471805599453,0.6931471805599453,1.0986122886681098,1.0,1.0,1.0,1.0,1.0,1.0,13.0,13.0,14.0,0.0,0.0,38.1,1.0,0.6931471805599453,7.0,1.0,0.6931471805599453,1.0,1.0,9.0
NAM,Namibia,ESA,2021,22.8,21.9,27.6,10.9,42.1,,-0.5846032871083622,3809.80753359714,8.24533395072853,4412.8355693052,8.392272748050816,9.56,3.303,49.0571881483796,10.2,37.6969593429633,20.931,44.66,33.0,2.599999999999998,48.5,,449.95172119,0.0,0,2,1.0986122886681098,9.0,2,1.0986122886681098,1,1,12.0,1.0,1.0,1.0,0.6931471805599453,0.6931471805599453,0.6931471805599453,9.0,9.0,9.0,1.0,1.0,2.0,0.6931471805599453,0.6931471805599453,1.0986122886681098,1.0,1.0,1.0,1.0,1.0,1.0,12.0,13.0,13.0,66.6,0.0,0.0,1.0,0.6931471805599453,7.0,1.0,0.6931471805599453,1.0,1.0,9.0
NAM,Namibia,ESA,2022,23.8,22.8,27.9,10.8,42.7,,-0.5491720397843828,3905.55135268164,8.270154243774979,4349.79908493314,8.377884935644369,7.38,3.248,49.5291037671807,9.8,38.0587226800855,19.615,47.353,31.8,2.8999999999999986,47.2,,418.53683472,0.0,0,2,1.0986122886681098,9.0,2,1.0986122886681098,1,1,12.0,1.0,1.0,0.0,0.6931471805599453,0.6931471805599453,0.0,9.0,9.0,8.0,1.0,1.0,1.0,0.6931471805599453,0.6931471805599453,0.6931471805599453,1.0,1.0,1.0,1.0,1.0,1.0,12.0,12.0,13.0,0.0,66.6,0.0,1.0,0.6931471805599453,7.0,1.0,0.6931471805599453,1.0,1.0,9.0
NAM,Namibia,ESA,2023,24.9,23.8,28.3,,,,,3973.49010579998,8.287400107330571,4225.99102418102,8.349009074222261,8.24,3.212,49.9545837830821,9.4,38.4005446833098,19.154,47.617,30.0,1.7999999999999972,48.1,,397.09063721,0.0,0,1,0.6931471805599453,7.0,1,0.6931471805599453,1,1,9.0,2.0,1.0,1.0,1.0986122886681098,0.6931471805599453,0.6931471805599453,9.0,9.0,9.0,2.0,1.0,1.0,1.0986122886681098,0.6931471805599453,0.6931471805599453,1.0,1.0,1.0,1.0,1.0,1.0,12.0,12.0,13.0,0.0,0.0,0.0,,,,,,,,
NAM,Namibia,ESA,2024,,24.9,,,,,,4032.40150676649,8.302117384844653,4501.84849548225,8.412243368186562,7.2,3.211,50.4088030252155,9.0,38.7229020528394,19.157,47.593,28.1,1.5999999999999979,47.8,,,,0,1,0.6931471805599453,7.0,1,0.6931471805599453,1,1,9.0,2.0,2.0,1.0,1.0986122886681098,1.0986122886681098,0.6931471805599453,9.0,9.0,9.0,2.0,2.0,1.0,1.0986122886681098,1.0986122886681098,0.6931471805599453,1.0,1.0,1.0,1.0,1.0,1.0,12.0,12.0,12.0,0.0,0.0,66.6,,,,,,,,
NAM,Namibia,ESA,2025,,,,,,,,4019.02686256106,8.298795078318642,4875.92558158247,8.492065228298982,,,50.8666984399326,,,19.291,47.488,,,47.9,,,,0,1,0.6931471805599453,7.0,1,0.6931471805599453,1,1,9.0,1.0,2.0,1.0,0.6931471805599453,1.0986122886681098,0.6931471805599453,7.0,9.0,9.0,1.0,2.0,1.0,0.6931471805599453,1.0986122886681098,0.6931471805599453,1.0,1.0,1.0,1.0,1.0,1.0,9.0,12.0,12.0,0.0,0.0,0.0,,,,,,,,
NER,Niger,WCA,2000,51.2,,57.9,18.7,11.5,,0.558055857798073,392.898616941042,5.973551606428521,194.771959898935,5.271829437823696,359.24,7.829,16.1307678222656,0.7,6.49095998473198,1.427,77.885,,,,,9.04467964,,0,0,0.0,0.0,0,0.0,0,0,2.0,,,,,,,,,,,,,,,,,,,,,,,,,,,,0.0,0.0,0.0,0.0,0.0,0.0,0.0,2.0
NER,Niger,WCA,2001,50.5,51.2,57.5,18.6,12.1,,0.5393190648218078,406.923493665264,6.008625191520422,205.417936120931,5.32504661656875,350.71,7.81,16.2687225341797,0.7,6.90942898388813,1.47,77.901,,,,,9.68088055,,0,0,0.0,0.0,0,0.0,0,0,2.0,,,,,,,,,,,,,,,,,,,,,,,,,,,,0.0,0.0,0.0,0.0,0.0,0.0,0.0,2.0
NER,Niger,WCA,2002,49.8,50.5,57.1,18.4,12.6,,0.5147336859464473,412.123793192578,6.021323773131806,225.294391147438,5.41740795208809,327.87,7.797,16.2687206268311,0.6,7.30986882133162,1.808,77.687,,,,,10.84433079,,0,0,0.0,0.0,0,0.0,0,0,2.0,0.0,,,0.0,,,0.0,,,0.0,,,0.0,,,0.0,,,0.0,,,2.0,,,,,,0.0,0.0,0.0,0.0,0.0,0.0,0.0,2.0
NER,Niger,WCA,2003,49.2,49.8,56.6,18.3,13.2,,0.49580972726227607,406.333757497876,6.007174884695823,265.225363452469,5.580579892699638,298.92,7.789,16.2687225341797,0.6,7.71048737435581,2.145,77.475,,,,,12.55038452,0.0,0,0,0.0,0.0,0,0.0,0,0,2.0,0.0,0.0,,0.0,0.0,,0.0,0.0,,0.0,0.0,,0.0,0.0,,0.0,0.0,,0.0,0.0,,2.0,2.0,,,,,1.0,0.6931471805599453,1.0,1.0,0.6931471805599453,1.0,0.0,3.0
NER,Niger,WCA,2004,48.6,49.2,56.2,18.1,13.8,,0.47515347210307746,393.398781453199,5.974823808474816,283.468281798296,5.6471002361266605,302.78,7.777,16.2687225341797,0.6,8.11105189403746,2.751,77.051,,,,,14.06374931,4.299446707757626,0,0,0.0,0.0,0,0.0,0,0,2.0,0.0,0.0,,0.0,0.0,,0.0,0.0,,0.0,0.0,,0.0,0.0,,0.0,0.0,,0.0,0.0,,2.0,2.0,,,,,1.0,0.6931471805599453,1.0,1.0,0.6931471805599453,1.0,0.0,3.0
NER,Niger,WCA,2005,47.9,48.6,55.7,18.0,14.3,,0.4523003897027444,407.190931059924,6.009282193524459,318.643121918273,5.764071736459942,310.49,7.769,16.2687225341797,0.5,8.51225299855436,3.1,76.829,,,,,18.67140198,32.88621719377636,0,0,0.0,0.0,0,0.0,0,0,2.0,0.0,0.0,0.0,0.0,0.0,0.0,0.0,0.0,0.0,0.0,0.0,0.0,0.0,0.0,0.0,0.0,0.0,0.0,0.0,0.0,0.0,2.0,2.0,2.0,0.0,,,3.0,1.3862943611198906,4.0,3.0,1.3862943611198906,1.0,1.0,6.0
NER,Niger,WCA,2006,47.3,47.9,55.3,17.9,14.9,,0.43576600840751645,415.852022114801,6.030329480909105,333.345078419447,5.809178224951621,307.39,7.744,16.2675724894628,0.5,8.91225988238255,2.528,77.335,,,,,19.9213028,28.983084569952624,1,1,0.6931471805599453,1.0,1,0.6931471805599453,1,0,3.0,0.0,0.0,0.0,0.0,0.0,0.0,0.0,0.0,0.0,0.0,0.0,0.0,0.0,0.0,0.0,0.0,0.0,0.0,0.0,0.0,0.0,2.0,2.0,2.0,4.299446707757626,0.0,,3.0,1.3862943611198906,4.0,3.0,1.3862943611198906,1.0,1.0,6.0
NER,Niger,WCA,2007,46.7,47.3,55.0,17.8,15.4,,0.4198944924661087,413.419126261066,6.02446191192748,387.168065883301,5.95885887752627,315.37,7.726,16.2641887037781,0.5,9.3108172797856,2.021,77.785,,,,,20.96952438,15.43596479855549,0,1,0.6931471805599453,1.0,1,0.6931471805599453,1,0,3.0,0.0,0.0,0.0,0.0,0.0,0.0,0.0,0.0,0.0,0.0,0.0,0.0,0.0,0.0,0.0,0.0,0.0,0.0,0.0,0.0,0.0,2.0,2.0,2.0,32.88621719377636,4.299446707757626,,3.0,1.3862943611198906,4.0,3.0,1.3862943611198906,1.0,1.0,6.0
NER,Niger,WCA,2008,46.1,46.7,54.7,17.7,15.8,,0.40229626448957695,429.195542798877,6.06191262579786,475.044955398162,6.16340944249978,351.76,7.702,16.2586706998252,0.4,9.70763488348427,1.584,78.176,,,,,24.86141586,26.77959058412752,0,3,1.3862943611198906,4.0,3,1.3862943611198906,1,1,6.0,1.0,0.0,0.0,0.6931471805599453,0.0,0.0,1.0,0.0,0.0,1.0,0.0,0.0,0.6931471805599453,0.0,0.0,1.0,0.0,0.0,0.0,0.0,0.0,3.0,2.0,2.0,28.983084569952624,32.88621719377636,0.0,3.0,1.3862943611198906,4.0,3.0,1.3862943611198906,1.0,1.0,6.0
NER,Niger,WCA,2009,45.5,46.1,54.4,17.6,16.3,,0.3864247485481689,421.650901333136,6.044177723651797,461.131533961487,6.133683325426616,377.45,7.679,16.2511180003032,0.4,10.1032794598234,1.208,78.511,,,,,24.54927635,41.93136760193411,0,3,1.3862943611198906,4.0,3,1.3862943611198906,1,1,6.0,1.0,1.0,0.0,0.6931471805599453,0.6931471805599453,0.0,1.0,1.0,0.0,1.0,1.0,0.0,0.6931471805599453,0.6931471805599453,0.0,1.0,1.0,0.0,0.0,0.0,0.0,3.0,3.0,2.0,15.43596479855549,28.983084569952624,4.299446707757626,4.0,1.6094379124341005,9.0,4.0,1.6094379124341005,1.0,1.0,10.0
NER,Niger,WCA,2010,44.9,45.5,54.2,17.5,16.7,,0.37121609796058086,441.079166112039,6.089224374329243,474.425692340831,6.162105003765174,410.05,7.64,16.2416301279116,0.4,10.4974697713474,0.718,78.928,,,,,23.47736168,65.33691878699366,0,3,1.3862943611198906,4.0,3,1.3862943611198906,1,1,6.0,3.0,1.0,0.0,1.3862943611198906,0.6931471805599453,0.0,4.0,1.0,0.0,3.0,1.0,0.0,1.3862943611198906,0.6931471805599453,0.0,1.0,1.0,0.0,1.0,0.0,0.0,6.0,3.0,2.0,26.77959058412752,15.43596479855549,32.88621719377636,5.0,1.791759469228055,9.0,5.0,1.791759469228055,1.0,1.0,10.0
NER,Niger,WCA,2011,44.6,44.9,54.2,17.5,17.0,,0.3697889990228401,434.986264873953,6.075314455587776,510.75956176268,6.235898954545853,424.02,7.592,16.2303066053496,0.3,10.8898889805879,0.316,79.265,,,,,24.84123039,57.03429599115096,0,3,1.3862943611198906,4.0,3,1.3862943611198906,1,1,6.0,3.0,3.0,1.0,1.3862943611198906,1.3862943611198906,0.6931471805599453,4.0,4.0,1.0,3.0,3.0,1.0,1.3862943611198906,1.3862943611198906,0.6931471805599453,1.0,1.0,1.0,1.0,1.0,0.0,6.0,6.0,3.0,41.93136760193411,26.77959058412752,28.983084569952624,5.0,1.791759469228055,11.0,5.0,1.791759469228055,1.0,1.0,12.0
NER,Niger,WCA,2012,44.4,44.6,54.3,17.4,17.4,,0.3705587273262333,463.066265496402,6.137870165867721,528.510104469655,6.270061924275405,427.97,7.527,16.2141284004355,0.3,11.2811585980416,2.177,75.959,,,,0.44,22.71487427,66.87699694393783,1,4,1.6094379124341005,9.0,4,1.6094379124341005,1,1,10.0,3.0,3.0,1.0,1.3862943611198906,1.3862943611198906,0.6931471805599453,4.0,4.0,1.0,3.0,3.0,1.0,1.3862943611198906,1.3862943611198906,0.6931471805599453,1.0,1.0,1.0,1.0,1.0,0.0,6.0,6.0,3.0,65.33691878699366,41.93136760193411,15.43596479855549,5.0,1.791759469228055,11.0,5.0,1.791759469228055,1.0,1.0,13.0
NER,Niger,WCA,2013,44.3,44.4,54.3,17.5,17.7,,0.37765832561453844,469.690214200878,6.152073358668328,552.103334363117,6.3137352286905575,416.72,7.445,16.2162595696064,0.3,11.6709689397012,1.401,74.606,,,,0.32,24.61338997,79.6465126802507,0,5,1.791759469228055,9.0,5,1.791759469228055,1,1,10.0,3.0,3.0,3.0,1.3862943611198906,1.3862943611198906,1.3862943611198906,4.0,4.0,4.0,3.0,3.0,3.0,1.3862943611198906,1.3862943611198906,1.3862943611198906,1.0,1.0,1.0,1.0,1.0,1.0,6.0,6.0,6.0,57.03429599115096,65.33691878699366,26.77959058412752,4.0,1.6094379124341005,9.0,8.0,2.1972245773362196,1.0,1.0,11.0
NER,Niger,WCA,2014,44.3,44.3,54.4,17.5,18.0,,0.38522803910885395,482.74524741946,6.179489076453245,565.30989731175,6.33737407159759,410.12,7.342,16.2450424611665,0.3,12.0644714438851,0.524,73.18,,,,0.29,25.09494019,50.323182602946034,0,5,1.791759469228055,11.0,5,1.791759469228055,1,1,12.0,4.0,3.0,3.0,1.6094379124341005,1.3862943611198906,1.3862943611198906,9.0,4.0,4.0,4.0,3.0,3.0,1.6094379124341005,1.3862943611198906,1.3862943611198906,1.0,1.0,1.0,1.0,1.0,1.0,10.0,6.0,6.0,66.87699694393783,57.03429599115096,41.93136760193411,4.0,1.6094379124341005,9.0,8.0,2.1972245773362196,1.0,1.0,13.0
NER,Niger,WCA,2015,44.3,44.3,54.5,17.7,18.3,,0.4010415003311114,485.662574175279,6.185514090947897,485.662574175279,6.185514090947897,404.9,7.215,16.3035606587493,0.3,12.4627973884211,0.556,72.935,,,,0.26,25.96905327,47.36,0,5,1.791759469228055,11.0,5,1.791759469228055,1,1,13.0,5.0,4.0,3.0,1.791759469228055,1.6094379124341005,1.3862943611198906,9.0,9.0,4.0,5.0,4.0,3.0,1.791759469228055,1.6094379124341005,1.3862943611198906,1.0,1.0,1.0,1.0,1.0,1.0,10.0,10.0,6.0,79.6465126802507,66.87699694393783,65.33691878699366,4.0,1.6094379124341005,9.0,4.0,1.6094379124341005,1.0,1.0,13.0
NER,Niger,WCA,2016,44.5,44.3,54.7,17.8,18.6,,0.4195274884404168,488.184823801581,6.190694071448602,499.910520068193,6.214429122543351,389.33,7.043,16.3898280543236,0.2,12.8657160959019,0.55,72.716,,,,0.3,22.68474007,0.0,0,4,1.6094379124341005,9.0,8,2.1972245773362196,1,1,11.0,5.0,5.0,3.0,1.791759469228055,1.791759469228055,1.3862943611198906,11.0,9.0,4.0,5.0,5.0,3.0,1.791759469228055,1.791759469228055,1.3862943611198906,1.0,1.0,1.0,1.0,1.0,1.0,12.0,10.0,6.0,50.323182602946034,79.6465126802507,57.03429599115096,4.0,1.6094379124341005,8.0,4.0,1.6094379124341005,1.0,1.0,13.0
NER,Niger,WCA,2017,44.7,44.5,54.9,17.9,19.0,,0.43974018858484604,497.172608329608,6.208937266263771,529.929418934868,6.27274382585701,367.77,6.874,16.5036987906896,0.2,13.2744201872419,0.556,72.487,10.0,0.3999999999999986,86.5,0.18,29.09627533,80.52278986880236,0,4,1.6094379124341005,9.0,8,2.1972245773362196,1,1,13.0,5.0,5.0,4.0,1.791759469228055,1.791759469228055,1.6094379124341005,11.0,11.0,9.0,5.0,5.0,4.0,1.791759469228055,1.791759469228055,1.6094379124341005,1.0,1.0,1.0,1.0,1.0,1.0,13.0,12.0,10.0,47.36,50.323182602946034,66.87699694393783,4.0,1.6094379124341005,8.0,4.0,1.6094379124341005,1.0,1.0,13.0
NER,Niger,WCA,2018,44.9,44.7,55.1,18.1,19.3,,0.46234805055812234,513.423699765289,6.241101429750416,576.927536415462,6.357716671819791,349.75,6.706,16.6449011799221,0.2,13.6886629942744,0.536,72.277,9.7,0.3000000000000007,84.6,0.24,30.61364555,60.61038569740713,0,4,1.6094379124341005,9.0,4,1.6094379124341005,1,1,13.0,4.0,5.0,5.0,1.6094379124341005,1.791759469228055,1.791759469228055,9.0,11.0,9.0,8.0,5.0,5.0,2.1972245773362196,1.791759469228055,1.791759469228055,1.0,1.0,1.0,1.0,1.0,1.0,11.0,13.0,10.0,0.0,47.36,79.6465126802507,4.0,1.6094379124341005,8.0,4.0,1.6094379124341005,1.0,1.0,13.0
NER,Niger,WCA,2019,45.2,44.9,55.2,18.3,19.6,,0.48476874682349247,526.60361746086,6.266448116504737,541.265819870273,6.293910507287292,332.56,6.537,16.813146499685,0.2,14.10969749241,0.531,72.053,9.2,0.5,84.2,0.29,31.89424324,54.1933627451326,0,4,1.6094379124341005,8.0,4,1.6094379124341005,1,1,13.0,4.0,4.0,5.0,1.6094379124341005,1.6094379124341005,1.791759469228055,9.0,9.0,11.0,8.0,8.0,5.0,2.1972245773362196,2.1972245773362196,1.791759469228055,1.0,1.0,1.0,1.0,1.0,1.0,13.0,11.0,12.0,80.52278986880236,0.0,50.323182602946034,3.0,1.3862943611198906,7.0,3.0,1.3862943611198906,1.0,1.0,9.0
NER,Niger,WCA,2020,45.5,45.2,55.3,18.4,20.0,,0.5047942812600152,532.208221196997,6.277034805994733,575.451340306915,6.355154672557526,330.78,6.369,17.0081420003794,0.2,14.5380631441061,0.591,73.707,8.3,0.5999999999999996,85.4,0.28,35.75537109,,0,4,1.6094379124341005,8.0,4,1.6094379124341005,1,1,13.0,4.0,4.0,5.0,1.6094379124341005,1.6094379124341005,1.791759469228055,9.0,9.0,11.0,4.0,8.0,5.0,1.6094379124341005,2.1972245773362196,1.791759469228055,1.0,1.0,1.0,1.0,1.0,1.0,13.0,13.0,13.0,60.61038569740713,80.52278986880236,47.36,3.0,1.3862943611198906,7.0,3.0,1.3862943611198906,1.0,1.0,9.0
NER,Niger,WCA,2021,45.9,45.5,55.4,18.6,20.3,,0.5294173892064229,520.912751008043,6.255582563253701,609.585703670137,6.4127795521127515,304.18,6.2,17.2295936666686,0.2,14.973899415173,0.806,75.899,7.7,0.5,87.6,,35.39406204,,0,4,1.6094379124341005,8.0,4,1.6094379124341005,1,1,13.0,4.0,4.0,4.0,1.6094379124341005,1.6094379124341005,1.6094379124341005,8.0,9.0,9.0,4.0,4.0,8.0,1.6094379124341005,1.6094379124341005,2.1972245773362196,1.0,1.0,1.0,1.0,1.0,1.0,13.0,13.0,11.0,54.1933627451326,60.61038569740713,0.0,3.0,1.3862943611198906,7.0,3.0,1.3862943611198906,1.0,1.0,9.0
NER,Niger,WCA,2022,46.5,45.9,55.7,18.8,20.7,,0.5649511873279172,565.873385794358,6.338370353168635,613.614736429298,6.419367266109669,305.14,6.135,17.477207007512,0.2,15.4185833482363,0.403,79.291,7.5,0.2999999999999998,86.9,,26.50681686,,0,3,1.3862943611198906,7.0,3,1.3862943611198906,1,1,9.0,4.0,4.0,4.0,1.6094379124341005,1.6094379124341005,1.6094379124341005,8.0,8.0,9.0,4.0,4.0,8.0,1.6094379124341005,1.6094379124341005,2.1972245773362196,1.0,1.0,1.0,1.0,1.0,1.0,13.0,13.0,13.0,,54.1933627451326,80.52278986880236,3.0,1.3862943611198906,7.0,3.0,1.3862943611198906,1.0,1.0,9.0
NER,Niger,WCA,2023,47.1,46.5,55.9,,,,,561.960694711722,6.331431909212529,647.930108509567,6.473782833296942,305.14,6.061,17.7506873295237,0.2,15.8722896113192,0.407,79.236,7.6,0.0,87.5,,26.01301575,,0,3,1.3862943611198906,7.0,3,1.3862943611198906,1,1,9.0,4.0,4.0,4.0,1.6094379124341005,1.6094379124341005,1.6094379124341005,8.0,8.0,9.0,4.0,4.0,4.0,1.6094379124341005,1.6094379124341005,1.6094379124341005,1.0,1.0,1.0,1.0,1.0,1.0,13.0,13.0,13.0,,,60.61038569740713,,,,,,,,
NER,Niger,WCA,2024,,47.1,,,,,,589.085643279512,6.378571577630626,729.856664168989,6.592848164409723,305.14,5.935,18.0497398450803,0.2,16.336047650863,0.376,79.262,7.4,-0.20000000000000018,86.7,,,,0,3,1.3862943611198906,7.0,3,1.3862943611198906,1,1,9.0,3.0,4.0,4.0,1.3862943611198906,1.6094379124341005,1.6094379124341005,7.0,8.0,8.0,3.0,4.0,4.0,1.3862943611198906,1.6094379124341005,1.6094379124341005,1.0,1.0,1.0,1.0,1.0,1.0,9.0,13.0,13.0,,,54.1933627451326,,,,,,,,
NER,Niger,WCA,2025,,,,,,,,610.375535148154,6.414074399134508,775.353622143879,6.653319211923518,,,18.3740697195469,,,0.394,79.427,,,85.8,,,,0,3,1.3862943611198906,7.0,3,1.3862943611198906,1,1,9.0,3.0,3.0,4.0,1.3862943611198906,1.3862943611198906,1.6094379124341005,7.0,7.0,8.0,3.0,3.0,4.0,1.3862943611198906,1.3862943611198906,1.6094379124341005,1.0,1.0,1.0,1.0,1.0,1.0,9.0,9.0,13.0,,,,,,,,,,,
NGA,Nigeria,WCA,2000,50.3,,55.2,12.5,22.3,,0.4046442833944415,1421.67987952016,7.259594465132531,547.318298903379,6.305030532459163,401.79,6.124,43.2785051250243,2.2,27.9946368630353,3.953,80.075,,,,,17.15887642,,0,0,0.0,2.0,0,0.0,0,1,8.0,,,,,,,,,,,,,,,,,,,,,,,,,,,,0.0,0.0,2.0,0.0,0.0,0.0,1.0,8.0
NGA,Nigeria,WCA,2001,49.9,50.3,54.9,12.3,23.1,,0.3942358530565095,1465.45720342369,7.289922557011261,566.428231812933,6.339350385439818,394.49,6.128,44.1262421418539,2.2,28.0339074690086,3.9,79.938,,,,,17.96053314,,0,0,0.0,2.0,0,0.0,0,1,8.0,,,,,,,,,,,,,,,,,,,,,,,,,,,,1.0,0.6931471805599453,3.0,1.0,0.6931471805599453,1.0,1.0,9.0
NGA,Nigeria,WCA,2002,49.5,49.9,54.6,12.1,23.9,,0.38382742271857767,1644.39518877708,7.405127929196699,712.164852077686,6.568309418429133,381.75,6.116,44.9793025536893,2.2,28.6863485385753,3.669,79.898,,,,,17.53752899,,0,0,0.0,2.0,0,0.0,0,1,8.0,0.0,,,0.0,,,2.0,,,0.0,,,0.0,,,0.0,,,1.0,,,8.0,,,,,,2.0,1.0986122886681098,5.0,2.0,1.0986122886681098,1.0,1.0,14.0
NGA,Nigeria,WCA,2003,49.1,49.5,54.2,11.8,24.8,,0.36863425316285514,1717.21451111739,7.448458786767408,763.388745367223,6.637767397429625,382.09,6.1,45.8372080921761,2.2,29.3592592810807,3.637,79.665,,,,,37.91439438,2.365815253158108,0,0,0.0,2.0,0,0.0,0,1,8.0,0.0,0.0,,0.0,0.0,,2.0,2.0,,0.0,0.0,,0.0,0.0,,0.0,0.0,,1.0,1.0,,8.0,8.0,,,,,2.0,1.0986122886681098,5.0,2.0,1.0986122886681098,1.0,1.0,14.0
NGA,Nigeria,WCA,2004,48.7,49.1,53.8,11.6,25.6,,0.35583624543597925,1824.80269456838,7.509227147606736,962.48104194733,6.869514369289859,390.12,6.09,46.6994804889599,2.2,30.053264298702,3.59,79.476,,,,0.5,42.81798172,2.4082409354381693,0,1,0.6931471805599453,3.0,1,0.6931471805599453,1,1,9.0,0.0,0.0,,0.0,0.0,,2.0,2.0,,0.0,0.0,,0.0,0.0,,0.0,0.0,,1.0,1.0,,8.0,8.0,,,,,2.0,1.0986122886681098,5.0,2.0,1.0986122886681098,1.0,1.0,15.0
NGA,Nigeria,WCA,2005,48.2,48.7,53.3,11.3,26.3,,0.33259766274002756,1889.25175325842,7.543936131918618,1211.37703504386,7.099513036998704,395.9,6.063,47.5656414756863,2.1,30.7689136757313,3.727,79.109,,,,,52.24337006,2.47677316926195,0,2,1.0986122886681098,5.0,2,1.0986122886681098,1,1,14.0,0.0,0.0,0.0,0.0,0.0,0.0,2.0,2.0,2.0,0.0,0.0,0.0,0.0,0.0,0.0,0.0,0.0,0.0,1.0,1.0,1.0,8.0,8.0,8.0,2.365815253158108,,,2.0,1.0986122886681098,6.0,4.0,1.6094379124341005,1.0,1.0,16.0
NGA,Nigeria,WCA,2006,47.7,48.2,52.8,11.1,27.1,,0.3152076659431705,1949.15856804582,7.5751530548670925,1599.53891556365,7.37747068892396,398.57,6.053,48.424271994461,2.1,31.5068491941473,3.749,78.89,,,,,63.63072205,2.385065601174931,0,2,1.0986122886681098,5.0,2,1.0986122886681098,1,1,14.0,1.0,0.0,0.0,0.6931471805599453,0.0,0.0,3.0,2.0,2.0,1.0,0.0,0.0,0.6931471805599453,0.0,0.0,1.0,0.0,0.0,1.0,1.0,1.0,9.0,8.0,8.0,2.4082409354381693,2.365815253158108,,2.0,1.0986122886681098,7.0,7.0,2.0794415416798357,1.0,1.0,16.0
NGA,Nigeria,WCA,2007,47.1,47.7,52.3,10.8,27.8,,0.28976667156618113,2020.83316299437,7.6112651622861796,1815.52697545827,7.504131049162221,400.61,6.027,49.2357987173198,2.0,32.2676921129548,3.794,78.694,,,,,66.90659332,2.383265002433939,0,2,1.0986122886681098,5.0,2,1.0986122886681098,1,1,15.0,2.0,1.0,0.0,1.0986122886681098,0.6931471805599453,0.0,5.0,3.0,2.0,2.0,1.0,0.0,1.0986122886681098,0.6931471805599453,0.0,1.0,1.0,0.0,1.0,1.0,1.0,14.0,9.0,8.0,2.47677316926195,2.4082409354381693,,3.0,1.3862943611198906,8.0,8.0,2.1972245773362196,1.0,1.0,18.0
NGA,Nigeria,WCA,2008,46.4,47.1,51.7,10.6,28.5,,0.26385556198318133,2098.2833922073,7.648874857149329,2154.10543545364,7.6751308051969565,402.01,6.024,50.0505212312351,2.0,33.0520750926105,3.792,78.514,,,,,77.45053101,2.6535946568133157,0,2,1.0986122886681098,6.0,4,1.6094379124341005,1,1,16.0,2.0,2.0,0.0,1.0986122886681098,1.0986122886681098,0.0,5.0,5.0,2.0,2.0,2.0,0.0,1.0986122886681098,1.0986122886681098,0.0,1.0,1.0,0.0,1.0,1.0,1.0,14.0,14.0,8.0,2.385065601174931,2.47677316926195,2.365815253158108,3.0,1.3862943611198906,9.0,5.0,1.791759469228055,1.0,1.0,18.0
NGA,Nigeria,WCA,2009,45.6,46.4,51.2,10.4,29.2,,0.2381316181080878,2204.60725603823,7.698304656841149,1820.48633854782,7.506858963356526,389.96,5.993,50.86453484762,2.0,33.8602860424374,3.763,78.45,,,,,65.71811676,3.1790001113307347,0,2,1.0986122886681098,7.0,7,2.0794415416798357,1,1,16.0,2.0,2.0,1.0,1.0986122886681098,1.0986122886681098,0.6931471805599453,5.0,5.0,3.0,2.0,2.0,1.0,1.0986122886681098,1.0986122886681098,0.6931471805599453,1.0,1.0,1.0,1.0,1.0,1.0,15.0,14.0,9.0,2.383265002433939,2.385065601174931,2.4082409354381693,3.0,1.3862943611198906,8.0,5.0,1.791759469228055,1.0,1.0,18.0
NGA,Nigeria,WCA,2010,44.9,45.6,50.6,10.2,29.8,,0.21049379648996397,2315.46676509642,7.747366572588008,2202.25672957344,7.697237899757034,363.36,5.948,51.6778188255446,2.0,34.6931346813428,3.744,78.239,,,,,73.008255,7.917821019021614,0,3,1.3862943611198906,8.0,8,2.1972245773362196,1,1,18.0,2.0,2.0,2.0,1.0986122886681098,1.0986122886681098,1.0986122886681098,6.0,5.0,5.0,4.0,2.0,2.0,1.6094379124341005,1.0986122886681098,1.0986122886681098,1.0,1.0,1.0,1.0,1.0,1.0,16.0,15.0,14.0,2.6535946568133157,2.383265002433939,2.47677316926195,3.0,1.3862943611198906,8.0,5.0,1.791759469228055,1.0,1.0,19.0
NGA,Nigeria,WCA,2011,44.2,44.9,50.1,10.1,30.4,,0.189367426124755,2370.97657091881,7.771057204497734,2418.41316975875,7.79086688909992,339.51,5.893,52.490352424079,1.9,35.5499413895312,3.77,78.061,,,,,80.2377243,13.899039159394844,0,3,1.3862943611198906,9.0,5,1.791759469228055,1,1,18.0,2.0,2.0,2.0,1.0986122886681098,1.0986122886681098,1.0986122886681098,7.0,6.0,5.0,7.0,4.0,2.0,2.0794415416798357,1.6094379124341005,1.0986122886681098,1.0,1.0,1.0,1.0,1.0,1.0,16.0,16.0,14.0,3.1790001113307347,2.6535946568133157,2.385065601174931,4.0,1.6094379124341005,10.0,6.0,1.9459101490553132,1.0,1.0,21.0
NGA,Nigeria,WCA,2012,43.5,44.2,49.6,9.9,30.9,,0.16239246986045106,2403.65387896987,7.784745308155398,2633.19734671361,7.875954107965085,316.22,5.797,53.302114902293,1.9,36.4309338253294,3.761,78.007,,,,,87.89523315,11.392514764140724,0,3,1.3862943611198906,8.0,5,1.791759469228055,1,1,18.0,3.0,2.0,2.0,1.3862943611198906,1.0986122886681098,1.0986122886681098,8.0,7.0,5.0,8.0,7.0,2.0,2.1972245773362196,2.0794415416798357,1.0986122886681098,1.0,1.0,1.0,1.0,1.0,1.0,18.0,16.0,15.0,7.917821019021614,3.1790001113307347,2.383265002433939,6.0,1.9459101490553132,14.0,8.0,2.1972245773362196,1.0,1.0,23.0
NGA,Nigeria,WCA,2013,42.9,43.5,49.1,9.8,31.5,,0.14346851117627957,2495.34106573862,7.822180698537905,2872.79083379398,7.963039252219641,297.83,5.694,54.1130855192568,1.8,37.3360751927047,3.711,77.844,,,,,97.29588318,17.61824760003306,0,3,1.3862943611198906,8.0,5,1.791759469228055,1,1,19.0,3.0,3.0,2.0,1.3862943611198906,1.3862943611198906,1.0986122886681098,9.0,8.0,6.0,5.0,8.0,4.0,1.791759469228055,2.1972245773362196,1.6094379124341005,1.0,1.0,1.0,1.0,1.0,1.0,18.0,18.0,16.0,13.899039159394844,7.917821019021614,2.6535946568133157,6.0,1.9459101490553132,13.0,8.0,2.1972245773362196,1.0,1.0,22.0
NGA,Nigeria,WCA,2014,42.3,42.9,48.7,9.8,32.1,,0.13105600374502274,2583.61556958171,7.856945080452944,3088.72131316169,8.035512469736158,287.7,5.622,54.9232435340404,1.8,38.2655103767243,3.9,77.615,,,,,102.39888763,52.667295871409905,0,4,1.6094379124341005,10.0,6,1.9459101490553132,1,1,21.0,3.0,3.0,2.0,1.3862943611198906,1.3862943611198906,1.0986122886681098,8.0,9.0,7.0,5.0,5.0,7.0,1.791759469228055,1.791759469228055,2.0794415416798357,1.0,1.0,1.0,1.0,1.0,1.0,18.0,18.0,16.0,11.392514764140724,13.899039159394844,3.1790001113307347,6.0,1.9459101490553132,13.0,8.0,2.1972245773362196,1.0,1.0,22.0
NGA,Nigeria,WCA,2015,41.8,42.3,48.3,9.7,32.7,,0.1167240341308324,2585.73360671797,7.857764540382057,2585.73360671797,7.857764540382057,283.81,5.503,55.7325682057138,1.7,39.2193808312227,4.134,77.453,11.0,-2.0999999999999996,,,92.91207123,43.29,0,6,1.9459101490553132,14.0,8,2.1972245773362196,1,1,23.0,3.0,3.0,3.0,1.3862943611198906,1.3862943611198906,1.3862943611198906,8.0,8.0,8.0,5.0,5.0,8.0,1.791759469228055,1.791759469228055,2.1972245773362196,1.0,1.0,1.0,1.0,1.0,1.0,19.0,18.0,18.0,17.61824760003306,11.392514764140724,7.917821019021614,6.0,1.9459101490553132,11.0,6.0,1.9459101490553132,1.0,1.0,21.0
NGA,Nigeria,WCA,2016,41.2,41.8,47.9,9.7,33.3,,0.10431152669957561,2481.81490350403,7.816745387441366,2070.4127339595,7.635503254770424,284.83,5.343,56.541038793347,1.7,40.1973286058844,4.499,77.206,12.3,-3.200000000000001,,,75.52328491,56.85913718740149,0,6,1.9459101490553132,13.0,8,2.1972245773362196,1,1,22.0,4.0,3.0,3.0,1.6094379124341005,1.3862943611198906,1.3862943611198906,10.0,8.0,9.0,6.0,5.0,5.0,1.9459101490553132,1.791759469228055,1.791759469228055,1.0,1.0,1.0,1.0,1.0,1.0,21.0,19.0,18.0,52.667295871409905,17.61824760003306,13.899039159394844,7.0,2.0794415416798357,15.0,7.0,2.0794415416798357,1.0,1.0,25.0
NGA,Nigeria,WCA,2017,40.7,41.2,47.4,9.7,33.9,,0.09171185356041259,2441.71236404537,7.800454860692004,1876.34027111773,7.53707849431141,288.98,5.182,57.3486345560101,1.6,41.1997192224782,4.83,76.982,13.6,-2.1999999999999993,68.6,,70.31814575,64.5620183929844,0,6,1.9459101490553132,13.0,8,2.1972245773362196,1,1,22.0,6.0,4.0,3.0,1.9459101490553132,1.6094379124341005,1.3862943611198906,14.0,10.0,8.0,8.0,6.0,5.0,2.1972245773362196,1.9459101490553132,1.791759469228055,1.0,1.0,1.0,1.0,1.0,1.0,23.0,21.0,18.0,43.29,52.667295871409905,11.392514764140724,5.0,1.791759469228055,13.0,5.0,1.791759469228055,1.0,1.0,24.0
NGA,Nigeria,WCA,2018,40.1,40.7,47.0,9.6,34.6,,0.07690418430030883,2431.77857832597,7.796378193844972,2057.87944554011,7.629431336223453,291.07,5.021,58.1553347527729,1.6,42.2262627362671,5.069,76.851,15.1,-0.5,69.5,,63.60244751,75.73124561027447,1,6,1.9459101490553132,11.0,6,1.9459101490553132,1,1,21.0,6.0,6.0,3.0,1.9459101490553132,1.9459101490553132,1.3862943611198906,13.0,14.0,8.0,8.0,8.0,5.0,2.1972245773362196,2.1972245773362196,1.791759469228055,1.0,1.0,1.0,1.0,1.0,1.0,22.0,23.0,19.0,56.85913718740149,43.29,17.61824760003306,9.0,2.302585092994046,17.0,9.0,2.302585092994046,1.0,1.0,28.0
NGA,Nigeria,WCA,2019,39.5,40.1,46.5,9.6,35.2,,0.06210209948010823,2431.53528475874,7.79627814125767,3189.81286496183,8.067717531036777,293.0,4.861,58.9611186427056,1.5,43.2767522763627,5.206,76.785,17.3,0.9000000000000021,70.1,,67.6254425,70.88137751399731,0,7,2.0794415416798357,15.0,7,2.0794415416798357,1,1,25.0,6.0,6.0,4.0,1.9459101490553132,1.9459101490553132,1.6094379124341005,13.0,13.0,10.0,8.0,8.0,6.0,2.1972245773362196,2.1972245773362196,1.9459101490553132,1.0,1.0,1.0,1.0,1.0,1.0,22.0,22.0,21.0,64.5620183929844,56.85913718740149,52.667295871409905,9.0,2.302585092994046,17.0,9.0,2.302585092994046,1.0,1.0,28.0
NGA,Nigeria,WCA,2020,38.9,39.5,46.0,9.6,35.9,,0.04902672669503146,2228.68631426529,7.70916759412648,2797.184580679,7.936368683401748,304.37,4.7,59.7659654848781,1.4,44.3511472247714,5.714,74.782,19.8,0.5,75.8,,67.91384888,68.99716674964279,0,5,1.791759469228055,13.0,5,1.791759469228055,1,1,24.0,6.0,6.0,6.0,1.9459101490553132,1.9459101490553132,1.9459101490553132,11.0,13.0,14.0,6.0,8.0,8.0,1.9459101490553132,2.1972245773362196,2.1972245773362196,1.0,1.0,1.0,1.0,1.0,1.0,21.0,22.0,23.0,75.73124561027447,64.5620183929844,43.29,9.0,2.302585092994046,18.0,9.0,2.302585092994046,1.0,1.0,30.0
NGA,Nigeria,WCA,2021,38.4,38.9,45.5,9.6,36.6,,0.038153765590992386,2206.66406255564,7.699237180151511,2787.48779220991,7.932896036282519,299.27,4.636,60.5698545383604,1.4,45.4491559568794,5.404,75.812,21.3,0.5,78.5,,81.87322235,27.463003461269313,0,9,2.302585092994046,17.0,9,2.302585092994046,1,1,28.0,7.0,6.0,6.0,2.0794415416798357,1.9459101490553132,1.9459101490553132,15.0,11.0,13.0,7.0,6.0,8.0,2.0794415416798357,1.9459101490553132,2.1972245773362196,1.0,1.0,1.0,1.0,1.0,1.0,25.0,21.0,22.0,70.88137751399731,75.73124561027447,56.85913718740149,9.0,2.302585092994046,18.0,9.0,2.302585092994046,1.0,1.0,31.0
NGA,Nigeria,WCA,2022,38.1,38.4,45.2,9.6,37.3,,0.03646478262691598,2254.29080414598,7.720590703201436,2899.16047469267,7.97217648257853,299.0,4.552,61.3727650622225,1.3,46.5706755484283,3.827,78.158,22.6,0.0,79.7,,89.62958527,70.59,0,9,2.302585092994046,17.0,9,2.302585092994046,1,1,28.0,5.0,7.0,6.0,1.791759469228055,2.0794415416798357,1.9459101490553132,13.0,15.0,13.0,5.0,7.0,8.0,1.791759469228055,2.0794415416798357,2.1972245773362196,1.0,1.0,1.0,1.0,1.0,1.0,24.0,25.0,22.0,68.99716674964279,70.88137751399731,64.5620183929844,9.0,2.302585092994046,18.0,9.0,2.302585092994046,1.0,1.0,31.0
NGA,Nigeria,WCA,2023,37.9,38.1,45.0,,,,,2280.67777167162,7.732227946050053,2138.76383718757,7.667983294940036,299.0,4.482,62.1746763155343,1.2,47.7155813553496,3.074,80.021,24.3,0.1999999999999993,80.9,,66.82009125,63.32,0,9,2.302585092994046,18.0,9,2.302585092994046,1,1,30.0,9.0,5.0,6.0,2.302585092994046,1.791759469228055,1.9459101490553132,17.0,13.0,11.0,9.0,5.0,6.0,2.302585092994046,1.791759469228055,1.9459101490553132,1.0,1.0,1.0,1.0,1.0,1.0,28.0,24.0,21.0,27.463003461269313,68.99716674964279,75.73124561027447,,,,,,,,
NGA,Nigeria,WCA,2024,,37.9,,,,,,2324.59702394542,7.7513019799650555,1084.16041805058,6.988561158182107,294.25,4.382,62.9755675573659,1.2,47.9019370619136,3.045,80.053,26.4,0.5999999999999979,81.6,,,68.37,1,9,2.302585092994046,18.0,9,2.302585092994046,1,1,31.0,9.0,9.0,7.0,2.302585092994046,2.302585092994046,2.0794415416798357,17.0,17.0,15.0,9.0,9.0,7.0,2.302585092994046,2.302585092994046,2.0794415416798357,1.0,1.0,1.0,1.0,1.0,1.0,28.0,28.0,25.0,70.59,27.463003461269313,70.88137751399731,,,,,,,,
NGA,Nigeria,WCA,2025,,,,,,,,2368.53866265659,7.770028445919236,1224.25410237743,7.110087041507938,,,63.7754180467872,,,3.064,79.988,,,80.5,,,,0,9,2.302585092994046,18.0,9,2.302585092994046,1,1,31.0,9.0,9.0,5.0,2.302585092994046,2.302585092994046,1.791759469228055,18.0,17.0,13.0,9.0,9.0,5.0,2.302585092994046,2.302585092994046,1.791759469228055,1.0,1.0,1.0,1.0,1.0,1.0,30.0,28.0,24.0,63.32,70.59,68.99716674964279,,,,,,,,
RWA,Rwanda,ESA,2000,21.1,,29.8,8.4,12.8,9.1,-1.178447056019821,331.096659537835,5.802410355519628,251.86926386091,5.528910158688411,180.43,5.967,15.7804474645996,4.9,43.8876413678193,11.699,54.854,,,,,9.00399399,,0,0,0.0,0.0,0,0.0,0,0,1.0,,,,,,,,,,,,,,,,,,,,,,,,,,,,0.0,0.0,0.0,0.0,0.0,0.0,0.0,2.0
RWA,Rwanda,ESA,2001,20.2,21.1,28.9,8.4,13.2,9.0,-1.2128681095091574,356.017640545099,5.874980281717341,237.308846200901,5.469362441301045,171.34,5.893,16.5487399668155,4.8,45.6902028796929,11.732,54.535,,,,,7.86746025,,0,0,0.0,0.0,0,0.0,0,0,2.0,,,,,,,,,,,,,,,,,,,,,,,,,,,,0.0,0.0,0.0,0.0,0.0,0.0,0.0,2.0
RWA,Rwanda,ESA,2002,19.4,20.2,28.0,8.3,13.6,9.0,-1.2492086251814267,397.558649363458,5.9853424687790575,234.043016755733,5.455504930752074,156.99,5.816,16.8778847116752,4.6,47.4611936352188,11.432,54.494,,,,,7.32393837,,0,0,0.0,0.0,0,0.0,0,0,2.0,0.0,,,0.0,,,0.0,,,0.0,,,0.0,,,0.0,,,0.0,,,1.0,,,,,,2.0,1.0986122886681098,2.0,2.0,1.0986122886681098,1.0,1.0,5.0
RWA,Rwanda,ESA,2003,18.6,19.4,27.2,8.2,14.1,9.0,-1.2814328514296287,397.480382602602,5.985145580933399,249.012274982252,5.517502192367123,139.22,5.737,16.8947432312369,4.4,49.0827278042719,11.658,54.209,,,,,17.25927353,0.0,0,0,0.0,0.0,0,0.0,0,0,2.0,0.0,0.0,,0.0,0.0,,0.0,0.0,,0.0,0.0,,0.0,0.0,,0.0,0.0,,0.0,0.0,,2.0,1.0,,,,,2.0,1.0986122886681098,2.0,2.0,1.0986122886681098,1.0,1.0,7.0
RWA,Rwanda,ESA,2004,17.9,18.6,26.4,8.1,14.6,8.9,-1.3114546659967927,415.943819000396,6.030550200661309,269.540446333402,5.5967184582474925,122.34,5.64,16.9020099536792,4.2,50.6829486597842,11.699,54.088,,,,,20.23413277,0.0,0,0,0.0,0.0,0,0.0,0,0,2.0,0.0,0.0,,0.0,0.0,,0.0,0.0,,0.0,0.0,,0.0,0.0,,0.0,0.0,,0.0,0.0,,2.0,2.0,,,,,3.0,1.3862943611198906,3.0,3.0,1.3862943611198906,1.0,1.0,8.0
RWA,Rwanda,ESA,2005,17.2,17.9,25.5,8.0,15.1,8.9,-1.343866057952901,443.00802474736,6.093587884434929,324.016863847189,5.780795563348909,152.06,5.5,16.9072114459454,4.1,52.2806585813749,11.842,53.938,,,,,25.02086639,0.0,1,2,1.0986122886681098,2.0,2,1.0986122886681098,1,1,5.0,0.0,0.0,0.0,0.0,0.0,0.0,0.0,0.0,0.0,0.0,0.0,0.0,0.0,0.0,0.0,0.0,0.0,0.0,0.0,0.0,0.0,2.0,2.0,1.0,0.0,,,4.0,1.6094379124341005,4.0,4.0,1.6094379124341005,1.0,1.0,11.0
RWA,Rwanda,ESA,2006,16.5,17.2,24.8,7.9,15.7,9.0,-1.3697715830959973,471.150850642442,6.155178320111057,352.093916578347,5.863897948472262,150.06,5.335,16.9110139245047,4.0,53.8759294452882,11.586,54.058,,,,,27.1564312,0.0,0,2,1.0986122886681098,2.0,2,1.0986122886681098,1,1,7.0,0.0,0.0,0.0,0.0,0.0,0.0,0.0,0.0,0.0,0.0,0.0,0.0,0.0,0.0,0.0,0.0,0.0,0.0,0.0,0.0,0.0,2.0,2.0,2.0,0.0,0.0,,4.0,1.6094379124341005,4.0,4.0,1.6094379124341005,1.0,1.0,12.0
RWA,Rwanda,ESA,2007,15.9,16.5,24.0,7.8,16.2,9.0,-1.3975909859821243,493.803359157317,6.202137379555655,420.733580702508,6.041999808429507,88.02,5.141,16.9140836058266,3.9,55.4685962150806,11.58,54.042,,,,,33.50738907,0.0,0,3,1.3862943611198906,3.0,3,1.3862943611198906,1,1,8.0,2.0,0.0,0.0,1.0986122886681098,0.0,0.0,2.0,0.0,0.0,2.0,0.0,0.0,1.0986122886681098,0.0,0.0,1.0,0.0,0.0,1.0,0.0,0.0,5.0,2.0,2.0,0.0,0.0,,4.0,1.6094379124341005,4.0,4.0,1.6094379124341005,1.0,1.0,12.0
RWA,Rwanda,ESA,2008,15.3,15.9,23.4,7.7,16.8,9.0,-1.4189045220552394,534.678298622161,6.281665255049434,522.288339420679,6.25821980974919,69.73,4.922,16.9170867063804,3.8,57.0587484402126,11.517,54.06,,,,0.6,39.94568634,99.94333029765028,1,4,1.6094379124341005,4.0,4,1.6094379124341005,1,1,11.0,2.0,2.0,0.0,1.0986122886681098,1.0986122886681098,0.0,2.0,2.0,0.0,2.0,2.0,0.0,1.0986122886681098,1.0986122886681098,0.0,1.0,1.0,0.0,1.0,1.0,0.0,7.0,5.0,2.0,0.0,0.0,0.0,4.0,1.6094379124341005,5.0,5.0,1.791759469228055,1.0,1.0,14.0
RWA,Rwanda,ESA,2009,14.8,15.3,22.9,7.6,17.4,9.1,-1.4356260690583733,553.621518556047,6.316481273772106,556.97399621739,6.322518553410896,153.74,4.707,16.9206894426355,3.7,58.6463993130751,11.625,53.959,,,,0.75,43.99641418,100.0,0,4,1.6094379124341005,4.0,4,1.6094379124341005,1,1,12.0,3.0,2.0,0.0,1.3862943611198906,1.0986122886681098,0.0,3.0,2.0,0.0,3.0,2.0,0.0,1.3862943611198906,1.0986122886681098,0.0,1.0,1.0,0.0,1.0,1.0,0.0,8.0,7.0,2.0,0.0,0.0,0.0,6.0,1.9459101490553132,8.0,7.0,2.0794415416798357,1.0,1.0,16.0
RWA,Rwanda,ESA,2010,14.4,14.8,22.5,7.5,18.1,9.2,-1.4460289149564023,579.419162804581,6.362026158320575,586.599950359877,6.374343071919885,104.65,4.522,16.9255580310614,3.7,60.2315011971765,11.637,53.899,,,,0.74,47.96871567,100.0,1,4,1.6094379124341005,4.0,4,1.6094379124341005,1,1,12.0,4.0,3.0,2.0,1.6094379124341005,1.3862943611198906,1.0986122886681098,4.0,3.0,2.0,4.0,3.0,2.0,1.6094379124341005,1.3862943611198906,1.0986122886681098,1.0,1.0,1.0,1.0,1.0,1.0,11.0,8.0,5.0,99.94333029765028,0.0,0.0,7.0,2.0794415416798357,9.0,8.0,2.1972245773362196,1.0,1.0,19.0
RWA,Rwanda,ESA,2011,14.2,14.4,22.3,7.4,18.7,9.3,-1.4489744947495922,610.376236415572,6.41407554804526,643.356138618166,6.466698441231808,36.94,4.332,16.9323586881273,3.6,61.8140834716847,11.756,53.765,,,,0.72,51.64939499,100.0,0,4,1.6094379124341005,5.0,5,1.791759469228055,1,1,14.0,4.0,4.0,2.0,1.6094379124341005,1.6094379124341005,1.0986122886681098,4.0,4.0,2.0,4.0,4.0,2.0,1.6094379124341005,1.6094379124341005,1.0986122886681098,1.0,1.0,1.0,1.0,1.0,1.0,12.0,11.0,7.0,100.0,99.94333029765028,0.0,7.0,2.0794415416798357,9.0,8.0,2.1972245773362196,1.0,1.0,19.0
RWA,Rwanda,ESA,2012,14.1,14.2,22.3,7.3,19.4,9.3,-1.4432117960487334,647.436613845487,6.47302089510687,697.760143509565,6.547875409766249,59.69,4.201,16.9410248882148,3.5,63.3941024387453,11.671,53.752,,,,0.71,57.26393127,92.5604975984342,0,6,1.9459101490553132,8.0,7,2.0794415416798357,1,1,16.0,4.0,4.0,3.0,1.6094379124341005,1.6094379124341005,1.3862943611198906,4.0,4.0,3.0,4.0,4.0,3.0,1.6094379124341005,1.6094379124341005,1.3862943611198906,1.0,1.0,1.0,1.0,1.0,1.0,12.0,12.0,8.0,100.0,100.0,0.0,7.0,2.0794415416798357,9.0,8.0,2.1972245773362196,1.0,1.0,21.0
RWA,Rwanda,ESA,2013,14.1,14.1,22.4,7.2,20.1,9.3,-1.432857108277893,661.893969452494,6.495105376118715,695.397140963607,6.5444831082101285,109.49,4.136,17.0742206053612,3.4,64.9716279211285,11.768,53.631,,,,0.77,47.75388718,91.81340411303891,0,7,2.0794415416798357,9.0,8,2.1972245773362196,1,1,19.0,4.0,4.0,4.0,1.6094379124341005,1.6094379124341005,1.6094379124341005,5.0,4.0,4.0,5.0,4.0,4.0,1.791759469228055,1.6094379124341005,1.6094379124341005,1.0,1.0,1.0,1.0,1.0,1.0,14.0,12.0,11.0,100.0,100.0,99.94333029765028,7.0,2.0794415416798357,9.0,7.0,2.0794415416798357,1.0,1.0,22.0
RWA,Rwanda,ESA,2014,14.2,14.1,22.5,7.1,20.9,9.3,-1.418573296790891,682.709499066795,6.526069438296669,715.36808783393,6.572797218385092,202.3,4.117,17.5020716539756,3.3,66.5451269597636,11.837,53.528,,,,0.71,50.63835144,100.0,0,7,2.0794415416798357,9.0,8,2.1972245773362196,1,1,19.0,6.0,4.0,4.0,1.9459101490553132,1.6094379124341005,1.6094379124341005,8.0,5.0,4.0,7.0,5.0,4.0,2.0794415416798357,1.791759469228055,1.6094379124341005,1.0,1.0,1.0,1.0,1.0,1.0,16.0,14.0,12.0,92.5604975984342,100.0,100.0,7.0,2.0794415416798357,9.0,7.0,2.0794415416798357,1.0,1.0,22.0
RWA,Rwanda,ESA,2015,14.3,14.2,22.6,7.0,21.7,9.4,-1.404289485303889,725.691418696952,6.58712488135122,725.691418696952,6.58712488135122,308.04,4.108,18.1953149858416,3.2,68.1134578237063,11.831,53.466,,,,0.74,48.81296921,98.58,1,7,2.0794415416798357,9.0,8,2.1972245773362196,1,1,21.0,7.0,6.0,4.0,2.0794415416798357,1.9459101490553132,1.6094379124341005,9.0,8.0,4.0,8.0,7.0,4.0,2.1972245773362196,2.0794415416798357,1.6094379124341005,1.0,1.0,1.0,1.0,1.0,1.0,19.0,16.0,12.0,91.81340411303891,92.5604975984342,100.0,8.0,2.1972245773362196,10.0,8.0,2.1972245773362196,1.0,1.0,23.0
RWA,Rwanda,ESA,2016,14.4,14.3,22.7,6.9,22.5,9.4,-1.3900056738168876,748.798132068173,6.618469430593194,721.258515833094,6.580997624800224,410.08,4.106,19.1213951786548,3.1,69.6758086260828,11.788,53.418,,,,0.73,43.54212189,100.0,0,7,2.0794415416798357,9.0,7,2.0794415416798357,1,1,22.0,7.0,7.0,4.0,2.0794415416798357,2.0794415416798357,1.6094379124341005,9.0,9.0,5.0,8.0,8.0,5.0,2.1972245773362196,2.1972245773362196,1.791759469228055,1.0,1.0,1.0,1.0,1.0,1.0,19.0,19.0,14.0,100.0,91.81340411303891,100.0,7.0,2.0794415416798357,11.0,7.0,2.0794415416798357,1.0,1.0,22.0
RWA,Rwanda,ESA,2017,14.4,14.4,22.8,6.8,23.4,9.4,-1.3761975619757991,765.845359390541,6.640980268668742,751.049039527547,6.621470948603684,711.44,4.084,20.2477568101111,3.0,71.2308954690674,11.875,53.281,,,81.6,0.72,40.76682663,98.95,0,7,2.0794415416798357,9.0,7,2.0794415416798357,1,1,22.0,7.0,7.0,6.0,2.0794415416798357,2.0794415416798357,1.9459101490553132,9.0,9.0,8.0,8.0,8.0,7.0,2.1972245773362196,2.1972245773362196,2.0794415416798357,1.0,1.0,1.0,1.0,1.0,1.0,21.0,19.0,16.0,98.58,100.0,92.5604975984342,8.0,2.1972245773362196,13.0,8.0,2.1972245773362196,1.0,1.0,24.0
RWA,Rwanda,ESA,2018,14.5,14.4,22.8,6.7,24.2,9.4,-1.364303327877741,808.704812752127,6.695433971304703,772.754982959354,6.649962029337413,477.57,4.047,21.5418444579064,2.9,72.7776126104957,10.759,53.882,,,77.7,0.73,42.11674881,98.95612958271302,0,8,2.1972245773362196,10.0,8,2.1972245773362196,1,1,23.0,7.0,7.0,7.0,2.0794415416798357,2.0794415416798357,2.0794415416798357,9.0,9.0,9.0,7.0,8.0,8.0,2.0794415416798357,2.1972245773362196,2.1972245773362196,1.0,1.0,1.0,1.0,1.0,1.0,22.0,21.0,19.0,100.0,98.58,91.81340411303891,7.0,2.0794415416798357,13.0,7.0,2.0794415416798357,1.0,1.0,24.0
RWA,Rwanda,ESA,2019,14.6,14.5,22.9,6.6,25.1,9.4,-1.348292804355615,863.872077583172,6.761424699489526,823.355304065304,6.713387825697432,385.35,3.985,22.9711026997362,2.7,74.3150494792337,11.236,51.883,,,75.1,0.73,39.81322098,99.7715153981974,1,7,2.0794415416798357,11.0,7,2.0794415416798357,1,1,22.0,7.0,7.0,7.0,2.0794415416798357,2.0794415416798357,2.0794415416798357,9.0,9.0,9.0,7.0,7.0,8.0,2.0794415416798357,2.0794415416798357,2.1972245773362196,1.0,1.0,1.0,1.0,1.0,1.0,22.0,22.0,19.0,98.95,100.0,100.0,7.0,2.0794415416798357,13.0,7.0,2.0794415416798357,1.0,1.0,24.0
RWA,Rwanda,ESA,2020,14.7,14.6,23.0,6.6,26.0,9.4,-1.3281604069695188,821.257133282758,6.710836255645735,802.638686936204,6.687904658684847,213.12,3.913,24.5029761132966,2.6,75.8419280137536,11.829,55.248,,,79.1,0.74,45.15266418,92.1513064740102,0,8,2.1972245773362196,13.0,8,2.1972245773362196,1,1,24.0,8.0,7.0,7.0,2.1972245773362196,2.0794415416798357,2.0794415416798357,10.0,9.0,9.0,8.0,7.0,8.0,2.1972245773362196,2.0794415416798357,2.1972245773362196,1.0,1.0,1.0,1.0,1.0,1.0,23.0,22.0,21.0,98.95612958271302,98.95,98.58,7.0,2.0794415416798357,13.0,7.0,2.0794415416798357,1.0,1.0,24.0
RWA,Rwanda,ESA,2021,15.0,14.7,23.2,6.5,26.9,,-1.305355482696374,871.041835304187,6.769690007047125,842.581492947672,6.736470385083039,118.74,3.841,26.1049092762833,2.4,77.3571126484404,15.775,49.017,,,74.6,0.74,51.64677429,88.66377317701838,0,7,2.0794415416798357,13.0,7,2.0794415416798357,1,1,24.0,7.0,8.0,7.0,2.0794415416798357,2.1972245773362196,2.0794415416798357,11.0,10.0,9.0,7.0,8.0,7.0,2.0794415416798357,2.1972245773362196,2.0794415416798357,1.0,1.0,1.0,1.0,1.0,1.0,22.0,23.0,22.0,99.7715153981974,98.95612958271302,100.0,8.0,2.1972245773362196,15.0,8.0,2.1972245773362196,1.0,1.0,26.0
RWA,Rwanda,ESA,2022,15.4,15.0,23.5,6.5,27.8,,-1.2738366954892772,935.89483254264,6.841503111770299,1007.05989322914,6.914790367840786,85.57,3.778,27.7806702737761,2.3,78.8594683891809,15.084,51.089,,,74.9,0.73,57.83102036,91.75,0,7,2.0794415416798357,13.0,7,2.0794415416798357,1,1,24.0,8.0,7.0,7.0,2.1972245773362196,2.0794415416798357,2.0794415416798357,13.0,11.0,9.0,8.0,7.0,7.0,2.1972245773362196,2.0794415416798357,2.0794415416798357,1.0,1.0,1.0,1.0,1.0,1.0,24.0,22.0,22.0,92.1513064740102,99.7715153981974,98.95,7.0,2.0794415416798357,14.0,7.0,2.0794415416798357,1.0,1.0,25.0
RWA,Rwanda,ESA,2023,16.1,15.4,23.9,,,,,993.911004643524,6.9016476700965095,1061.05788154076,6.9670216908873,53.64,3.698,28.8555310645477,2.2,80.3475631851087,12.352,55.8,,,76.8,0.75,52.65630722,99.97,0,7,2.0794415416798357,13.0,7,2.0794415416798357,1,1,24.0,7.0,8.0,8.0,2.0794415416798357,2.1972245773362196,2.1972245773362196,13.0,13.0,10.0,7.0,8.0,8.0,2.0794415416798357,2.1972245773362196,2.1972245773362196,1.0,1.0,1.0,1.0,1.0,1.0,24.0,24.0,23.0,88.66377317701838,92.1513064740102,98.95612958271302,,,,,,,,
RWA,Rwanda,ESA,2024,,16.1,,,,,,1043.15961499906,6.950009477807104,1059.93709298801,6.965964839107329,77.14,3.645,29.8849714294083,2.0,81.3307323783745,11.331,56.323,,,72.2,,,99.43,0,8,2.1972245773362196,15.0,8,2.1972245773362196,1,1,26.0,7.0,7.0,7.0,2.0794415416798357,2.0794415416798357,2.0794415416798357,13.0,13.0,11.0,7.0,7.0,7.0,2.0794415416798357,2.0794415416798357,2.0794415416798357,1.0,1.0,1.0,1.0,1.0,1.0,24.0,24.0,22.0,91.75,88.66377317701838,99.7715153981974,,,,,,,,
RWA,Rwanda,ESA,2025,,,,,,,,1116.46998633814,7.017927189000518,1123.73874633225,7.024416571348366,,,30.9133840928162,,,11.363,56.446,,,69.7,,,,0,7,2.0794415416798357,14.0,7,2.0794415416798357,1,1,25.0,7.0,7.0,8.0,2.0794415416798357,2.0794415416798357,2.1972245773362196,13.0,13.0,13.0,7.0,7.0,8.0,2.0794415416798357,2.0794415416798357,2.1972245773362196,1.0,1.0,1.0,1.0,1.0,1.0,24.0,24.0,24.0,99.97,91.75,92.1513064740102,,,,,,,,
SDN,Sudan,ESA,2000,37.2,,39.4,14.8,27.3,,-0.08028617364706592,1111.11865234375,7.013122581726306,362.116882324219,5.891967039060122,89.72,5.596,32.3435880462815,0.1,17.3575354903131,15.595,42.91,,,,0.81,13.99440289,,0,1,0.6931471805599453,1.0,1,0.6931471805599453,1,1,2.0,,,,,,,,,,,,,,,,,,,,,,,,,,,,1.0,0.6931471805599453,2.0,1.0,0.6931471805599453,1.0,1.0,3.0
SDN,Sudan,ESA,2001,36.6,37.2,39.0,14.8,28.0,,-0.09097196904319887,1150.17626953125,7.047670487464707,451.293304443359,6.112117470568143,83.54,5.562,32.3760415318304,0.1,17.374607093096,15.56,42.691,,,,0.74,15.18372345,,0,1,0.6931471805599453,1.0,1,0.6931471805599453,1,1,2.0,,,,,,,,,,,,,,,,,,,,,,,,,,,,1.0,0.6931471805599453,2.0,1.0,0.6931471805599453,1.0,1.0,3.0
SDN,Sudan,ESA,2002,36.1,36.6,38.7,14.8,28.8,,-0.09533906333422645,1185.21533203125,7.077679751855402,506.262634277344,6.227055574706561,65.5,5.531,32.4038820246832,0.1,17.3916786977486,15.514,42.473,,,,0.73,16.70709991,,0,1,0.6931471805599453,1.0,1,0.6931471805599453,1,1,2.0,1.0,,,0.6931471805599453,,,1.0,,,1.0,,,0.6931471805599453,,,1.0,,,1.0,,,2.0,,,,,,1.0,0.6931471805599453,2.0,1.0,0.6931471805599453,1.0,1.0,3.0
SDN,Sudan,ESA,2003,35.7,36.1,38.5,14.8,29.5,,-0.09684088059039675,1226.42077636719,7.111855268352782,580.320251464844,6.3635801088555,60.42,5.489,32.4271684741748,0.1,17.4087500196024,15.515,42.235,,,,0.73,22.58504868,,0,1,0.6931471805599453,2.0,1,0.6931471805599453,1,1,3.0,1.0,1.0,,0.6931471805599453,0.6931471805599453,,1.0,1.0,,1.0,1.0,,0.6931471805599453,0.6931471805599453,,1.0,1.0,,1.0,1.0,,2.0,2.0,,,,,1.0,0.6931471805599453,3.0,1.0,0.6931471805599453,1.0,1.0,4.0
SDN,Sudan,ESA,2004,35.4,35.7,38.2,14.8,30.2,,-0.09852986355447328,1255.67114257813,7.135425483587366,705.113342285156,6.558358559089089,54.28,5.455,32.4459598296403,0.1,17.4258224608883,15.538,41.981,,,,0.71,29.30404472,,0,1,0.6931471805599453,2.0,1,0.6931471805599453,1,1,3.0,1.0,1.0,,0.6931471805599453,0.6931471805599453,,1.0,1.0,,1.0,1.0,,0.6931471805599453,0.6931471805599453,,1.0,1.0,,1.0,1.0,,2.0,2.0,,,,,2.0,1.0986122886681098,4.0,2.0,1.0986122886681098,1.0,1.0,5.0
SDN,Sudan,ESA,2005,35.1,35.4,38.0,14.8,30.9,,-0.09782926912960602,1290.24438476563,7.162586924967926,905.543640136719,6.80853547068089,53.25,5.397,32.4603150404146,0.1,19.1365769047278,15.545,41.724,,,,0.72,37.07490158,,0,1,0.6931471805599453,2.0,1,0.6931471805599453,1,1,3.0,1.0,1.0,1.0,0.6931471805599453,0.6931471805599453,0.6931471805599453,2.0,1.0,1.0,1.0,1.0,1.0,0.6931471805599453,0.6931471805599453,0.6931471805599453,1.0,1.0,1.0,1.0,1.0,1.0,3.0,2.0,2.0,,,,3.0,1.3862943611198906,5.0,3.0,1.3862943611198906,1.0,1.0,6.0
SDN,Sudan,ESA,2006,34.7,35.1,37.7,14.9,31.6,,-0.097598789910749,1336.1240234375,7.197528181702272,1132.474609375,7.032160437127932,52.2,5.332,32.4702930558327,0.1,20.8471551509776,15.542,41.478,,,,0.73,55.32660294,2.1074466480276897,0,1,0.6931471805599453,3.0,1,0.6931471805599453,1,1,4.0,1.0,1.0,1.0,0.6931471805599453,0.6931471805599453,0.6931471805599453,2.0,2.0,1.0,1.0,1.0,1.0,0.6931471805599453,0.6931471805599453,0.6931471805599453,1.0,1.0,1.0,1.0,1.0,1.0,3.0,3.0,2.0,,,,4.0,1.6094379124341005,6.0,14.0,2.70805020110221,1.0,1.0,7.0
SDN,Sudan,ESA,2007,34.3,34.7,37.4,14.9,32.3,,-0.10149018455586334,1372.10961914063,7.224104702427029,1444.37219238281,7.275430037198325,45.08,5.27,32.4759528252296,0.1,22.8360801058185,15.534,41.228,,,,0.73,81.79016876,0.0,0,2,1.0986122886681098,4.0,2,1.0986122886681098,1,1,5.0,1.0,1.0,1.0,0.6931471805599453,0.6931471805599453,0.6931471805599453,2.0,2.0,1.0,1.0,1.0,1.0,0.6931471805599453,0.6931471805599453,0.6931471805599453,1.0,1.0,1.0,1.0,1.0,1.0,3.0,3.0,2.0,,,,4.0,1.6094379124341005,6.0,14.0,2.70805020110221,1.0,1.0,7.0
SDN,Sudan,ESA,2008,33.9,34.3,37.0,14.9,33.0,,-0.10777115658992101,1381.62561035156,7.231016063394568,1527.58239746094,7.331441632282182,37.18,5.212,32.4816230749746,0.1,24.8798414748603,15.566,40.919,,,,0.73,82.84276581,0.0576474695519574,0,3,1.3862943611198906,5.0,3,1.3862943611198906,1,1,6.0,1.0,1.0,1.0,0.6931471805599453,0.6931471805599453,0.6931471805599453,3.0,2.0,2.0,1.0,1.0,1.0,0.6931471805599453,0.6931471805599453,0.6931471805599453,1.0,1.0,1.0,1.0,1.0,1.0,4.0,3.0,3.0,2.1074466480276897,,,5.0,1.791759469228055,8.0,5.0,1.791759469228055,1.0,1.0,8.0
SDN,Sudan,ESA,2009,33.4,33.9,36.6,14.9,33.6,,-0.11798125234014029,1301.34729003906,7.171155383734918,1178.22180175781,7.071761633209213,34.3,5.173,32.5774622972843,0.1,26.985005939161,13.0,42.363,,,,0.73,80.00441742,5.568346625948878,0,4,1.6094379124341005,6.0,14,2.70805020110221,1,1,7.0,2.0,1.0,1.0,1.0986122886681098,0.6931471805599453,0.6931471805599453,4.0,3.0,2.0,2.0,1.0,1.0,1.0986122886681098,0.6931471805599453,0.6931471805599453,1.0,1.0,1.0,1.0,1.0,1.0,5.0,4.0,3.0,0.0,2.1074466480276897,,4.0,1.6094379124341005,8.0,4.0,1.6094379124341005,1.0,1.0,8.0
SDN,Sudan,ESA,2010,32.9,33.4,36.3,14.9,34.2,,-0.12580177070141585,1311.22314453125,7.17871567868571,1305.63598632813,7.174445546887686,32.39,5.141,32.7174026591513,0.1,29.1517069072564,15.168,41.348,,,,0.72,73.60398865,0.0356387685594616,0,4,1.6094379124341005,6.0,14,2.70805020110221,1,1,7.0,3.0,2.0,1.0,1.3862943611198906,1.0986122886681098,0.6931471805599453,5.0,4.0,2.0,3.0,2.0,1.0,1.3862943611198906,1.0986122886681098,0.6931471805599453,1.0,1.0,1.0,1.0,1.0,1.0,6.0,5.0,3.0,0.0576474695519574,0.0,,3.0,1.3862943611198906,7.0,3.0,1.3862943611198906,1.0,1.0,7.0
SDN,Sudan,ESA,2011,32.6,32.9,36.0,14.9,34.9,,-0.12749075366549223,1388.21813964844,7.235776289848233,1332.6572265625,7.194930142747212,32.03,5.087,32.9059760141986,0.1,31.3797006029968,17.44,40.278,,,,0.84,80.37197876,3.3060428678048455,0,5,1.791759469228055,8.0,5,1.791759469228055,1,1,8.0,4.0,3.0,1.0,1.6094379124341005,1.3862943611198906,0.6931471805599453,6.0,5.0,3.0,14.0,3.0,1.0,2.70805020110221,1.3862943611198906,0.6931471805599453,1.0,1.0,1.0,1.0,1.0,1.0,7.0,6.0,4.0,5.568346625948878,0.0576474695519574,2.1074466480276897,5.0,1.791759469228055,9.0,5.0,1.791759469228055,1.0,1.0,9.0
SDN,Sudan,ESA,2012,32.3,32.6,35.9,14.9,35.6,,-0.12440058185168132,1288.25854492188,7.161046620154998,1019.22210693359,6.9267949750591065,32.33,5.031,33.1425561614901,0.1,33.6683780592082,16.973,39.716,,,,0.82,75.40776825,0.0,0,4,1.6094379124341005,8.0,4,1.6094379124341005,1,1,8.0,4.0,4.0,2.0,1.6094379124341005,1.6094379124341005,1.0986122886681098,6.0,6.0,4.0,14.0,14.0,2.0,2.70805020110221,2.70805020110221,1.0986122886681098,1.0,1.0,1.0,1.0,1.0,1.0,7.0,7.0,5.0,0.0356387685594616,5.568346625948878,0.0,5.0,1.791759469228055,9.0,5.0,1.791759469228055,1.0,1.0,10.0
SDN,Sudan,ESA,2013,32.1,32.3,35.8,14.9,36.2,,-0.12083471039195652,1283.45922851563,7.157314233944265,1138.62780761719,7.037579138858127,33.7,4.965,33.4264777958103,0.1,36.0176959149453,16.273,39.189,,,,0.82,97.4931488,0.9082931662884014,0,3,1.3862943611198906,7.0,3,1.3862943611198906,1,1,7.0,5.0,4.0,3.0,1.791759469228055,1.6094379124341005,1.3862943611198906,8.0,6.0,5.0,5.0,14.0,3.0,1.791759469228055,2.70805020110221,1.3862943611198906,1.0,1.0,1.0,1.0,1.0,1.0,8.0,7.0,6.0,3.3060428678048455,0.0356387685594616,0.0576474695519574,6.0,1.9459101490553132,10.0,10.0,2.3978952727983707,1.0,1.0,11.0
SDN,Sudan,ESA,2014,32.0,32.1,35.7,15.0,36.8,,-0.11094455338722346,1307.3896484375,7.175787793476717,1275.43835449219,7.151045205949145,37.1,4.912,33.7624582408117,0.1,38.4269401247106,15.41,38.67,,,,0.8,88.78498077,3.2962666886533287,0,5,1.791759469228055,9.0,5,1.791759469228055,1,1,9.0,4.0,5.0,4.0,1.6094379124341005,1.791759469228055,1.6094379124341005,8.0,8.0,6.0,4.0,5.0,14.0,1.6094379124341005,1.791759469228055,2.70805020110221,1.0,1.0,1.0,1.0,1.0,1.0,8.0,8.0,7.0,0.0,3.3060428678048455,5.568346625948878,7.0,2.0794415416798357,10.0,11.0,2.4849066497880004,1.0,1.0,11.0
SDN,Sudan,ESA,2015,32.0,32.0,35.8,15.0,37.4,,-0.09819470378753624,1292.37963867188,7.164240479161954,1292.37963867188,7.164240479161954,43.25,4.898,34.0914394628597,0.1,40.8962454458167,14.39,38.192,,,,0.67,93.69657135,24.63,0,5,1.791759469228055,9.0,5,1.791759469228055,1,1,10.0,3.0,4.0,4.0,1.3862943611198906,1.6094379124341005,1.6094379124341005,7.0,8.0,6.0,3.0,4.0,14.0,1.3862943611198906,1.6094379124341005,2.70805020110221,1.0,1.0,1.0,1.0,1.0,1.0,7.0,8.0,7.0,0.9082931662884014,0.0,0.0356387685594616,8.0,2.1972245773362196,12.0,8.0,2.1972245773362196,1.0,1.0,13.0
SDN,Sudan,ESA,2016,32.0,32.0,35.9,15.1,38.0,,-0.08132298032387791,1297.15454101563,7.167928329890364,1033.21594238281,6.94043149120602,50.43,4.829,34.1881958841213,0.1,43.424779800547,13.656,37.572,,,,0.67,89.39633942,10.69,0,6,1.9459101490553132,10.0,10,2.3978952727983707,1,1,11.0,5.0,3.0,5.0,1.791759469228055,1.3862943611198906,1.791759469228055,9.0,7.0,8.0,5.0,3.0,5.0,1.791759469228055,1.3862943611198906,1.791759469228055,1.0,1.0,1.0,1.0,1.0,1.0,9.0,7.0,8.0,3.2962666886533287,0.9082931662884014,3.3060428678048455,7.0,2.0794415416798357,11.0,7.0,2.0794415416798357,1.0,1.0,12.0
SDN,Sudan,ESA,2017,32.1,32.0,36.0,15.1,38.7,,-0.064644007008029,1261.87353515625,7.140352828219474,966.505676269531,6.873687171646692,56.38,4.761,34.2872225663509,0.1,46.0119565679027,13.0,36.896,,,,0.74,67.75476837,0.0,0,7,2.0794415416798357,10.0,11,2.4849066497880004,1,1,11.0,5.0,5.0,4.0,1.791759469228055,1.791759469228055,1.6094379124341005,9.0,9.0,8.0,5.0,5.0,4.0,1.791759469228055,1.791759469228055,1.6094379124341005,1.0,1.0,1.0,1.0,1.0,1.0,10.0,9.0,8.0,24.63,3.2962666886533287,0.0,7.0,2.0794415416798357,11.0,7.0,2.0794415416798357,1.0,1.0,12.0
SDN,Sudan,ESA,2018,32.3,32.1,36.2,15.2,39.3,,-0.040977882793352016,1185.94445800781,7.0782947471016975,731.027465820313,6.594451031985538,59.35,4.681,34.382054222005,0.1,48.6574194730533,12.347,36.247,,,,0.66,33.88366699,22.028695214056143,0,8,2.1972245773362196,12.0,8,2.1972245773362196,1,1,13.0,6.0,5.0,3.0,1.9459101490553132,1.791759469228055,1.3862943611198906,10.0,9.0,7.0,10.0,5.0,3.0,2.3978952727983707,1.791759469228055,1.3862943611198906,1.0,1.0,1.0,1.0,1.0,1.0,11.0,10.0,7.0,10.69,24.63,0.9082931662884014,5.0,1.791759469228055,9.0,5.0,1.791759469228055,1.0,1.0,10.0
SDN,Sudan,ESA,2019,32.4,32.3,36.4,15.2,40.0,,-0.021909332088559497,1126.55297851563,7.026917788074605,709.975280761719,6.565230153600711,63.16,4.617,34.4727685824236,0.1,51.3601722607621,11.697,35.65,,,,0.66,31.79406929,22.4072493172352,0,7,2.0794415416798357,11.0,7,2.0794415416798357,1,1,12.0,7.0,6.0,5.0,2.0794415416798357,1.9459101490553132,1.791759469228055,10.0,10.0,9.0,11.0,10.0,5.0,2.4849066497880004,2.3978952727983707,1.791759469228055,1.0,1.0,1.0,1.0,1.0,1.0,11.0,11.0,9.0,0.0,10.69,3.2962666886533287,5.0,1.791759469228055,9.0,5.0,1.791759469228055,1.0,1.0,10.0
SDN,Sudan,ESA,2020,32.7,32.4,36.7,15.3,40.6,,0.0063487811960991625,1056.86474609375,6.96306201750643,577.795227050781,6.3592195274420815,65.76,4.542,34.5594433789246,0.1,54.1197261681039,11.995,34.428,,,,0.66,22.91861534,0.0,0,7,2.0794415416798357,11.0,7,2.0794415416798357,1,1,12.0,8.0,7.0,5.0,2.1972245773362196,2.0794415416798357,1.791759469228055,12.0,10.0,9.0,8.0,11.0,5.0,2.1972245773362196,2.4849066497880004,1.791759469228055,1.0,1.0,1.0,1.0,1.0,1.0,13.0,11.0,10.0,22.028695214056143,0.0,24.63,5.0,1.791759469228055,9.0,5.0,1.791759469228055,1.0,1.0,10.0
SDN,Sudan,ESA,2021,33.0,32.7,37.0,15.4,41.3,,0.0363336065158813,1009.54888916016,6.917258865664105,712.122009277344,6.568249258075882,70.36,4.457,34.6421563427994,0.2,56.9352476681987,11.087,34.101,,,,0.66,21.69141006,0.0,0,5,1.791759469228055,9.0,5,1.791759469228055,1,1,10.0,7.0,8.0,6.0,2.0794415416798357,2.1972245773362196,1.9459101490553132,11.0,12.0,10.0,7.0,8.0,10.0,2.0794415416798357,2.1972245773362196,2.3978952727983707,1.0,1.0,1.0,1.0,1.0,1.0,12.0,13.0,11.0,22.4072493172352,22.028695214056143,10.69,5.0,1.791759469228055,9.0,5.0,1.791759469228055,1.0,1.0,10.0
SDN,Sudan,ESA,2022,33.4,33.0,37.5,15.4,42.0,,0.06917812443061785,973.225280761719,6.880615587515786,1046.24084472656,6.95295887120536,72.02,4.384,34.7209852053086,0.2,59.8058415120202,7.53,34.698,,,,,25.75139618,,0,5,1.791759469228055,9.0,5,1.791759469228055,1,1,10.0,7.0,7.0,7.0,2.0794415416798357,2.0794415416798357,2.0794415416798357,11.0,11.0,10.0,7.0,7.0,11.0,2.0794415416798357,2.0794415416798357,2.4849066497880004,1.0,1.0,1.0,1.0,1.0,1.0,12.0,12.0,11.0,0.0,22.4072493172352,0.0,5.0,1.791759469228055,9.0,5.0,1.791759469228055,1.0,1.0,9.0
SDN,Sudan,ESA,2023,34.0,33.4,38.0,,,,,677.723205566406,6.518738953206132,797.283447265625,6.68121025830664,97.57,4.323,34.7960076976764,0.2,62.7305457858252,,,,,,,21.0830822,,0,5,1.791759469228055,9.0,5,1.791759469228055,1,1,10.0,5.0,7.0,8.0,1.791759469228055,2.0794415416798357,2.1972245773362196,9.0,11.0,12.0,5.0,7.0,8.0,1.791759469228055,2.0794415416798357,2.1972245773362196,1.0,1.0,1.0,1.0,1.0,1.0,10.0,12.0,13.0,0.0,0.0,22.028695214056143,,,,,,,,
SDN,Sudan,ESA,2024,,34.0,,,,,,578.38916015625,6.360246929583617,984.607666015625,6.892243253212564,98.25,4.264,34.8673015510839,0.2,65.7085965688426,,,,,,,,,0,5,1.791759469228055,9.0,5,1.791759469228055,1,1,10.0,5.0,5.0,7.0,1.791759469228055,1.791759469228055,2.0794415416798357,9.0,9.0,11.0,5.0,5.0,7.0,1.791759469228055,1.791759469228055,2.0794415416798357,1.0,1.0,1.0,1.0,1.0,1.0,10.0,10.0,12.0,,0.0,22.4072493172352,,,,,,,,
SDN,Sudan,ESA,2025,,,,,,,,582.114074707031,6.366666433176292,1164.53991699219,7.060081366961205,,,34.9349444966605,,,,,,,,,,,0,5,1.791759469228055,9.0,5,1.791759469228055,1,1,9.0,5.0,5.0,7.0,1.791759469228055,1.791759469228055,2.0794415416798357,9.0,9.0,11.0,5.0,5.0,7.0,1.791759469228055,1.791759469228055,2.0794415416798357,1.0,1.0,1.0,1.0,1.0,1.0,10.0,10.0,12.0,,,0.0,,,,,,,,
SEN,Senegal,WCA,2000,57.4,,62.7,16.0,21.9,22.1,0.8775925540173763,1048.37474052363,6.954996377801152,603.233162455158,6.40230379272756,230.37,5.498,40.6667555531967,0.7,36.6397850159843,2.638,49.009,,,,,21.41570663,,0,1,0.6931471805599453,2.0,1,0.6931471805599453,1,1,4.0,,,,,,,,,,,,,,,,,,,,,,,,,,,,0.0,0.0,3.0,1.0,0.6931471805599453,1.0,1.0,5.0
SEN,Senegal,WCA,2001,57.1,57.4,62.7,16.0,22.7,21.9,0.884799015255255,1067.36886550595,6.97295189493963,637.213530563724,6.4571048122167936,176.61,5.397,40.8763420163126,0.7,37.6230679917559,2.674,48.932,,,,,23.45893669,,0,1,0.6931471805599453,3.0,1,0.6931471805599453,1,1,5.0,,,,,,,,,,,,,,,,,,,,,,,,,,,,0.0,0.0,3.0,1.0,0.6931471805599453,1.0,1.0,5.0
SEN,Senegal,WCA,2002,56.9,57.1,62.6,16.0,23.6,21.6,0.8935450228203515,1042.25509944289,6.949142009474185,669.430447319209,6.506427272235233,156.98,5.301,41.1081471561292,0.7,38.6343782520626,2.82,48.78,,,,,26.46221161,,0,1,0.6931471805599453,4.0,2,1.0986122886681098,1,1,6.0,1.0,,,0.6931471805599453,,,2.0,,,1.0,,,0.6931471805599453,,,1.0,,,1.0,,,4.0,,,,,,0.0,0.0,3.0,1.0,0.6931471805599453,1.0,1.0,7.0
SEN,Senegal,WCA,2003,56.6,56.9,62.5,16.0,24.4,21.3,0.8983619066692864,1074.38578467686,6.9795044141803775,817.888034221442,6.70672544975427,168.09,5.246,41.35893934855,0.7,39.7038070707232,2.781,48.725,,,,,35.14493942,7.318602935285408,0,0,0.0,3.0,1,0.6931471805599453,1,1,5.0,1.0,1.0,,0.6931471805599453,0.6931471805599453,,3.0,2.0,,1.0,1.0,,0.6931471805599453,0.6931471805599453,,1.0,1.0,,1.0,1.0,,5.0,4.0,,,,,1.0,0.6931471805599453,5.0,2.0,1.0986122886681098,1.0,1.0,9.0
SEN,Senegal,WCA,2004,56.2,56.6,62.3,16.0,25.2,21.0,0.8985868014482399,1098.20064546027,7.001428342588426,918.102079522155,6.822308582175033,129.2,5.192,41.6248193895895,0.7,40.8160197921212,2.775,48.684,,,,,41.94406128,7.1616535310639025,0,0,0.0,3.0,1,0.6931471805599453,1,1,5.0,1.0,1.0,,0.6931471805599453,0.6931471805599453,,4.0,3.0,,2.0,1.0,,1.0986122886681098,0.6931471805599453,,1.0,1.0,,1.0,1.0,,6.0,5.0,,,,,2.0,1.0986122886681098,7.0,2.0,1.0986122886681098,1.0,1.0,11.0
SEN,Senegal,WCA,2005,55.7,56.2,62.0,16.0,26.0,20.7,0.8942197071572123,1119.0505307548,7.020235864356541,979.846101520171,6.887395520067529,132.26,5.133,41.9057599695838,0.7,41.9259089969181,2.679,48.693,,,,,36.00606155,8.671884135442594,1,0,0.0,3.0,1,0.6931471805599453,1,1,7.0,0.0,1.0,1.0,0.0,0.6931471805599453,0.6931471805599453,3.0,4.0,2.0,1.0,2.0,1.0,0.6931471805599453,1.0986122886681098,0.6931471805599453,1.0,1.0,1.0,1.0,1.0,1.0,5.0,6.0,4.0,7.318602935285408,,,2.0,1.0986122886681098,7.0,2.0,1.0986122886681098,1.0,1.0,12.0
SEN,Senegal,WCA,2006,55.1,55.7,61.7,16.0,26.7,20.4,0.8859234891500232,1118.7830430051,7.019996804799913,1017.20196747987,6.924810967757527,121.53,5.064,42.2046413043069,0.6,43.0340621400577,2.755,48.622,,,,,38.28113556,4.143543592714815,0,1,0.6931471805599453,5.0,2,1.0986122886681098,1,1,9.0,0.0,0.0,1.0,0.0,0.0,0.6931471805599453,3.0,3.0,3.0,1.0,1.0,1.0,0.6931471805599453,0.6931471805599453,0.6931471805599453,1.0,1.0,1.0,1.0,1.0,1.0,5.0,5.0,5.0,7.1616535310639025,7.318602935285408,,3.0,1.3862943611198906,9.0,3.0,1.3862943611198906,1.0,1.0,14.0
SEN,Senegal,WCA,2007,54.4,55.1,61.2,16.1,27.4,20.2,0.8747675785478798,1123.99862153285,7.024647804058623,1188.93877808175,7.080816405105861,98.57,5.018,42.524343609533,0.6,44.1399592498468,2.8,48.111,,,,,40.60185623,4.398349464122559,0,2,1.0986122886681098,7.0,2,1.0986122886681098,1,1,11.0,0.0,0.0,1.0,0.0,0.0,0.6931471805599453,3.0,3.0,4.0,1.0,1.0,2.0,0.6931471805599453,0.6931471805599453,1.0986122886681098,1.0,1.0,1.0,1.0,1.0,1.0,7.0,5.0,6.0,8.671884135442594,7.1616535310639025,,3.0,1.3862943611198906,11.0,4.0,1.6094379124341005,1.0,1.0,14.0
SEN,Senegal,WCA,2008,53.5,54.4,60.6,16.1,28.1,19.9,0.8526953933307467,1138.66883930214,7.037615174290761,1398.79218010021,7.243364414739086,52.18,5.024,42.867747101036,0.6,45.2434542159987,2.816,47.615,,,,,49.05390167,3.5263695515880813,0,2,1.0986122886681098,7.0,2,1.0986122886681098,1,1,12.0,1.0,0.0,0.0,0.6931471805599453,0.0,0.0,5.0,3.0,3.0,2.0,1.0,1.0,1.0986122886681098,0.6931471805599453,0.6931471805599453,1.0,1.0,1.0,1.0,1.0,1.0,9.0,7.0,5.0,4.143543592714815,8.671884135442594,7.318602935285408,3.0,1.3862943611198906,11.0,4.0,1.6094379124341005,1.0,1.0,14.0
SEN,Senegal,WCA,2009,52.6,53.5,60.0,16.2,28.7,19.7,0.8330183699424606,1142.65317233964,7.041108181475429,1308.69404336205,7.176785005482382,32.88,5.025,43.23773199459,0.6,46.3440817777614,2.807,47.13,,,,,50.27443314,3.185632552668164,0,3,1.3862943611198906,9.0,3,1.3862943611198906,1,1,14.0,2.0,1.0,0.0,1.0986122886681098,0.6931471805599453,0.0,7.0,5.0,3.0,2.0,2.0,1.0,1.0986122886681098,1.0986122886681098,0.6931471805599453,1.0,1.0,1.0,1.0,1.0,1.0,11.0,9.0,5.0,4.398349464122559,4.143543592714815,7.1616535310639025,3.0,1.3862943611198906,10.0,4.0,1.6094379124341005,1.0,1.0,13.0
SEN,Senegal,WCA,2010,51.5,52.6,59.3,16.2,29.3,19.5,0.8024250719391846,1153.53431121583,7.050585822482072,1275.88357492357,7.151394217519003,60.4,5.055,43.6371785059692,0.5,47.4423428976999,2.795,46.648,,,,,51.38805008,13.903816731723492,1,3,1.3862943611198906,11.0,4,1.6094379124341005,1,1,14.0,2.0,2.0,0.0,1.0986122886681098,1.0986122886681098,0.0,7.0,7.0,3.0,2.0,2.0,1.0,1.0986122886681098,1.0986122886681098,0.6931471805599453,1.0,1.0,1.0,1.0,1.0,1.0,12.0,11.0,7.0,3.5263695515880813,4.398349464122559,8.671884135442594,4.0,1.6094379124341005,14.0,5.0,1.791759469228055,1.0,1.0,15.0
SEN,Senegal,WCA,2011,50.5,51.5,58.6,16.3,29.8,19.3,0.7764293474457933,1139.74447892639,7.038559374972487,1374.67591873844,7.225973286857178,48.31,5.099,44.0689668509475,0.5,48.5377592186689,2.853,46.133,,,,,57.93114853,23.60042246674269,0,3,1.3862943611198906,11.0,4,1.6094379124341005,1,1,14.0,3.0,2.0,1.0,1.3862943611198906,1.0986122886681098,0.6931471805599453,9.0,7.0,5.0,3.0,2.0,2.0,1.3862943611198906,1.0986122886681098,1.0986122886681098,1.0,1.0,1.0,1.0,1.0,1.0,14.0,12.0,9.0,3.185632552668164,3.5263695515880813,4.143543592714815,4.0,1.6094379124341005,13.0,5.0,1.791759469228055,1.0,1.0,16.0
SEN,Senegal,WCA,2012,49.6,50.5,57.8,16.4,30.3,19.1,0.7502464572444957,1154.05677992367,7.051038648564451,1326.83798848379,7.190553938320986,53.04,5.129,44.5359772452989,0.5,49.6298898995035,3.896,45.155,,,,,56.61458969,60.03521161728008,0,3,1.3862943611198906,10.0,4,1.6094379124341005,1,1,13.0,3.0,3.0,2.0,1.3862943611198906,1.3862943611198906,1.0986122886681098,11.0,9.0,7.0,4.0,3.0,2.0,1.6094379124341005,1.3862943611198906,1.0986122886681098,1.0,1.0,1.0,1.0,1.0,1.0,14.0,14.0,11.0,13.903816731723492,3.185632552668164,4.398349464122559,4.0,1.6094379124341005,13.0,5.0,1.791759469228055,1.0,1.0,18.0
SEN,Senegal,WCA,2013,48.7,49.6,57.1,16.5,30.9,18.9,0.7281798564672658,1147.3859217191,7.045241522368861,1379.83196553924,7.229717006635401,57.87,5.049,45.0398750539456,0.5,50.7188973203129,5.012,44.155,,,,,60.51578903,56.517904167426934,0,4,1.6094379124341005,14.0,5,1.791759469228055,1,1,15.0,3.0,3.0,2.0,1.3862943611198906,1.3862943611198906,1.0986122886681098,11.0,11.0,7.0,4.0,4.0,2.0,1.6094379124341005,1.6094379124341005,1.0986122886681098,1.0,1.0,1.0,1.0,1.0,1.0,14.0,14.0,12.0,23.60042246674269,13.903816731723492,3.5263695515880813,4.0,1.6094379124341005,11.0,10.0,2.3978952727983707,1.0,1.0,18.0
SEN,Senegal,WCA,2014,47.8,48.7,56.3,16.6,31.4,18.7,0.701996966265968,1180.7987108505,7.073946362086212,1398.89137601382,7.243435327629456,37.65,4.884,45.6020905341588,0.4,51.8046299171747,5.849,43.295,,,,,61.40605545,39.4335531313203,0,4,1.6094379124341005,13.0,5,1.791759469228055,1,1,16.0,3.0,3.0,3.0,1.3862943611198906,1.3862943611198906,1.3862943611198906,10.0,11.0,9.0,4.0,4.0,3.0,1.6094379124341005,1.6094379124341005,1.3862943611198906,1.0,1.0,1.0,1.0,1.0,1.0,13.0,14.0,14.0,60.03521161728008,23.60042246674269,3.185632552668164,4.0,1.6094379124341005,11.0,10.0,2.3978952727983707,1.0,1.0,19.0
SEN,Senegal,WCA,2015,47.0,47.8,55.6,16.7,32.0,18.5,0.6821327771697758,1218.00613555438,7.104970485658123,1218.00613555438,7.104970485658123,69.27,4.751,46.2747669629858,0.4,52.8890432398602,6.757,42.412,7.5,-1.0999999999999996,,0.68,53.32304382,94.11,0,4,1.6094379124341005,13.0,5,1.791759469228055,1,1,18.0,4.0,3.0,3.0,1.6094379124341005,1.3862943611198906,1.3862943611198906,14.0,10.0,11.0,5.0,4.0,4.0,1.791759469228055,1.6094379124341005,1.6094379124341005,1.0,1.0,1.0,1.0,1.0,1.0,15.0,13.0,14.0,56.517904167426934,60.03521161728008,13.903816731723492,5.0,1.791759469228055,11.0,6.0,1.9459101490553132,1.0,1.0,21.0
SEN,Senegal,WCA,2016,46.3,47.0,54.9,16.9,32.6,18.2,0.6685928736185918,1257.40906916238,7.136808588554078,1266.43957151587,7.143964755327409,45.5,4.648,47.0553579909929,0.4,53.9714940731355,4.455,47.883,7.2,-1.1000000000000005,,0.72,53.90053558,94.72500479988295,0,4,1.6094379124341005,11.0,10,2.3978952727983707,1,1,18.0,4.0,4.0,3.0,1.6094379124341005,1.6094379124341005,1.3862943611198906,13.0,14.0,11.0,5.0,5.0,4.0,1.791759469228055,1.791759469228055,1.6094379124341005,1.0,1.0,1.0,1.0,1.0,1.0,16.0,15.0,14.0,39.4335531313203,56.517904167426934,23.60042246674269,5.0,1.791759469228055,11.0,6.0,1.9459101490553132,1.0,1.0,20.0
SEN,Senegal,WCA,2017,45.6,46.3,54.2,17.0,33.2,18.0,0.6509310962034373,1312.10932775878,7.179391295116795,1354.77007193387,7.21138703030537,52.06,4.489,47.9338349639053,0.4,55.0521038030032,4.078,44.126,7.0,-1.0999999999999996,54.7,,56.49185944,93.48,1,4,1.6094379124341005,11.0,10,2.3978952727983707,1,1,19.0,4.0,4.0,3.0,1.6094379124341005,1.6094379124341005,1.3862943611198906,13.0,13.0,10.0,5.0,5.0,4.0,1.791759469228055,1.791759469228055,1.6094379124341005,1.0,1.0,1.0,1.0,1.0,1.0,18.0,16.0,13.0,94.11,39.4335531313203,60.03521161728008,5.0,1.791759469228055,11.0,6.0,1.9459101490553132,1.0,1.0,20.0
SEN,Senegal,WCA,2018,44.9,45.6,53.5,17.2,33.8,17.7,0.6373911926522532,1355.09610863533,7.211627659680629,1452.55612562445,7.281080128684835,65.83,4.294,48.9001692274485,0.4,56.1299701818744,3.453,46.683,6.8,-1.0,49.5,,64.37467957,51.75268494327031,0,5,1.791759469228055,11.0,6,1.9459101490553132,1,1,21.0,4.0,4.0,4.0,1.6094379124341005,1.6094379124341005,1.6094379124341005,11.0,13.0,14.0,10.0,5.0,5.0,2.3978952727983707,1.791759469228055,1.791759469228055,1.0,1.0,1.0,1.0,1.0,1.0,18.0,18.0,15.0,94.72500479988295,94.11,56.517904167426934,4.0,1.6094379124341005,10.0,5.0,1.791759469228055,1.0,1.0,19.0
SEN,Senegal,WCA,2019,44.3,44.9,52.8,17.3,34.4,17.5,0.6219318269181359,1379.60875249843,7.229555225271635,1431.18128932159,7.2662554586892565,41.11,4.1,49.9443321273477,0.3,57.204943845452,2.863,49.26,6.0,-1.0,47.6,0.71,64.33670807,55.3511642621591,0,5,1.791759469228055,11.0,6,1.9459101490553132,1,1,20.0,4.0,4.0,4.0,1.6094379124341005,1.6094379124341005,1.6094379124341005,11.0,11.0,13.0,10.0,10.0,5.0,2.3978952727983707,2.3978952727983707,1.791759469228055,1.0,1.0,1.0,1.0,1.0,1.0,19.0,18.0,16.0,93.48,94.72500479988295,39.4335531313203,4.0,1.6094379124341005,10.0,5.0,1.791759469228055,1.0,1.0,19.0
SEN,Senegal,WCA,2020,43.7,44.3,52.2,17.5,35.1,17.2,0.6147106244720575,1361.7914374888,7.216556345386861,1461.08720350553,7.286936097516032,35.59,4.003,51.0562950093282,0.3,58.276399086684,3.432,48.976,5.1,-0.7000000000000002,49.0,,75.16521454,4.955256488786576,0,5,1.791759469228055,11.0,6,1.9459101490553132,1,1,20.0,5.0,4.0,4.0,1.791759469228055,1.6094379124341005,1.6094379124341005,11.0,11.0,13.0,6.0,10.0,5.0,1.9459101490553132,2.3978952727983707,1.791759469228055,1.0,1.0,1.0,1.0,1.0,1.0,21.0,19.0,18.0,51.75268494327031,93.48,94.11,3.0,1.3862943611198906,9.0,4.0,1.6094379124341005,1.0,1.0,18.0
SEN,Senegal,WCA,2021,43.3,43.7,51.6,17.7,35.7,,0.61016753335293,1414.53951093499,7.254559323144008,1598.10676952274,7.3765749385640325,41.85,3.936,52.2260292191155,0.3,59.3441523766207,3.436,49.906,4.5,-0.1999999999999993,47.9,,71.12162781,6.320003691995292,0,4,1.6094379124341005,10.0,5,1.791759469228055,1,1,19.0,5.0,5.0,4.0,1.791759469228055,1.791759469228055,1.6094379124341005,11.0,11.0,11.0,6.0,6.0,10.0,1.9459101490553132,1.9459101490553132,2.3978952727983707,1.0,1.0,1.0,1.0,1.0,1.0,20.0,21.0,18.0,55.3511642621591,51.75268494327031,94.72500479988295,3.0,1.3862943611198906,9.0,4.0,1.6094379124341005,1.0,1.0,18.0
SEN,Senegal,WCA,2022,43.1,43.3,51.2,17.9,36.3,,0.6148084203737652,1433.19918752288,7.267664418533401,1574.0281059306,7.361393285190607,38.1,3.864,53.4435061024348,0.3,60.407587055533,2.837,50.472,4.0,0.0,49.8,,63.44842529,0.0,0,4,1.6094379124341005,10.0,5,1.791759469228055,1,1,19.0,5.0,5.0,4.0,1.791759469228055,1.791759469228055,1.6094379124341005,11.0,11.0,11.0,6.0,6.0,10.0,1.9459101490553132,1.9459101490553132,2.3978952727983707,1.0,1.0,1.0,1.0,1.0,1.0,20.0,20.0,19.0,4.955256488786576,55.3511642621591,93.48,3.0,1.3862943611198906,9.0,4.0,1.6094379124341005,1.0,1.0,18.0
SEN,Senegal,WCA,2023,43.1,43.1,50.9,,,,,1458.9664233275,7.285483534774421,1698.03387300843,7.437226315440534,34.69,3.818,54.6992276190794,0.3,61.4661335345473,2.784,50.437,4.0,0.5,49.4,,73.22670746,87.47,0,3,1.3862943611198906,9.0,4,1.6094379124341005,1,1,18.0,4.0,5.0,5.0,1.6094379124341005,1.791759469228055,1.791759469228055,10.0,11.0,11.0,5.0,6.0,6.0,1.791759469228055,1.9459101490553132,1.9459101490553132,1.0,1.0,1.0,1.0,1.0,1.0,19.0,20.0,21.0,6.320003691995292,4.955256488786576,51.75268494327031,,,,,,,,
SEN,Senegal,WCA,2024,,43.1,,,,,,1517.61838829684,7.324897535242733,1738.73223822106,7.4609115279279985,36.78,3.765,55.2368169057304,0.3,62.5195952667746,2.788,50.404,3.5,0.6999999999999997,47.4,,,32.47,0,3,1.3862943611198906,9.0,4,1.6094379124341005,1,1,18.0,4.0,4.0,5.0,1.6094379124341005,1.6094379124341005,1.791759469228055,10.0,10.0,11.0,5.0,5.0,6.0,1.791759469228055,1.791759469228055,1.9459101490553132,1.0,1.0,1.0,1.0,1.0,1.0,19.0,19.0,20.0,0.0,6.320003691995292,55.3511642621591,,,,,,,,
SEN,Senegal,WCA,2025,,,,,,,,1582.25852286375,7.366608550187755,1954.71174194867,7.577998014974581,,,55.7672494455246,,,2.735,50.596,,,45.5,,,,0,3,1.3862943611198906,9.0,4,1.6094379124341005,1,1,18.0,3.0,4.0,5.0,1.3862943611198906,1.6094379124341005,1.791759469228055,9.0,10.0,11.0,4.0,5.0,6.0,1.6094379124341005,1.791759469228055,1.9459101490553132,1.0,1.0,1.0,1.0,1.0,1.0,18.0,19.0,20.0,87.47,0.0,4.955256488786576,,,,,,,,
SLE,Sierra Leone,WCA,2000,53.8,,56.3,14.0,18.6,13.9,0.5059538061691156,727.240914632596,6.589257804526696,143.743743239644,4.968032153440774,424.58,6.355,35.5327867241975,1.6,7.69468734199492,4.137,61.945,,,,,17.66835022,,0,0,0.0,2.0,0,0.0,0,0,1.0,,,,,,,,,,,,,,,,,,,,,,,,,,,,0.0,0.0,2.0,0.0,0.0,0.0,0.0,2.0
SLE,Sierra Leone,WCA,2001,53.2,53.8,55.9,13.7,19.4,13.7,0.4846291012161939,642.036645844304,6.464645382815284,358.315716051546,5.881414486177726,425.06,6.305,35.763651295501,1.7,7.92617092793216,4.235,61.894,,,,,19.32042122,,0,0,0.0,2.0,0,0.0,0,0,1.0,,,,,,,,,,,,,,,,,,,,,,,,,,,,0.0,0.0,3.0,0.0,0.0,0.0,0.0,2.0
SLE,Sierra Leone,WCA,2002,52.7,53.2,55.4,13.3,20.2,13.4,0.45899535669139524,766.788693742901,6.6422112663352175,388.995111216836,5.9635667759735,425.58,6.23,36.0082791496616,1.7,8.15825825383365,3.909,62.113,,,,,22.29375267,,0,0,0.0,2.0,0,0.0,0,0,2.0,0.0,,,0.0,,,2.0,,,0.0,,,0.0,,,0.0,,,0.0,,,1.0,,,,,,0.0,0.0,2.0,0.0,0.0,0.0,0.0,2.0
SLE,Sierra Leone,WCA,2003,52.1,52.7,54.9,13.0,20.9,13.2,0.4335543623144056,806.066489012144,6.692166231675201,413.817607346927,6.025425314785434,414.3,6.087,36.2690511597053,1.7,8.39095201927437,3.879,62.133,,,,,21.7804718,11.921583821757425,0,0,0.0,2.0,0,0.0,0,0,2.0,0.0,0.0,,0.0,0.0,,2.0,2.0,,0.0,0.0,,0.0,0.0,,0.0,0.0,,0.0,0.0,,1.0,1.0,,,,,0.0,0.0,2.0,0.0,0.0,0.0,0.0,2.0
SLE,Sierra Leone,WCA,2004,51.6,52.1,54.5,12.6,21.7,12.9,0.4103101951785507,829.759768928304,6.7211362238701025,417.749983329227,6.034883127569403,405.39,5.919,36.5491283814755,1.7,8.94954704248469,3.42,63.849,,,,,23.03477859,19.358928011568313,0,0,0.0,3.0,0,0.0,0,0,2.0,0.0,0.0,,0.0,0.0,,2.0,2.0,,0.0,0.0,,0.0,0.0,,0.0,0.0,,0.0,0.0,,2.0,1.0,,,,,0.0,0.0,2.0,0.0,0.0,0.0,1.0,2.0
SLE,Sierra Leone,WCA,2005,50.9,51.6,53.9,12.2,22.4,12.7,0.376155337867609,842.906030904902,6.73685548192493,462.633324427945,6.13693478444434,401.19,5.807,36.8485519672439,1.7,9.53865069026283,3.734,62.798,,,,,26.04933357,31.618208422243143,0,0,0.0,2.0,0,0.0,0,0,2.0,0.0,0.0,0.0,0.0,0.0,0.0,2.0,2.0,2.0,0.0,0.0,0.0,0.0,0.0,0.0,0.0,0.0,0.0,0.0,0.0,0.0,2.0,2.0,1.0,11.921583821757425,,,0.0,0.0,4.0,0.0,0.0,0.0,1.0,4.0
SLE,Sierra Leone,WCA,2006,50.3,50.9,53.4,11.8,23.1,12.5,0.3465924696266488,859.824260714965,6.7567280203598,580.26796974773,6.363490013649994,397.65,5.737,37.1703805343647,1.6,10.156650697941,3.89,61.845,,,,0.4,29.63347244,62.865076449350745,0,0,0.0,2.0,0,0.0,0,0,2.0,0.0,0.0,0.0,0.0,0.0,0.0,3.0,2.0,2.0,0.0,0.0,0.0,0.0,0.0,0.0,0.0,0.0,0.0,0.0,0.0,0.0,2.0,2.0,1.0,19.358928011568313,11.921583821757425,,1.0,0.6931471805599453,4.0,1.0,0.6931471805599453,1.0,1.0,5.0
SLE,Sierra Leone,WCA,2007,49.6,50.3,52.9,11.4,23.7,12.3,0.3131004776695271,872.68836234614,6.771578518851911,631.889926264998,6.448715211675753,405.15,5.643,37.5122859420526,1.6,10.7956031143398,4.022,60.9,,,,,31.90766907,44.89055399821646,0,0,0.0,2.0,0,0.0,0,1,2.0,0.0,0.0,0.0,0.0,0.0,0.0,2.0,3.0,2.0,0.0,0.0,0.0,0.0,0.0,0.0,0.0,0.0,0.0,0.0,0.0,0.0,2.0,2.0,2.0,31.618208422243143,19.358928011568313,,1.0,0.6931471805599453,7.0,1.0,0.6931471805599453,1.0,1.0,10.0
SLE,Sierra Leone,WCA,2008,48.8,49.6,52.5,11.1,24.3,12.1,0.2839175252842824,882.54147817868,6.782805788471993,705.359014080005,6.558706913023464,427.1,5.563,37.8725951588418,1.6,11.4555098785818,4.132,59.962,,,,,37.23431396,54.501643051797274,1,0,0.0,4.0,0,0.0,0,1,4.0,0.0,0.0,0.0,0.0,0.0,0.0,2.0,2.0,2.0,0.0,0.0,0.0,0.0,0.0,0.0,0.0,0.0,0.0,0.0,0.0,0.0,2.0,2.0,2.0,62.865076449350745,31.618208422243143,11.921583821757425,1.0,0.6931471805599453,6.0,1.0,0.6931471805599453,1.0,1.0,12.0
SLE,Sierra Leone,WCA,2009,47.9,48.8,52.1,10.7,24.8,11.9,0.2466835753189054,872.23959352481,6.771064149385005,652.845806767943,6.481340970869406,445.04,5.448,38.2496351532666,1.6,12.1362206469185,4.268,59.002,,,,,39.29960632,57.62595503859934,0,1,0.6931471805599453,4.0,1,0.6931471805599453,1,1,5.0,0.0,0.0,0.0,0.0,0.0,0.0,2.0,2.0,3.0,0.0,0.0,0.0,0.0,0.0,0.0,0.0,0.0,0.0,1.0,0.0,0.0,2.0,2.0,2.0,44.89055399821646,62.865076449350745,19.358928011568313,2.0,1.0986122886681098,7.0,2.0,1.0986122886681098,1.0,1.0,13.0
SLE,Sierra Leone,WCA,2010,47.1,47.9,51.8,10.3,25.3,11.7,0.2140416144235096,902.769891411394,6.805467694156183,685.039673490948,6.529476754090105,438.89,5.327,38.6417328938613,1.6,12.837725625722,4.34,58.075,,,,,37.84529114,100.0,0,1,0.6931471805599453,7.0,1,0.6931471805599453,1,1,10.0,0.0,0.0,0.0,0.0,0.0,0.0,4.0,2.0,2.0,0.0,0.0,0.0,0.0,0.0,0.0,0.0,0.0,0.0,1.0,1.0,0.0,4.0,2.0,2.0,54.501643051797274,44.89055399821646,31.618208422243143,2.0,1.0986122886681098,8.0,2.0,1.0986122886681098,1.0,1.0,13.0
SLE,Sierra Leone,WCA,2011,46.4,47.1,51.6,9.9,25.7,11.5,0.18426493056297133,950.760763054593,6.857262467338131,761.146365577281,6.634825672583899,427.79,5.209,39.0472153491602,1.6,13.5601796070667,4.388,57.156,,,,,49.6336174,100.0,0,1,0.6931471805599453,6.0,1,0.6931471805599453,1,1,12.0,1.0,0.0,0.0,0.6931471805599453,0.0,0.0,4.0,4.0,2.0,1.0,0.0,0.0,0.6931471805599453,0.0,0.0,1.0,0.0,0.0,1.0,1.0,0.0,5.0,4.0,2.0,57.62595503859934,54.501643051797274,62.865076449350745,4.0,1.6094379124341005,12.0,4.0,1.6094379124341005,1.0,1.0,15.0
SLE,Sierra Leone,WCA,2012,45.7,46.4,51.4,9.6,26.1,11.4,0.1586101205664039,1025.04366004502,6.9324904858312335,937.504428180231,6.843221481225657,413.44,5.064,39.4644094876975,1.6,14.3035861709667,4.378,56.266,,,,,51.99141312,100.0,0,2,1.0986122886681098,7.0,2,1.0986122886681098,1,1,13.0,1.0,1.0,0.0,0.6931471805599453,0.6931471805599453,0.0,7.0,4.0,2.0,1.0,1.0,0.0,0.6931471805599453,0.6931471805599453,0.0,1.0,1.0,0.0,1.0,1.0,1.0,10.0,5.0,2.0,100.0,57.62595503859934,44.89055399821646,6.0,1.9459101490553132,17.0,6.0,1.9459101490553132,1.0,1.0,18.0
SLE,Sierra Leone,WCA,2013,45.2,45.7,51.4,9.3,26.5,11.2,0.14213928870979908,1146.81973456475,7.044747942236414,1117.47183075115,7.018824118788491,396.12,4.873,39.8916422780075,1.6,15.0676033654272,4.376,55.364,,,,,84.93772125,100.0,1,2,1.0986122886681098,8.0,2,1.0986122886681098,1,1,13.0,1.0,1.0,0.0,0.6931471805599453,0.6931471805599453,0.0,6.0,7.0,4.0,1.0,1.0,0.0,0.6931471805599453,0.6931471805599453,0.0,1.0,1.0,0.0,1.0,1.0,1.0,12.0,10.0,4.0,100.0,100.0,54.501643051797274,6.0,1.9459101490553132,18.0,9.0,2.302585092994046,1.0,1.0,16.0
SLE,Sierra Leone,WCA,2014,44.8,45.2,51.4,8.9,26.9,11.1,0.12374899467026085,1032.23789355905,6.939484436491127,1117.7586465721,7.019080750778287,380.3,4.703,40.3272406886245,1.6,15.8525627081666,4.678,54.284,,,,,143.60603333,0.0,0,4,1.6094379124341005,12.0,4,1.6094379124341005,1,1,15.0,2.0,1.0,1.0,1.0986122886681098,0.6931471805599453,0.6931471805599453,7.0,6.0,4.0,2.0,1.0,1.0,1.0986122886681098,0.6931471805599453,0.6931471805599453,1.0,1.0,1.0,1.0,1.0,1.0,13.0,12.0,5.0,100.0,100.0,57.62595503859934,6.0,1.9459101490553132,17.0,9.0,2.302585092994046,1.0,1.0,17.0
SLE,Sierra Leone,WCA,2015,44.5,44.8,51.5,8.6,27.4,11.0,0.11579927559979894,964.575980888989,6.87168860673288,964.575980888989,6.87168860673288,367.82,4.548,40.7669565187099,1.6,16.6582857856538,4.483,53.674,26.7,1.3999999999999986,,,118.66024017,93.68,0,6,1.9459101490553132,17.0,6,1.9459101490553132,1,1,18.0,2.0,2.0,1.0,1.0986122886681098,1.0986122886681098,0.6931471805599453,8.0,7.0,7.0,2.0,2.0,1.0,1.0986122886681098,1.0986122886681098,0.6931471805599453,1.0,1.0,1.0,1.0,1.0,1.0,13.0,13.0,10.0,100.0,100.0,100.0,6.0,1.9459101490553132,17.0,6.0,1.9459101490553132,1.0,1.0,17.0
SLE,Sierra Leone,WCA,2016,44.3,44.5,51.7,8.4,27.9,10.9,0.11656341946328919,1002.77862282013,6.910530048566022,844.416411175476,6.738645751094961,363.56,4.466,41.229411538771,1.6,17.4849469878374,4.182,53.117,31.9,1.6999999999999957,,,84.22316742,95.81,0,6,1.9459101490553132,18.0,9,2.302585092994046,1,1,16.0,4.0,2.0,1.0,1.6094379124341005,1.0986122886681098,0.6931471805599453,12.0,8.0,6.0,4.0,2.0,1.0,1.6094379124341005,1.0986122886681098,0.6931471805599453,1.0,1.0,1.0,1.0,1.0,1.0,15.0,13.0,12.0,0.0,100.0,100.0,6.0,1.9459101490553132,15.0,6.0,1.9459101490553132,1.0,1.0,15.0
SLE,Sierra Leone,WCA,2017,44.2,44.3,51.9,8.1,28.4,10.8,0.11540810114384609,1010.54694071207,6.918246988720802,779.186007841728,6.658249795085124,350.55,4.389,41.7106682105058,1.6,18.3338579581936,3.656,52.676,32.6,1.5999999999999979,65.0,,47.37737274,77.98124205353335,0,6,1.9459101490553132,17.0,9,2.302585092994046,1,1,17.0,6.0,4.0,2.0,1.9459101490553132,1.6094379124341005,1.0986122886681098,17.0,12.0,7.0,6.0,4.0,2.0,1.9459101490553132,1.6094379124341005,1.0986122886681098,1.0,1.0,1.0,1.0,1.0,1.0,18.0,15.0,13.0,93.68,0.0,100.0,6.0,1.9459101490553132,15.0,6.0,1.9459101490553132,1.0,1.0,17.0
SLE,Sierra Leone,WCA,2018,44.0,44.2,52.1,7.8,28.9,10.7,0.11205037114336543,1015.6678297205,6.923301635430662,845.914540460932,6.740418338500136,340.61,4.294,42.2011025267803,1.6,19.205484723374,3.192,52.191,32.4,1.6000000000000014,65.3,,44.82733536,70.65157677354951,0,6,1.9459101490553132,17.0,6,1.9459101490553132,1,1,17.0,6.0,6.0,2.0,1.9459101490553132,1.9459101490553132,1.0986122886681098,18.0,17.0,8.0,9.0,6.0,2.0,2.302585092994046,1.9459101490553132,1.0986122886681098,1.0,1.0,1.0,1.0,1.0,1.0,16.0,18.0,13.0,95.81,93.68,100.0,5.0,1.791759469228055,14.0,5.0,1.791759469228055,1.0,1.0,17.0
SLE,Sierra Leone,WCA,2019,44.0,44.0,52.3,7.6,29.4,10.5,0.11721933836893067,1046.96778078594,6.953653437508732,843.71251730417,6.737811817264169,321.88,4.192,42.7018444914441,1.5,20.0997388519849,3.204,52.086,32.2,1.1000000000000014,61.5,,48.13619995,75.578974145705,1,6,1.9459101490553132,15.0,6,1.9459101490553132,1,1,15.0,6.0,6.0,4.0,1.9459101490553132,1.9459101490553132,1.6094379124341005,17.0,18.0,12.0,9.0,9.0,4.0,2.302585092994046,2.302585092994046,1.6094379124341005,1.0,1.0,1.0,1.0,1.0,1.0,17.0,16.0,15.0,77.98124205353335,95.81,0.0,4.0,1.6094379124341005,13.0,4.0,1.6094379124341005,1.0,1.0,15.0
SLE,Sierra Leone,WCA,2020,44.0,44.0,52.5,7.4,30.0,10.3,0.12411501762962007,1010.25294614757,6.917956020210277,845.277558236182,6.739665044707714,313.11,4.08,43.2129659123546,1.5,21.0167123808123,3.509,51.428,31.5,0.5,63.1,,47.8861618,64.8789796715258,0,6,1.9459101490553132,15.0,6,1.9459101490553132,1,1,17.0,6.0,6.0,6.0,1.9459101490553132,1.9459101490553132,1.9459101490553132,17.0,17.0,17.0,6.0,9.0,6.0,1.9459101490553132,2.302585092994046,1.9459101490553132,1.0,1.0,1.0,1.0,1.0,1.0,17.0,17.0,18.0,70.65157677354951,77.98124205353335,93.68,4.0,1.6094379124341005,13.0,4.0,1.6094379124341005,1.0,1.0,16.0
SLE,Sierra Leone,WCA,2021,44.0,44.0,52.8,7.1,30.5,,0.12755168838015818,1045.7661615758,6.952505064733894,885.396401613729,6.786035456153492,305.82,3.978,43.7345385973699,1.5,21.9564987659226,3.551,51.708,31.9,-0.3000000000000007,63.7,,44.90049362,98.93735946032766,0,5,1.791759469228055,14.0,5,1.791759469228055,1,1,17.0,6.0,6.0,6.0,1.9459101490553132,1.9459101490553132,1.9459101490553132,15.0,17.0,18.0,6.0,6.0,9.0,1.9459101490553132,1.9459101490553132,2.302585092994046,1.0,1.0,1.0,1.0,1.0,1.0,15.0,17.0,16.0,75.578974145705,70.65157677354951,95.81,4.0,1.6094379124341005,13.0,4.0,1.6094379124341005,1.0,1.0,17.0
SLE,Sierra Leone,WCA,2022,44.3,44.0,53.2,6.9,31.1,,0.14583375746184774,1077.08884538507,6.982017167147747,860.371067874555,6.757363770462035,298.19,3.876,44.2666343543487,1.5,22.9191878036943,3.137,51.981,32.3,-0.5,63.6,,41.31875229,98.75,0,4,1.6094379124341005,13.0,4,1.6094379124341005,1,1,15.0,6.0,6.0,6.0,1.9459101490553132,1.9459101490553132,1.9459101490553132,15.0,15.0,17.0,6.0,6.0,9.0,1.9459101490553132,1.9459101490553132,2.302585092994046,1.0,1.0,1.0,1.0,1.0,1.0,17.0,15.0,17.0,64.8789796715258,75.578974145705,77.98124205353335,4.0,1.6094379124341005,13.0,4.0,1.6094379124341005,1.0,1.0,17.0
SLE,Sierra Leone,WCA,2023,44.6,44.3,53.7,,,,,1113.86837500697,7.01559425821637,758.329137301888,6.631117509473353,284.08,3.791,44.809324991151,1.4,23.9048711595784,3.092,51.974,33.7,-0.3999999999999986,64.8,,35.76205063,96.12,0,4,1.6094379124341005,13.0,4,1.6094379124341005,1,1,16.0,5.0,6.0,6.0,1.791759469228055,1.9459101490553132,1.9459101490553132,14.0,15.0,17.0,5.0,6.0,6.0,1.791759469228055,1.9459101490553132,1.9459101490553132,1.0,1.0,1.0,1.0,1.0,1.0,17.0,17.0,17.0,98.93735946032766,64.8789796715258,70.65157677354951,,,,,,,,
SLE,Sierra Leone,WCA,2024,,44.6,,,,,,1137.29005648131,7.036403568060039,806.654650274255,6.692895634017441,282.67,3.703,45.3626823156371,1.4,24.9136362418086,3.103,51.922,31.9,-0.7999999999999972,63.6,,,50.49,0,4,1.6094379124341005,13.0,4,1.6094379124341005,1,1,17.0,4.0,5.0,6.0,1.6094379124341005,1.791759469228055,1.9459101490553132,13.0,14.0,15.0,4.0,5.0,6.0,1.6094379124341005,1.791759469228055,1.9459101490553132,1.0,1.0,1.0,1.0,1.0,1.0,15.0,17.0,15.0,98.75,98.93735946032766,75.578974145705,,,,,,,,
SLE,Sierra Leone,WCA,2025,,,,,,,,1165.72408271963,7.061097703161324,846.296172499617,6.740869384037471,,,45.9267781356681,,,3.15,51.691,,,61.9,,,,0,4,1.6094379124341005,13.0,4,1.6094379124341005,1,1,17.0,4.0,4.0,6.0,1.6094379124341005,1.6094379124341005,1.9459101490553132,13.0,13.0,15.0,4.0,4.0,6.0,1.6094379124341005,1.6094379124341005,1.9459101490553132,1.0,1.0,1.0,1.0,1.0,1.0,16.0,15.0,17.0,96.12,98.75,64.8789796715258,,,,,,,,
SOM,Somalia,ESA,2000,44.9,,50.8,14.1,23.7,,0.270696597820157,233.032393086303,5.451177470023937,386.119274401275,5.956146322773415,133.15,7.645,33.0596136927225,0.3,20.1837885796287,18.678,27.72,,,,0.42,,,0,0,0.0,0.0,0,0.0,0,0,1.0,,,,,,,,,,,,,,,,,,,,,,,,,,,,0.0,0.0,0.0,0.0,0.0,0.0,0.0,1.0
SOM,Somalia,ESA,2001,44.4,44.9,50.7,14.1,24.6,,0.27283537034214106,239.839074088089,5.479968173806847,244.914842538455,5.500910568648591,141.04,7.636,33.5128183866634,0.3,20.9631310018359,18.665,27.747,,,,0.42,,,0,0,0.0,0.0,0,0.0,0,0,1.0,,,,,,,,,,,,,,,,,,,,,,,,,,,,0.0,0.0,0.0,0.0,0.0,0.0,0.0,1.0
SOM,Somalia,ESA,2002,44.0,44.4,50.5,14.0,25.4,,0.2689383912571236,248.636454000924,5.51599180549829,229.598918310039,5.436333953241104,133.37,7.626,33.9872055053711,0.2,21.7385524325851,18.658,27.773,,,,0.42,,,0,0,0.0,0.0,0,0.0,0,0,1.0,0.0,,,0.0,,,0.0,,,0.0,,,0.0,,,0.0,,,0.0,,,1.0,,,,,,0.0,0.0,0.0,0.0,0.0,0.0,0.0,1.0
SOM,Somalia,ESA,2003,43.7,44.0,50.3,14.0,26.3,,0.27309240975223886,257.910337235953,5.552611994425835,286.273025198975,5.656945989009869,132.19,7.603,34.4719665654476,0.2,22.6666436152902,18.648,27.803,,,,0.42,,,0,0,0.0,0.0,0,0.0,0,0,1.0,0.0,0.0,,0.0,0.0,,0.0,0.0,,0.0,0.0,,0.0,0.0,,0.0,0.0,,0.0,0.0,,1.0,1.0,,,,,0.0,0.0,1.0,0.0,0.0,0.0,0.0,1.0
SOM,Somalia,ESA,2004,43.3,43.7,50.2,13.9,27.3,,0.2750384321264132,266.257271856551,5.584463028787946,375.410326225387,5.928019631034045,120.72,7.568,34.9620706047618,0.2,23.5876311312832,18.653,27.84,,,,0.42,,,0,0,0.0,0.0,0,0.0,0,0,1.0,0.0,0.0,,0.0,0.0,,0.0,0.0,,0.0,0.0,,0.0,0.0,,0.0,0.0,,0.0,0.0,,1.0,1.0,,,,,0.0,0.0,1.0,0.0,0.0,0.0,0.0,1.0
SOM,Somalia,ESA,2005,43.0,43.3,50.0,13.8,28.3,,0.2767972887926814,275.457040797983,5.61843168466659,439.979907805478,6.086729061791212,131.66,7.527,35.4674928136211,0.2,24.6385730237392,18.671,27.898,,,,,,,0,0,0.0,0.0,0,0.0,0,0,1.0,0.0,0.0,0.0,0.0,0.0,0.0,0.0,0.0,0.0,0.0,0.0,0.0,0.0,0.0,0.0,0.0,0.0,0.0,0.0,0.0,0.0,1.0,1.0,1.0,,,,0.0,0.0,1.0,0.0,0.0,0.0,0.0,1.0
SOM,Somalia,ESA,2006,42.7,43.0,49.8,13.7,29.2,,0.27682943342382554,284.47078986532,5.65063057646863,457.996662206659,6.126861896329243,118.99,7.49,35.9982083823331,0.2,25.6985522654712,18.705,27.971,,,,,,,0,0,0.0,1.0,0,0.0,0,0,1.0,0.0,0.0,0.0,0.0,0.0,0.0,0.0,0.0,0.0,0.0,0.0,0.0,0.0,0.0,0.0,0.0,0.0,0.0,0.0,0.0,0.0,1.0,1.0,1.0,,,,0.0,0.0,1.0,0.0,0.0,0.0,0.0,1.0
SOM,Somalia,ESA,2007,42.4,42.7,49.7,13.6,30.2,,0.2809778674790375,294.210404466601,5.684295172826164,479.635628065289,6.1730267074361,95.9,7.457,36.5641925012053,0.2,25.4724809628705,18.687,28.041,,,,,,,0,0,0.0,1.0,0,0.0,0,0,1.0,0.0,0.0,0.0,0.0,0.0,0.0,0.0,0.0,0.0,0.0,0.0,0.0,0.0,0.0,0.0,0.0,0.0,0.0,0.0,0.0,0.0,1.0,1.0,1.0,,,,1.0,0.6931471805599453,3.0,1.0,0.6931471805599453,1.0,0.0,3.0
SOM,Somalia,ESA,2008,42.1,42.4,49.5,13.5,31.2,,0.2827367241453057,304.741448811237,5.719463708283491,507.03744334738,6.228584853620376,60.03,7.415,37.1754203605454,0.2,26.8675518309153,18.714,28.041,,,,,,0.0,0,0,0.0,1.0,0,0.0,0,0,1.0,0.0,0.0,0.0,0.0,0.0,0.0,1.0,0.0,0.0,0.0,0.0,0.0,0.0,0.0,0.0,0.0,0.0,0.0,0.0,0.0,0.0,1.0,1.0,1.0,,,,1.0,0.6931471805599453,3.0,1.0,0.6931471805599453,1.0,1.0,3.0
SOM,Somalia,ESA,2009,41.9,42.1,49.4,13.4,32.1,,0.2873608578464313,317.038184814662,5.7590222234515265,246.513251675105,5.507415751368819,38.1,7.376,37.8418671506609,0.2,28.2620333243978,18.724,28.018,,,,,,0.0542957391855233,0,0,0.0,1.0,0,0.0,0,0,1.0,0.0,0.0,0.0,0.0,0.0,0.0,1.0,1.0,0.0,0.0,0.0,0.0,0.0,0.0,0.0,0.0,0.0,0.0,0.0,0.0,0.0,1.0,1.0,1.0,,,,1.0,0.6931471805599453,5.0,1.0,0.6931471805599453,1.0,1.0,5.0
SOM,Somalia,ESA,2010,41.6,41.9,49.4,13.3,33.1,,0.293898869290587,329.970504936872,5.799003271486811,219.202453852397,5.389995749593305,41.12,7.322,38.5735080618592,0.1,29.6552314134568,18.741,27.984,,,,,,0.0164982568289166,0,1,0.6931471805599453,3.0,1,0.6931471805599453,1,0,3.0,0.0,0.0,0.0,0.0,0.0,0.0,1.0,1.0,0.0,0.0,0.0,0.0,0.0,0.0,0.0,0.0,0.0,0.0,0.0,0.0,0.0,1.0,1.0,1.0,0.0,,,2.0,1.0986122886681098,6.0,2.0,1.0986122886681098,1.0,1.0,6.0
SOM,Somalia,ESA,2011,41.7,41.6,49.5,13.2,34.1,,0.3116361048478367,349.577449077711,5.856725136774392,235.325945610434,5.460971555742151,33.62,7.268,39.380318284448,0.1,31.0429095384234,18.761,27.894,,,,0.87,,0.0,0,1,0.6931471805599453,3.0,1,0.6931471805599453,1,1,3.0,0.0,0.0,0.0,0.0,0.0,0.0,1.0,1.0,1.0,0.0,0.0,0.0,0.0,0.0,0.0,0.0,0.0,0.0,0.0,0.0,0.0,1.0,1.0,1.0,0.0542957391855233,0.0,,3.0,1.3862943611198906,7.0,3.0,1.3862943611198906,1.0,1.0,7.0
SOM,Somalia,ESA,2012,41.9,41.7,49.7,13.1,35.0,,0.3322386174399437,369.617204753489,5.912467888341836,350.261946720512,5.858681293758931,34.13,7.211,40.2722730087349,0.1,32.0476374113968,18.771,27.807,,,,,,0.0,0,1,0.6931471805599453,5.0,1,0.6931471805599453,1,1,5.0,1.0,0.0,0.0,0.6931471805599453,0.0,0.0,3.0,1.0,1.0,1.0,0.0,0.0,0.6931471805599453,0.0,0.0,1.0,0.0,0.0,0.0,0.0,0.0,3.0,1.0,1.0,0.0164982568289166,0.0542957391855233,,3.0,1.3862943611198906,7.0,3.0,1.3862943611198906,1.0,1.0,7.0
SOM,Somalia,ESA,2013,42.2,41.9,50.0,13.0,36.0,,0.3591598311371561,397.108796344814,5.984210289351987,393.398703952979,5.974823611473119,40.43,7.14,41.2593474250273,0.1,33.058251557305,18.655,27.82,,,,0.87,12.88169384,0.0,0,2,1.0986122886681098,6.0,2,1.0986122886681098,1,1,6.0,1.0,1.0,0.0,0.6931471805599453,0.6931471805599453,0.0,3.0,3.0,1.0,1.0,1.0,0.0,0.6931471805599453,0.6931471805599453,0.0,1.0,1.0,0.0,1.0,0.0,0.0,3.0,3.0,1.0,0.0,0.0164982568289166,0.0,2.0,1.0986122886681098,6.0,7.0,2.0794415416798357,1.0,1.0,6.0
SOM,Somalia,ESA,2014,42.6,42.2,50.4,12.9,36.9,,0.38894632186922573,417.516796906402,6.034324775592763,429.431656725102,6.062462605887723,46.61,7.061,42.3515167236328,0.1,34.0748734228162,18.595,27.823,,,,0.87,13.15052128,0.0,0,3,1.3862943611198906,7.0,3,1.3862943611198906,1,1,7.0,1.0,1.0,0.0,0.6931471805599453,0.6931471805599453,0.0,5.0,3.0,1.0,1.0,1.0,0.0,0.6931471805599453,0.6931471805599453,0.0,1.0,1.0,0.0,1.0,1.0,0.0,5.0,3.0,1.0,0.0,0.0,0.0542957391855233,1.0,0.6931471805599453,3.0,6.0,1.9459101490553132,1.0,1.0,3.0
SOM,Somalia,ESA,2015,43.1,42.6,50.8,12.9,37.9,,0.42678381018142786,445.583080073396,6.099383716782181,445.583080073396,6.099383716782181,55.22,6.975,43.8618107408479,0.1,35.0972405875154,18.495,27.84,,,,0.87,14.11613941,0.0,0,3,1.3862943611198906,7.0,3,1.3862943611198906,1,1,7.0,2.0,1.0,1.0,1.0986122886681098,0.6931471805599453,0.6931471805599453,6.0,5.0,3.0,2.0,1.0,1.0,1.0986122886681098,0.6931471805599453,0.6931471805599453,1.0,1.0,1.0,1.0,1.0,0.0,6.0,5.0,3.0,0.0,0.0,0.0164982568289166,0.0,0.0,2.0,0.0,0.0,1.0,1.0,2.0
SOM,Somalia,ESA,2016,43.6,43.1,51.3,12.8,38.8,,0.46116228998347886,458.92147682461,6.1288791209694535,460.928490585175,6.133242912928105,55.25,6.878,45.942842729174,0.1,36.1250378584049,18.611,27.782,,,,0.87,11.76618958,0.0,0,2,1.0986122886681098,6.0,7,2.0794415416798357,1,1,6.0,3.0,2.0,1.0,1.3862943611198906,1.0986122886681098,0.6931471805599453,7.0,6.0,3.0,3.0,2.0,1.0,1.3862943611198906,1.0986122886681098,0.6931471805599453,1.0,1.0,1.0,1.0,1.0,1.0,7.0,6.0,3.0,0.0,0.0,0.0,1.0,0.6931471805599453,3.0,1.0,0.6931471805599453,1.0,1.0,3.0
SOM,Somalia,ESA,2017,44.0,43.6,51.6,12.8,39.7,,0.49268107719057586,506.501098879426,6.227526493241026,510.939952317726,6.23625207315741,54.91,6.766,48.3639630032265,0.1,37.1573619625344,18.455,27.809,,,,0.87,13.51753426,48.9202598860579,0,1,0.6931471805599453,3.0,6,1.9459101490553132,1,1,3.0,3.0,3.0,1.0,1.3862943611198906,1.3862943611198906,0.6931471805599453,7.0,7.0,5.0,3.0,3.0,1.0,1.3862943611198906,1.3862943611198906,0.6931471805599453,1.0,1.0,1.0,1.0,1.0,1.0,7.0,7.0,5.0,0.0,0.0,0.0,2.0,1.0986122886681098,4.0,2.0,1.0986122886681098,1.0,1.0,4.0
SOM,Somalia,ESA,2018,44.3,44.0,51.9,12.8,40.7,,0.523724164751759,498.981065013918,6.212568149167664,509.497273804534,6.2334245019213474,56.16,6.662,50.9506215336872,0.1,38.1938671112932,18.7,27.693,,,,0.87,12.7819252,0.0,0,0,0.0,2.0,0,0.0,1,1,2.0,2.0,3.0,2.0,1.0986122886681098,1.3862943611198906,1.0986122886681098,6.0,7.0,6.0,7.0,3.0,2.0,2.0794415416798357,1.3862943611198906,1.0986122886681098,1.0,1.0,1.0,1.0,1.0,1.0,6.0,7.0,6.0,0.0,0.0,0.0,2.0,1.0986122886681098,4.0,2.0,1.0986122886681098,1.0,1.0,4.0
SOM,Somalia,ESA,2019,44.5,44.3,52.1,12.7,41.7,,0.5460533893789901,494.444039712384,6.203433979264508,539.954816211694,6.291485462375435,56.65,6.56,51.6421170703225,0.1,39.2334053088705,18.828,27.623,,,,0.87,12.99074364,0.0,0,1,0.6931471805599453,3.0,1,0.6931471805599453,1,1,3.0,1.0,2.0,3.0,0.6931471805599453,1.0986122886681098,1.3862943611198906,3.0,6.0,7.0,6.0,7.0,3.0,1.9459101490553132,2.0794415416798357,1.3862943611198906,1.0,1.0,1.0,1.0,1.0,1.0,3.0,6.0,7.0,48.9202598860579,0.0,0.0,2.0,1.0986122886681098,4.0,2.0,1.0986122886681098,1.0,1.0,5.0
SOM,Somalia,ESA,2020,44.8,44.5,52.2,12.7,42.7,,0.5723173221622857,462.867053737278,6.137439871897174,518.16113333875,6.25028626210932,56.5,6.453,52.286318011754,0.1,40.2756265135548,19.414,27.163,,,,,12.79912567,71.97171684779252,0,2,1.0986122886681098,4.0,2,1.0986122886681098,1,1,4.0,0.0,1.0,3.0,0.0,0.6931471805599453,1.3862943611198906,2.0,3.0,7.0,0.0,6.0,3.0,0.0,1.9459101490553132,1.3862943611198906,1.0,1.0,1.0,1.0,1.0,1.0,2.0,3.0,7.0,0.0,48.9202598860579,0.0,2.0,1.0986122886681098,4.0,2.0,1.0986122886681098,1.0,1.0,5.0
SOM,Somalia,ESA,2021,45.2,44.8,52.4,12.6,43.6,,0.597324658116468,461.627830726021,6.134759005243871,549.056994756254,6.308202251706228,55.35,6.353,52.9060649733324,0.1,41.3196817201459,19.662,27.1,,,,,15.01879692,0.0,0,2,1.0986122886681098,4.0,2,1.0986122886681098,1,1,4.0,1.0,0.0,2.0,0.6931471805599453,0.0,1.0986122886681098,3.0,2.0,6.0,1.0,0.0,7.0,0.6931471805599453,0.0,2.0794415416798357,1.0,1.0,1.0,1.0,1.0,1.0,3.0,2.0,6.0,0.0,0.0,0.0,2.0,1.0986122886681098,4.0,2.0,1.0986122886681098,1.0,1.0,5.0
SOM,Somalia,ESA,2022,45.6,45.2,52.6,12.6,44.6,,0.628180579969745,460.046226685238,6.131326977228074,573.141165798229,6.35113204902206,54.67,6.255,53.5010115886789,0.1,42.3649691614571,19.112,27.438,,,,,16.31684875,70.05,0,2,1.0986122886681098,4.0,2,1.0986122886681098,1,1,5.0,2.0,1.0,1.0,1.0986122886681098,0.6931471805599453,0.6931471805599453,4.0,3.0,3.0,2.0,1.0,6.0,1.0986122886681098,0.6931471805599453,1.9459101490553132,1.0,1.0,1.0,1.0,1.0,1.0,4.0,3.0,3.0,71.97171684779252,0.0,48.9202598860579,1.0,0.6931471805599453,3.0,1.0,0.6931471805599453,1.0,1.0,4.0
SOM,Somalia,ESA,2023,46.2,45.6,52.8,,,,,464.72106952561,6.141437375122518,596.885985135589,6.391726115481282,54.37,6.132,54.0714435506882,0.1,43.4108945004739,18.96,27.48,,,,,22.37065506,37.74,0,2,1.0986122886681098,4.0,2,1.0986122886681098,1,1,5.0,2.0,2.0,0.0,1.0986122886681098,1.0986122886681098,0.0,4.0,4.0,2.0,2.0,2.0,0.0,1.0986122886681098,1.0986122886681098,0.0,1.0,1.0,1.0,1.0,1.0,1.0,4.0,4.0,2.0,0.0,71.97171684779252,0.0,,,,,,,,
SOM,Somalia,ESA,2024,,46.2,,,,,,467.269910194458,6.146907056865943,629.538899449007,6.444987645775389,53.28,6.013,54.6176465524521,0.1,44.4568438332571,18.949,27.477,,,,,,0.0,0,2,1.0986122886681098,4.0,2,1.0986122886681098,1,1,5.0,2.0,2.0,1.0,1.0986122886681098,1.0986122886681098,0.6931471805599453,4.0,4.0,3.0,2.0,2.0,1.0,1.0986122886681098,1.0986122886681098,0.6931471805599453,1.0,1.0,1.0,1.0,1.0,1.0,5.0,4.0,3.0,70.05,0.0,0.0,,,,,,,,
SOM,Somalia,ESA,2025,,,,,,,,465.439392877227,6.142981890339946,661.173877723116,6.4940168577906245,,,55.1399062872976,,,18.948,27.433,,,,,,,0,1,0.6931471805599453,3.0,1,0.6931471805599453,1,1,4.0,2.0,2.0,2.0,1.0986122886681098,1.0986122886681098,1.0986122886681098,4.0,4.0,4.0,2.0,2.0,2.0,1.0986122886681098,1.0986122886681098,1.0986122886681098,1.0,1.0,1.0,1.0,1.0,1.0,5.0,5.0,4.0,37.74,70.05,71.97171684779252,,,,,,,,
SSD,South Sudan,ESA,2000,35.0,,43.3,19.6,15.1,,-0.048354635275601326,,,,,344.59,6.803,16.0428540117317,2.4,,12.309,65.212,,,,,,,0,0,0.0,0.0,0,0.0,0,0,0.0,,,,,,,,,,,,,,,,,,,,,,,,,,,,0.0,0.0,0.0,0.0,0.0,0.0,0.0,0.0
SSD,South Sudan,ESA,2001,34.3,35.0,42.8,19.6,15.6,,-0.06708584381196345,,,,,344.91,6.654,16.2559618671544,2.4,,12.278,65.242,,,,,,,0,0,0.0,0.0,0,0.0,0,0,0.0,,,,,,,,,,,,,,,,,,,,,,,,,,,,0.0,0.0,0.0,0.0,0.0,0.0,0.0,0.0
SSD,South Sudan,ESA,2002,33.7,34.3,42.4,19.5,16.2,,-0.08362022510719114,,,,,339.69,6.515,16.447645411794,2.5,,12.235,65.314,,,,,,,0,0,0.0,0.0,0,0.0,0,0,0.0,0.0,,,0.0,,,0.0,,,0.0,,,0.0,,,0.0,,,0.0,,,0.0,,,,,,0.0,0.0,0.0,0.0,0.0,0.0,0.0,0.0
SSD,South Sudan,ESA,2003,33.1,33.7,42.0,19.5,16.8,,-0.09603273253844796,,,,,329.78,6.353,16.6154472307377,2.5,,12.234,65.353,,,,,,,0,0,0.0,0.0,0,0.0,0,0,0.0,0.0,0.0,,0.0,0.0,,0.0,0.0,,0.0,0.0,,0.0,0.0,,0.0,0.0,,0.0,0.0,,0.0,0.0,,,,,0.0,0.0,0.0,0.0,0.0,0.0,0.0,0.0
SSD,South Sudan,ESA,2004,32.5,33.1,41.5,19.4,17.4,,-0.11495669122261959,,,,,315.5,6.19,16.7569099090725,2.5,,12.256,65.309,,,,,,,0,0,0.0,0.0,0,0.0,0,0,0.0,0.0,0.0,,0.0,0.0,,0.0,0.0,,0.0,0.0,,0.0,0.0,,0.0,0.0,,0.0,0.0,,0.0,0.0,,,,,0.0,0.0,0.0,0.0,0.0,0.0,0.0,0.0
SSD,South Sudan,ESA,2005,31.9,32.5,41.0,19.3,18.0,,-0.13388064990679097,,,,,305.86,6.022,16.8695760318857,2.4,,12.266,65.218,,,,,,,0,0,0.0,0.0,0,0.0,0,0,0.0,0.0,0.0,0.0,0.0,0.0,0.0,0.0,0.0,0.0,0.0,0.0,0.0,0.0,0.0,0.0,0.0,0.0,0.0,0.0,0.0,0.0,0.0,0.0,0.0,,,,0.0,0.0,0.0,0.0,0.0,0.0,0.0,0.0
SSD,South Sudan,ESA,2006,31.3,31.9,40.6,19.3,18.6,,-0.1462931573380477,,,,,292.76,5.853,16.9509881842643,2.4,,12.268,65.119,,,,,,,0,0,0.0,0.0,0,0.0,0,0,0.0,0.0,0.0,0.0,0.0,0.0,0.0,0.0,0.0,0.0,0.0,0.0,0.0,0.0,0.0,0.0,0.0,0.0,0.0,0.0,0.0,0.0,0.0,0.0,0.0,,,,0.0,0.0,0.0,0.0,0.0,0.0,0.0,0.0
SSD,South Sudan,ESA,2007,30.8,31.3,40.1,19.2,19.2,,-0.16301470434118176,,,,,274.8,5.704,16.9986889512954,2.3,,12.266,65.016,,,,,,,0,0,0.0,0.0,0,0.0,0,0,0.0,0.0,0.0,0.0,0.0,0.0,0.0,0.0,0.0,0.0,0.0,0.0,0.0,0.0,0.0,0.0,0.0,0.0,0.0,0.0,0.0,0.0,0.0,0.0,0.0,,,,0.0,0.0,0.0,0.0,0.0,0.0,0.0,0.0
SSD,South Sudan,ESA,2008,30.3,30.8,39.6,19.1,19.8,,-0.17973625134431562,2289.18415375563,7.735950768335395,1654.21153546555,7.411079760674158,268.1,5.569,17.0301141193955,2.3,,12.298,64.893,,,,,,,0,0,0.0,0.0,0,0.0,0,0,0.0,0.0,0.0,0.0,0.0,0.0,0.0,0.0,0.0,0.0,0.0,0.0,0.0,0.0,0.0,0.0,0.0,0.0,0.0,0.0,0.0,0.0,0.0,0.0,0.0,,,,0.0,0.0,0.0,0.0,0.0,0.0,0.0,0.0
SSD,South Sudan,ESA,2009,29.8,30.3,39.2,19.0,20.4,,-0.19406822095850582,2293.80166888543,7.7379658374937765,1323.22068747862,7.187823958577848,271.12,5.446,17.2937284639317,2.2,,12.438,64.707,,,,,,,0,0,0.0,0.0,0,0.0,0,0,0.0,0.0,0.0,0.0,0.0,0.0,0.0,0.0,0.0,0.0,0.0,0.0,0.0,0.0,0.0,0.0,0.0,0.0,0.0,0.0,0.0,0.0,0.0,0.0,0.0,,,,0.0,0.0,0.0,0.0,0.0,0.0,0.0,2.0
SSD,South Sudan,ESA,2010,29.5,29.8,38.9,18.9,21.1,,-0.19987907778655342,2295.07026096006,7.738518736823434,1498.27034985194,7.312066621660164,275.62,5.318,17.535620199576,2.2,,12.473,64.561,,,,,,,0,0,0.0,0.0,0,0.0,0,0,0.0,0.0,0.0,0.0,0.0,0.0,0.0,0.0,0.0,0.0,0.0,0.0,0.0,0.0,0.0,0.0,0.0,0.0,0.0,0.0,0.0,0.0,0.0,0.0,0.0,,,,0.0,0.0,0.0,0.0,0.0,0.0,0.0,2.0
SSD,South Sudan,ESA,2011,29.3,29.5,38.7,18.8,21.7,,-0.2028246575797432,2073.23981819145,7.636867792281729,1448.98435006408,7.2786181417544755,281.33,5.193,17.7817678106789,2.1,6.98593579388276,12.585,64.357,,,,,,,0,0,0.0,0.0,0,0.0,0,0,0.0,0.0,0.0,0.0,0.0,0.0,0.0,0.0,0.0,0.0,0.0,0.0,0.0,0.0,0.0,0.0,0.0,0.0,0.0,0.0,0.0,0.0,0.0,0.0,0.0,,,,0.0,0.0,0.0,0.0,0.0,0.0,0.0,2.0
SSD,South Sudan,ESA,2012,29.4,29.3,38.8,18.7,22.3,,-0.1919942701629894,1069.19619080938,6.974662421603517,1109.26050083408,7.01144885682145,278.4,5.061,18.0321885447664,2.1,7.58007556158214,12.803,64.146,,,,,,,0,0,0.0,0.0,0,0.0,0,0,2.0,0.0,0.0,0.0,0.0,0.0,0.0,0.0,0.0,0.0,0.0,0.0,0.0,0.0,0.0,0.0,0.0,0.0,0.0,0.0,0.0,0.0,0.0,0.0,0.0,,,,0.0,0.0,0.0,0.0,0.0,0.0,0.0,2.0
SSD,South Sudan,ESA,2013,29.7,29.4,39.0,18.6,23.0,,-0.1726427699600925,1165.16202707495,7.0606154353635,1650.18943353528,7.408645368507869,276.1,4.939,18.2868996493633,2.0,8.20089254501599,12.665,64.237,,,,,,0.0,0,0,0.0,0.0,0,0.0,0,0,2.0,0.0,0.0,0.0,0.0,0.0,0.0,0.0,0.0,0.0,0.0,0.0,0.0,0.0,0.0,0.0,0.0,0.0,0.0,0.0,0.0,0.0,0.0,0.0,0.0,,,,0.0,0.0,0.0,0.0,0.0,0.0,0.0,3.0
SSD,South Sudan,ESA,2014,30.0,29.7,39.2,18.6,23.7,,-0.14916939589322473,1197.09491969479,7.087653000404688,1242.73450181032,7.125069474014155,271.04,4.818,18.5459183719929,2.0,8.84915620851998,12.561,64.433,,,,,,0.0,0,0,0.0,0.0,0,0.0,0,0,2.0,0.0,0.0,0.0,0.0,0.0,0.0,0.0,0.0,0.0,0.0,0.0,0.0,0.0,0.0,0.0,0.0,0.0,0.0,0.0,0.0,0.0,2.0,0.0,0.0,,,,0.0,0.0,0.0,0.0,0.0,0.0,0.0,2.0
SSD,South Sudan,ESA,2015,30.4,30.0,39.5,18.6,24.5,,-0.11937732072125187,1080.14718624765,6.984852594395143,1080.14718624765,6.984852594395143,269.31,4.695,18.8092619601773,2.0,9.52607939004663,12.464,64.627,,,,,,0.0,0,0,0.0,0.0,0,0.0,0,0,2.0,0.0,0.0,0.0,0.0,0.0,0.0,0.0,0.0,0.0,0.0,0.0,0.0,0.0,0.0,0.0,0.0,0.0,0.0,0.0,0.0,0.0,2.0,2.0,0.0,0.0,,,0.0,0.0,1.0,0.0,0.0,0.0,0.0,3.0
SSD,South Sudan,ESA,2016,30.8,30.4,39.8,18.6,25.3,,-0.08958524554927892,,,,,265.71,4.579,19.0769476614377,1.9,10.2323689883362,12.854,64.468,,,,,,12.98,0,0,0.0,0.0,0,0.0,0,0,3.0,0.0,0.0,0.0,0.0,0.0,0.0,0.0,0.0,0.0,0.0,0.0,0.0,0.0,0.0,0.0,0.0,0.0,0.0,0.0,0.0,0.0,2.0,2.0,0.0,0.0,0.0,,0.0,0.0,1.0,0.0,0.0,0.0,0.0,3.0
SSD,South Sudan,ESA,2017,31.3,30.8,40.1,18.7,26.2,,-0.05174217279717362,,,,,277.3,4.483,19.3489927232944,1.9,10.968942628146,12.983,64.627,65.4,0.0,91.4,,28.05690956,0.0,0,0,0.0,0.0,0,0.0,0,0,2.0,0.0,0.0,0.0,0.0,0.0,0.0,0.0,0.0,0.0,0.0,0.0,0.0,0.0,0.0,0.0,0.0,0.0,0.0,0.0,0.0,0.0,2.0,2.0,2.0,0.0,0.0,,0.0,0.0,1.0,0.0,0.0,0.0,0.0,3.0
SSD,South Sudan,ESA,2018,31.7,31.3,40.5,18.8,26.9,,-0.017165358407409986,,,,,276.3,4.37,19.6254143932663,1.8,11.737005779493,12.853,64.697,63.7,0.0,90.8,,31.12328529,0.0,0,0,0.0,1.0,0,0.0,0,0,3.0,0.0,0.0,0.0,0.0,0.0,0.0,0.0,0.0,0.0,0.0,0.0,0.0,0.0,0.0,0.0,0.0,0.0,0.0,0.0,0.0,0.0,3.0,2.0,2.0,12.98,0.0,0.0,0.0,0.0,1.0,0.0,0.0,0.0,0.0,3.0
SSD,South Sudan,ESA,2019,32.2,31.7,40.7,18.8,27.5,,0.00898612698640907,,,,,285.93,4.26,19.9062299188719,1.8,12.5375975656084,12.656,64.58,63.0,0.0,92.4,,35.18021774,42.3090771496271,0,0,0.0,1.0,0,0.0,0,0,3.0,0.0,0.0,0.0,0.0,0.0,0.0,0.0,0.0,0.0,0.0,0.0,0.0,0.0,0.0,0.0,0.0,0.0,0.0,0.0,0.0,0.0,2.0,3.0,2.0,0.0,12.98,0.0,0.0,0.0,1.0,0.0,0.0,0.0,0.0,3.0
SSD,South Sudan,ESA,2020,32.7,32.2,41.1,18.9,28.1,,0.04403864102208622,,,,,281.6,4.16,20.1914565476286,1.7,13.0864589618101,14.246,62.801,62.3,0.0,92.8,,47.40253067,0.0,0,0,0.0,1.0,0,0.0,0,0,3.0,0.0,0.0,0.0,0.0,0.0,0.0,1.0,0.0,0.0,0.0,0.0,0.0,0.0,0.0,0.0,0.0,0.0,0.0,0.0,0.0,0.0,3.0,2.0,2.0,0.0,0.0,0.0,0.0,0.0,0.0,0.0,0.0,0.0,0.0,2.0
SSD,South Sudan,ESA,2021,33.4,32.7,41.4,18.9,28.7,,0.0769845271669238,,,,,276.82,4.047,20.4811115270532,1.7,13.6458281034803,13.95,63.249,63.2,0.0,93.4,,34.78803635,50.965392455509495,0,0,0.0,1.0,0,0.0,0,0,3.0,0.0,0.0,0.0,0.0,0.0,0.0,1.0,1.0,0.0,0.0,0.0,0.0,0.0,0.0,0.0,0.0,0.0,0.0,0.0,0.0,0.0,3.0,3.0,3.0,42.3090771496271,0.0,12.98,0.0,0.0,0.0,0.0,0.0,0.0,0.0,2.0
SSD,South Sudan,ESA,2022,34.1,33.4,41.8,18.9,29.2,,0.1105932786655814,,,,,274.78,3.964,20.7752121046616,1.6,14.2167630894524,12.475,64.363,63.2,0.0,93.8,,48.03352737,78.41,0,0,0.0,1.0,0,0.0,0,0,3.0,0.0,0.0,0.0,0.0,0.0,0.0,1.0,1.0,0.0,0.0,0.0,0.0,0.0,0.0,0.0,0.0,0.0,0.0,0.0,0.0,0.0,3.0,3.0,2.0,0.0,42.3090771496271,0.0,0.0,0.0,0.0,0.0,0.0,0.0,0.0,2.0
SSD,South Sudan,ESA,2023,35.0,34.1,42.2,,,,,,,,,264.93,3.864,21.0737755279692,1.6,14.3201319980044,12.374,64.325,63.1,0.0,92.6,,72.75582886,80.4,0,0,0.0,0.0,0,0.0,0,0,2.0,0.0,0.0,0.0,0.0,0.0,0.0,1.0,1.0,1.0,0.0,0.0,0.0,0.0,0.0,0.0,0.0,0.0,0.0,0.0,0.0,0.0,3.0,3.0,3.0,50.965392455509495,0.0,0.0,,,,,,,,
SSD,South Sudan,ESA,2024,,35.0,,,,,,,,,,254.08,3.785,21.3768190444906,1.5,14.4282401482886,,,62.9,0.0,95.0,,,92.42,0,0,0.0,0.0,0,0.0,0,0,2.0,0.0,0.0,0.0,0.0,0.0,0.0,1.0,1.0,1.0,0.0,0.0,0.0,0.0,0.0,0.0,0.0,0.0,0.0,0.0,0.0,0.0,3.0,3.0,3.0,78.41,50.965392455509495,42.3090771496271,,,,,,,,
SSD,South Sudan,ESA,2025,,,,,,,,,,,,,,21.6843599017401,,,,,,,93.9,,,,0,0,0.0,0.0,0,0.0,0,0,2.0,0.0,0.0,0.0,0.0,0.0,0.0,0.0,1.0,1.0,0.0,0.0,0.0,0.0,0.0,0.0,0.0,0.0,0.0,0.0,0.0,0.0,2.0,3.0,3.0,80.4,78.41,0.0,,,,,,,,
STP,Sao Tome and Principe,WCA,2000,49.4,,51.0,9.6,24.8,10.1,0.20809378675240742,959.938180991352,6.866868887587772,529.089383412262,6.271157384337884,222.02,5.157,52.9663437052108,,20.7903937086521,14.4,20.703,,,,,49.63587952,,0,0,0.0,1.0,0,0.0,0,1,4.0,,,,,,,,,,,,,,,,,,,,,,,,,,,,0.0,0.0,1.0,0.0,0.0,0.0,1.0,5.0
STP,Sao Tome and Principe,WCA,2001,48.8,49.4,50.4,9.4,25.9,10.1,0.19129193699094077,973.424252100436,6.880820011924033,518.88050130005,6.251673608677971,287.52,5.097,53.9612039920776,,21.9474707249804,15.73,20.321,,,,,47.14751816,,0,0,0.0,1.0,0,0.0,0,1,4.0,,,,,,,,,,,,,,,,,,,,,,,,,,,,0.0,0.0,1.0,0.0,0.0,0.0,1.0,5.0
STP,Sao Tome and Principe,WCA,2002,48.1,48.8,49.8,9.2,27.0,10.2,0.17228767554843671,982.32906557627,6.889926349550073,568.10257252271,6.3423019878448725,337.42,5.062,55.0882710997103,,23.1391737283234,17.63,19.841,,,,,50.61143494,,0,0,0.0,1.0,0,0.0,0,1,5.0,0.0,,,0.0,,,1.0,,,0.0,,,0.0,,,0.0,,,1.0,,,4.0,,,,,,0.0,0.0,1.0,0.0,0.0,0.0,1.0,5.0
STP,Sao Tome and Principe,WCA,2003,47.5,48.1,49.2,9.0,28.2,10.2,0.15721253782209424,1036.86196260207,6.943954087124436,663.696211810494,6.49782453245214,277.32,5.013,56.4128470868097,,24.3386290849609,16.36,20.123,,,,,71.20994568,,0,0,0.0,1.0,0,0.0,0,1,5.0,0.0,0.0,,0.0,0.0,,1.0,1.0,,0.0,0.0,,0.0,0.0,,0.0,0.0,,1.0,1.0,,4.0,4.0,,,,,0.0,0.0,1.0,0.0,0.0,0.0,1.0,5.0
STP,Sao Tome and Principe,WCA,2004,46.9,47.5,48.5,8.8,29.4,10.3,0.13974782270680777,1047.05796134884,6.953739568792738,726.560882130444,6.588322281468101,294.77,4.962,57.8774845467458,,25.5404255353565,16.12,20.163,,,,,71.05591583,,0,0,0.0,1.0,0,0.0,0,1,5.0,0.0,0.0,,0.0,0.0,,1.0,1.0,,0.0,0.0,,0.0,0.0,,0.0,0.0,,1.0,1.0,,5.0,4.0,,,,,0.0,0.0,1.0,0.0,0.0,0.0,1.0,5.0
STP,Sao Tome and Principe,WCA,2005,46.2,46.9,47.8,8.6,30.6,10.3,0.12008069591048388,1089.14778798762,6.993150823539376,844.169181884274,6.738352926977564,112.22,4.939,59.4188016908917,,26.8577839135173,16.47,20.067,,,,,80.13071442,31.603867129400097,0,0,0.0,1.0,0,0.0,0,1,5.0,0.0,0.0,0.0,0.0,0.0,0.0,1.0,1.0,1.0,0.0,0.0,0.0,0.0,0.0,0.0,0.0,0.0,0.0,1.0,1.0,1.0,5.0,5.0,4.0,,,,0.0,0.0,1.0,0.0,0.0,0.0,1.0,5.0
STP,Sao Tome and Principe,WCA,2006,45.6,46.2,47.1,8.4,31.9,10.4,0.10434269283032152,1157.0861446542,7.053660179611482,861.970707697664,6.759221288297046,31.07,4.933,60.9734167306206,,28.1835957707981,16.65,20.017,,,,,57.2040329,,0,0,0.0,1.0,0,0.0,0,1,5.0,0.0,0.0,0.0,0.0,0.0,0.0,1.0,1.0,1.0,0.0,0.0,0.0,0.0,0.0,0.0,0.0,0.0,0.0,1.0,1.0,1.0,5.0,5.0,4.0,,,,0.0,0.0,1.0,0.0,0.0,0.0,1.0,5.0
STP,Sao Tome and Principe,WCA,2007,44.8,45.6,46.4,8.2,33.1,10.4,0.08247315435295988,1170.51612474435,7.0652000627817,878.885791918745,6.778654959685859,14.27,4.957,62.4779478773056,,29.5170578703442,16.021,20.171,,,,,59.71631241,0.0,0,0,0.0,1.0,0,0.0,0,1,5.0,0.0,0.0,0.0,0.0,0.0,0.0,1.0,1.0,1.0,0.0,0.0,0.0,0.0,0.0,0.0,0.0,0.0,0.0,1.0,1.0,1.0,5.0,5.0,5.0,31.603867129400097,,,0.0,0.0,1.0,0.0,0.0,0.0,1.0,6.0
STP,Sao Tome and Principe,WCA,2008,44.0,44.8,45.7,8.0,34.3,10.5,0.06060361587559847,1214.14114724792,7.101792231127865,1081.8684584729,6.986444879440004,36.01,4.906,63.8690133423199,,30.857384929578,15.421,20.323,,,,,64.58831787,0.0,1,0,0.0,1.0,0,0.0,0,1,5.0,0.0,0.0,0.0,0.0,0.0,0.0,1.0,1.0,1.0,0.0,0.0,0.0,0.0,0.0,0.0,0.0,0.0,0.0,1.0,1.0,1.0,5.0,5.0,5.0,,31.603867129400097,,0.0,0.0,2.0,0.0,0.0,0.0,1.0,7.0
STP,Sao Tome and Principe,WCA,2009,43.2,44.0,45.1,7.8,35.4,10.5,0.03939694275205691,1225.60541902997,7.111190220508838,1128.28046213305,7.028450037795811,34.76,4.838,65.0832313370367,,32.2032374350904,15.136,20.396,,,,,64.90551758,0.0,0,0,0.0,1.0,0,0.0,0,1,5.0,0.0,0.0,0.0,0.0,0.0,0.0,1.0,1.0,1.0,0.0,0.0,0.0,0.0,0.0,0.0,0.0,0.0,0.0,1.0,1.0,1.0,5.0,5.0,5.0,0.0,,,1.0,0.6931471805599453,3.0,1.0,0.6931471805599453,1.0,1.0,10.0
STP,Sao Tome and Principe,WCA,2010,42.5,43.2,44.6,7.7,36.5,10.6,0.02690413256246743,1216.3502521663,7.1036100573725856,1045.20958234528,6.951972701558201,17.3,4.769,66.0572200728291,,33.5544418305556,14.628,20.513,,,,,60.94829941,62.71058649806191,0,0,0.0,1.0,0,0.0,0,1,6.0,0.0,0.0,0.0,0.0,0.0,0.0,1.0,1.0,1.0,0.0,0.0,0.0,0.0,0.0,0.0,0.0,0.0,0.0,1.0,1.0,1.0,5.0,5.0,5.0,0.0,0.0,31.603867129400097,2.0,1.0986122886681098,3.0,2.0,1.0986122886681098,1.0,1.0,10.0
STP,Sao Tome and Principe,WCA,2011,41.8,42.5,44.1,7.5,37.6,10.6,0.010289448508907062,1214.96130276731,7.10246750569321,1219.80189089671,7.106443740030617,45.47,4.718,66.7275977610702,,34.9099928554753,14.229,20.594,,,,,69.45979309,0.0,0,0,0.0,2.0,0,0.0,0,1,7.0,0.0,0.0,0.0,0.0,0.0,0.0,1.0,1.0,1.0,0.0,0.0,0.0,0.0,0.0,0.0,0.0,0.0,0.0,1.0,1.0,1.0,5.0,5.0,5.0,0.0,0.0,,2.0,1.0986122886681098,4.0,2.0,1.0986122886681098,1.0,1.0,11.0
STP,Sao Tome and Principe,WCA,2012,41.3,41.8,43.7,7.4,38.7,10.6,0.004591039070336589,1225.6945255615,7.111262921959973,1210.7926479817,7.099030505095515,66.25,4.664,67.0335889448132,,36.2694678517073,13.59,20.748,,,,,86.29039001,0.0,0,1,0.6931471805599453,3.0,1,0.6931471805599453,1,1,10.0,0.0,0.0,0.0,0.0,0.0,0.0,1.0,1.0,1.0,0.0,0.0,0.0,0.0,0.0,0.0,0.0,0.0,0.0,1.0,1.0,1.0,6.0,5.0,5.0,62.71058649806191,0.0,0.0,2.0,1.0986122886681098,4.0,2.0,1.0986122886681098,1.0,1.0,11.0
STP,Sao Tome and Principe,WCA,2013,40.8,41.3,43.4,7.3,39.8,10.7,0.0012822070207095526,1263.70423995281,7.1418025599483785,1382.5757842916,7.231703548741551,47.85,4.584,67.1306686401367,,37.6279828671376,12.476,21.028,,,,,124.59179688,0.0,0,2,1.0986122886681098,3.0,2,1.0986122886681098,1,1,10.0,0.0,0.0,0.0,0.0,0.0,0.0,2.0,1.0,1.0,0.0,0.0,0.0,0.0,0.0,0.0,0.0,0.0,0.0,1.0,1.0,1.0,7.0,6.0,5.0,0.0,62.71058649806191,0.0,2.0,1.0986122886681098,4.0,5.0,1.791759469228055,1.0,1.0,11.0
STP,Sao Tome and Principe,WCA,2014,40.5,40.8,43.3,7.2,41.0,10.8,0.008884065146169434,1301.32146445028,7.171135538267656,1489.67633417608,7.306314149957473,8.91,4.485,67.2606735229492,,38.9858756147002,11.428,21.278,,,,,118.70980835,0.0,0,2,1.0986122886681098,4.0,2,1.0986122886681098,1,1,11.0,1.0,0.0,0.0,0.6931471805599453,0.0,0.0,3.0,2.0,1.0,1.0,0.0,0.0,0.6931471805599453,0.0,0.0,1.0,0.0,0.0,1.0,1.0,1.0,10.0,7.0,5.0,0.0,0.0,0.0,1.0,0.6931471805599453,3.0,4.0,1.6094379124341005,1.0,1.0,11.0
STP,Sao Tome and Principe,WCA,2015,40.2,40.5,43.1,7.1,42.1,10.8,0.012369633847561678,1298.10946596396,7.1686642280408845,1298.10946596396,7.1686642280408845,10.27,4.354,67.3915710449219,,40.3427054934035,10.591,21.458,,,,,85.37828827,59.46,0,2,1.0986122886681098,4.0,2,1.0986122886681098,1,1,11.0,2.0,1.0,0.0,1.0986122886681098,0.6931471805599453,0.0,3.0,3.0,1.0,2.0,1.0,0.0,1.0986122886681098,0.6931471805599453,0.0,1.0,1.0,0.0,1.0,1.0,1.0,10.0,10.0,6.0,0.0,0.0,62.71058649806191,1.0,0.6931471805599453,3.0,1.0,0.6931471805599453,1.0,1.0,11.0
STP,Sao Tome and Principe,WCA,2016,40.0,40.2,42.9,7.0,43.3,10.9,0.019784326265115088,1342.533807689,7.202314008702069,1434.87018050521,7.268829657554485,10.99,4.203,67.5218887329102,,41.6983508891345,9.684,21.631,,,,,109.73142242,65.32835608934694,0,2,1.0986122886681098,4.0,5,1.791759469228055,1,1,11.0,2.0,2.0,0.0,1.0986122886681098,1.0986122886681098,0.0,4.0,3.0,2.0,2.0,2.0,0.0,1.0986122886681098,1.0986122886681098,0.0,1.0,1.0,0.0,1.0,1.0,1.0,11.0,10.0,7.0,0.0,0.0,0.0,1.0,0.6931471805599453,3.0,1.0,0.6931471805599453,1.0,1.0,11.0
STP,Sao Tome and Principe,WCA,2017,39.7,40.0,42.7,7.0,44.4,10.9,0.027391768830478253,1375.59403284199,7.226640940690306,1555.79477812888,7.349741805377325,10.82,4.069,67.6520004272461,,43.0527347494608,8.808,21.777,,,45.0,,117.07767487,0.0,0,1,0.6931471805599453,3.0,4,1.6094379124341005,1,1,11.0,2.0,2.0,1.0,1.0986122886681098,1.0986122886681098,0.6931471805599453,4.0,4.0,3.0,2.0,2.0,1.0,1.0986122886681098,1.0986122886681098,0.6931471805599453,1.0,1.0,1.0,1.0,1.0,1.0,11.0,11.0,10.0,59.46,0.0,0.0,1.0,0.6931471805599453,3.0,1.0,0.6931471805599453,1.0,1.0,11.0
STP,Sao Tome and Principe,WCA,2018,39.5,39.7,42.6,6.9,45.6,11.0,0.03719603863697554,1413.84348618541,7.254067151635171,1825.59971753966,7.5096638243858775,13.97,3.977,67.7828826904297,,44.4058041526004,8.712,21.721,,,44.0,,108.87628937,98.95021563138384,0,1,0.6931471805599453,3.0,1,0.6931471805599453,1,1,11.0,2.0,2.0,2.0,1.0986122886681098,1.0986122886681098,1.0986122886681098,4.0,4.0,3.0,5.0,2.0,2.0,1.791759469228055,1.0986122886681098,1.0986122886681098,1.0,1.0,1.0,1.0,1.0,1.0,11.0,11.0,10.0,65.32835608934694,59.46,0.0,1.0,0.6931471805599453,3.0,1.0,0.6931471805599453,1.0,1.0,11.0
STP,Sao Tome and Principe,WCA,2019,39.4,39.5,42.5,6.9,46.7,11.0,0.05159788195335735,1420.66008316091,7.2588768898836875,1935.2931816596,7.568014109056194,11.47,3.9,67.9129943847656,,45.7575570286583,8.835,21.6,,,44.4,2.91,106.86884308,75.700296060123,0,1,0.6931471805599453,3.0,1,0.6931471805599453,1,1,11.0,1.0,2.0,2.0,0.6931471805599453,1.0986122886681098,1.0986122886681098,3.0,4.0,4.0,4.0,5.0,2.0,1.6094379124341005,1.791759469228055,1.0986122886681098,1.0,1.0,1.0,1.0,1.0,1.0,11.0,11.0,11.0,0.0,65.32835608934694,0.0,1.0,0.6931471805599453,3.0,1.0,0.6931471805599453,1.0,1.0,11.0
STP,Sao Tome and Principe,WCA,2020,39.3,39.4,42.4,6.9,47.7,11.1,0.06427301323461526,1430.84119299096,7.266017797151423,2167.22001796925,7.681200527517286,8.89,3.827,68.0436706542969,,47.1080132831109,9.679,20.885,14.1,0.5999999999999996,45.0,,159.84396362,75.03177081442215,0,1,0.6931471805599453,3.0,1,0.6931471805599453,1,1,11.0,1.0,1.0,2.0,0.6931471805599453,0.6931471805599453,1.0986122886681098,3.0,3.0,4.0,1.0,4.0,2.0,0.6931471805599453,1.6094379124341005,1.0986122886681098,1.0,1.0,1.0,1.0,1.0,1.0,11.0,11.0,11.0,98.95021563138384,0.0,59.46,1.0,0.6931471805599453,3.0,1.0,0.6931471805599453,1.0,1.0,11.0
STP,Sao Tome and Principe,WCA,2021,39.3,39.3,42.4,6.9,48.8,,0.08326684562097836,1428.28676097975,7.264230935750326,2362.58827248102,7.76751302268301,12.25,3.759,68.1738967895508,,48.4573502739393,9.563,21.079,14.1,0.5999999999999996,45.5,,187.06524658,63.49268570817669,0,1,0.6931471805599453,3.0,1,0.6931471805599453,1,1,11.0,1.0,1.0,2.0,0.6931471805599453,0.6931471805599453,1.0986122886681098,3.0,3.0,4.0,1.0,1.0,5.0,0.6931471805599453,0.6931471805599453,1.791759469228055,1.0,1.0,1.0,1.0,1.0,1.0,11.0,11.0,11.0,75.700296060123,98.95021563138384,65.32835608934694,1.0,0.6931471805599453,3.0,1.0,0.6931471805599453,1.0,1.0,11.0
STP,Sao Tome and Principe,WCA,2022,39.4,39.3,42.6,6.8,49.8,,0.10339365856717189,1403.23356704678,7.246534543115421,2389.73729784737,7.778938721665543,17.54,3.695,68.3720919798341,,48.5350542796998,8.964,21.402,14.1,0.5999999999999996,47.1,,139.02836609,63.38,0,1,0.6931471805599453,3.0,1,0.6931471805599453,1,1,11.0,1.0,1.0,1.0,0.6931471805599453,0.6931471805599453,0.6931471805599453,3.0,3.0,3.0,1.0,1.0,4.0,0.6931471805599453,0.6931471805599453,1.6094379124341005,1.0,1.0,1.0,1.0,1.0,1.0,11.0,11.0,11.0,75.03177081442215,75.700296060123,0.0,0.0,0.0,2.0,0.0,0.0,1.0,1.0,10.0
STP,Sao Tome and Principe,WCA,2023,39.7,39.4,42.9,,,,,1380.60169416257,7.230274693389128,2990.6606143535,8.003249583236158,10.17,3.644,68.6043921103568,,48.6086612768342,9.032,21.328,,,48.5,,171.05166626,0.0,0,1,0.6931471805599453,3.0,1,0.6931471805599453,1,1,11.0,1.0,1.0,1.0,0.6931471805599453,0.6931471805599453,0.6931471805599453,3.0,3.0,3.0,1.0,1.0,1.0,0.6931471805599453,0.6931471805599453,0.6931471805599453,1.0,1.0,1.0,1.0,1.0,1.0,11.0,11.0,11.0,63.49268570817669,75.03177081442215,98.95021563138384,,,,,,,,
STP,Sao Tome and Principe,WCA,2024,,39.7,,,,,,1373.27082138436,7.224950634230021,3502.6176807171,8.161265876709423,30.09,3.596,68.8710170184884,,48.6785052753612,9.057,21.272,,,49.1,,,0.0,0,1,0.6931471805599453,3.0,1,0.6931471805599453,1,1,11.0,1.0,1.0,1.0,0.6931471805599453,0.6931471805599453,0.6931471805599453,3.0,3.0,3.0,1.0,1.0,1.0,0.6931471805599453,0.6931471805599453,0.6931471805599453,1.0,1.0,1.0,1.0,1.0,1.0,11.0,11.0,11.0,63.38,63.49268570817669,75.700296060123,,,,,,,,
STP,Sao Tome and Principe,WCA,2025,,,,,,,,1360.14953158233,7.215349922378963,4084.40062145233,8.314930269834033,,,69.1721865415984,,,9.132,21.21,,,51.1,,,,0,0,0.0,2.0,0,0.0,1,1,10.0,1.0,1.0,1.0,0.6931471805599453,0.6931471805599453,0.6931471805599453,3.0,3.0,3.0,1.0,1.0,1.0,0.6931471805599453,0.6931471805599453,0.6931471805599453,1.0,1.0,1.0,1.0,1.0,1.0,11.0,11.0,11.0,0.0,63.38,75.03177081442215,,,,,,,,
SWZ,Eswatini,ESA,2000,30.0,,33.0,3.5,45.5,11.1,-0.5433029238103282,2273.04683761056,7.728876429716158,1629.67038842815,7.3961330576642075,2.7,4.03,22.8409330761997,24.2,50.2519164138463,24.547,40.168,,,,,76.93126678,,0,0,0.0,2.0,0,0.0,0,1,3.0,,,,,,,,,,,,,,,,,,,,,,,,,,,,0.0,0.0,2.0,0.0,0.0,0.0,1.0,3.0
SWZ,Eswatini,ESA,2001,29.1,30.0,32.4,3.4,46.7,11.0,-0.5608634227158126,2283.98316815361,7.733676201288856,1429.85630359447,7.2653292312079225,4.74,3.944,22.7095619136459,25.2,50.7480641733809,25.24,39.646,,,,,75.41345978,,0,0,0.0,2.0,0,0.0,0,1,3.0,,,,,,,,,,,,,,,,,,,,,,,,,,,,0.0,0.0,2.0,0.0,0.0,0.0,1.0,3.0
SWZ,Eswatini,ESA,2002,28.3,29.1,31.9,3.4,48.0,11.0,-0.5679833466522208,2358.56935643468,7.765810509302615,1315.73634647994,7.182151747193492,2.26,3.854,22.5690884303038,25.9,51.2776269086054,25.771,39.235,,,,,74.66481781,,0,0,0.0,2.0,0,0.0,0,1,3.0,0.0,,,0.0,,,2.0,,,0.0,,,0.0,,,0.0,,,1.0,,,3.0,,,,,,0.0,0.0,2.0,0.0,0.0,0.0,1.0,5.0
SWZ,Eswatini,ESA,2003,27.6,28.3,31.5,3.3,49.2,10.9,-0.5763598674177426,2448.83792077995,7.803368872965383,2015.21743065251,7.608482374590369,1.15,3.796,22.4312316968119,26.3,51.8180236273176,26.259,38.872,,,,,131.40959167,0.0,0,0,0.0,2.0,0,0.0,0,1,3.0,0.0,0.0,,0.0,0.0,,2.0,2.0,,0.0,0.0,,0.0,0.0,,0.0,0.0,,1.0,1.0,,3.0,3.0,,,,,0.0,0.0,2.0,0.0,0.0,0.0,1.0,5.0
SWZ,Eswatini,ESA,2004,27.0,27.6,31.1,3.3,50.4,10.9,-0.5784121026382559,2522.14342097167,7.832864382858646,2525.5640452625,7.834219701025287,1.91,3.76,22.3077107838089,26.6,52.3689358798259,26.716,38.544,,,,,175.89544678,0.0,0,0,0.0,2.0,0,0.0,0,1,3.0,0.0,0.0,,0.0,0.0,,2.0,2.0,,0.0,0.0,,0.0,0.0,,0.0,0.0,,1.0,1.0,,3.0,3.0,,,,,0.0,0.0,2.0,0.0,0.0,0.0,1.0,5.0
SWZ,Eswatini,ESA,2005,26.5,27.0,30.7,3.2,51.5,10.8,-0.5841105120768264,2658.75180508187,7.885612045435465,2871.06877437449,7.9624396346842,0.92,3.704,22.2102447619336,26.8,52.9308437622057,27.221,38.206,,,,,217.26066589,70.83658333866121,0,0,0.0,2.0,0,0.0,0,1,5.0,0.0,0.0,0.0,0.0,0.0,0.0,2.0,2.0,2.0,0.0,0.0,0.0,0.0,0.0,0.0,0.0,0.0,0.0,1.0,1.0,1.0,3.0,3.0,3.0,0.0,,,2.0,1.0986122886681098,4.0,2.0,1.0986122886681098,1.0,1.0,7.0
SWZ,Eswatini,ESA,2006,26.0,26.5,30.4,3.2,52.6,10.8,-0.5832974702624825,2823.48728215402,7.94572802481871,2964.95865200682,7.9946183659743255,0.51,3.632,22.1505527018245,27.0,53.5034552326693,27.693,37.897,,,,,237.50752258,80.15486903746157,1,0,0.0,2.0,0,0.0,0,1,5.0,0.0,0.0,0.0,0.0,0.0,0.0,2.0,2.0,2.0,0.0,0.0,0.0,0.0,0.0,0.0,0.0,0.0,0.0,1.0,1.0,1.0,3.0,3.0,3.0,0.0,0.0,,2.0,1.0986122886681098,4.0,2.0,1.0986122886681098,1.0,1.0,7.0
SWZ,Eswatini,ESA,2007,25.5,26.0,30.1,3.2,53.7,10.7,-0.5824844284481383,2928.46845823015,7.9822348548486985,3109.11097608864,8.042092104529013,0.28,3.58,22.139989967508,27.2,54.091290182986,28.24,37.532,,,,,252.24301147,81.28190676099406,0,0,0.0,2.0,0,0.0,0,1,5.0,0.0,0.0,0.0,0.0,0.0,0.0,2.0,2.0,2.0,0.0,0.0,0.0,0.0,0.0,0.0,0.0,0.0,0.0,1.0,1.0,1.0,5.0,3.0,3.0,70.83658333866121,0.0,,2.0,1.0986122886681098,4.0,2.0,1.0986122886681098,1.0,1.0,7.0
SWZ,Eswatini,ESA,2008,25.2,25.5,29.9,3.1,54.8,10.7,-0.5789988597467464,2950.67334362132,7.989788675363347,2946.8606613746,7.988495700104653,0.19,3.567,22.1692008829856,27.5,54.7111665894608,27.891,37.605,,,,,265.72091675,81.66799026181147,0,2,1.0986122886681098,4.0,2,1.0986122886681098,1,1,7.0,0.0,0.0,0.0,0.0,0.0,0.0,2.0,2.0,2.0,0.0,0.0,0.0,0.0,0.0,0.0,0.0,0.0,0.0,1.0,1.0,1.0,5.0,5.0,3.0,80.15486903746157,70.83658333866121,0.0,2.0,1.0986122886681098,4.0,2.0,1.0986122886681098,1.0,1.0,7.0
SWZ,Eswatini,ESA,2009,24.8,25.2,29.6,3.1,56.0,10.7,-0.5742566942162405,2973.83456912379,7.997607499758,3189.79679956637,8.067712494554515,0.34,3.504,22.2343865624794,27.7,55.3293473329565,27.488,37.698,,,,,279.68212891,66.45870013294615,0,2,1.0986122886681098,4.0,2,1.0986122886681098,1,1,7.0,0.0,0.0,0.0,0.0,0.0,0.0,2.0,2.0,2.0,0.0,0.0,0.0,0.0,0.0,0.0,0.0,0.0,0.0,1.0,1.0,1.0,5.0,5.0,3.0,81.28190676099406,80.15486903746157,0.0,2.0,1.0986122886681098,4.0,2.0,1.0986122886681098,1.0,1.0,7.0
SWZ,Eswatini,ESA,2010,24.4,24.8,29.4,3.1,57.1,10.7,-0.5688516633319153,3069.52175725884,8.029277049051858,3922.74039390733,8.274545768620253,0.86,3.375,22.3330792067471,28.0,55.9457205621273,26.856,37.919,,,,,343.04284668,0.0,0,2,1.0986122886681098,4.0,2,1.0986122886681098,1,1,7.0,2.0,0.0,0.0,1.0986122886681098,0.0,0.0,4.0,2.0,2.0,2.0,0.0,0.0,1.0986122886681098,0.0,0.0,1.0,0.0,0.0,1.0,1.0,1.0,7.0,5.0,5.0,81.66799026181147,81.28190676099406,70.83658333866121,3.0,1.3862943611198906,6.0,3.0,1.3862943611198906,1.0,1.0,9.0
SWZ,Eswatini,ESA,2011,24.1,24.4,29.1,3.1,58.3,10.6,-0.5619070861203722,3108.70225253092,8.04196063594246,4225.06049411911,8.348788857823472,1.21,3.317,22.4634753665393,28.4,56.5601896645653,26.105,38.212,,,,,365.25265503,0.0,0,2,1.0986122886681098,4.0,2,1.0986122886681098,1,1,7.0,2.0,2.0,0.0,1.0986122886681098,1.0986122886681098,0.0,4.0,4.0,2.0,2.0,2.0,0.0,1.0986122886681098,1.0986122886681098,0.0,1.0,1.0,0.0,1.0,1.0,1.0,7.0,7.0,5.0,66.45870013294615,81.66799026181147,80.15486903746157,3.0,1.3862943611198906,5.0,3.0,1.3862943611198906,1.0,1.0,8.0
SWZ,Eswatini,ESA,2012,23.8,24.1,28.9,3.0,59.4,10.6,-0.5584215174189798,3218.50138205493,8.076671120902219,4224.54789174487,8.348667526194486,1.3,3.266,22.6237715926065,28.8,57.1723082291424,25.226,38.583,,,,,340.03012085,0.0,0,2,1.0986122886681098,4.0,2,1.0986122886681098,1,1,7.0,2.0,2.0,0.0,1.0986122886681098,1.0986122886681098,0.0,4.0,4.0,2.0,2.0,2.0,0.0,1.0986122886681098,1.0986122886681098,0.0,1.0,1.0,0.0,1.0,1.0,1.0,7.0,7.0,5.0,0.0,66.45870013294615,81.28190676099406,3.0,1.3862943611198906,6.0,3.0,1.3862943611198906,1.0,1.0,9.0
SWZ,Eswatini,ESA,2013,23.7,23.8,28.7,3.0,60.6,10.5,-0.5446825394564179,3332.11983927912,8.11136396881017,3949.94310039907,8.281456452829154,2.3,3.237,22.8121644356992,29.2,57.7849166217817,24.556,38.851,,,,2.02,303.40438843,0.0,0,3,1.3862943611198906,6.0,3,1.3862943611198906,1,1,9.0,2.0,2.0,2.0,1.0986122886681098,1.0986122886681098,1.0986122886681098,4.0,4.0,4.0,2.0,2.0,2.0,1.0986122886681098,1.0986122886681098,1.0986122886681098,1.0,1.0,1.0,1.0,1.0,1.0,7.0,7.0,7.0,0.0,0.0,81.66799026181147,4.0,1.6094379124341005,7.0,7.0,2.0794415416798357,1.0,1.0,11.0
SWZ,Eswatini,ESA,2014,23.7,23.7,28.6,3.0,61.8,10.5,-0.5263515724238745,3381.79292071291,8.126161297753303,3771.07228381938,8.235114665417097,1.22,3.181,23.026850446568,29.4,58.3979502299524,23.931,39.084,,,,,282.43395996,0.0,0,3,1.3862943611198906,5.0,3,1.3862943611198906,1,1,8.0,2.0,2.0,2.0,1.0986122886681098,1.0986122886681098,1.0986122886681098,4.0,4.0,4.0,2.0,2.0,2.0,1.0986122886681098,1.0986122886681098,1.0986122886681098,1.0,1.0,1.0,1.0,1.0,1.0,7.0,7.0,7.0,0.0,0.0,66.45870013294615,4.0,1.6094379124341005,7.0,7.0,2.0794415416798357,1.0,1.0,11.0
SWZ,Eswatini,ESA,2015,23.7,23.7,28.6,3.0,62.9,10.5,-0.5073577400375113,3419.82276559528,8.13734400578844,3419.82276559528,8.13734400578844,0.99,3.122,23.2660261759632,29.3,59.0113147479488,23.431,39.245,,,,,250.71520996,0.0,0,3,1.3862943611198906,6.0,3,1.3862943611198906,1,1,9.0,3.0,2.0,2.0,1.3862943611198906,1.0986122886681098,1.0986122886681098,6.0,4.0,4.0,3.0,2.0,2.0,1.3862943611198906,1.0986122886681098,1.0986122886681098,1.0,1.0,1.0,1.0,1.0,1.0,9.0,7.0,7.0,0.0,0.0,0.0,4.0,1.6094379124341005,7.0,4.0,1.6094379124341005,1.0,1.0,11.0
SWZ,Eswatini,ESA,2016,23.9,23.7,28.6,2.9,64.1,10.4,-0.48635424611792,3500.17688847942,8.160568785765973,3238.17611961364,8.08276552423885,0.78,3.068,23.5278881746356,29.0,59.6244143156364,22.718,39.518,,,,,226.41770935,77.73016107580908,0,4,1.6094379124341005,7.0,7,2.0794415416798357,1,1,11.0,3.0,3.0,2.0,1.3862943611198906,1.3862943611198906,1.0986122886681098,5.0,6.0,4.0,3.0,3.0,2.0,1.3862943611198906,1.3862943611198906,1.0986122886681098,1.0,1.0,1.0,1.0,1.0,1.0,8.0,9.0,7.0,0.0,0.0,0.0,3.0,1.3862943611198906,6.0,3.0,1.3862943611198906,1.0,1.0,9.0
SWZ,Eswatini,ESA,2017,24.2,23.9,28.7,2.9,65.3,10.4,-0.4566368892643763,3596.23605400492,8.18764303693121,3853.09956569679,8.256633185376318,1.36,3.018,23.8052004963161,28.6,60.236840423133,24.543,38.361,,,69.3,,265.50152588,75.44999999999999,0,4,1.6094379124341005,7.0,7,2.0794415416798357,1,1,11.0,3.0,3.0,2.0,1.3862943611198906,1.3862943611198906,1.0986122886681098,6.0,5.0,4.0,3.0,3.0,2.0,1.3862943611198906,1.3862943611198906,1.0986122886681098,1.0,1.0,1.0,1.0,1.0,1.0,9.0,8.0,7.0,0.0,0.0,0.0,3.0,1.3862943611198906,6.0,3.0,1.3862943611198906,1.0,1.0,9.0
SWZ,Eswatini,ESA,2018,24.6,24.2,28.8,2.9,66.5,10.3,-0.42471712072979506,3565.54285067501,8.179071593535255,3972.65450620357,8.287189791601298,2.1,2.971,24.0579295404227,28.1,60.8480464368627,26.471,37.157,,,68.5,,292.33929443,100.0,0,4,1.6094379124341005,7.0,4,1.6094379124341005,1,1,11.0,4.0,3.0,3.0,1.6094379124341005,1.3862943611198906,1.3862943611198906,7.0,6.0,6.0,7.0,3.0,3.0,2.0794415416798357,1.3862943611198906,1.3862943611198906,1.0,1.0,1.0,1.0,1.0,1.0,11.0,9.0,9.0,77.73016107580908,0.0,0.0,2.0,1.0986122886681098,5.0,2.0,1.0986122886681098,1.0,1.0,8.0
SWZ,Eswatini,ESA,2019,25.1,24.6,29.0,2.9,67.6,10.3,-0.38993207516035666,3759.67106964666,8.23208675108026,3913.14577547336,8.272096875662509,0.76,2.925,24.3459549517751,27.6,61.4575194811054,28.222,36.051,,,67.1,,320.05084229,100.0,0,3,1.3862943611198906,6.0,3,1.3862943611198906,1,1,9.0,4.0,4.0,3.0,1.6094379124341005,1.6094379124341005,1.3862943611198906,7.0,7.0,5.0,7.0,7.0,3.0,2.0794415416798357,2.0794415416798357,1.3862943611198906,1.0,1.0,1.0,1.0,1.0,1.0,11.0,11.0,8.0,75.44999999999999,77.73016107580908,0.0,2.0,1.0986122886681098,5.0,2.0,1.0986122886681098,1.0,1.0,8.0
SWZ,Eswatini,ESA,2020,25.7,25.1,29.2,2.9,68.7,10.2,-0.3529446179098805,3609.3669136859,8.191287665777669,3466.56936278145,8.150920727639,0.7,2.888,24.6652798922192,26.9,62.0647533053702,32.978,33.171,14.1,-1.700000000000001,68.1,,236.99609375,0.0,0,3,1.3862943611198906,6.0,3,1.3862943611198906,1,1,9.0,4.0,4.0,3.0,1.6094379124341005,1.6094379124341005,1.3862943611198906,7.0,7.0,6.0,4.0,7.0,3.0,1.6094379124341005,2.0794415416798357,1.3862943611198906,1.0,1.0,1.0,1.0,1.0,1.0,11.0,11.0,9.0,100.0,75.44999999999999,0.0,2.0,1.0986122886681098,5.0,2.0,1.0986122886681098,1.0,1.0,8.0
SWZ,Eswatini,ESA,2021,26.5,25.7,29.4,2.9,69.7,,-0.31327904933245343,3719.03838239806,8.221220414495114,3984.00229174306,8.290042193941035,1.49,2.841,25.0156180525173,26.1,62.6692355268683,34.153,32.716,15.6,-1.0999999999999996,67.7,,297.72213745,0.0,0,2,1.0986122886681098,5.0,2,1.0986122886681098,1,1,8.0,3.0,4.0,4.0,1.3862943611198906,1.6094379124341005,1.6094379124341005,6.0,7.0,7.0,3.0,4.0,7.0,1.3862943611198906,1.6094379124341005,2.0794415416798357,1.0,1.0,1.0,1.0,1.0,1.0,9.0,11.0,11.0,100.0,100.0,77.73016107580908,2.0,1.0986122886681098,5.0,2.0,1.0986122886681098,1.0,1.0,8.0
SWZ,Eswatini,ESA,2022,27.3,26.5,29.7,2.9,70.6,,-0.27295061540120646,3695.64957179548,8.214911615440656,3894.1620089869,8.267233789839906,0.63,2.801,25.396682918542,25.2,63.2702587161203,36.472,32.04,18.6,-0.5999999999999979,68.6,,284.75802612,0.0,0,2,1.0986122886681098,5.0,2,1.0986122886681098,1,1,8.0,3.0,3.0,4.0,1.3862943611198906,1.3862943611198906,1.6094379124341005,6.0,6.0,7.0,3.0,3.0,7.0,1.3862943611198906,1.3862943611198906,2.0794415416798357,1.0,1.0,1.0,1.0,1.0,1.0,9.0,9.0,11.0,0.0,100.0,75.44999999999999,2.0,1.0986122886681098,5.0,2.0,1.0986122886681098,1.0,1.0,8.0
SWZ,Eswatini,ESA,2023,28.3,27.3,30.1,,,,,3790.16576788091,8.240165035347136,3755.52111232464,8.23098233281833,1.73,2.753,25.8081878500755,24.3,63.8676533294277,34.61,33.494,22.2,2.1999999999999993,69.5,,296.04562378,100.0,0,2,1.0986122886681098,5.0,2,1.0986122886681098,1,1,8.0,2.0,3.0,4.0,1.0986122886681098,1.3862943611198906,1.6094379124341005,5.0,6.0,7.0,2.0,3.0,4.0,1.0986122886681098,1.3862943611198906,1.6094379124341005,1.0,1.0,1.0,1.0,1.0,1.0,8.0,9.0,11.0,0.0,0.0,100.0,,,,,,,,
SWZ,Eswatini,ESA,2024,,28.3,,,,,,3866.37127926695,8.2600716922152,3909.55892378182,8.271179839399274,0.55,2.718,26.2498461258639,23.4,64.4605026249554,34.643,33.464,25.0,4.300000000000001,69.1,,,77.14,0,2,1.0986122886681098,5.0,2,1.0986122886681098,1,1,8.0,2.0,2.0,3.0,1.0986122886681098,1.0986122886681098,1.3862943611198906,5.0,5.0,6.0,2.0,2.0,3.0,1.0986122886681098,1.0986122886681098,1.3862943611198906,1.0,1.0,1.0,1.0,1.0,1.0,8.0,8.0,9.0,0.0,0.0,100.0,,,,,,,,
SWZ,Eswatini,ESA,2025,,,,,,,,3985.70411891032,8.29046926793986,4108.25221093363,8.320752964230458,,,26.7213709706525,,,34.202,33.683,,,68.1,,,,0,2,1.0986122886681098,5.0,2,1.0986122886681098,1,1,8.0,2.0,2.0,3.0,1.0986122886681098,1.0986122886681098,1.3862943611198906,5.0,5.0,6.0,2.0,2.0,3.0,1.0986122886681098,1.0986122886681098,1.3862943611198906,1.0,1.0,1.0,1.0,1.0,1.0,8.0,8.0,9.0,100.0,0.0,0.0,,,,,,,,
SYC,Seychelles,ESA,2000,24.8,,32.5,5.8,55.0,12.0,-0.4109354759608963,11703.7535246117,9.367664883405393,8063.65500575169,8.995122207371132,,2.08,43.3974230710038,,95.4940997507991,,,,,,,340.23703003,,0,0,0.0,0.0,0,0.0,0,0,1.0,,,,,,,,,,,,,,,,,,,,,,,,,,,,0.0,0.0,0.0,0.0,0.0,0.0,0.0,1.0
SYC,Seychelles,ESA,2001,24.3,24.8,32.0,5.6,56.1,12.1,-0.42314533665238163,11427.9413083015,9.343816627557068,8153.2986369879,9.006177865084183,,1.98,43.2172985855685,,95.6912191218088,,,,,,,334.48275757,,0,0,0.0,0.0,0,0.0,0,0,1.0,,,,,,,,,,,,,,,,,,,,,,,,,,,,0.0,0.0,0.0,0.0,0.0,0.0,0.0,1.0
SYC,Seychelles,ESA,2002,23.9,24.3,31.5,5.4,57.1,12.2,-0.4348794976979532,11218.2606464315,9.325298144459754,8864.16919495467,9.089772496683354,,2.04,43.0948464521927,,95.8883384928185,,,,,,,340.82293701,,0,0,0.0,0.0,0,0.0,0,0,1.0,0.0,,,0.0,,,0.0,,,0.0,,,0.0,,,0.0,,,0.0,,,1.0,,,,,,0.0,0.0,0.0,0.0,0.0,0.0,0.0,1.0
SYC,Seychelles,ESA,2003,23.5,23.9,31.0,5.1,58.2,12.2,-0.4490088205723716,10677.9692081272,9.275937945381802,9070.28460757013,9.112758921621296,,2.06,43.0049328648162,,96.0854578638281,,,,,,4.81,394.09664917,,0,0,0.0,0.0,0,0.0,0,0,1.0,0.0,0.0,,0.0,0.0,,0.0,0.0,,0.0,0.0,,0.0,0.0,,0.0,0.0,,0.0,0.0,,1.0,1.0,,,,,0.0,0.0,0.0,0.0,0.0,0.0,0.0,2.0
SYC,Seychelles,ESA,2004,23.2,23.5,30.6,4.9,59.3,12.2,-0.45442428051283806,10412.0868936027,9.250722611604287,10827.671636033,9.289860324824883,,2.01,42.9237756892027,,96.2825772348378,,,,,,4.72,444.24789429,,0,0,0.0,0.0,0,0.0,0,0,1.0,0.0,0.0,,0.0,0.0,,0.0,0.0,,0.0,0.0,,0.0,0.0,,0.0,0.0,,0.0,0.0,,1.0,1.0,,,,,0.0,0.0,0.0,0.0,0.0,0.0,0.0,2.0
SYC,Seychelles,ESA,2005,22.9,23.2,30.1,4.7,60.3,12.2,-0.46395602987737217,11297.3118190493,9.332320084280083,11802.1118276833,9.376033762888552,,2.2,42.8510349075107,,96.4796966058475,,,,,,4.58,457.77093506,,0,0,0.0,0.0,0,0.0,0,0,1.0,0.0,0.0,0.0,0.0,0.0,0.0,0.0,0.0,0.0,0.0,0.0,0.0,0.0,0.0,0.0,0.0,0.0,0.0,0.0,0.0,0.0,1.0,1.0,1.0,,,,0.0,0.0,0.0,0.0,0.0,0.0,0.0,3.0
SYC,Seychelles,ESA,2006,22.5,22.9,29.6,4.5,61.3,12.2,-0.47569019092294373,12105.4475265558,9.401410839077519,12782.9938926475,9.455870964396453,,2.11,42.7880431397027,,96.6768159768572,,,,,,4.61,487.17950439,,0,0,0.0,0.0,0,0.0,0,0,2.0,0.0,0.0,0.0,0.0,0.0,0.0,0.0,0.0,0.0,0.0,0.0,0.0,0.0,0.0,0.0,0.0,0.0,0.0,0.0,0.0,0.0,1.0,1.0,1.0,,,,0.0,0.0,0.0,7.0,2.0794415416798357,0.0,1.0,4.0
SYC,Seychelles,ESA,2007,22.1,22.5,29.1,4.3,62.1,12.2,-0.49087777603876304,13112.8210098816,9.481345733616072,12669.3026687222,9.44693723381492,,2.24,42.7361330057413,,96.8739353478668,,,,,,4.38,428.61749268,,0,0,0.0,0.0,0,0.0,0,0,2.0,0.0,0.0,0.0,0.0,0.0,0.0,0.0,0.0,0.0,0.0,0.0,0.0,0.0,0.0,0.0,0.0,0.0,0.0,0.0,0.0,0.0,1.0,1.0,1.0,,,,0.0,0.0,0.0,7.0,2.0794415416798357,0.0,1.0,5.0
SYC,Seychelles,ESA,2008,21.8,22.1,28.7,4.1,62.9,12.2,-0.5014733720846012,12473.2921769121,9.431345011601783,11265.4376270005,9.329494700491749,,2.33,42.696637125589,,97.0710547188765,,,,,,3.68,367.36502075,,0,0,0.0,0.0,0,0.0,0,0,3.0,0.0,0.0,0.0,0.0,0.0,0.0,0.0,0.0,0.0,0.0,0.0,0.0,0.0,0.0,0.0,0.0,0.0,0.0,0.0,0.0,0.0,2.0,1.0,1.0,,,,0.0,0.0,0.0,0.0,0.0,0.0,1.0,5.0
SYC,Seychelles,ESA,2009,21.6,21.8,28.3,4.0,63.7,12.3,-0.5057446825854309,12116.3783687977,9.402313400513735,9747.09180546291,9.184724243135872,,2.38,42.6708881192085,,97.2681740898861,,,,,,3.51,310.96310425,,0,0,0.0,0.0,7,2.0794415416798357,0,1,4.0,0.0,0.0,0.0,0.0,0.0,0.0,0.0,0.0,0.0,0.0,0.0,0.0,0.0,0.0,0.0,0.0,0.0,0.0,0.0,0.0,0.0,2.0,2.0,1.0,,,,0.0,0.0,0.0,0.0,0.0,0.0,1.0,5.0
SYC,Seychelles,ESA,2010,21.5,21.6,28.1,3.8,64.4,12.3,-0.5088830125264302,12313.5566919249,9.418456104492195,10934.79494629,9.29970518088109,,2.13,42.660307244583,,97.4652934608958,,,,,,3.47,449.52416992,,0,0,0.0,0.0,7,2.0794415416798357,0,1,5.0,0.0,0.0,0.0,0.0,0.0,0.0,0.0,0.0,0.0,0.0,0.0,0.0,0.0,0.0,0.0,0.0,0.0,0.0,0.0,0.0,0.0,3.0,2.0,1.0,,,,0.0,0.0,0.0,0.0,0.0,0.0,1.0,6.0
SYC,Seychelles,ESA,2011,21.5,21.5,27.8,3.6,65.1,12.3,-0.5122085081753359,13843.7116081878,9.535586373000246,12110.0937461973,9.401794577739082,,2.3,42.6739844860866,,97.6624128319055,,,,,,3.25,457.16436768,,0,0,0.0,0.0,0,0.0,0,1,5.0,0.0,0.0,0.0,0.0,0.0,0.0,0.0,0.0,0.0,7.0,0.0,0.0,2.0794415416798357,0.0,0.0,0.0,0.0,0.0,1.0,0.0,0.0,4.0,3.0,2.0,,,,0.0,0.0,0.0,0.0,0.0,0.0,1.0,7.0
SYC,Seychelles,ESA,2012,21.5,21.5,27.6,3.5,65.7,12.3,-0.5107492646064506,14135.0010570653,9.556409344911225,12337.1554669388,9.420370757673089,,2.32,42.7261758463169,,97.8595322029151,,,,,,3.08,562.99871826,,0,0,0.0,0.0,0,0.0,0,1,5.0,0.0,0.0,0.0,0.0,0.0,0.0,0.0,0.0,0.0,7.0,7.0,0.0,2.0794415416798357,2.0794415416798357,0.0,0.0,0.0,0.0,1.0,1.0,0.0,5.0,4.0,2.0,,,,0.0,0.0,0.0,0.0,0.0,0.0,1.0,8.0
SYC,Seychelles,ESA,2013,21.6,21.5,27.4,3.4,66.4,12.4,-0.5053608973214041,14050.3135581314,9.55039999181759,14821.2921476077,9.603820084496512,,2.21,42.815069634181,,98.0566515739248,,,,,,2.96,545.24871826,,0,0,0.0,0.0,0,0.0,0,1,6.0,0.0,0.0,0.0,0.0,0.0,0.0,0.0,0.0,0.0,0.0,7.0,0.0,0.0,2.0794415416798357,0.0,0.0,0.0,0.0,1.0,1.0,0.0,5.0,5.0,3.0,,,,0.0,0.0,0.0,7.0,2.0794415416798357,0.0,1.0,9.0
SYC,Seychelles,ESA,2014,21.8,21.6,27.3,3.2,67.0,12.4,-0.5012291268654709,14395.6158118771,9.57467898169896,15188.1902175113,9.628273445470745,,2.19,42.9386256186342,,98.2537709449345,,,,,,2.89,588.18261719,,0,0,0.0,0.0,0,0.0,0,1,7.0,0.0,0.0,0.0,0.0,0.0,0.0,0.0,0.0,0.0,0.0,0.0,7.0,0.0,0.0,2.0794415416798357,0.0,0.0,0.0,1.0,1.0,1.0,5.0,5.0,4.0,,,,0.0,0.0,0.0,7.0,2.0794415416798357,0.0,1.0,9.0
SYC,Seychelles,ESA,2015,22.1,21.8,27.2,3.1,67.6,12.4,-0.49077307086452937,15333.1051727105,9.637769506651795,15333.1051727105,9.637769506651795,,2.26,43.094803568632,,98.4508903159442,,,3.2,0.0,,2.82,566.96704102,,0,0,0.0,0.0,0,0.0,0,1,8.0,0.0,0.0,0.0,0.0,0.0,0.0,0.0,0.0,0.0,0.0,0.0,7.0,0.0,0.0,2.0794415416798357,0.0,0.0,0.0,1.0,1.0,1.0,6.0,5.0,5.0,,,,0.0,0.0,0.0,0.0,0.0,0.0,1.0,9.0
SYC,Seychelles,ESA,2016,22.5,22.1,27.1,3.0,68.2,12.4,-0.47811460318255017,16962.6753972731,9.738770644385793,16566.9946042294,9.715167718244599,,2.33,43.2815632531296,,98.6480096869539,,,3.2,0.0,,2.75,673.19622803,,0,0,0.0,0.0,7,2.0794415416798357,0,1,9.0,0.0,0.0,0.0,0.0,0.0,0.0,0.0,0.0,0.0,0.0,0.0,0.0,0.0,0.0,0.0,0.0,0.0,0.0,1.0,1.0,1.0,7.0,6.0,5.0,,,,0.0,0.0,0.0,0.0,0.0,0.0,1.0,11.0
SYC,Seychelles,ESA,2017,22.7,22.5,27.0,2.9,68.8,12.4,-0.4698609588626462,17921.5731976918,9.793760472725365,17480.3651911372,9.76883354093278,,2.34,43.4968644410824,,98.8451290579635,,,3.2,0.0,46.5,2.69,667.09515381,,0,0,0.0,0.0,7,2.0794415416798357,0,1,9.0,0.0,0.0,0.0,0.0,0.0,0.0,0.0,0.0,0.0,0.0,0.0,0.0,0.0,0.0,0.0,0.0,0.0,0.0,1.0,1.0,1.0,8.0,7.0,5.0,,,,0.0,0.0,0.0,0.0,0.0,0.0,1.0,11.0
SYC,Seychelles,ESA,2018,23.1,22.7,26.9,2.8,69.5,12.4,-0.4554757791455434,18628.1862276696,9.832431101243063,18440.2340460932,9.822290189334442,,2.34,43.7386669014459,,98.8746286644801,,,,,45.0,2.9,685.10827637,,0,0,0.0,0.0,0,0.0,0,1,9.0,0.0,0.0,0.0,0.0,0.0,0.0,0.0,0.0,0.0,7.0,0.0,0.0,2.0794415416798357,0.0,0.0,0.0,0.0,0.0,1.0,1.0,1.0,9.0,8.0,6.0,,,,0.0,0.0,0.0,0.0,0.0,0.0,1.0,11.0
SYC,Seychelles,ESA,2019,23.4,23.1,26.8,2.7,70.1,12.5,-0.4450197231446018,19481.6461053742,9.877228075955676,19141.5118743615,9.859614652188395,,2.31,44.0049304031754,,98.885830584073,,,,,44.7,2.88,675.47839355,,0,0,0.0,0.0,0,0.0,0,1,11.0,0.0,0.0,0.0,0.0,0.0,0.0,0.0,0.0,0.0,7.0,7.0,0.0,2.0794415416798357,2.0794415416798357,0.0,0.0,0.0,0.0,1.0,1.0,1.0,9.0,9.0,7.0,,,,1.0,0.6931471805599453,1.0,1.0,0.6931471805599453,1.0,1.0,12.0
SYC,Seychelles,ESA,2020,23.9,23.4,26.8,2.6,70.7,12.5,-0.4277692663926411,17048.361729788,9.743809391865643,14041.4754074575,9.549770758059902,,2.2,44.2936147152263,,98.8969906145227,,,,,45.5,2.8,670.88684082,,0,0,0.0,0.0,0,0.0,0,1,11.0,0.0,0.0,0.0,0.0,0.0,0.0,0.0,0.0,0.0,0.0,7.0,0.0,0.0,2.0794415416798357,0.0,0.0,0.0,0.0,1.0,1.0,1.0,9.0,9.0,8.0,,,,1.0,0.6931471805599453,1.0,1.0,0.6931471805599453,1.0,1.0,12.0
SYC,Seychelles,ESA,2021,24.5,23.9,26.9,2.5,71.3,,-0.4059268205706995,17005.0422063679,9.74126517943574,14982.9111487767,9.614665573889853,,2.38,44.6026796065539,,98.8985665517452,,,,,40.2,2.74,629.85974121,,0,0,0.0,0.0,0,0.0,0,1,11.0,0.0,0.0,0.0,0.0,0.0,0.0,0.0,0.0,0.0,0.0,0.0,7.0,0.0,0.0,2.0794415416798357,0.0,0.0,0.0,1.0,1.0,1.0,11.0,9.0,9.0,,,,1.0,0.6931471805599453,1.0,1.0,0.6931471805599453,1.0,1.0,12.0
SYC,Seychelles,ESA,2022,25.1,24.5,27.0,2.5,71.9,,-0.37996250088478656,15471.2109575418,9.646736218302001,16682.6990711785,9.722127477640987,,2.2,44.9108209981157,,99.7,,,,,51.2,2.68,707.34448242,,0,1,0.6931471805599453,1.0,1,0.6931471805599453,1,1,12.0,0.0,0.0,0.0,0.0,0.0,0.0,0.0,0.0,0.0,0.0,0.0,7.0,0.0,0.0,2.0794415416798357,0.0,0.0,0.0,1.0,1.0,1.0,11.0,11.0,9.0,,,,1.0,0.6931471805599453,1.0,1.0,0.6931471805599453,1.0,1.0,12.0
SYC,Seychelles,ESA,2023,25.8,25.1,27.2,,,,,16286.8557867673,9.6981136680349,18130.5297135548,9.805352520837506,,2.18,45.0971081321658,,99.7,,,,,51.2,2.63,766.28778076,,0,1,0.6931471805599453,1.0,1,0.6931471805599453,1,1,12.0,0.0,0.0,0.0,0.0,0.0,0.0,0.0,0.0,0.0,0.0,0.0,0.0,0.0,0.0,0.0,0.0,0.0,0.0,1.0,1.0,1.0,11.0,11.0,9.0,,,,,,,,,,,
SYC,Seychelles,ESA,2024,,25.8,,,,,,16612.6374865452,9.71791897907726,18364.5259678223,9.818176146203912,,1.85,45.2898622460415,,99.7,,,,,45.2,,,,0,1,0.6931471805599453,1.0,1,0.6931471805599453,1,1,12.0,1.0,0.0,0.0,0.6931471805599453,0.0,0.0,1.0,0.0,0.0,1.0,0.0,0.0,0.6931471805599453,0.0,0.0,1.0,0.0,0.0,1.0,1.0,1.0,12.0,11.0,11.0,,,,,,,,,,,
SYC,Seychelles,ESA,2025,,,,,,,,17378.7777801503,9.763005072995044,19449.3836346926,9.875570658811434,,,45.4828390704609,,,,,,,43.3,,,,0,1,0.6931471805599453,1.0,1,0.6931471805599453,1,1,12.0,1.0,1.0,0.0,0.6931471805599453,0.6931471805599453,0.0,1.0,1.0,0.0,1.0,1.0,0.0,0.6931471805599453,0.6931471805599453,0.0,1.0,1.0,0.0,1.0,1.0,1.0,12.0,12.0,11.0,,,,,,,,,,,
TCD,Chad,WCA,2000,57.1,,61.2,21.4,7.5,,0.8090763137366905,530.600331266396,6.274009066027598,163.121663683369,5.094496325352057,272.13,7.249,21.6527690760484,2.4,9.69267435850219,0.796,68.532,,,,,10.07452297,,0,1,0.6931471805599453,3.0,1,0.6931471805599453,1,1,3.0,,,,,,,,,,,,,,,,,,,,,,,,,,,,1.0,0.6931471805599453,3.0,1.0,0.6931471805599453,1.0,1.0,3.0
TCD,Chad,WCA,2001,56.7,57.1,61.0,21.1,8.0,,0.7917554508183595,572.806706826392,6.350548324422846,194.32295331156,5.269521482764716,276.62,7.231,21.6780982595188,2.4,9.7751135418566,0.792,68.063,,,,,11.64042854,,0,1,0.6931471805599453,3.0,1,0.6931471805599453,1,1,3.0,,,,,,,,,,,,,,,,,,,,,,,,,,,,1.0,0.6931471805599453,3.0,1.0,0.6931471805599453,1.0,1.0,3.0
TCD,Chad,WCA,2002,56.3,56.7,60.7,20.9,8.5,,0.7761668843750558,600.171451974963,6.397215367688055,219.061391951349,5.389352019076768,243.18,7.201,21.7007762031515,2.3,9.85770983495689,0.769,67.603,,,,,18.01737785,,0,1,0.6931471805599453,3.0,1,0.6931471805599453,1,1,3.0,1.0,,,0.6931471805599453,,,3.0,,,1.0,,,0.6931471805599453,,,1.0,,,1.0,,,3.0,,,,,,1.0,0.6931471805599453,3.0,1.0,0.6931471805599453,1.0,1.0,3.0
TCD,Chad,WCA,2003,55.9,56.3,60.4,20.6,9.0,,0.7564564440677812,661.55691667897,6.49459602169636,289.087621122168,5.666729829434396,240.34,7.179,21.7207031172239,2.2,9.94081082830359,0.725,67.152,,,,,18.0202446,1.0498777475689498,0,1,0.6931471805599453,3.0,1,0.6931471805599453,1,1,3.0,1.0,1.0,,0.6931471805599453,0.6931471805599453,,3.0,3.0,,1.0,1.0,,0.6931471805599453,0.6931471805599453,,1.0,1.0,,1.0,1.0,,3.0,3.0,,,,,1.0,0.6931471805599453,3.0,1.0,0.6931471805599453,1.0,1.0,3.0
TCD,Chad,WCA,2004,55.5,55.9,60.1,20.4,9.5,,0.7408678776244775,845.518131165737,6.739949612420639,445.850767157087,6.099984293241261,237.39,7.16,21.7377792120134,2.2,10.0242446229249,0.672,66.703,,,,,27.74994278,0.0,0,1,0.6931471805599453,3.0,1,0.6931471805599453,1,1,3.0,1.0,1.0,,0.6931471805599453,0.6931471805599453,,3.0,3.0,,1.0,1.0,,0.6931471805599453,0.6931471805599453,,1.0,1.0,,1.0,1.0,,3.0,3.0,,,,,1.0,0.6931471805599453,3.0,1.0,0.6931471805599453,1.0,1.0,3.0
TCD,Chad,WCA,2005,55.0,55.5,59.6,20.1,10.0,,0.7141758708582779,952.871910087319,6.859480487577029,838.092107712557,6.7311280081801455,241.27,7.134,21.7519046977973,2.1,10.1080110721991,0.663,66.221,,,,,31.27608871,0.0,0,1,0.6931471805599453,3.0,1,0.6931471805599453,1,1,3.0,1.0,1.0,1.0,0.6931471805599453,0.6931471805599453,0.6931471805599453,3.0,3.0,3.0,1.0,1.0,1.0,0.6931471805599453,0.6931471805599453,0.6931471805599453,1.0,1.0,1.0,1.0,1.0,1.0,3.0,3.0,3.0,1.0498777475689498,,,1.0,0.6931471805599453,3.0,1.0,0.6931471805599453,1.0,1.0,3.0
TCD,Chad,WCA,2006,54.4,55.0,59.2,19.8,10.5,,0.6876710297999844,914.21066458867,6.8180610313171,906.897260572747,6.810029169799216,242.2,7.118,21.7629797848529,2.0,10.1921113947544,0.716,65.694,,,,,33.8651123,0.615744480818328,0,1,0.6931471805599453,3.0,1,0.6931471805599453,1,1,3.0,1.0,1.0,1.0,0.6931471805599453,0.6931471805599453,0.6931471805599453,3.0,3.0,3.0,1.0,1.0,1.0,0.6931471805599453,0.6931471805599453,0.6931471805599453,1.0,1.0,1.0,1.0,1.0,1.0,3.0,3.0,3.0,0.0,1.0498777475689498,,1.0,0.6931471805599453,3.0,1.0,0.6931471805599453,1.0,1.0,4.0
TCD,Chad,WCA,2007,53.9,54.4,58.7,19.5,11.0,,0.6609790230337846,920.35281567764,6.82475709182934,980.483531485103,6.888045849457715,236.14,7.092,21.7709046834576,1.9,10.2767459840374,0.839,65.118,,,,,34.0423584,0.0,0,1,0.6931471805599453,3.0,1,0.6931471805599453,1,1,3.0,1.0,1.0,1.0,0.6931471805599453,0.6931471805599453,0.6931471805599453,3.0,3.0,3.0,1.0,1.0,1.0,0.6931471805599453,0.6931471805599453,0.6931471805599453,1.0,1.0,1.0,1.0,1.0,1.0,3.0,3.0,3.0,0.0,0.0,,1.0,0.6931471805599453,3.0,1.0,0.6931471805599453,1.0,1.0,4.0
TCD,Chad,WCA,2008,53.2,53.9,58.3,19.2,11.5,,0.6322717702944536,916.08727463451,6.8201116381207445,1166.36883453841,7.0616506415373514,237.86,7.063,21.7755796038887,1.8,10.3615175647599,0.922,64.566,,,,,36.89921951,0.0,0,1,0.6931471805599453,3.0,1,0.6931471805599453,1,1,3.0,1.0,1.0,1.0,0.6931471805599453,0.6931471805599453,0.6931471805599453,3.0,3.0,3.0,1.0,1.0,1.0,0.6931471805599453,0.6931471805599453,0.6931471805599453,1.0,1.0,1.0,1.0,1.0,1.0,3.0,3.0,3.0,0.615744480818328,0.0,1.0498777475689498,1.0,0.6931471805599453,3.0,1.0,0.6931471805599453,1.0,1.0,4.0
TCD,Chad,WCA,2009,52.6,53.2,57.9,18.9,11.9,,0.6040402172010363,871.485311278207,6.770199010289301,1035.63719694254,6.94277216548508,245.1,7.021,21.7784396568755,1.8,10.4835847980319,0.943,64.051,,,,,34.82435226,0.0,0,1,0.6931471805599453,3.0,1,0.6931471805599453,1,1,4.0,1.0,1.0,1.0,0.6931471805599453,0.6931471805599453,0.6931471805599453,3.0,3.0,3.0,1.0,1.0,1.0,0.6931471805599453,0.6931471805599453,0.6931471805599453,1.0,1.0,1.0,1.0,1.0,1.0,3.0,3.0,3.0,0.0,0.615744480818328,0.0,1.0,0.6931471805599453,3.0,1.0,0.6931471805599453,1.0,1.0,4.0
TCD,Chad,WCA,2010,52.0,52.6,57.5,18.6,12.4,,0.5775353761427429,956.953018707396,6.863754297988115,1141.80069268412,7.04036185018974,244.66,6.99,21.8472378191095,1.7,10.6144013332631,0.911,63.568,,,,,35.26005936,0.0,0,1,0.6931471805599453,3.0,1,0.6931471805599453,1,1,4.0,1.0,1.0,1.0,0.6931471805599453,0.6931471805599453,0.6931471805599453,3.0,3.0,3.0,1.0,1.0,1.0,0.6931471805599453,0.6931471805599453,0.6931471805599453,1.0,1.0,1.0,1.0,1.0,1.0,3.0,3.0,3.0,0.0,0.0,0.0,2.0,1.0986122886681098,3.0,2.0,1.0986122886681098,1.0,1.0,3.0
TCD,Chad,WCA,2011,51.0,52.0,56.6,18.4,12.8,,0.5326681632444272,965.286963559567,6.872425428697144,1308.1421872538,7.17636323196062,228.36,6.948,21.9558736797638,1.7,10.7545443393763,0.92,63.055,,,,,37.35868073,0.0,0,1,0.6931471805599453,3.0,1,0.6931471805599453,1,1,4.0,1.0,1.0,1.0,0.6931471805599453,0.6931471805599453,0.6931471805599453,3.0,3.0,3.0,1.0,1.0,1.0,0.6931471805599453,0.6931471805599453,0.6931471805599453,1.0,1.0,1.0,1.0,1.0,1.0,4.0,3.0,3.0,0.0,0.0,0.615744480818328,2.0,1.0986122886681098,7.0,2.0,1.0986122886681098,1.0,1.0,3.0
TCD,Chad,WCA,2012,50.1,51.0,55.7,18.1,13.3,,0.4876082001983025,1016.42152061942,6.924043424597909,1354.34344701937,7.211072074940789,215.47,6.905,22.1061904148178,1.6,10.9048548883194,0.886,62.565,,,,,36.20247269,0.0,0,1,0.6931471805599453,3.0,1,0.6931471805599453,1,1,4.0,1.0,1.0,1.0,0.6931471805599453,0.6931471805599453,0.6931471805599453,3.0,3.0,3.0,1.0,1.0,1.0,0.6931471805599453,0.6931471805599453,0.6931471805599453,1.0,1.0,1.0,1.0,1.0,1.0,4.0,4.0,3.0,0.0,0.0,0.0,2.0,1.0986122886681098,7.0,2.0,1.0986122886681098,1.0,1.0,4.0
TCD,Chad,WCA,2013,49.3,50.1,54.9,17.8,13.7,,0.44541351418703456,1008.61711428961,6.916335477860363,1304.88742971475,7.17387205528114,208.02,6.839,22.2975929852391,1.5,11.0657152698931,0.955,62.009,,,,,38.59413528,0.0,0,2,1.0986122886681098,3.0,2,1.0986122886681098,1,1,3.0,1.0,1.0,1.0,0.6931471805599453,0.6931471805599453,0.6931471805599453,3.0,3.0,3.0,1.0,1.0,1.0,0.6931471805599453,0.6931471805599453,0.6931471805599453,1.0,1.0,1.0,1.0,1.0,1.0,4.0,4.0,3.0,0.0,0.0,0.0,2.0,1.0986122886681098,7.0,3.0,1.3862943611198906,1.0,1.0,4.0
TCD,Chad,WCA,2014,48.5,49.3,54.1,17.6,14.1,,0.40734070203973816,993.321157706456,6.9010540334137245,1278.78981422494,7.153669452049914,212.01,6.781,22.5294513486009,1.5,11.2377495765285,0.984,61.474,,,,,42.16276169,0.0,0,2,1.0986122886681098,7.0,2,1.0986122886681098,1,1,3.0,1.0,1.0,1.0,0.6931471805599453,0.6931471805599453,0.6931471805599453,3.0,3.0,3.0,1.0,1.0,1.0,0.6931471805599453,0.6931471805599453,0.6931471805599453,1.0,1.0,1.0,1.0,1.0,1.0,4.0,4.0,4.0,0.0,0.0,0.0,2.0,1.0986122886681098,8.0,3.0,1.3862943611198906,1.0,1.0,7.0
TCD,Chad,WCA,2015,47.8,48.5,53.3,17.4,14.6,,0.3731970136086026,993.990730610869,6.901727881271915,993.990730610869,6.901727881271915,215.03,6.706,22.8011258828974,1.4,11.421878644262,1.032,60.926,32.4,1.3000000000000007,,0.47,33.82092285,0.0,0,2,1.0986122886681098,7.0,2,1.0986122886681098,1,1,4.0,2.0,1.0,1.0,1.0986122886681098,0.6931471805599453,0.6931471805599453,3.0,3.0,3.0,2.0,1.0,1.0,1.0986122886681098,0.6931471805599453,0.6931471805599453,1.0,1.0,1.0,1.0,1.0,1.0,3.0,4.0,4.0,0.0,0.0,0.0,2.0,1.0986122886681098,8.0,2.0,1.0986122886681098,1.0,1.0,8.0
TCD,Chad,WCA,2016,47.1,47.8,52.6,17.2,15.1,,0.34144290256641147,923.565872051196,6.828242125792,861.831767630746,6.759060086454947,214.3,6.623,23.1119734707179,1.4,11.6187911677525,1.091,60.369,35.4,-0.20000000000000284,,,31.96038055,9.0,0,2,1.0986122886681098,7.0,3,1.3862943611198906,1,1,4.0,2.0,2.0,1.0,1.0986122886681098,1.0986122886681098,0.6931471805599453,7.0,3.0,3.0,2.0,2.0,1.0,1.0986122886681098,1.0986122886681098,0.6931471805599453,1.0,1.0,1.0,1.0,1.0,1.0,3.0,3.0,4.0,0.0,0.0,0.0,2.0,1.0986122886681098,8.0,2.0,1.0986122886681098,1.0,1.0,8.0
TCD,Chad,WCA,2017,46.5,47.1,51.8,17.0,15.6,,0.30950162581631385,879.075895464417,6.77887123692077,854.46120040098,6.750471095323443,217.09,6.537,23.461349471105,1.3,11.8291930674672,1.132,59.82,38.7,-0.5,67.2,0.44,29.9935894,25.72,0,2,1.0986122886681098,8.0,3,1.3862943611198906,1,1,7.0,2.0,2.0,1.0,1.0986122886681098,1.0986122886681098,0.6931471805599453,7.0,7.0,3.0,2.0,2.0,1.0,1.0986122886681098,1.0986122886681098,0.6931471805599453,1.0,1.0,1.0,1.0,1.0,1.0,4.0,3.0,4.0,0.0,0.0,0.0,2.0,1.0986122886681098,8.0,2.0,1.0986122886681098,1.0,1.0,8.0
TCD,Chad,WCA,2018,46.3,46.5,51.6,16.8,16.1,,0.3007074601240291,898.834794005046,6.801099251183,948.656629871231,6.855046910028915,224.99,6.464,23.8486084924975,1.2,12.0541194503815,1.135,59.293,39.7,-0.5,63.4,,31.2043705,47.50340679978643,0,2,1.0986122886681098,8.0,2,1.0986122886681098,1,1,8.0,2.0,2.0,2.0,1.0986122886681098,1.0986122886681098,1.0986122886681098,7.0,7.0,3.0,3.0,2.0,2.0,1.3862943611198906,1.0986122886681098,1.0986122886681098,1.0,1.0,1.0,1.0,1.0,1.0,4.0,4.0,3.0,9.0,0.0,0.0,3.0,1.3862943611198906,11.0,3.0,1.3862943611198906,1.0,1.0,9.0
TCD,Chad,WCA,2019,46.2,46.3,51.4,16.6,16.6,,0.2941157061127819,917.203710060136,6.821329595960453,893.336441643325,6.794963264282223,217.22,6.412,24.2731047386633,1.2,12.2940184363217,1.077,59.299,38.4,-0.5,59.6,,30.23690224,42.6158333149208,0,2,1.0986122886681098,8.0,2,1.0986122886681098,1,1,8.0,2.0,2.0,2.0,1.0986122886681098,1.0986122886681098,1.0986122886681098,8.0,7.0,7.0,3.0,3.0,2.0,1.3862943611198906,1.3862943611198906,1.0986122886681098,1.0,1.0,1.0,1.0,1.0,1.0,7.0,4.0,3.0,25.72,9.0,0.0,4.0,1.6094379124341005,11.0,4.0,1.6094379124341005,1.0,1.0,8.0
TCD,Chad,WCA,2020,46.1,46.2,51.3,16.5,17.2,,0.2957621153895731,884.980541934939,6.785565658252029,866.947814890409,6.764978784531204,208.74,6.346,24.7341921795416,1.1,12.5503209104072,1.695,58.368,32.7,-0.3999999999999986,62.2,0.15,37.73088074,39.48220243487483,0,2,1.0986122886681098,8.0,2,1.0986122886681098,1,1,8.0,2.0,2.0,2.0,1.0986122886681098,1.0986122886681098,1.0986122886681098,8.0,8.0,7.0,2.0,3.0,2.0,1.0986122886681098,1.3862943611198906,1.0986122886681098,1.0,1.0,1.0,1.0,1.0,1.0,8.0,7.0,4.0,47.50340679978643,25.72,0.0,4.0,1.6094379124341005,11.0,4.0,1.6094379124341005,1.0,1.0,8.0
TCD,Chad,WCA,2021,46.1,46.1,51.1,16.3,17.8,,0.29309948509448747,857.52763057976,6.754053400771419,946.358500208374,6.852621461542517,206.65,6.255,25.2312246423075,1.1,12.823518442494,1.53,58.432,28.3,-0.7000000000000028,62.0,,37.59156799,55.371386577836425,0,3,1.3862943611198906,11.0,3,1.3862943611198906,1,1,9.0,2.0,2.0,2.0,1.0986122886681098,1.0986122886681098,1.0986122886681098,8.0,8.0,7.0,2.0,2.0,3.0,1.0986122886681098,1.0986122886681098,1.3862943611198906,1.0,1.0,1.0,1.0,1.0,1.0,8.0,8.0,4.0,42.6158333149208,47.50340679978643,9.0,4.0,1.6094379124341005,11.0,4.0,1.6094379124341005,1.0,1.0,8.0
TCD,Chad,WCA,2022,46.3,46.1,51.1,16.1,18.3,,0.2978941209042404,862.602128172536,6.75995355137107,966.036468278568,6.873201585341103,209.09,6.215,25.7635558629694,1.0,12.9220668166821,1.081,59.14,25.2,-0.3000000000000007,63.4,,40.17007446,6.73,0,4,1.6094379124341005,11.0,4,1.6094379124341005,1,1,8.0,2.0,2.0,2.0,1.0986122886681098,1.0986122886681098,1.0986122886681098,8.0,8.0,8.0,2.0,2.0,3.0,1.0986122886681098,1.0986122886681098,1.3862943611198906,1.0,1.0,1.0,1.0,1.0,1.0,8.0,8.0,7.0,39.48220243487483,42.6158333149208,25.72,4.0,1.6094379124341005,11.0,4.0,1.6094379124341005,1.0,1.0,8.0
TCD,Chad,WCA,2023,46.5,46.3,51.2,,,,,856.985507283698,6.753421007467271,949.991054236266,6.856452567956846,205.12,6.12,26.3305395171046,1.0,13.0279538007946,1.059,59.07,25.2,-0.1999999999999993,65.4,,47.43893051,63.91,0,4,1.6094379124341005,11.0,4,1.6094379124341005,1,1,8.0,3.0,2.0,2.0,1.3862943611198906,1.0986122886681098,1.0986122886681098,11.0,8.0,8.0,3.0,2.0,2.0,1.3862943611198906,1.0986122886681098,1.0986122886681098,1.0,1.0,1.0,1.0,1.0,1.0,9.0,8.0,8.0,55.371386577836425,39.48220243487483,47.50340679978643,,,,,,,,
TCD,Chad,WCA,2024,,46.5,,,,,,855.999353179333,6.7522696205098365,980.668312111718,6.88823429037601,206.14,6.028,26.9315292389497,0.9,13.1415290614475,1.053,58.968,25.2,0.6999999999999993,66.7,,,37.66,0,4,1.6094379124341005,11.0,4,1.6094379124341005,1,1,8.0,4.0,3.0,2.0,1.6094379124341005,1.3862943611198906,1.0986122886681098,11.0,11.0,8.0,4.0,3.0,2.0,1.6094379124341005,1.3862943611198906,1.0986122886681098,1.0,1.0,1.0,1.0,1.0,1.0,8.0,9.0,8.0,6.73,55.371386577836425,42.6158333149208,,,,,,,,
TCD,Chad,WCA,2025,,,,,,,,873.528540127688,6.772540802340509,1022.33559390754,6.929845086634639,,,27.5658786336865,,,1.057,58.812,,,66.6,,,,0,4,1.6094379124341005,11.0,4,1.6094379124341005,1,1,8.0,4.0,4.0,2.0,1.6094379124341005,1.6094379124341005,1.0986122886681098,11.0,11.0,8.0,4.0,4.0,2.0,1.6094379124341005,1.6094379124341005,1.0986122886681098,1.0,1.0,1.0,1.0,1.0,1.0,8.0,8.0,8.0,63.91,6.73,39.48220243487483,,,,,,,,
TGO,Togo,WCA,2000,47.8,,55.8,11.4,16.0,15.8,0.2097979849856777,730.148392769906,6.593247791251305,440.420399069497,6.087729723188841,445.12,5.1652,33.0994844063309,3.7,8.03359662210635,4.162,56.036,,,,,13.0541811,,0,0,0.0,1.0,0,0.0,0,1,2.0,,,,,,,,,,,,,,,,,,,,,,,,,,,,0.0,0.0,1.0,0.0,0.0,0.0,1.0,2.0
TGO,Togo,WCA,2001,47.4,47.8,55.8,11.2,16.9,15.7,0.20828499884970092,718.084179469825,6.576586803777392,426.883605884489,6.0565113903197645,441.75,5.12801,33.5503635916513,3.7,8.26404186167869,4.108,56.018,,,,,13.04282379,,0,0,0.0,1.0,0,0.0,0,1,2.0,,,,,,,,,,,,,,,,,,,,,,,,,,,,0.0,0.0,1.0,0.0,0.0,0.0,1.0,2.0
TGO,Togo,WCA,2002,47.0,47.4,55.8,11.0,17.8,15.7,0.2067720127137244,727.322768684689,6.589370352437961,479.438373869587,6.172615364415467,450.6,5.09187,34.0011370438307,3.6,8.49612982372265,4.087,55.993,,,,0.92,14.65135479,,0,0,0.0,1.0,0,0.0,0,1,2.0,0.0,,,0.0,,,1.0,,,0.0,,,0.0,,,0.0,,,1.0,,,2.0,,,,,,0.0,0.0,1.0,0.0,0.0,0.0,1.0,2.0
TGO,Togo,WCA,2003,46.6,47.0,55.7,10.8,18.8,15.7,0.20459616122392804,757.076842057466,6.629464756948232,579.728195854724,6.36255936586344,466.21,5.047961,34.4513989657696,3.5,8.7296739646634,3.957,56.033,,,,0.81,17.7094574,15.364896834665949,0,0,0.0,1.0,0,0.0,0,1,2.0,0.0,0.0,,0.0,0.0,,1.0,1.0,,0.0,0.0,,0.0,0.0,,0.0,0.0,,1.0,1.0,,2.0,2.0,,,,,0.0,0.0,1.0,0.0,0.0,0.0,1.0,3.0
TGO,Togo,WCA,2004,46.2,46.6,55.6,10.6,19.8,15.6,0.20242030973413142,731.610797958447,6.595248675782378,604.311329116751,6.404089510695919,478.67,4.994707,34.9007435603688,3.4,8.96468393915561,3.992,55.974,,,,0.78,18.62999153,15.682914325085962,0,0,0.0,1.0,0,0.0,0,1,2.0,0.0,0.0,,0.0,0.0,,1.0,1.0,,0.0,0.0,,0.0,0.0,,0.0,0.0,,1.0,1.0,,2.0,2.0,,,,,0.0,0.0,1.0,0.0,0.0,0.0,1.0,3.0
TGO,Togo,WCA,2005,45.8,46.2,55.5,10.4,20.7,15.6,0.1985177462092108,680.485159475257,6.522806013588114,595.200212014134,6.388897839725361,481.51,5.037823,35.3487650305291,3.3,9.61445795262473,4.149,55.85,,,,0.7,20.9699707,16.035846552454487,0,0,0.0,1.0,0,0.0,0,1,2.0,0.0,0.0,0.0,0.0,0.0,0.0,1.0,1.0,1.0,0.0,0.0,0.0,0.0,0.0,0.0,0.0,0.0,0.0,1.0,1.0,1.0,2.0,2.0,2.0,15.364896834665949,,,0.0,0.0,1.0,0.0,0.0,0.0,1.0,3.0
TGO,Togo,WCA,2006,45.3,45.8,55.3,10.2,21.7,15.6,0.1917499056494328,678.890227390526,6.520459446433818,596.249203137762,6.390658705745074,474.94,5.076201,35.795057579151,3.2,10.2925202802465,4.229,55.763,,,,0.84,22.74487495,16.197616987888786,0,0,0.0,1.0,0,0.0,0,1,3.0,0.0,0.0,0.0,0.0,0.0,0.0,1.0,1.0,1.0,0.0,0.0,0.0,0.0,0.0,0.0,0.0,0.0,0.0,1.0,1.0,1.0,2.0,2.0,2.0,15.682914325085962,15.364896834665949,,1.0,0.6931471805599453,3.0,5.0,1.791759469228055,1.0,1.0,5.0
TGO,Togo,WCA,2007,44.8,45.3,55.2,10.0,22.7,15.6,0.1873716424785989,650.046681355874,6.477044177781507,654.083697666439,6.483235321351942,447.26,5.102,36.2392154091353,3.0,10.9986369472506,3.822,55.966,,,,0.64,22.34309769,16.09637707038428,0,0,0.0,1.0,0,0.0,0,1,3.0,0.0,0.0,0.0,0.0,0.0,0.0,1.0,1.0,1.0,0.0,0.0,0.0,0.0,0.0,0.0,0.0,0.0,0.0,1.0,1.0,1.0,2.0,2.0,2.0,16.035846552454487,15.682914325085962,,2.0,1.0986122886681098,4.0,6.0,1.9459101490553132,1.0,1.0,8.0
TGO,Togo,WCA,2008,44.2,44.8,54.9,9.8,23.6,15.5,0.17428510081371587,654.896723036341,6.484477548449603,771.351190404751,6.648143769731213,396.33,5.100197,36.6808327233827,2.9,11.7327806563873,3.279,56.262,,,,0.62,26.89384079,15.311643313212317,0,0,0.0,1.0,0,0.0,0,1,3.0,0.0,0.0,0.0,0.0,0.0,0.0,1.0,1.0,1.0,0.0,0.0,0.0,0.0,0.0,0.0,0.0,0.0,0.0,1.0,1.0,1.0,3.0,2.0,2.0,16.197616987888786,16.035846552454487,15.364896834665949,2.0,1.0986122886681098,5.0,2.0,1.0986122886681098,1.0,1.0,9.0
TGO,Togo,WCA,2009,43.6,44.2,54.7,9.5,24.6,15.4,0.16119297470892957,668.669623161752,6.50529010132219,770.172869777254,6.646614995854209,343.15,5.104276,37.1195037247939,2.8,12.493855912589,2.847,56.507,,,,0.63,28.3035717,5.291234836658578,0,1,0.6931471805599453,3.0,5,1.791759469228055,1,1,5.0,0.0,0.0,0.0,0.0,0.0,0.0,1.0,1.0,1.0,0.0,0.0,0.0,0.0,0.0,0.0,0.0,0.0,0.0,1.0,1.0,1.0,3.0,3.0,2.0,16.09637707038428,16.197616987888786,15.682914325085962,3.0,1.3862943611198906,7.0,3.0,1.3862943611198906,1.0,1.0,12.0
TGO,Togo,WCA,2010,43.0,43.6,54.5,9.3,25.5,15.3,0.15049601043299018,686.014185396121,6.530898305932091,750.323421086121,6.620504341693062,318.53,5.087324,37.5545882975638,2.7,13.2824677060048,2.379,56.789,,,,0.57,30.54597664,13.294704463434243,0,2,1.0986122886681098,4.0,6,1.9459101490553132,1,1,8.0,0.0,0.0,0.0,0.0,0.0,0.0,1.0,1.0,1.0,0.0,0.0,0.0,0.0,0.0,0.0,0.0,0.0,0.0,1.0,1.0,1.0,3.0,3.0,2.0,15.311643313212317,16.09637707038428,16.035846552454487,4.0,1.6094379124341005,9.0,4.0,1.6094379124341005,1.0,1.0,13.0
TGO,Togo,WCA,2011,42.5,43.0,54.3,9.2,26.3,15.2,0.14439661966693523,706.442158827353,6.560241328748071,834.14671980279,6.726409309911034,310.57,4.984234,37.9872305648732,2.7,14.1028173218821,1.982,57.031,,,,0.56,34.41139603,60.500078480434794,0,2,1.0986122886681098,5.0,2,1.0986122886681098,1,1,9.0,1.0,0.0,0.0,0.6931471805599453,0.0,0.0,3.0,1.0,1.0,5.0,0.0,0.0,1.791759469228055,0.0,0.0,1.0,0.0,0.0,1.0,1.0,1.0,5.0,3.0,3.0,5.291234836658578,15.311643313212317,16.197616987888786,3.0,1.3862943611198906,9.0,3.0,1.3862943611198906,1.0,1.0,13.0
TGO,Togo,WCA,2012,42.0,42.5,54.1,9.0,27.2,15.1,0.13590206707203356,733.683602929868,6.598077877003362,813.611525037432,6.70148301011759,336.21,4.853789,38.4194359598204,2.6,14.9528006713975,2.029,57.006,,,,0.63,35.40290833,87.43833843137054,0,3,1.3862943611198906,7.0,3,1.3862943611198906,1,1,12.0,2.0,1.0,0.0,1.0986122886681098,0.6931471805599453,0.0,4.0,3.0,1.0,6.0,5.0,0.0,1.9459101490553132,1.791759469228055,0.0,1.0,1.0,0.0,1.0,1.0,1.0,8.0,5.0,3.0,13.294704463434243,5.291234836658578,16.09637707038428,3.0,1.3862943611198906,9.0,3.0,1.3862943611198906,1.0,1.0,13.0
TGO,Togo,WCA,2013,41.6,42.0,53.9,8.8,28.1,14.9,0.12960992615816938,759.841612443554,6.633110006881569,885.698522723929,6.786376624894906,369.59,4.753612,38.8516767884103,2.5,15.8290583040509,2.084,56.967,,,,0.62,39.56414795,82.44238384954178,1,4,1.6094379124341005,9.0,4,1.6094379124341005,1,1,13.0,2.0,2.0,0.0,1.0986122886681098,1.0986122886681098,0.0,5.0,4.0,1.0,2.0,6.0,0.0,1.0986122886681098,1.9459101490553132,0.0,1.0,1.0,0.0,1.0,1.0,1.0,9.0,8.0,3.0,60.500078480434794,13.294704463434243,15.311643313212317,2.0,1.0986122886681098,8.0,5.0,1.791759469228055,1.0,1.0,8.0
TGO,Togo,WCA,2014,41.3,41.6,53.7,8.7,29.1,14.8,0.13136878282443748,786.587399651446,6.667703841119657,921.539748631461,6.826045910885475,368.98,4.701602,39.2839506458368,2.4,16.7317561082878,2.141,56.917,,,,0.61,41.96416092,67.47246197965237,0,3,1.3862943611198906,9.0,3,1.3862943611198906,1,1,13.0,3.0,2.0,1.0,1.3862943611198906,1.0986122886681098,0.6931471805599453,7.0,5.0,3.0,3.0,2.0,5.0,1.3862943611198906,1.0986122886681098,1.791759469228055,1.0,1.0,1.0,1.0,1.0,1.0,12.0,9.0,5.0,87.43833843137054,60.500078480434794,5.291234836658578,2.0,1.0986122886681098,8.0,5.0,1.791759469228055,1.0,1.0,10.0
TGO,Togo,WCA,2015,41.1,41.3,53.5,8.5,30.0,14.7,0.1294814652726484,813.894676975085,6.7018309681655035,813.894676975085,6.7018309681655035,372.35,4.661566,39.7162551272934,2.3,17.6606158910418,2.204,56.857,16.1,-3.3000000000000007,,0.64,46.92110825,100.0,0,3,1.3862943611198906,9.0,3,1.3862943611198906,1,1,13.0,4.0,3.0,2.0,1.6094379124341005,1.3862943611198906,1.0986122886681098,9.0,7.0,4.0,4.0,3.0,6.0,1.6094379124341005,1.3862943611198906,1.9459101490553132,1.0,1.0,1.0,1.0,1.0,1.0,13.0,12.0,8.0,82.44238384954178,87.43833843137054,13.294704463434243,2.0,1.0986122886681098,7.0,2.0,1.0986122886681098,1.0,1.0,11.0
TGO,Togo,WCA,2016,40.9,41.1,53.3,8.4,31.0,14.6,0.13344273361995404,832.959515987733,6.7249850407309895,843.114204338675,6.737102422537479,368.57,4.633942,40.1485878279739,2.2,18.6162879264339,2.968,56.384,16.3,-3.3000000000000007,,0.65,50.8783493,99.79107425127876,0,2,1.0986122886681098,8.0,5,1.791759469228055,1,1,8.0,3.0,4.0,2.0,1.3862943611198906,1.6094379124341005,1.0986122886681098,9.0,9.0,5.0,3.0,4.0,2.0,1.3862943611198906,1.6094379124341005,1.0986122886681098,1.0,1.0,1.0,1.0,1.0,1.0,13.0,13.0,9.0,67.47246197965237,82.44238384954178,60.500078480434794,2.0,1.0986122886681098,6.0,2.0,1.0986122886681098,1.0,1.0,10.0
TGO,Togo,WCA,2017,40.8,40.9,53.2,8.3,32.1,14.5,0.14372270307236515,851.735728621337,6.747276301039784,872.076408845752,6.770877044893259,351.15,4.576231,40.5809463430719,2.2,19.5982705218929,3.744,55.9,15.8,-3.1999999999999993,64.6,0.64,51.5464592,99.95860528353596,0,2,1.0986122886681098,8.0,5,1.791759469228055,1,1,10.0,3.0,3.0,3.0,1.3862943611198906,1.3862943611198906,1.3862943611198906,9.0,9.0,7.0,3.0,3.0,3.0,1.3862943611198906,1.3862943611198906,1.3862943611198906,1.0,1.0,1.0,1.0,1.0,1.0,13.0,13.0,12.0,100.0,67.47246197965237,87.43833843137054,2.0,1.0986122886681098,7.0,2.0,1.0986122886681098,1.0,1.0,11.0
TGO,Togo,WCA,2018,40.7,40.8,53.0,8.2,33.2,14.4,0.15161309513583238,876.562800915869,6.776008351441888,942.480774393154,6.848515520592261,322.45,4.513072,41.013328267781,2.1,20.6062840876452,2.9,56.35,15.4,-3.0999999999999996,56.7,0.63,52.43610382,74.9507519093988,0,2,1.0986122886681098,7.0,2,1.0986122886681098,1,1,11.0,2.0,3.0,4.0,1.0986122886681098,1.3862943611198906,1.6094379124341005,8.0,9.0,9.0,5.0,3.0,4.0,1.791759469228055,1.3862943611198906,1.6094379124341005,1.0,1.0,1.0,1.0,1.0,1.0,8.0,13.0,13.0,99.79107425127876,100.0,82.44238384954178,2.0,1.0986122886681098,7.0,2.0,1.0986122886681098,1.0,1.0,12.0
TGO,Togo,WCA,2019,40.7,40.7,52.8,8.0,34.3,14.4,0.1575840250163661,900.166602437871,6.8025798600127185,917.718016777619,6.821890172167524,289.98,4.450408,41.445731197295,2.0,21.6400439153227,2.036,56.806,14.0,-2.8000000000000007,53.1,0.56,48.85387421,97.8776097469416,0,2,1.0986122886681098,6.0,2,1.0986122886681098,1,1,10.0,2.0,2.0,3.0,1.0986122886681098,1.0986122886681098,1.3862943611198906,8.0,8.0,9.0,5.0,5.0,3.0,1.791759469228055,1.791759469228055,1.3862943611198906,1.0,1.0,1.0,1.0,1.0,1.0,10.0,8.0,13.0,99.95860528353596,99.79107425127876,67.47246197965237,2.0,1.0986122886681098,7.0,2.0,1.0986122886681098,1.0,1.0,12.0
TGO,Togo,WCA,2020,40.7,40.7,52.7,7.9,35.5,14.3,0.17179311818493875,899.748802355348,6.802115615872228,961.219781201934,6.868203083344619,283.92,4.386312,41.8781527268075,1.9,22.6992561746885,2.231,56.154,13.5,-2.700000000000001,54.7,0.37,52.75213242,87.41094844914795,0,2,1.0986122886681098,7.0,2,1.0986122886681098,1,1,11.0,2.0,2.0,3.0,1.0986122886681098,1.0986122886681098,1.3862943611198906,7.0,8.0,9.0,2.0,5.0,3.0,1.0986122886681098,1.791759469228055,1.3862943611198906,1.0,1.0,1.0,1.0,1.0,1.0,11.0,10.0,13.0,74.9507519093988,99.95860528353596,100.0,2.0,1.0986122886681098,7.0,2.0,1.0986122886681098,1.0,1.0,11.0
TGO,Togo,WCA,2021,40.8,40.7,52.5,7.8,36.6,,0.18408833361048088,928.301087692897,6.83335612810928,1076.29520076949,6.981280053252126,279.51,4.323871,42.3105904515122,1.9,23.7836212231427,2.344,56.36,12.8,-2.3000000000000007,56.6,0.41,52.72237015,95.37210190290986,0,2,1.0986122886681098,7.0,2,1.0986122886681098,1,1,12.0,2.0,2.0,2.0,1.0986122886681098,1.0986122886681098,1.0986122886681098,6.0,7.0,8.0,2.0,2.0,5.0,1.0986122886681098,1.0986122886681098,1.791759469228055,1.0,1.0,1.0,1.0,1.0,1.0,10.0,11.0,8.0,97.8776097469416,74.9507519093988,99.79107425127876,2.0,1.0986122886681098,7.0,2.0,1.0986122886681098,1.0,1.0,11.0
TGO,Togo,WCA,2022,41.0,40.8,52.5,7.7,37.8,,0.2050918275300722,970.535975822983,6.877848471291393,1071.61539220759,6.976922501329511,278.59,4.253183,42.7332327975627,1.8,24.8925910881783,1.965,56.797,10.9,-1.700000000000001,57.4,0.33,55.79545593,97.31,0,2,1.0986122886681098,7.0,2,1.0986122886681098,1,1,12.0,2.0,2.0,2.0,1.0986122886681098,1.0986122886681098,1.0986122886681098,7.0,6.0,8.0,2.0,2.0,5.0,1.0986122886681098,1.0986122886681098,1.791759469228055,1.0,1.0,1.0,1.0,1.0,1.0,11.0,10.0,10.0,87.41094844914795,97.8776097469416,99.95860528353596,2.0,1.0986122886681098,7.0,2.0,1.0986122886681098,1.0,1.0,11.0
TGO,Togo,WCA,2023,41.5,41.0,52.6,,,,,1011.2308927823,6.91892357354134,1182.32951436696,7.07524193607517,264.8,4.192401,43.2496853032436,1.7,25.0297462105085,1.942,56.796,9.9,-0.5,54.9,,59.60503769,96.2,0,2,1.0986122886681098,7.0,2,1.0986122886681098,1,1,11.0,2.0,2.0,2.0,1.0986122886681098,1.0986122886681098,1.0986122886681098,7.0,7.0,7.0,2.0,2.0,2.0,1.0986122886681098,1.0986122886681098,1.0986122886681098,1.0,1.0,1.0,1.0,1.0,1.0,12.0,11.0,11.0,95.37210190290986,87.41094844914795,74.9507519093988,,,,,,,,
TGO,Togo,WCA,2024,,41.5,,,,,,1053.81653764697,6.960173650997055,1266.08777721447,7.143686934593241,249.25,4.121673,43.8148491605996,1.6,25.1681056691569,1.948,56.758,9.2,0.09999999999999964,54.1,,,86.36,0,2,1.0986122886681098,7.0,2,1.0986122886681098,1,1,11.0,2.0,2.0,2.0,1.0986122886681098,1.0986122886681098,1.0986122886681098,7.0,7.0,6.0,2.0,2.0,2.0,1.0986122886681098,1.0986122886681098,1.0986122886681098,1.0,1.0,1.0,1.0,1.0,1.0,12.0,12.0,10.0,97.31,95.37210190290986,97.8776097469416,,,,,,,,
TGO,Togo,WCA,2025,,,,,,,,1096.18363113201,6.999590000126882,1383.89974929887,7.2326606980763435,,,44.3949892074399,,,1.995,56.692,,,53.7,,,,0,2,1.0986122886681098,7.0,2,1.0986122886681098,1,1,11.0,2.0,2.0,2.0,1.0986122886681098,1.0986122886681098,1.0986122886681098,7.0,7.0,7.0,2.0,2.0,2.0,1.0986122886681098,1.0986122886681098,1.0986122886681098,1.0,1.0,1.0,1.0,1.0,1.0,11.0,12.0,11.0,96.2,97.31,87.41094844914795,,,,,,,,
TZA,United Republic of Tanzania,ESA,2000,43.0,,53.4,10.8,17.4,12.0,0.046175092269134216,555.348083496094,6.3195950946232795,401.698150634766,5.995700937507903,334.61,5.67,22.1944164040635,6.1,3.44646184127631,3.129,83.736,,,,,12.33031845,,0,0,0.0,2.0,0,0.0,0,1,5.0,,,,,,,,,,,,,,,,,,,,,,,,,,,,0.0,0.0,1.0,0.0,0.0,0.0,1.0,6.0
TZA,United Republic of Tanzania,ESA,2001,42.5,43.0,53.3,10.8,18.1,11.9,0.04486044072087014,573.400146484375,6.351583808915534,396.638732910156,5.983025873722873,318.45,5.617,22.5963228653037,5.9,4.73290413603406,2.994,83.85,,,,,15.1739912,,0,0,0.0,2.0,0,0.0,0,1,6.0,,,,,,,,,,,,,,,,,,,,,,,,,,,,0.0,0.0,1.0,0.0,0.0,0.0,1.0,7.0
TZA,United Republic of Tanzania,ESA,2002,42.0,42.5,53.2,10.7,18.9,11.8,0.04115062734375921,598.421569824219,6.394295471839875,402.649047851563,5.998065333533836,297.33,5.57,23.0306918214565,5.7,6.02169752992319,3.023,84.215,,,,,17.0355854,,0,0,0.0,1.0,0,0.0,0,1,6.0,0.0,,,0.0,,,2.0,,,0.0,,,0.0,,,0.0,,,1.0,,,5.0,,,,,,0.0,0.0,2.0,0.0,0.0,0.0,1.0,9.0
TZA,United Republic of Tanzania,ESA,2003,41.5,42.0,53.0,10.6,19.7,11.6,0.03505123657770429,621.720703125,6.432490961549205,422.18359375,6.045440275706088,278.65,5.578,23.5202087261949,5.5,7.3420470245643,3.053,84.569,,,,,20.39437675,7.3050679652546995,0,0,0.0,1.0,0,0.0,0,1,6.0,0.0,0.0,,0.0,0.0,,2.0,2.0,,0.0,0.0,,0.0,0.0,,0.0,0.0,,1.0,1.0,,6.0,5.0,,,,,0.0,0.0,3.0,0.0,0.0,0.0,1.0,11.0
TZA,United Republic of Tanzania,ESA,2004,41.1,41.5,52.8,10.6,20.6,11.5,0.037002843391781864,650.516540527344,6.477766725034891,450.385284423828,6.110103404053339,264.95,5.597,24.0832469119457,5.2,8.68990145112376,3.105,84.894,,,,,23.4493866,12.123246925387354,1,0,0.0,1.0,0,0.0,0,1,7.0,0.0,0.0,,0.0,0.0,,1.0,2.0,,0.0,0.0,,0.0,0.0,,0.0,0.0,,1.0,1.0,,6.0,6.0,,,,,0.0,0.0,3.0,0.0,0.0,0.0,1.0,11.0
TZA,United Republic of Tanzania,ESA,2005,40.5,41.1,52.4,10.5,21.5,11.3,0.025648598201925915,680.051208496094,6.522168101946654,483.334869384766,6.180709724778907,251.68,5.579,24.7061884538741,5.0,10.0407875300945,3.193,85.177,,,,,27.71374512,19.568414479102607,0,0,0.0,2.0,0,0.0,0,1,9.0,0.0,0.0,0.0,0.0,0.0,0.0,1.0,1.0,2.0,0.0,0.0,0.0,0.0,0.0,0.0,0.0,0.0,0.0,1.0,1.0,1.0,6.0,6.0,5.0,7.3050679652546995,,,1.0,0.6931471805599453,6.0,1.0,0.6931471805599453,1.0,1.0,14.0
TZA,United Republic of Tanzania,ESA,2006,39.8,40.5,52.0,10.4,22.3,11.2,0.010365229295908496,704.502746582031,6.557492229957155,475.746734619141,6.164885642504025,225.72,5.511,25.3741033202009,4.9,11.3955838103187,3.299,85.434,,,,,35.59762955,12.771939779029465,0,0,0.0,3.0,0,0.0,0,1,11.0,0.0,0.0,0.0,0.0,0.0,0.0,1.0,1.0,2.0,0.0,0.0,0.0,0.0,0.0,0.0,0.0,0.0,0.0,1.0,1.0,1.0,7.0,6.0,6.0,12.123246925387354,7.3050679652546995,,2.0,1.0986122886681098,6.0,2.0,1.0986122886681098,1.0,1.0,14.0
TZA,United Republic of Tanzania,ESA,2007,39.1,39.8,51.5,10.3,23.3,11.1,-0.0038542929288047922,731.52001953125,6.595124587865934,543.198303222656,6.2974744525699755,197.89,5.403,26.0720614791471,4.8,12.7548704063114,3.023,85.208,,,,,36.23610306,15.57592887023248,0,0,0.0,3.0,0,0.0,0,1,11.0,0.0,0.0,0.0,0.0,0.0,0.0,2.0,1.0,1.0,0.0,0.0,0.0,0.0,0.0,0.0,0.0,0.0,0.0,1.0,1.0,1.0,9.0,7.0,6.0,19.568414479102607,12.123246925387354,,3.0,1.3862943611198906,8.0,3.0,1.3862943611198906,1.0,1.0,17.0
TZA,United Republic of Tanzania,ESA,2008,38.4,39.1,51.0,10.2,24.2,11.0,-0.01980052718864221,752.540466308594,6.623454771002537,675.977233886719,6.51615939779349,174.56,5.324,26.7851328989335,4.7,14.1197491698762,2.775,84.938,,,,,36.26182556,8.350720613287159,0,1,0.6931471805599453,6.0,1,0.6931471805599453,1,1,14.0,0.0,0.0,0.0,0.0,0.0,0.0,3.0,2.0,1.0,0.0,0.0,0.0,0.0,0.0,0.0,0.0,0.0,0.0,1.0,1.0,1.0,11.0,9.0,6.0,12.771939779029465,19.568414479102607,7.3050679652546995,6.0,1.9459101490553132,17.0,7.0,2.0794415416798357,1.0,1.0,20.0
TZA,United Republic of Tanzania,ESA,2009,37.7,38.4,50.5,10.1,25.1,10.9,-0.03574676144847937,772.929565429688,6.650187925974936,693.823547363281,6.542217673658876,155.42,5.26,27.498387547781,4.6,15.4903054261921,2.5,84.671,,,,0.63,33.9993782,10.09322843532159,0,2,1.0986122886681098,6.0,2,1.0986122886681098,1,1,14.0,0.0,0.0,0.0,0.0,0.0,0.0,3.0,3.0,1.0,0.0,0.0,0.0,0.0,0.0,0.0,0.0,0.0,0.0,1.0,1.0,1.0,11.0,11.0,7.0,15.57592887023248,12.771939779029465,12.123246925387354,6.0,1.9459101490553132,17.0,7.0,2.0794415416798357,1.0,1.0,20.0
TZA,United Republic of Tanzania,ESA,2010,37.2,37.7,50.1,10.0,26.1,10.7,-0.04317188292217378,801.29931640625,6.68623455567777,736.530151367188,6.601950173784593,145.56,5.225,28.1968953939105,4.6,16.8680409613497,3.03,83.69,,,,0.74,37.18493271,12.06050716984646,1,3,1.3862943611198906,8.0,3,1.3862943611198906,1,1,17.0,1.0,0.0,0.0,0.6931471805599453,0.0,0.0,6.0,3.0,2.0,1.0,0.0,0.0,0.6931471805599453,0.0,0.0,1.0,0.0,0.0,1.0,1.0,1.0,14.0,11.0,9.0,8.350720613287159,15.57592887023248,19.568414479102607,6.0,1.9459101490553132,18.0,7.0,2.0794415416798357,1.0,1.0,23.0
TZA,United Republic of Tanzania,ESA,2011,36.9,37.2,49.7,9.9,27.0,10.6,-0.04791889306891715,838.999267578125,6.732209833496771,775.392761230469,6.653369689663808,132.97,5.141,28.865726405543,4.6,18.2532282424589,3.47,82.773,,,,0.76,37.75179672,28.59745022398183,0,6,1.9459101490553132,17.0,7,2.0794415416798357,1,1,20.0,2.0,1.0,0.0,1.0986122886681098,0.6931471805599453,0.0,6.0,6.0,3.0,2.0,1.0,0.0,1.0986122886681098,0.6931471805599453,0.0,1.0,1.0,0.0,1.0,1.0,1.0,14.0,14.0,11.0,10.09322843532159,8.350720613287159,12.771939779029465,6.0,1.9459101490553132,16.0,6.0,1.9459101490553132,1.0,1.0,23.0
TZA,United Republic of Tanzania,ESA,2012,36.7,36.9,49.5,9.7,28.0,10.5,-0.04807949858558234,851.910705566406,6.747481715663585,861.969909667969,6.759220362476647,121.45,5.137,29.4878764597911,4.5,19.6470733482155,3.223,82.429,,,,,41.99654007,36.63858725280244,0,6,1.9459101490553132,17.0,7,2.0794415416798357,1,1,20.0,3.0,2.0,0.0,1.3862943611198906,1.0986122886681098,0.0,8.0,6.0,3.0,3.0,2.0,0.0,1.3862943611198906,1.0986122886681098,0.0,1.0,1.0,0.0,1.0,1.0,1.0,17.0,14.0,11.0,12.06050716984646,10.09322843532159,15.57592887023248,6.0,1.9459101490553132,17.0,6.0,1.9459101490553132,1.0,1.0,24.0
TZA,United Republic of Tanzania,ESA,2013,36.8,36.7,49.3,9.6,29.0,10.4,-0.037510995195164126,882.8115234375,6.783111727579558,963.05712890625,6.87011273392872,131.8,5.156,30.0725108782502,4.5,21.049832968174,2.93,82.102,,,,1.01,43.46931839,34.39347439615712,0,6,1.9459101490553132,18.0,7,2.0794415416798357,1,1,23.0,6.0,3.0,1.0,1.9459101490553132,1.3862943611198906,0.6931471805599453,17.0,8.0,6.0,7.0,3.0,1.0,2.0794415416798357,1.3862943611198906,0.6931471805599453,1.0,1.0,1.0,1.0,1.0,1.0,20.0,17.0,14.0,28.59745022398183,12.06050716984646,8.350720613287159,5.0,1.791759469228055,15.0,12.0,2.5649493574615367,1.0,1.0,24.0
TZA,United Republic of Tanzania,ESA,2014,36.9,36.8,49.1,9.5,30.1,10.3,-0.025215779769621628,913.811218261719,6.817624005549459,1022.74841308594,6.930248805193481,146.36,5.122,30.6443077170742,4.5,22.4616949820223,2.125,82.182,,,,0.68,39.85456848,43.25159414733236,0,6,1.9459101490553132,16.0,6,1.9459101490553132,1,1,23.0,6.0,6.0,2.0,1.9459101490553132,1.9459101490553132,1.0986122886681098,17.0,17.0,6.0,7.0,7.0,2.0,2.0794415416798357,2.0794415416798357,1.0986122886681098,1.0,1.0,1.0,1.0,1.0,1.0,20.0,20.0,14.0,36.63858725280244,28.59745022398183,10.09322843532159,5.0,1.791759469228055,15.0,12.0,2.5649493574615367,1.0,1.0,24.0
TZA,United Republic of Tanzania,ESA,2015,37.0,36.9,48.9,9.4,31.1,10.2,-0.01464727637920325,939.127319335938,6.844951060363835,939.127319335938,6.844951060363835,141.8,5.025,31.2061566592472,4.5,23.8834363913571,2.009,82.248,20.6,3.400000000000002,,,33.27184296,72.67,1,6,1.9459101490553132,17.0,6,1.9459101490553132,1,1,24.0,6.0,6.0,3.0,1.9459101490553132,1.9459101490553132,1.3862943611198906,18.0,17.0,8.0,7.0,7.0,3.0,2.0794415416798357,2.0794415416798357,1.3862943611198906,1.0,1.0,1.0,1.0,1.0,1.0,23.0,20.0,17.0,34.39347439615712,36.63858725280244,12.06050716984646,5.0,1.791759469228055,15.0,6.0,1.9459101490553132,1.0,1.0,26.0
TZA,United Republic of Tanzania,ESA,2016,37.1,37.0,48.7,9.3,32.2,10.1,-0.002352060953660754,970.156127929688,6.877457015173844,953.0107421875,6.859626175560768,134.05,5.006,31.7577303242916,4.4,25.3153858621226,1.931,82.274,24.8,2.6999999999999993,,0.46,36.65267563,89.14,0,5,1.791759469228055,15.0,12,2.5649493574615367,1,1,24.0,6.0,6.0,6.0,1.9459101490553132,1.9459101490553132,1.9459101490553132,16.0,18.0,17.0,6.0,7.0,7.0,1.9459101490553132,2.0794415416798357,2.0794415416798357,1.0,1.0,1.0,1.0,1.0,1.0,23.0,23.0,20.0,43.25159414733236,34.39347439615712,28.59745022398183,5.0,1.791759469228055,14.0,6.0,1.9459101490553132,1.0,1.0,25.0
TZA,United Republic of Tanzania,ESA,2017,37.2,37.1,48.4,9.2,33.3,9.9,0.007553577082937593,1001.55895996094,6.909313025026465,986.674011230469,6.894339702436956,123.18,4.988,32.2987013317296,4.4,26.7585271322434,1.854,82.305,25.6,2.0,74.7,,39.03767014,89.9585459120574,0,5,1.791759469228055,15.0,12,2.5649493574615367,1,1,24.0,6.0,6.0,6.0,1.9459101490553132,1.9459101490553132,1.9459101490553132,17.0,16.0,17.0,6.0,6.0,7.0,1.9459101490553132,1.9459101490553132,2.0794415416798357,1.0,1.0,1.0,1.0,1.0,1.0,24.0,23.0,20.0,72.67,43.25159414733236,36.63858725280244,5.0,1.791759469228055,17.0,6.0,1.9459101490553132,1.0,1.0,27.0
TZA,United Republic of Tanzania,ESA,2018,37.3,37.2,48.0,9.1,34.4,9.9,0.01506963773059232,1024.01525878906,6.931486706649624,1023.10626220703,6.930598633682338,111.48,4.932,32.8287423010834,4.3,28.2133927251419,1.792,82.332,24.9,1.1000000000000014,74.2,0.44,41.27171326,91.26020808315748,0,5,1.791759469228055,15.0,6,1.9459101490553132,1,1,26.0,5.0,6.0,6.0,1.791759469228055,1.9459101490553132,1.9459101490553132,15.0,17.0,18.0,12.0,6.0,7.0,2.5649493574615367,1.9459101490553132,2.0794415416798357,1.0,1.0,1.0,1.0,1.0,1.0,24.0,24.0,23.0,89.14,72.67,34.39347439615712,6.0,1.9459101490553132,17.0,7.0,2.0794415416798357,1.0,1.0,26.0
TZA,United Republic of Tanzania,ESA,2019,37.4,37.3,47.6,9.0,35.5,9.8,0.022585698378247226,1051.7666015625,6.958226507050118,1063.32250976563,6.969153728155179,116.09,4.866,33.3475258518752,4.2,29.6802357492442,1.735,82.357,24.4,0.6999999999999993,73.4,0.62,39.97783661,56.809645021281895,0,5,1.791759469228055,14.0,6,1.9459101490553132,1,1,25.0,5.0,5.0,6.0,1.791759469228055,1.791759469228055,1.9459101490553132,15.0,15.0,16.0,12.0,12.0,6.0,2.5649493574615367,2.5649493574615367,1.9459101490553132,1.0,1.0,1.0,1.0,1.0,1.0,24.0,24.0,23.0,89.9585459120574,89.14,43.25159414733236,2.0,1.0986122886681098,12.0,3.0,1.3862943611198906,1.0,1.0,21.0
TZA,United Republic of Tanzania,ESA,2020,37.5,37.4,47.2,8.9,36.6,9.7,0.030101759025902133,1041.25964355469,6.948186454955274,1117.41528320313,7.018773514399859,123.35,4.801,33.8547246036273,4.1,31.1602899873696,1.792,81.353,25.8,-0.09999999999999787,73.9,0.64,31.7036171,59.20070965373792,0,5,1.791759469228055,17.0,6,1.9459101490553132,1,1,27.0,5.0,5.0,6.0,1.791759469228055,1.791759469228055,1.9459101490553132,15.0,15.0,17.0,6.0,12.0,6.0,1.9459101490553132,2.5649493574615367,1.9459101490553132,1.0,1.0,1.0,1.0,1.0,1.0,26.0,24.0,24.0,91.26020808315748,89.9585459120574,72.67,2.0,1.0986122886681098,12.0,3.0,1.3862943611198906,1.0,1.0,21.0
TZA,United Republic of Tanzania,ESA,2021,37.8,37.5,46.8,8.8,37.7,,0.0420226430356319,1054.31726074219,6.960648690204736,1159.85656738281,7.056051627647344,133.33,4.734,34.3500111758619,4.0,32.6535108479798,1.876,82.162,26.3,0.1999999999999993,73.6,0.64,37.53121185,72.58300336004856,0,6,1.9459101490553132,17.0,7,2.0794415416798357,1,1,26.0,5.0,5.0,5.0,1.791759469228055,1.791759469228055,1.791759469228055,14.0,15.0,15.0,6.0,6.0,12.0,1.9459101490553132,1.9459101490553132,2.5649493574615367,1.0,1.0,1.0,1.0,1.0,1.0,25.0,26.0,24.0,56.809645021281895,91.26020808315748,89.14,3.0,1.3862943611198906,14.0,4.0,1.6094379124341005,1.0,1.0,22.0
TZA,United Republic of Tanzania,ESA,2022,38.2,37.8,46.7,8.8,38.8,,0.0674365447572017,1070.58532714844,6.975960812605172,1207.52062988281,7.096324470169861,132.39,4.671,34.8234736377147,3.9,34.1608687863697,1.573,82.453,25.4,-0.40000000000000213,73.8,0.84,35.93323135,49.36,1,2,1.0986122886681098,12.0,3,1.3862943611198906,1,1,21.0,5.0,5.0,5.0,1.791759469228055,1.791759469228055,1.791759469228055,17.0,14.0,15.0,6.0,6.0,12.0,1.9459101490553132,1.9459101490553132,2.5649493574615367,1.0,1.0,1.0,1.0,1.0,1.0,27.0,25.0,24.0,59.20070965373792,56.809645021281895,89.9585459120574,3.0,1.3862943611198906,14.0,4.0,1.6094379124341005,1.0,1.0,22.0
TZA,United Republic of Tanzania,ESA,2023,38.8,38.2,46.6,,,,,1092.86413574219,6.99655717646314,1224.00219726563,7.109881258222319,138.45,4.606,35.4748019434954,3.7,35.6824982712263,1.565,82.455,24.4,-0.3000000000000007,73.9,,36.25619888,22.71,0,2,1.0986122886681098,12.0,3,1.3862943611198906,1,1,21.0,6.0,5.0,5.0,1.9459101490553132,1.791759469228055,1.791759469228055,17.0,17.0,15.0,7.0,6.0,6.0,2.0794415416798357,1.9459101490553132,1.9459101490553132,1.0,1.0,1.0,1.0,1.0,1.0,26.0,27.0,26.0,72.58300336004856,59.20070965373792,91.26020808315748,,,,,,,,
TZA,United Republic of Tanzania,ESA,2024,,38.8,,,,,,1120.77416992188,7.0217749486489875,1192.60668945313,7.0838966858072085,136.73,4.541,36.1684458862992,3.5,37.2193614570345,1.557,82.445,22.9,-1.3000000000000007,73.0,,,52.97,0,3,1.3862943611198906,14.0,4,1.6094379124341005,1,1,22.0,2.0,6.0,5.0,1.0986122886681098,1.9459101490553132,1.791759469228055,12.0,17.0,14.0,3.0,7.0,6.0,1.3862943611198906,2.0794415416798357,1.9459101490553132,1.0,1.0,1.0,1.0,1.0,1.0,21.0,26.0,25.0,49.36,72.58300336004856,56.809645021281895,,,,,,,,
TZA,United Republic of Tanzania,ESA,2025,,,,,,,,1153.17529296875,7.050274540776452,1318.81921386719,7.18449208029617,,,36.8833115936643,,,1.572,82.4,,,73.0,,,,0,3,1.3862943611198906,14.0,4,1.6094379124341005,1,1,22.0,2.0,2.0,5.0,1.0986122886681098,1.0986122886681098,1.791759469228055,12.0,12.0,17.0,3.0,3.0,6.0,1.3862943611198906,1.3862943611198906,1.9459101490553132,1.0,1.0,1.0,1.0,1.0,1.0,21.0,21.0,27.0,22.71,49.36,59.20070965373792,,,,,,,,
UGA,Uganda,ESA,2000,33.5,,43.1,11.1,13.8,,-0.4589765001631899,509.19755319016,6.232836061467779,258.050338731086,5.55315467725067,482.77,6.788,11.6414758125187,8.5,14.7116633613524,3.531,71.674,,,,,16.42602158,,1,0,0.0,3.0,1,0.6931471805599453,0,1,4.0,,,,,,,,,,,,,,,,,,,,,,,,,,,,1.0,0.6931471805599453,2.0,1.0,0.6931471805599453,1.0,1.0,6.0
UGA,Uganda,ESA,2001,32.7,33.5,42.4,11.1,14.4,,-0.4829625631233531,519.456547890884,6.252783164867614,236.021188853993,5.463921584274964,508.43,6.757,11.9013889740088,8.2,15.1044104366213,3.522,71.685,,,,,15.99579906,,0,0,0.0,3.0,1,0.6931471805599453,0,1,4.0,,,,,,,,,,,,,,,,,,,,,,,,,,,,1.0,0.6931471805599453,2.0,1.0,0.6931471805599453,1.0,1.0,7.0
UGA,Uganda,ESA,2002,31.8,32.7,41.8,11.0,15.0,,-0.5108833342395812,547.405338919875,6.305189549792256,241.984688408335,5.488874453115051,501.62,6.735,12.202793574555,8.0,15.4966529446954,3.5,71.642,,,,,15.74441719,,0,0,0.0,1.0,0,0.0,0,1,5.0,0.0,,,0.0,,,3.0,,,1.0,,,0.6931471805599453,,,0.0,,,1.0,,,4.0,,,,,,2.0,1.0986122886681098,5.0,3.0,1.3862943611198906,1.0,1.0,10.0
UGA,Uganda,ESA,2003,31.0,31.8,41.1,11.0,15.7,,-0.5331426851646204,564.720539196569,6.336330987890149,250.71543664681,5.524318577448173,479.36,6.671,12.5904136719317,7.7,15.8883472908915,3.6,71.493,,,,,14.23364067,89.08779594497052,0,1,0.6931471805599453,2.0,1,0.6931471805599453,1,1,6.0,0.0,0.0,,0.0,0.0,,3.0,3.0,,1.0,1.0,,0.6931471805599453,0.6931471805599453,,0.0,0.0,,1.0,1.0,,4.0,4.0,,,,,3.0,1.3862943611198906,7.0,4.0,1.6094379124341005,1.0,1.0,12.0
UGA,Uganda,ESA,2004,30.1,31.0,40.4,10.9,16.3,,-0.563453033669792,585.339489080616,6.372192002124185,292.38185796262,5.678060680679258,442.78,6.612,13.1221118400615,7.6,16.2795981231902,2.699,72.098,,,,,18.60707474,58.12231797462064,0,1,0.6931471805599453,2.0,1,0.6931471805599453,1,1,7.0,0.0,0.0,,0.0,0.0,,1.0,3.0,,0.0,1.0,,0.0,0.6931471805599453,,0.0,0.0,,1.0,1.0,,5.0,4.0,,,,,3.0,1.3862943611198906,9.0,6.0,1.9459101490553132,1.0,1.0,12.0
UGA,Uganda,ESA,2005,29.3,30.1,39.6,10.9,17.0,,-0.5881019619837752,604.404813057618,6.404244193731566,330.405402707025,5.800320393531971,426.27,6.525,13.7907239496723,7.5,16.6697698999299,1.9,72.623,,,,,25.86819267,47.35464466218345,0,2,1.0986122886681098,5.0,3,1.3862943611198906,1,1,10.0,1.0,0.0,0.0,0.6931471805599453,0.0,0.0,2.0,1.0,3.0,1.0,0.0,1.0,0.6931471805599453,0.0,0.6931471805599453,1.0,0.0,0.0,1.0,1.0,1.0,6.0,5.0,4.0,89.08779594497052,,,3.0,1.3862943611198906,9.0,6.0,1.9459101490553132,1.0,1.0,13.0
UGA,Uganda,ESA,2006,28.3,29.3,38.7,10.9,17.6,,-0.621272003083901,650.270540867444,6.477388493014676,346.518255310647,5.847935502121371,425.62,6.429,14.5851520274647,7.4,17.0595600245412,2.264,72.245,,,,,31.60310555,29.48796514541177,1,3,1.3862943611198906,7.0,4,1.6094379124341005,1,1,12.0,1.0,1.0,0.0,0.6931471805599453,0.6931471805599453,0.0,2.0,2.0,3.0,1.0,1.0,1.0,0.6931471805599453,0.6931471805599453,0.6931471805599453,1.0,1.0,0.0,1.0,1.0,1.0,7.0,6.0,4.0,58.12231797462064,89.08779594497052,,5.0,1.791759469228055,11.0,10.0,2.3978952727983707,1.0,1.0,16.0
UGA,Uganda,ESA,2007,27.4,28.3,37.9,10.8,18.3,,-0.6522452169428926,684.542241787248,6.528750354712275,401.389130865581,5.994931357932793,417.91,6.326,15.494298100139,7.3,17.4484827686049,2.667,71.835,,,,,36.10126495,22.7567352707358,0,3,1.3862943611198906,9.0,6,1.9459101490553132,1,1,12.0,2.0,1.0,0.0,1.0986122886681098,0.6931471805599453,0.0,5.0,2.0,1.0,3.0,1.0,0.0,1.3862943611198906,0.6931471805599453,0.0,1.0,1.0,0.0,1.0,1.0,1.0,10.0,7.0,5.0,47.35464466218345,58.12231797462064,,6.0,1.9459101490553132,13.0,11.0,2.4849066497880004,1.0,1.0,21.0
UGA,Uganda,ESA,2008,26.5,27.4,37.0,10.8,19.0,,-0.681486134326857,722.565167003452,6.582807612463694,472.842681495852,6.158762735908842,417.7,6.202,16.5070641943955,7.2,17.8367866196346,3.035,71.425,,,,,40.04308701,88.62967783478084,0,3,1.3862943611198906,9.0,6,1.9459101490553132,1,1,13.0,3.0,2.0,1.0,1.3862943611198906,1.0986122886681098,0.6931471805599453,7.0,5.0,2.0,4.0,3.0,1.0,1.6094379124341005,1.3862943611198906,0.6931471805599453,1.0,1.0,1.0,1.0,1.0,1.0,12.0,10.0,6.0,29.48796514541177,47.35464466218345,89.08779594497052,8.0,2.1972245773362196,19.0,12.0,2.5649493574615367,1.0,1.0,25.0
UGA,Uganda,ESA,2009,25.7,26.5,36.2,10.7,19.6,,-0.7119836485399349,749.342865535423,6.619196643174824,798.947089938247,6.683294723220978,422.8,6.124,17.6123523369348,7.2,18.2241387733923,3.6,70.861,,,,0.4,44.3670578,71.355184660812,0,5,1.791759469228055,11.0,10,2.3978952727983707,1,1,16.0,3.0,3.0,1.0,1.3862943611198906,1.3862943611198906,0.6931471805599453,9.0,7.0,2.0,6.0,4.0,1.0,1.9459101490553132,1.6094379124341005,0.6931471805599453,1.0,1.0,1.0,1.0,1.0,1.0,12.0,12.0,7.0,22.7567352707358,29.48796514541177,58.12231797462064,8.0,2.1972245773362196,18.0,11.0,2.4849066497880004,1.0,1.0,26.0
UGA,Uganda,ESA,2010,25.0,25.7,35.5,10.6,20.3,,-0.7361624616479077,768.624091660131,6.64460202250046,823.488144282,6.7135491527708915,405.97,6.019,18.7990645544572,7.2,18.6107811745522,3.623,70.692,,,,0.5,51.88574982,68.4592341209143,0,6,1.9459101490553132,13.0,11,2.4849066497880004,1,1,21.0,3.0,3.0,2.0,1.3862943611198906,1.3862943611198906,1.0986122886681098,9.0,9.0,5.0,6.0,6.0,3.0,1.9459101490553132,1.9459101490553132,1.3862943611198906,1.0,1.0,1.0,1.0,1.0,1.0,13.0,12.0,10.0,88.62967783478084,22.7567352707358,47.35464466218345,8.0,2.1972245773362196,16.0,9.0,2.302585092994046,1.0,1.0,26.0
UGA,Uganda,ESA,2011,24.5,25.0,35.0,10.6,20.9,,-0.7487621347870708,816.516366587228,6.705046957019458,835.620060555838,6.728174036761206,382.9,5.885,20.0561028736631,7.1,18.9965285314938,3.523,77.332,,,,,55.2076683,31.101118261700694,1,8,2.1972245773362196,19.0,12,2.5649493574615367,1,1,25.0,5.0,3.0,3.0,1.791759469228055,1.3862943611198906,1.3862943611198906,11.0,9.0,7.0,10.0,6.0,4.0,2.3978952727983707,1.9459101490553132,1.6094379124341005,1.0,1.0,1.0,1.0,1.0,1.0,16.0,13.0,12.0,71.355184660812,88.62967783478084,29.48796514541177,8.0,2.1972245773362196,16.0,9.0,2.302585092994046,1.0,1.0,28.0
UGA,Uganda,ESA,2012,24.3,24.5,34.7,10.5,21.6,,-0.7523705799340803,823.580468285493,6.713661259823246,795.222867553127,6.678622411912198,349.79,5.729,21.372369321253,7.1,19.3814718588075,3.551,67.436,,,,,55.03918457,62.7207205352092,0,8,2.1972245773362196,18.0,11,2.4849066497880004,1,1,26.0,6.0,5.0,3.0,1.9459101490553132,1.791759469228055,1.3862943611198906,13.0,11.0,9.0,11.0,10.0,6.0,2.4849066497880004,2.3978952727983707,1.9459101490553132,1.0,1.0,1.0,1.0,1.0,1.0,21.0,16.0,12.0,68.4592341209143,71.355184660812,22.7567352707358,8.0,2.1972245773362196,17.0,9.0,2.302585092994046,1.0,1.0,29.0
UGA,Uganda,ESA,2013,24.2,24.3,34.6,10.5,22.3,,-0.7448755847581944,828.988669729986,6.7202064876474275,818.285427416713,6.707211209011955,310.27,5.563,22.7367659239271,7.0,19.7651604775123,1.91,82.91,,,,,52.906353,34.061757638102314,0,8,2.1972245773362196,16.0,9,2.302585092994046,1,1,26.0,8.0,6.0,3.0,2.1972245773362196,1.9459101490553132,1.3862943611198906,19.0,13.0,9.0,12.0,11.0,6.0,2.5649493574615367,2.4849066497880004,1.9459101490553132,1.0,1.0,1.0,1.0,1.0,1.0,25.0,21.0,13.0,31.101118261700694,68.4592341209143,88.62967783478084,8.0,2.1972245773362196,14.0,13.0,2.6390573296152584,1.0,1.0,29.0
UGA,Uganda,ESA,2014,24.3,24.2,34.5,10.5,23.0,,-0.7329757662202331,845.978664791099,6.74049414036517,896.054795546394,6.798001566848738,292.11,5.408,24.1938503391826,6.9,20.1480923027985,2.357,75.386,,,,,50.957798,64.19,0,8,2.1972245773362196,16.0,9,2.302585092994046,1,1,28.0,8.0,8.0,5.0,2.1972245773362196,2.1972245773362196,1.791759469228055,18.0,19.0,11.0,11.0,12.0,10.0,2.4849066497880004,2.5649493574615367,2.3978952727983707,1.0,1.0,1.0,1.0,1.0,1.0,26.0,25.0,16.0,62.7207205352092,31.101118261700694,71.355184660812,7.0,2.0794415416798357,12.0,12.0,2.5649493574615367,1.0,1.0,27.0
UGA,Uganda,ESA,2015,24.5,24.3,34.5,10.5,23.7,,-0.7164839586122905,862.934610355811,6.760338918057234,862.934610355811,6.760338918057234,288.7,5.251,24.9777856560427,6.8,20.5299518497404,2.681,73.558,21.5,-2.0,,,40.09843445,63.42,0,8,2.1972245773362196,17.0,9,2.302585092994046,1,1,29.0,8.0,8.0,6.0,2.1972245773362196,2.1972245773362196,1.9459101490553132,16.0,18.0,13.0,9.0,11.0,11.0,2.302585092994046,2.4849066497880004,2.4849066497880004,1.0,1.0,1.0,1.0,1.0,1.0,26.0,26.0,21.0,34.061757638102314,62.7207205352092,68.4592341209143,8.0,2.1972245773362196,13.0,8.0,2.1972245773362196,1.0,1.0,30.0
UGA,Uganda,ESA,2016,24.7,24.5,34.6,10.5,24.4,,-0.6976025736154041,874.648370639216,6.773821943462781,752.696571725656,6.623662187394344,281.02,5.112,25.6953567134098,6.6,20.9104342628765,3.002,71.562,24.0,-2.200000000000003,,,39.08125305,57.46,1,8,2.1972245773362196,14.0,13,2.6390573296152584,1,1,29.0,8.0,8.0,8.0,2.1972245773362196,2.1972245773362196,2.1972245773362196,16.0,16.0,19.0,9.0,9.0,12.0,2.302585092994046,2.302585092994046,2.5649493574615367,1.0,1.0,1.0,1.0,1.0,1.0,28.0,26.0,25.0,64.19,34.061757638102314,31.101118261700694,10.0,2.3978952727983707,17.0,10.0,2.3978952727983707,1.0,1.0,32.0
UGA,Uganda,ESA,2017,24.8,24.7,34.5,10.5,25.2,,-0.683976043042319,871.093880017151,6.769749755220039,765.218332297361,6.640161194803116,276.51,4.987,26.4139260579546,6.5,21.2895047336164,3.428,69.299,25.6,-2.400000000000002,77.2,,31.43818092,38.36929690057658,0,7,2.0794415416798357,12.0,12,2.5649493574615367,1,1,27.0,8.0,8.0,8.0,2.1972245773362196,2.1972245773362196,2.1972245773362196,17.0,16.0,18.0,9.0,9.0,11.0,2.302585092994046,2.302585092994046,2.4849066497880004,1.0,1.0,1.0,1.0,1.0,1.0,29.0,28.0,26.0,63.42,64.19,62.7207205352092,11.0,2.4849066497880004,18.0,11.0,2.4849066497880004,1.0,1.0,34.0
UGA,Uganda,ESA,2018,25.0,24.8,34.5,10.5,26.0,,-0.6657575233992523,895.07512785438,6.796907656488682,792.16570022814,6.674770587391278,269.21,4.867,27.1280475018884,6.3,21.6668720905552,3.249,72.364,24.9,-2.3000000000000007,75.9,,32.9515686,82.59481335817826,0,8,2.1972245773362196,13.0,8,2.1972245773362196,1,1,30.0,8.0,8.0,8.0,2.1972245773362196,2.1972245773362196,2.1972245773362196,14.0,17.0,16.0,13.0,9.0,9.0,2.6390573296152584,2.302585092994046,2.302585092994046,1.0,1.0,1.0,1.0,1.0,1.0,29.0,29.0,26.0,57.46,63.42,34.061757638102314,11.0,2.4849066497880004,17.0,11.0,2.4849066497880004,1.0,1.0,32.0
UGA,Uganda,ESA,2019,25.2,25.0,34.4,10.6,26.8,,-0.6458067072811587,920.939101515671,6.82539391193632,822.171150036357,6.71194858510619,250.82,4.744,27.8369781799403,6.1,22.0428914452572,3.057,74.881,23.4,-2.1999999999999993,75.1,,33.36559677,58.3494857208654,0,10,2.3978952727983707,17.0,10,2.3978952727983707,1,1,32.0,7.0,8.0,8.0,2.0794415416798357,2.1972245773362196,2.1972245773362196,12.0,14.0,16.0,12.0,13.0,9.0,2.5649493574615367,2.6390573296152584,2.302585092994046,1.0,1.0,1.0,1.0,1.0,1.0,27.0,29.0,28.0,38.36929690057658,57.46,64.19,10.0,2.3978952727983707,16.0,10.0,2.3978952727983707,1.0,1.0,31.0
UGA,Uganda,ESA,2020,25.5,25.2,34.4,10.7,27.6,,-0.6212639020930838,917.0350317644,6.821145674105173,845.766463890124,6.7402432740869225,255.66,4.621,28.5399752271502,5.8,22.4171466106688,3.819,75.029,22.1,-2.0,75.1,,44.73381805,62.49,0,11,2.4849066497880004,18.0,11,2.4849066497880004,1,1,34.0,8.0,7.0,8.0,2.1972245773362196,2.0794415416798357,2.1972245773362196,13.0,12.0,17.0,8.0,12.0,9.0,2.1972245773362196,2.5649493574615367,2.302585092994046,1.0,1.0,1.0,1.0,1.0,1.0,30.0,27.0,29.0,82.59481335817826,38.36929690057658,63.42,10.0,2.3978952727983707,16.0,10.0,2.3978952727983707,1.0,1.0,31.0
UGA,Uganda,ESA,2021,25.9,25.5,34.4,10.8,28.4,,-0.5945186852239711,919.401675217265,6.82372310544711,882.791717542504,6.78308929230697,268.61,4.51,29.2362957789022,5.6,22.789614286416,3.416,76.591,20.7,-1.1999999999999993,74.6,,51.03484726,96.30256262535084,0,11,2.4849066497880004,17.0,11,2.4849066497880004,1,1,32.0,10.0,8.0,8.0,2.3978952727983707,2.1972245773362196,2.1972245773362196,17.0,13.0,14.0,10.0,8.0,13.0,2.3978952727983707,2.1972245773362196,2.6390573296152584,1.0,1.0,1.0,1.0,1.0,1.0,32.0,30.0,29.0,58.3494857208654,82.59481335817826,57.46,10.0,2.3978952727983707,16.0,10.0,2.3978952727983707,1.0,1.0,31.0
UGA,Uganda,ESA,2022,26.4,25.9,34.7,10.8,29.3,,-0.5607974863358367,933.094056370423,6.8385060064527,963.067314117178,6.8701233097884105,266.58,4.388,29.9251969709665,5.4,23.1603896161507,2.885,77.722,17.7,0.1999999999999993,75.7,,44.47286224,100.0,0,10,2.3978952727983707,16.0,10,2.3978952727983707,1,1,31.0,11.0,10.0,7.0,2.4849066497880004,2.3978952727983707,2.0794415416798357,18.0,17.0,12.0,11.0,10.0,12.0,2.4849066497880004,2.3978952727983707,2.5649493574615367,1.0,1.0,1.0,1.0,1.0,1.0,34.0,32.0,27.0,62.49,58.3494857208654,38.36929690057658,10.0,2.3978952727983707,16.0,10.0,2.3978952727983707,1.0,1.0,31.0
UGA,Uganda,ESA,2023,27.2,26.4,35.0,,,,,955.745797275462,6.862491975261556,1002.30913917142,6.910061756188811,267.57,4.283,30.6059359395495,5.2,23.5293222340079,2.754,77.795,14.9,0.5999999999999996,76.4,,45.21318436,79.08,0,10,2.3978952727983707,16.0,10,2.3978952727983707,1,1,31.0,11.0,11.0,8.0,2.4849066497880004,2.4849066497880004,2.1972245773362196,17.0,18.0,13.0,11.0,11.0,8.0,2.4849066497880004,2.4849066497880004,2.1972245773362196,1.0,1.0,1.0,1.0,1.0,1.0,32.0,34.0,30.0,96.30256262535084,62.49,82.59481335817826,,,,,,,,
UGA,Uganda,ESA,2024,,27.2,,,,,,986.090145363924,6.893747775741977,1077.91278438613,6.982781843173812,264.23,4.165,31.2777698213557,4.9,23.896386630237,2.74,77.781,12.7,0.5999999999999996,74.4,,,89.09,0,10,2.3978952727983707,16.0,10,2.3978952727983707,1,1,31.0,10.0,11.0,10.0,2.3978952727983707,2.4849066497880004,2.3978952727983707,16.0,17.0,17.0,10.0,11.0,10.0,2.3978952727983707,2.4849066497880004,2.3978952727983707,1.0,1.0,1.0,1.0,1.0,1.0,31.0,32.0,32.0,100.0,96.30256262535084,58.3494857208654,,,,,,,,
UGA,Uganda,ESA,2025,,,,,,,,1020.5762056167,6.928122654245512,1206.30450825002,7.095316839818786,,,31.9399557536617,,,2.746,77.831,,,73.6,,,,0,10,2.3978952727983707,16.0,10,2.3978952727983707,1,1,31.0,10.0,10.0,11.0,2.3978952727983707,2.3978952727983707,2.4849066497880004,16.0,16.0,18.0,10.0,10.0,11.0,2.3978952727983707,2.3978952727983707,2.4849066497880004,1.0,1.0,1.0,1.0,1.0,1.0,31.0,31.0,34.0,79.08,100.0,62.49,,,,,,,,
ZAF,South Africa,ESA,2000,33.0,,33.3,4.8,57.3,17.2,-0.21272546083612537,4700.87555500704,8.45550405864801,3217.84693448467,8.076467761002995,3.86,2.413,56.2589954883628,13.8,60.4973716866815,22.788,44.214,,,,,236.08114624,,0,0,0.0,3.0,1,0.6931471805599453,0,1,1.0,,,,,,,,,,,,,,,,,,,,,,,,,,,,2.0,1.0986122886681098,4.0,2.0,1.0986122886681098,1.0,1.0,5.0
ZAF,South Africa,ESA,2001,32.4,33.0,32.9,4.7,58.0,17.2,-0.2275331300962291,4786.482450463,8.47355106791421,2847.15191945908,7.954074447097468,5.57,2.373,57.0014339378269,14.5,61.2759508701069,22.652,44.094,,,,,202.81065369,,0,0,0.0,3.0,1,0.6931471805599453,0,1,2.0,,,,,,,,,,,,,,,,,,,,,,,,,,,,2.0,1.0986122886681098,6.0,4.0,1.6094379124341005,1.0,1.0,5.0
ZAF,South Africa,ESA,2002,31.7,32.4,32.6,4.6,58.8,17.2,-0.24042692161330276,4916.81498068625,8.50041623820819,2688.23676032806,7.896640778243372,3.26,2.324,57.6723587528482,15.1,62.0623724472109,22.579,43.935,,,,2.99,179.5135498,,0,1,0.6931471805599453,2.0,1,0.6931471805599453,1,1,4.0,0.0,,,0.0,,,3.0,,,1.0,,,0.6931471805599453,,,0.0,,,1.0,,,1.0,,,,,,2.0,1.0986122886681098,6.0,4.0,1.6094379124341005,1.0,1.0,5.0
ZAF,South Africa,ESA,2003,31.1,31.7,32.2,4.5,59.5,17.1,-0.2552345908734064,5011.62223150169,8.519514940370357,4062.21755993786,8.309484300513505,2.78,2.358,58.3724341232066,15.5,62.8465144848753,22.679,43.689,,,,,286.01998901,0.0,0,2,1.0986122886681098,4.0,2,1.0986122886681098,1,1,5.0,0.0,0.0,,0.0,0.0,,3.0,3.0,,1.0,1.0,,0.6931471805599453,0.6931471805599453,,0.0,0.0,,1.0,1.0,,2.0,1.0,,,,,2.0,1.0986122886681098,6.0,4.0,1.6094379124341005,1.0,1.0,5.0
ZAF,South Africa,ESA,2004,30.5,31.1,31.8,4.4,60.2,17.1,-0.2700422601335102,5187.35683424034,8.553979565939386,5221.46333731721,8.56053297441017,2.73,2.436,59.0977390950102,15.8,63.6233578866547,22.567,43.591,,,,2.78,362.28662109,0.0,0,2,1.0986122886681098,6.0,4,1.6094379124341005,1,1,5.0,1.0,0.0,,0.6931471805599453,0.0,,2.0,3.0,,1.0,1.0,,0.6931471805599453,0.6931471805599453,,1.0,0.0,,1.0,1.0,,4.0,2.0,,,,,3.0,1.3862943611198906,7.0,5.0,1.791759469228055,1.0,1.0,7.0
ZAF,South Africa,ESA,2005,29.8,30.5,31.3,4.2,60.9,17.0,-0.29356379232756635,5406.07581377638,8.595278750744047,5836.87663325127,8.671951109679986,1.57,2.512,59.8241758378997,16.1,64.3920939153514,22.472,43.516,,,,,400.5355835,0.0,0,2,1.0986122886681098,6.0,4,1.6094379124341005,1,1,5.0,2.0,1.0,0.0,1.0986122886681098,0.6931471805599453,0.0,4.0,2.0,3.0,2.0,1.0,1.0,1.0986122886681098,0.6931471805599453,0.6931471805599453,1.0,1.0,0.0,1.0,1.0,1.0,5.0,4.0,1.0,0.0,,,3.0,1.3862943611198906,8.0,5.0,1.791759469228055,1.0,1.0,7.0
ZAF,South Africa,ESA,2006,29.1,29.8,30.8,4.1,61.6,16.9,-0.3129634506576515,5650.9883176549,8.639585732321903,6077.38293388876,8.712329443789828,2.42,2.548,60.5276465215157,16.3,65.1530628772458,22.304,43.505,,,,,417.91174316,0.0,0,2,1.0986122886681098,6.0,4,1.6094379124341005,1,1,5.0,2.0,2.0,0.0,1.0986122886681098,1.0986122886681098,0.0,6.0,4.0,3.0,4.0,2.0,1.0,1.6094379124341005,1.0986122886681098,0.6931471805599453,1.0,1.0,0.0,1.0,1.0,1.0,5.0,5.0,2.0,0.0,0.0,,3.0,1.3862943611198906,10.0,5.0,1.791759469228055,1.0,1.0,8.0
ZAF,South Africa,ESA,2007,28.4,29.1,30.3,4.0,62.3,16.8,-0.3323631089877368,5891.42069421698,8.681252452011616,6591.85535960564,8.793590129541185,1.25,2.545,61.1840533154988,16.6,65.9061304060194,22.26,43.439,,,,2.34,455.17498779,0.0,0,3,1.3862943611198906,7.0,5,1.791759469228055,1,1,7.0,2.0,2.0,1.0,1.0986122886681098,1.0986122886681098,0.6931471805599453,6.0,6.0,2.0,4.0,4.0,1.0,1.6094379124341005,1.6094379124341005,0.6931471805599453,1.0,1.0,1.0,1.0,1.0,1.0,5.0,5.0,4.0,0.0,0.0,,3.0,1.3862943611198906,12.0,7.0,2.0794415416798357,1.0,1.0,9.0
ZAF,South Africa,ESA,2008,27.8,28.4,29.9,3.9,62.9,16.8,-0.34889749028296446,6009.71963138635,8.701133376089404,6184.75474328399,8.729842630569712,1.53,2.679,61.7692983894896,16.8,66.6513463502515,22.407,43.286,,,,2.32,442.10626221,0.0,0,3,1.3862943611198906,8.0,5,1.791759469228055,1,1,7.0,2.0,2.0,2.0,1.0986122886681098,1.0986122886681098,1.0986122886681098,6.0,6.0,4.0,4.0,4.0,2.0,1.6094379124341005,1.6094379124341005,1.0986122886681098,1.0,1.0,1.0,1.0,1.0,1.0,5.0,5.0,5.0,0.0,0.0,0.0,3.0,1.3862943611198906,12.0,7.0,2.0794415416798357,1.0,1.0,10.0
ZAF,South Africa,ESA,2009,27.2,27.8,29.4,3.7,63.5,16.8,-0.37194332283110676,5847.05811084505,8.673693926700775,6374.70560042992,8.760093188635565,1.17,2.501,62.2592839131287,17.1,67.3878839823923,23.523,41.264,,,,,487.62774658,0.0,0,3,1.3862943611198906,10.0,5,1.791759469228055,1,1,8.0,3.0,2.0,2.0,1.3862943611198906,1.0986122886681098,1.0986122886681098,7.0,6.0,6.0,5.0,4.0,4.0,1.791759469228055,1.6094379124341005,1.6094379124341005,1.0,1.0,1.0,1.0,1.0,1.0,7.0,5.0,5.0,0.0,0.0,0.0,3.0,1.3862943611198906,11.0,7.0,2.0794415416798357,1.0,1.0,12.0
ZAF,South Africa,ESA,2010,26.7,27.2,29.1,3.6,64.0,16.7,-0.38561242709147714,5953.94506512821,8.691809314984317,7973.47195771517,8.98387530524639,1.54,2.445,62.6299120560569,17.4,68.1161861329021,24.683,39.365,,,,2.25,621.41906738,0.0,0,3,1.3862943611198906,12.0,7,2.0794415416798357,1,1,9.0,3.0,3.0,2.0,1.3862943611198906,1.3862943611198906,1.0986122886681098,8.0,7.0,6.0,5.0,5.0,4.0,1.791759469228055,1.791759469228055,1.6094379124341005,1.0,1.0,1.0,1.0,1.0,1.0,7.0,7.0,5.0,0.0,0.0,0.0,4.0,1.6094379124341005,13.0,8.0,2.1972245773362196,1.0,1.0,18.0
ZAF,South Africa,ESA,2011,26.5,26.7,28.8,3.5,64.6,16.7,-0.39094758427361087,6067.12482726885,8.710640102523593,8646.05571071635,9.064858508731724,1.86,2.436,62.850627754452,17.7,68.8359875393952,24.639,39.317,,,,,686.87243652,0.0,0,3,1.3862943611198906,12.0,7,2.0794415416798357,1,1,10.0,3.0,3.0,2.0,1.3862943611198906,1.3862943611198906,1.0986122886681098,10.0,8.0,6.0,5.0,5.0,4.0,1.791759469228055,1.791759469228055,1.6094379124341005,1.0,1.0,1.0,1.0,1.0,1.0,8.0,7.0,5.0,0.0,0.0,0.0,4.0,1.6094379124341005,13.0,8.0,2.1972245773362196,1.0,1.0,20.0
ZAF,South Africa,ESA,2012,26.4,26.5,28.7,3.4,65.2,16.6,-0.3893011749968195,6121.55783860713,8.71957189190634,8076.97678479741,8.996772921202362,1.23,2.447,62.9616560303263,17.9,69.5473276761195,24.727,39.524,,,,,646.49920654,0.0,0,3,1.3862943611198906,11.0,7,2.0794415416798357,1,1,12.0,3.0,3.0,3.0,1.3862943611198906,1.3862943611198906,1.3862943611198906,12.0,10.0,7.0,7.0,5.0,5.0,2.0794415416798357,1.791759469228055,1.791759469228055,1.0,1.0,1.0,1.0,1.0,1.0,9.0,8.0,7.0,0.0,0.0,0.0,4.0,1.6094379124341005,14.0,8.0,2.1972245773362196,1.0,1.0,23.0
ZAF,South Africa,ESA,2013,26.5,26.4,28.6,3.2,65.8,16.6,-0.38737181622192407,6170.87670863373,8.727596198966356,7331.65467384919,8.89995650935741,1.58,2.428,63.0524024097034,18.1,70.2497373907273,24.561,40.041,,,,,593.80157471,0.0,0,4,1.6094379124341005,13.0,8,2.1972245773362196,1,1,18.0,3.0,3.0,3.0,1.3862943611198906,1.3862943611198906,1.3862943611198906,12.0,12.0,8.0,7.0,7.0,5.0,2.0794415416798357,2.0794415416798357,1.791759469228055,1.0,1.0,1.0,1.0,1.0,1.0,10.0,9.0,7.0,0.0,0.0,0.0,5.0,1.791759469228055,12.0,11.0,2.4849066497880004,1.0,1.0,25.0
ZAF,South Africa,ESA,2014,26.6,26.5,28.6,3.1,66.4,16.6,-0.3789310061941136,6155.00589462516,8.725020996315116,6856.73137092522,8.832986130627399,2.11,2.424,63.1352327065742,18.3,70.9435261806792,24.89,40.044,,,,,539.30780029,0.0,0,4,1.6094379124341005,13.0,8,2.1972245773362196,1,1,20.0,3.0,3.0,3.0,1.3862943611198906,1.3862943611198906,1.3862943611198906,11.0,12.0,10.0,7.0,7.0,5.0,2.0794415416798357,2.0794415416798357,1.791759469228055,1.0,1.0,1.0,1.0,1.0,1.0,12.0,10.0,8.0,0.0,0.0,0.0,5.0,1.791759469228055,12.0,11.0,2.4849066497880004,1.0,1.0,25.0
ZAF,South Africa,ESA,2015,26.9,26.6,28.6,3.0,66.9,16.6,-0.3678120848393521,6112.27382485974,8.718054131030598,6112.27382485974,8.718054131030598,0.87,2.359,63.2096349937231,18.5,71.6284763129344,25.149,40.862,,,,,491.90652466,0.0,0,4,1.6094379124341005,14.0,8,2.1972245773362196,1,1,23.0,4.0,3.0,3.0,1.6094379124341005,1.3862943611198906,1.3862943611198906,13.0,11.0,12.0,8.0,7.0,7.0,2.1972245773362196,2.0794415416798357,2.0794415416798357,1.0,1.0,1.0,1.0,1.0,1.0,18.0,12.0,9.0,0.0,0.0,0.0,5.0,1.791759469228055,12.0,5.0,1.791759469228055,1.0,1.0,23.0
ZAF,South Africa,ESA,2016,27.2,26.9,28.7,2.9,67.6,16.6,-0.3508501620253993,6095.295060428,8.715272450986127,5651.20585165749,8.639624226440718,0.75,2.261,63.2750973439347,18.6,72.3045193020221,26.536,40.195,,,,,456.56936646,100.0,1,5,1.791759469228055,12.0,11,2.4849066497880004,1,1,25.0,4.0,4.0,3.0,1.6094379124341005,1.6094379124341005,1.3862943611198906,13.0,13.0,12.0,8.0,8.0,7.0,2.1972245773362196,2.1972245773362196,2.0794415416798357,1.0,1.0,1.0,1.0,1.0,1.0,20.0,18.0,10.0,0.0,0.0,0.0,5.0,1.791759469228055,12.0,5.0,1.791759469228055,1.0,1.0,23.0
ZAF,South Africa,ESA,2017,27.6,27.2,28.7,2.8,68.3,16.6,-0.3340754049193525,6125.6920507497,8.72024701690778,6618.33508255701,8.797599119196931,4.06,2.283,63.3311078299936,18.6,72.9715054204693,27.035,40.393,,,60.9,,527.52026367,44.76,0,5,1.791759469228055,12.0,11,2.4849066497880004,1,1,25.0,4.0,4.0,3.0,1.6094379124341005,1.6094379124341005,1.3862943611198906,14.0,13.0,11.0,8.0,8.0,7.0,2.1972245773362196,2.1972245773362196,2.0794415416798357,1.0,1.0,1.0,1.0,1.0,1.0,23.0,20.0,12.0,0.0,0.0,0.0,5.0,1.791759469228055,13.0,5.0,1.791759469228055,1.0,1.0,23.0
ZAF,South Africa,ESA,2018,28.0,27.6,28.7,2.7,69.0,16.6,-0.3173006478133057,6117.2701406047,8.718871220537295,6914.1780318076,8.84132936961601,1.63,2.27,63.3771545246841,18.6,73.6294078282668,26.906,40.319,6.9,1.7000000000000002,59.5,,558.80145264,81.5744697857091,0,5,1.791759469228055,12.0,5,1.791759469228055,1,1,23.0,5.0,4.0,4.0,1.791759469228055,1.6094379124341005,1.6094379124341005,12.0,14.0,13.0,11.0,8.0,8.0,2.4849066497880004,2.1972245773362196,2.1972245773362196,1.0,1.0,1.0,1.0,1.0,1.0,25.0,23.0,18.0,100.0,0.0,0.0,5.0,1.791759469228055,13.0,5.0,1.791759469228055,1.0,1.0,22.0
ZAF,South Africa,ESA,2019,28.5,28.0,28.8,2.7,69.6,16.6,-0.2935387398084307,6032.82972598668,8.704971454270988,6533.71121032856,8.784730393193524,0.81,2.264,63.4127255007908,18.5,74.2781920666219,28.468,39.534,7.5,1.9000000000000004,58.6,,538.80438232,59.22386864726218,0,5,1.791759469228055,12.0,5,1.791759469228055,1,1,23.0,5.0,5.0,4.0,1.791759469228055,1.791759469228055,1.6094379124341005,12.0,12.0,13.0,11.0,11.0,8.0,2.4849066497880004,2.4849066497880004,2.1972245773362196,1.0,1.0,1.0,1.0,1.0,1.0,25.0,25.0,20.0,44.76,100.0,0.0,5.0,1.791759469228055,13.0,5.0,1.791759469228055,1.0,1.0,23.0
ZAF,South Africa,ESA,2020,29.0,28.5,28.8,2.6,70.2,16.6,-0.27628828305647,5569.58483319272,8.625075793912258,5580.60383075189,8.627052262917106,0.74,2.257,63.4373088310982,18.4,74.917857781457,29.217,35.779,8.0,1.9000000000000004,59.9,,503.46759033,0.0,0,5,1.791759469228055,13.0,5,1.791759469228055,1,1,23.0,5.0,5.0,4.0,1.791759469228055,1.791759469228055,1.6094379124341005,12.0,12.0,14.0,5.0,11.0,8.0,1.791759469228055,2.4849066497880004,2.1972245773362196,1.0,1.0,1.0,1.0,1.0,1.0,23.0,25.0,23.0,81.5744697857091,44.76,0.0,5.0,1.791759469228055,13.0,5.0,1.791759469228055,1.0,1.0,23.0
ZAF,South Africa,ESA,2021,29.7,29.0,28.9,2.5,70.8,,-0.2522434255534909,5750.90937479584,8.657113273425072,6828.75624590017,8.828897834357164,0.48,2.248,63.4503925883909,18.2,75.5483071505453,34.007,34.332,8.4,1.3999999999999995,58.1,,592.9465332,0.0,0,5,1.791759469228055,13.0,5,1.791759469228055,1,1,22.0,5.0,5.0,5.0,1.791759469228055,1.791759469228055,1.791759469228055,12.0,12.0,12.0,5.0,5.0,11.0,1.791759469228055,1.791759469228055,2.4849066497880004,1.0,1.0,1.0,1.0,1.0,1.0,23.0,23.0,25.0,59.22386864726218,81.5744697857091,100.0,4.0,1.6094379124341005,12.0,4.0,1.6094379124341005,1.0,1.0,22.0
ZAF,South Africa,ESA,2022,30.4,29.7,29.1,2.4,71.3,,-0.22753570269669166,5786.86505344736,8.663345982388412,6534.24867783397,8.784812650486982,0.33,2.227,63.4766699210327,17.9,76.169562634684,33.268,35.701,8.4,1.0999999999999996,57.3,,570.48028564,18.9,0,5,1.791759469228055,13.0,5,1.791759469228055,1,1,23.0,5.0,5.0,5.0,1.791759469228055,1.791759469228055,1.791759469228055,13.0,12.0,12.0,5.0,5.0,11.0,1.791759469228055,1.791759469228055,2.4849066497880004,1.0,1.0,1.0,1.0,1.0,1.0,23.0,23.0,25.0,0.0,59.22386864726218,44.76,4.0,1.6094379124341005,12.0,4.0,1.6094379124341005,1.0,1.0,22.0
ZAF,South Africa,ESA,2023,31.2,30.4,29.3,,,,,5756.55049453121,8.658093701816968,6034.27208964673,8.705210511451236,0.84,2.216,63.5823705163545,17.6,76.7816295496925,32.098,37.359,8.4,0.40000000000000036,57.5,,536.58843994,0.0,0,5,1.791759469228055,13.0,5,1.791759469228055,1,1,23.0,5.0,5.0,5.0,1.791759469228055,1.791759469228055,1.791759469228055,13.0,13.0,12.0,5.0,5.0,5.0,1.791759469228055,1.791759469228055,1.791759469228055,1.0,1.0,1.0,1.0,1.0,1.0,22.0,23.0,23.0,0.0,0.0,81.5744697857091,,,,,,,,
ZAF,South Africa,ESA,2024,,31.2,,,,,,5715.47531469148,8.650932742445304,6267.186814093,8.743082858954319,0.11,2.205,63.6917984858172,17.2,77.384521067613,32.279,37.632,8.4,0.5999999999999996,57.6,,,0.0,0,4,1.6094379124341005,12.0,4,1.6094379124341005,1,1,22.0,5.0,5.0,5.0,1.791759469228055,1.791759469228055,1.791759469228055,13.0,13.0,12.0,5.0,5.0,5.0,1.791759469228055,1.791759469228055,1.791759469228055,1.0,1.0,1.0,1.0,1.0,1.0,23.0,22.0,23.0,18.9,0.0,59.22386864726218,,,,,,,,
ZAF,South Africa,ESA,2025,,,,,,,,5713.1191878767,8.650520421079344,6597.71450918774,8.7944785815568,,,63.8154011002522,,,32.391,37.58,,,57.9,,,,0,4,1.6094379124341005,12.0,4,1.6094379124341005,1,1,22.0,5.0,5.0,5.0,1.791759469228055,1.791759469228055,1.791759469228055,13.0,13.0,13.0,5.0,5.0,5.0,1.791759469228055,1.791759469228055,1.791759469228055,1.0,1.0,1.0,1.0,1.0,1.0,23.0,23.0,23.0,0.0,18.9,0.0,,,,,,,,
ZMB,Zambia,ESA,2000,36.2,,45.3,10.8,17.1,13.1,-0.3023248066512362,804.48463418783,6.690201866421358,359.429500988221,5.8845180549769145,360.33,5.921,35.8735460960387,13.5,21.0415384052929,12.93,51.852,,,,,14.80953312,,0,2,1.0986122886681098,5.0,3,1.3862943611198906,1,1,7.0,,,,,,,,,,,,,,,,,,,,,,,,,,,,2.0,1.0986122886681098,3.0,2.0,1.0986122886681098,1.0,1.0,7.0
ZMB,Zambia,ESA,2001,35.0,36.2,44.5,10.7,17.7,13.0,-0.34163196758846437,822.020935308251,6.711765863476688,396.548952993504,5.982799496237113,379.23,5.848,35.8846482932758,13.2,21.6786889419233,13.404,51.523,,,,,18.94953918,,0,2,1.0986122886681098,5.0,3,1.3862943611198906,1,1,7.0,,,,,,,,,,,,,,,,,,,,,,,,,,,,2.0,1.0986122886681098,3.0,2.0,1.0986122886681098,1.0,1.0,7.0
ZMB,Zambia,ESA,2002,33.9,35.0,43.8,10.6,18.3,12.9,-0.3763471394557113,833.021177549004,6.725059065071774,393.864625518616,5.9760072602030725,369.96,5.774,36.0706035730014,12.9,22.413804959209,14.131,51.042,,,,,23.19246864,,0,2,1.0986122886681098,4.0,2,1.0986122886681098,1,1,7.0,2.0,,,1.0986122886681098,,,5.0,,,3.0,,,1.3862943611198906,,,1.0,,,1.0,,,7.0,,,,,,2.0,1.0986122886681098,3.0,2.0,1.0986122886681098,1.0,1.0,6.0
ZMB,Zambia,ESA,2003,32.9,33.9,43.0,10.5,18.9,12.8,-0.41124947703086423,863.650190656785,6.761167814896272,446.290104839041,6.100969199843479,348.03,5.71,36.3858560115875,12.6,23.1443864562221,14.704,50.658,,,,,26.75762367,81.5306325111182,0,2,1.0986122886681098,3.0,2,1.0986122886681098,1,1,7.0,2.0,2.0,,1.0986122886681098,1.0986122886681098,,5.0,5.0,,3.0,3.0,,1.3862943611198906,1.3862943611198906,,1.0,1.0,,1.0,1.0,,7.0,7.0,,,,,5.0,1.791759469228055,8.0,5.0,1.791759469228055,1.0,1.0,13.0
ZMB,Zambia,ESA,2004,31.9,32.9,42.3,10.4,19.6,12.8,-0.44203552518194955,895.475258534826,6.797354592458928,548.685974566277,6.307526282532253,300.89,5.698,36.8035881130253,12.3,23.8700357388516,15.332,50.246,,,,,29.99057961,0.0,0,2,1.0986122886681098,3.0,2,1.0986122886681098,1,1,7.0,2.0,2.0,,1.0986122886681098,1.0986122886681098,,4.0,5.0,,2.0,3.0,,1.0986122886681098,1.3862943611198906,,1.0,1.0,,1.0,1.0,,7.0,7.0,,,,,5.0,1.791759469228055,8.0,5.0,1.791759469228055,1.0,1.0,14.0
ZMB,Zambia,ESA,2005,31.0,31.9,41.5,10.2,20.3,12.7,-0.477130612904912,929.079255855905,6.834194048259819,710.982068171696,6.56664720891093,262.52,5.697,37.2969823813059,12.1,24.5900224977226,15.9,49.872,,,,,44.99598694,26.33261351802123,0,2,1.0986122886681098,3.0,2,1.0986122886681098,1,1,6.0,2.0,2.0,2.0,1.0986122886681098,1.0986122886681098,1.0986122886681098,3.0,4.0,5.0,2.0,2.0,3.0,1.0986122886681098,1.0986122886681098,1.3862943611198906,1.0,1.0,1.0,1.0,1.0,1.0,7.0,7.0,7.0,81.5306325111182,,,6.0,1.9459101490553132,11.0,6.0,1.9459101490553132,1.0,1.0,16.0
ZMB,Zambia,ESA,2006,30.1,31.0,40.7,10.1,21.0,12.6,-0.5081038267639034,968.563565019492,6.875814113134732,1051.71714895686,6.958179487332816,225.93,5.679,37.8392213204204,11.9,25.3042918374618,13.229,51.417,,,,,58.68175507,19.052277509012207,0,5,1.791759469228055,8.0,5,1.791759469228055,1,1,13.0,2.0,2.0,2.0,1.0986122886681098,1.0986122886681098,1.0986122886681098,3.0,3.0,5.0,2.0,2.0,3.0,1.0986122886681098,1.0986122886681098,1.3862943611198906,1.0,1.0,1.0,1.0,1.0,1.0,7.0,7.0,7.0,0.0,81.5306325111182,,6.0,1.9459101490553132,11.0,10.0,2.3978952727983707,1.0,1.0,16.0
ZMB,Zambia,ESA,2007,29.3,30.1,40.0,9.9,21.8,12.5,-0.5368802133817607,1013.08567432637,6.920756075525709,1118.73162626953,7.019950846007968,194.66,5.613,38.4034874343601,11.7,26.0121310175446,10.559,52.958,,,,,51.02414322,2.0257513511761513,0,5,1.791759469228055,8.0,5,1.791759469228055,1,1,14.0,2.0,2.0,2.0,1.0986122886681098,1.0986122886681098,1.0986122886681098,3.0,3.0,4.0,2.0,2.0,2.0,1.0986122886681098,1.0986122886681098,1.0986122886681098,1.0,1.0,1.0,1.0,1.0,1.0,6.0,7.0,7.0,26.33261351802123,0.0,,5.0,1.791759469228055,11.0,9.0,2.302585092994046,1.0,1.0,16.0
ZMB,Zambia,ESA,2008,28.5,29.3,39.3,9.8,22.6,12.4,-0.561534726135647,1053.58612301068,6.95995497931982,1375.50211006997,7.226574114401962,171.62,5.53,38.9629632271162,11.7,26.7137426857946,7.93,54.47,,,,1.9,61.82287216,1.9692460038372168,0,6,1.9459101490553132,11.0,6,1.9459101490553132,1,1,16.0,5.0,2.0,2.0,1.791759469228055,1.0986122886681098,1.0986122886681098,8.0,3.0,3.0,5.0,2.0,2.0,1.791759469228055,1.0986122886681098,1.0986122886681098,1.0,1.0,1.0,1.0,1.0,1.0,13.0,6.0,7.0,19.052277509012207,26.33261351802123,81.5306325111182,7.0,2.0794415416798357,12.0,7.0,2.0794415416798357,1.0,1.0,18.0
ZMB,Zambia,ESA,2009,27.8,28.5,38.6,9.6,23.3,12.3,-0.5898354131075905,1110.71918102486,7.012762995335981,1136.24168316848,7.035481325921209,166.78,5.453,39.4908312026796,11.7,27.4075582632773,10.583,52.855,,,,,59.38909531,9.405867303586971,0,6,1.9459101490553132,11.0,10,2.3978952727983707,1,1,16.0,5.0,5.0,2.0,1.791759469228055,1.791759469228055,1.0986122886681098,8.0,8.0,3.0,5.0,5.0,2.0,1.791759469228055,1.791759469228055,1.0986122886681098,1.0,1.0,1.0,1.0,1.0,1.0,14.0,13.0,7.0,2.0257513511761513,19.052277509012207,0.0,6.0,1.9459101490553132,10.0,6.0,1.9459101490553132,1.0,1.0,17.0
ZMB,Zambia,ESA,2010,27.3,27.8,38.1,9.4,24.2,12.2,-0.6054986978693235,1183.41712409199,7.076161400386329,1451.10616017155,7.2800814136617324,169.92,5.359,39.9558857709992,11.7,28.094335855896,13.19,51.272,,,,2.0,59.98767853,0.5755096288161382,0,5,1.791759469228055,11.0,9,2.302585092994046,1,1,16.0,6.0,5.0,2.0,1.9459101490553132,1.791759469228055,1.0986122886681098,11.0,8.0,3.0,6.0,5.0,2.0,1.9459101490553132,1.791759469228055,1.0986122886681098,1.0,1.0,1.0,1.0,1.0,1.0,16.0,14.0,6.0,1.9692460038372168,2.0257513511761513,26.33261351802123,7.0,2.0794415416798357,12.0,7.0,2.0794415416798357,1.0,1.0,19.0
ZMB,Zambia,ESA,2011,26.8,27.3,37.6,9.2,25.0,12.1,-0.6228886946661807,1208.46424569634,7.097105614018111,1624.86817763443,7.393181970017579,181.12,5.256,40.3684491825881,11.7,28.7731031923329,10.548,52.793,,,,,64.3181076,0.0,0,7,2.0794415416798357,12.0,7,2.0794415416798357,1,1,18.0,6.0,6.0,5.0,1.9459101490553132,1.9459101490553132,1.791759469228055,11.0,11.0,8.0,10.0,6.0,5.0,2.3978952727983707,1.9459101490553132,1.791759469228055,1.0,1.0,1.0,1.0,1.0,1.0,16.0,16.0,13.0,9.405867303586971,1.9692460038372168,19.052277509012207,7.0,2.0794415416798357,12.0,7.0,2.0794415416798357,1.0,1.0,19.0
ZMB,Zambia,ESA,2012,26.5,26.8,37.2,9.0,25.9,12.0,-0.6317575786768947,1258.78938578996,7.137905733147997,1710.05061343728,7.444278247560012,206.15,5.136,40.7698556821596,11.8,29.4446855204494,7.85,54.342,,,,,69.17604828,6.165010159348436,0,6,1.9459101490553132,10.0,6,1.9459101490553132,1,1,17.0,5.0,6.0,5.0,1.791759469228055,1.9459101490553132,1.791759469228055,11.0,11.0,8.0,9.0,10.0,5.0,2.302585092994046,2.3978952727983707,1.791759469228055,1.0,1.0,1.0,1.0,1.0,1.0,16.0,16.0,14.0,0.5755096288161382,9.405867303586971,2.0257513511761513,7.0,2.0794415416798357,12.0,7.0,2.0794415416798357,1.0,1.0,19.0
ZMB,Zambia,ESA,2013,26.3,26.5,37.0,8.9,26.7,12.0,-0.631249734399837,1280.77012176778,7.155216833621354,1820.71854827391,7.506986508899073,228.03,5.014,41.1682266235825,11.8,30.1087309769234,7.272,54.63,,,,,83.29361725,4.194987844633107,0,7,2.0794415416798357,12.0,7,2.0794415416798357,1,1,19.0,7.0,5.0,6.0,2.0794415416798357,1.791759469228055,1.9459101490553132,12.0,11.0,11.0,7.0,9.0,6.0,2.0794415416798357,2.302585092994046,1.9459101490553132,1.0,1.0,1.0,1.0,1.0,1.0,18.0,16.0,16.0,0.0,0.5755096288161382,1.9692460038372168,5.0,1.791759469228055,9.0,6.0,1.9459101490553132,1.0,1.0,16.0
ZMB,Zambia,ESA,2014,26.3,26.3,36.8,8.7,27.7,11.9,-0.627005516554427,1299.01241762504,7.169359575997534,1707.48573136694,7.442777234963143,237.47,4.89,41.5634741658525,11.9,30.7641759274322,6.576,54.974,,,,,65.39261627,0.0,0,7,2.0794415416798357,12.0,7,2.0794415416798357,1,1,19.0,6.0,7.0,6.0,1.9459101490553132,2.0794415416798357,1.9459101490553132,10.0,12.0,11.0,6.0,7.0,10.0,1.9459101490553132,2.0794415416798357,2.3978952727983707,1.0,1.0,1.0,1.0,1.0,1.0,17.0,18.0,16.0,6.165010159348436,0.0,9.405867303586971,6.0,1.9459101490553132,11.0,7.0,2.0794415416798357,1.0,1.0,16.0
ZMB,Zambia,ESA,2015,26.2,26.3,36.7,8.5,28.6,11.8,-0.6243008450362347,1295.87788680068,7.166943649325317,1295.87788680068,7.166943649325317,237.78,4.775,41.9555104679652,11.9,31.4108659962422,5.951,55.266,22.4,0.0,,,57.38765335,65.16,0,7,2.0794415416798357,12.0,7,2.0794415416798357,1,1,19.0,7.0,6.0,5.0,2.0794415416798357,1.9459101490553132,1.791759469228055,12.0,10.0,11.0,7.0,6.0,9.0,2.0794415416798357,1.9459101490553132,2.302585092994046,1.0,1.0,1.0,1.0,1.0,1.0,19.0,17.0,16.0,4.194987844633107,6.165010159348436,0.5755096288161382,6.0,1.9459101490553132,11.0,6.0,1.9459101490553132,1.0,1.0,18.0
ZMB,Zambia,ESA,2016,26.2,26.2,36.6,8.4,29.6,11.7,-0.6135451759379101,1303.57513869133,7.1728658755107055,1239.08527877713,7.122128707974946,229.08,4.669,42.3442476889162,11.8,32.0477720583314,5.244,55.597,23.8,0.0,,,55.39532089,55.772417038345914,0,5,1.791759469228055,9.0,6,1.9459101490553132,1,1,16.0,7.0,7.0,7.0,2.0794415416798357,2.0794415416798357,2.0794415416798357,12.0,12.0,12.0,7.0,7.0,7.0,2.0794415416798357,2.0794415416798357,2.0794415416798357,1.0,1.0,1.0,1.0,1.0,1.0,19.0,19.0,18.0,0.0,4.194987844633107,0.0,6.0,1.9459101490553132,11.0,6.0,1.9459101490553132,1.0,1.0,18.0
ZMB,Zambia,ESA,2017,26.1,26.2,36.4,8.2,30.5,11.6,-0.6132300818086618,1308.76829240086,7.176841739088681,1483.46577328065,7.302136367864217,220.1,4.567,42.7295979877011,11.8,32.674491350081,4.529,55.924,24.1,0.0,82.8,,70.93283844,57.7,0,6,1.9459101490553132,11.0,7,2.0794415416798357,1,1,16.0,7.0,7.0,6.0,2.0794415416798357,2.0794415416798357,1.9459101490553132,12.0,12.0,10.0,7.0,7.0,6.0,2.0794415416798357,2.0794415416798357,1.9459101490553132,1.0,1.0,1.0,1.0,1.0,1.0,19.0,19.0,17.0,65.16,0.0,6.165010159348436,7.0,2.0794415416798357,12.0,7.0,2.0794415416798357,1.0,1.0,19.0
ZMB,Zambia,ESA,2018,26.2,26.1,36.3,8.1,31.5,11.5,-0.6002720010292997,1321.25045711573,7.186333883156558,1463.89997855593,7.288859371528776,222.0,4.492,43.1114735233156,11.7,33.2903966380539,5.032,55.533,25.0,0.0,83.1,,69.82767487,50.85005336097667,1,6,1.9459101490553132,11.0,6,1.9459101490553132,1,1,18.0,5.0,7.0,7.0,1.791759469228055,2.0794415416798357,2.0794415416798357,9.0,12.0,12.0,6.0,7.0,7.0,1.9459101490553132,2.0794415416798357,2.0794415416798357,1.0,1.0,1.0,1.0,1.0,1.0,16.0,19.0,19.0,55.772417038345914,65.16,4.194987844633107,7.0,2.0794415416798357,12.0,7.0,2.0794415416798357,1.0,1.0,18.0
ZMB,Zambia,ESA,2019,26.2,26.2,36.3,8.0,32.5,11.4,-0.5871267545420313,1301.18132976178,7.171027846019296,1258.98619844462,7.138062071668629,223.85,4.418,43.4897864547552,11.5,33.8947045843208,5.538,56.247,22.5,0.0,84.0,,85.02349854,0.0,0,6,1.9459101490553132,11.0,6,1.9459101490553132,1,1,18.0,6.0,5.0,7.0,1.9459101490553132,1.791759469228055,2.0794415416798357,11.0,9.0,12.0,7.0,6.0,7.0,2.0794415416798357,1.9459101490553132,2.0794415416798357,1.0,1.0,1.0,1.0,1.0,1.0,16.0,16.0,19.0,57.7,55.772417038345914,0.0,6.0,1.9459101490553132,12.0,6.0,1.9459101490553132,1.0,1.0,16.0
ZMB,Zambia,ESA,2020,26.2,26.2,36.2,7.8,33.5,11.2,-0.5804929593076774,1228.73500113195,7.11374046478012,951.644316655957,6.8581913480211325,234.25,4.323,43.8644489410157,11.1,34.4868129715486,6.032,57.2,22.4,0.0,85.5,,60.01779938,22.477885460226855,0,7,2.0794415416798357,12.0,7,2.0794415416798357,1,1,19.0,6.0,6.0,7.0,1.9459101490553132,1.9459101490553132,2.0794415416798357,11.0,11.0,12.0,6.0,7.0,7.0,1.9459101490553132,2.0794415416798357,2.0794415416798357,1.0,1.0,1.0,1.0,1.0,1.0,18.0,16.0,19.0,50.85005336097667,57.7,65.16,6.0,1.9459101490553132,12.0,6.0,1.9459101490553132,1.0,1.0,16.0
ZMB,Zambia,ESA,2021,26.4,26.2,36.2,7.7,34.6,,-0.5612161774232101,1269.10821808895,7.146069742320289,1127.16077872857,7.027457164670876,240.98,4.246,44.2353731410926,10.7,35.2442051458646,5.197,56.975,19.7,-0.29999999999999716,86.1,,74.83802795,34.35408958766364,0,7,2.0794415416798357,12.0,7,2.0794415416798357,1,1,18.0,6.0,6.0,5.0,1.9459101490553132,1.9459101490553132,1.791759469228055,11.0,11.0,9.0,6.0,6.0,6.0,1.9459101490553132,1.9459101490553132,1.9459101490553132,1.0,1.0,1.0,1.0,1.0,1.0,18.0,18.0,16.0,0.0,50.85005336097667,55.772417038345914,6.0,1.9459101490553132,12.0,6.0,1.9459101490553132,1.0,1.0,16.0
ZMB,Zambia,ESA,2022,26.7,26.4,36.5,7.6,35.6,,-0.5342949637259978,1298.8480495593,7.169233034893394,1447.12310138035,7.277332796530802,246.1,4.175,44.5988511178469,10.3,35.9950584575439,5.993,55.964,19.0,0.10000000000000142,86.5,,75.40128326,0.0,0,6,1.9459101490553132,12.0,6,1.9459101490553132,1,1,16.0,7.0,6.0,6.0,2.0794415416798357,1.9459101490553132,1.9459101490553132,12.0,11.0,11.0,7.0,6.0,7.0,2.0794415416798357,1.9459101490553132,2.0794415416798357,1.0,1.0,1.0,1.0,1.0,1.0,19.0,18.0,16.0,22.477885460226855,0.0,57.7,6.0,1.9459101490553132,12.0,6.0,1.9459101490553132,1.0,1.0,16.0
ZMB,Zambia,ESA,2023,27.1,26.7,36.7,,,,,1330.85998216751,7.19358061539153,1330.72780576709,7.193481293925503,252.08,4.101,45.0285853521585,9.8,36.7391328457853,5.861,58.33,17.2,1.1000000000000014,86.3,,79.55635071,2.03,0,6,1.9459101490553132,12.0,6,1.9459101490553132,1,1,16.0,7.0,7.0,6.0,2.0794415416798357,2.0794415416798357,1.9459101490553132,12.0,12.0,11.0,7.0,7.0,6.0,2.0794415416798357,2.0794415416798357,1.9459101490553132,1.0,1.0,1.0,1.0,1.0,1.0,18.0,19.0,18.0,34.35408958766364,22.477885460226855,50.85005336097667,,,,,,,,
ZMB,Zambia,ESA,2024,,27.1,,,,,,1343.38966380353,7.202951298745944,1187.10943350064,7.079276583705228,252.41,4.036,45.4703838491279,9.4,37.4763362189112,5.898,58.251,17.2,2.1999999999999993,86.3,,,0.0,1,6,1.9459101490553132,12.0,6,1.9459101490553132,1,1,16.0,6.0,7.0,6.0,1.9459101490553132,2.0794415416798357,1.9459101490553132,12.0,12.0,11.0,6.0,7.0,6.0,1.9459101490553132,2.0794415416798357,1.9459101490553132,1.0,1.0,1.0,1.0,1.0,1.0,16.0,18.0,18.0,0.0,34.35408958766364,0.0,,,,,,,,
ZMB,Zambia,ESA,2025,,,,,,,,1355.77536277733,7.212128793108295,1317.87771619597,7.183777930937175,,,45.9171510161461,,,5.918,58.268,,,86.2,,,,0,6,1.9459101490553132,12.0,6,1.9459101490553132,1,1,16.0,6.0,6.0,7.0,1.9459101490553132,1.9459101490553132,2.0794415416798357,12.0,12.0,12.0,6.0,6.0,7.0,1.9459101490553132,1.9459101490553132,2.0794415416798357,1.0,1.0,1.0,1.0,1.0,1.0,16.0,16.0,19.0,2.03,0.0,22.477885460226855,,,,,,,,
ZWE,Zimbabwe,ESA,2000,32.5,,35.2,6.3,29.5,12.9,-0.5965333866562695,1677.34896793251,7.424969830773163,562.833757496076,6.332984304777737,102.59,4.009,32.3991568853313,25.8,44.5170067494269,5.685,61.884,,,,,,,0,0,0.0,2.0,0,0.0,0,1,3.0,,,,,,,,,,,,,,,,,,,,,,,,,,,,0.0,0.0,2.0,0.0,0.0,0.0,1.0,6.0
ZWE,Zimbabwe,ESA,2001,32.0,32.5,34.9,6.3,29.9,12.9,-0.607807329087793,1690.14666163116,7.432570586182049,566.388746448872,6.339280673624345,102.59,3.983,32.4999278382836,24.5,44.632782507168,5.313,62.043,,,,,,,0,0,0.0,2.0,0,0.0,0,1,3.0,,,,,,,,,,,,,,,,,,,,,,,,,,,,0.0,0.0,2.0,0.0,0.0,0.0,1.0,6.0
ZWE,Zimbabwe,ESA,2002,31.5,32.0,34.7,6.3,30.2,12.9,-0.6184184061654964,1525.07935706564,7.329801725107704,524.936478570323,6.263277262071972,102.59,3.925,32.5631884166934,23.2,44.8209715461033,5.005,62.215,,,,,,,0,0,0.0,2.0,0,0.0,0,1,6.0,0.0,,,0.0,,,2.0,,,0.0,,,0.0,,,0.0,,,1.0,,,3.0,,,,,,0.0,0.0,2.0,0.0,0.0,0.0,1.0,7.0
ZWE,Zimbabwe,ESA,2003,31.0,31.5,34.4,6.2,30.7,12.8,-0.6320875104258669,1250.91948331231,7.131634146534934,468.471932927213,6.1494761915108205,102.59,3.862,32.6003372313948,21.9,44.8625993105655,4.738,62.415,,,,,,,0,0,0.0,2.0,0,0.0,0,1,6.0,0.0,0.0,,0.0,0.0,,2.0,2.0,,0.0,0.0,,0.0,0.0,,0.0,0.0,,1.0,1.0,,3.0,3.0,,,,,0.0,0.0,2.0,0.0,0.0,0.0,1.0,8.0
ZWE,Zimbabwe,ESA,2004,30.5,31.0,34.2,6.2,31.2,12.8,-0.6392451634333225,1165.54447081543,7.060943613745685,469.719298949304,6.1521352800094,102.59,3.776,32.6278168233873,20.6,44.881689855498,4.39,62.69,,,,,,,0,0,0.0,2.0,0,0.0,0,1,6.0,0.0,0.0,,0.0,0.0,,2.0,2.0,,0.0,0.0,,0.0,0.0,,0.0,0.0,,1.0,1.0,,6.0,3.0,,,,,0.0,0.0,2.0,0.0,0.0,0.0,1.0,9.0
ZWE,Zimbabwe,ESA,2005,30.1,30.5,34.0,6.1,31.8,12.8,-0.6465955665885875,1088.63148420699,6.992676667322633,461.271387547912,6.133986562947303,102.59,3.693,32.6482709722903,19.5,44.2555884952354,4.632,62.585,,,,,,,1,0,0.0,2.0,0,0.0,0,1,7.0,0.0,0.0,0.0,0.0,0.0,0.0,2.0,2.0,2.0,0.0,0.0,0.0,0.0,0.0,0.0,0.0,0.0,0.0,1.0,1.0,1.0,6.0,6.0,3.0,,,,0.0,0.0,2.0,0.0,0.0,0.0,1.0,9.0
ZWE,Zimbabwe,ESA,2006,29.6,30.1,33.8,6.1,32.4,12.8,-0.6520265075609195,1038.22375658033,6.945266605601306,431.034994414964,6.06618928034593,102.59,3.635,32.6640794641194,18.6,43.6313729086374,4.767,62.528,,,,,,,0,0,0.0,2.0,0,0.0,0,1,8.0,0.0,0.0,0.0,0.0,0.0,0.0,2.0,2.0,2.0,0.0,0.0,0.0,0.0,0.0,0.0,0.0,0.0,0.0,1.0,1.0,1.0,6.0,6.0,3.0,,,,0.0,0.0,3.0,1.0,0.6931471805599453,0.0,1.0,10.0
ZWE,Zimbabwe,ESA,2007,29.1,29.6,33.5,6.0,33.0,12.7,-0.6639688997861657,987.200362596937,6.8948730204494115,413.521244592925,6.024708890635926,167.62,3.677,32.67762208489,17.8,43.0093163519356,5.008,62.397,,,,,,,0,0,0.0,2.0,0,0.0,0,1,9.0,0.0,0.0,0.0,0.0,0.0,0.0,2.0,2.0,2.0,0.0,0.0,0.0,0.0,0.0,0.0,0.0,0.0,0.0,1.0,1.0,1.0,7.0,6.0,6.0,,,,0.0,0.0,4.0,1.0,0.6931471805599453,0.0,1.0,11.0
ZWE,Zimbabwe,ESA,2008,28.5,29.1,33.3,5.9,33.7,12.7,-0.673997414268382,803.044944654991,6.6884106833082075,340.917447588572,5.831640358792127,67.51,3.783,32.6912786206175,17.1,42.3891736287953,5.401,62.196,,,,,,0.0,0,0,0.0,2.0,0,0.0,0,1,9.0,0.0,0.0,0.0,0.0,0.0,0.0,2.0,2.0,2.0,0.0,0.0,0.0,0.0,0.0,0.0,0.0,0.0,0.0,1.0,1.0,1.0,8.0,7.0,6.0,,,,0.0,0.0,4.0,0.0,0.0,0.0,1.0,11.0
ZWE,Zimbabwe,ESA,2009,28.0,28.5,33.0,5.8,34.4,12.6,-0.6842130944585045,896.915532877845,6.798961691379442,735.821693871697,6.60098782561699,73.82,3.95,32.7074288573175,16.6,41.771197354799,5.476,62.225,,,,1.81,,0.0,0,0,0.0,3.0,1,0.6931471805599453,0,1,10.0,0.0,0.0,0.0,0.0,0.0,0.0,2.0,2.0,2.0,0.0,0.0,0.0,0.0,0.0,0.0,0.0,0.0,0.0,1.0,1.0,1.0,9.0,8.0,6.0,,,,0.0,0.0,6.0,0.0,0.0,0.0,1.0,13.0
ZWE,Zimbabwe,ESA,2010,27.5,28.0,32.7,5.7,35.1,12.4,-0.6944287746486268,1056.20884563889,6.962441215203574,902.010759067388,6.804626448004111,104.38,4.04,32.7284525810054,16.3,41.1551654585239,5.469,62.319,,,,1.78,94.44809723,0.0,1,0,0.0,4.0,1,0.6931471805599453,0,1,11.0,0.0,0.0,0.0,0.0,0.0,0.0,2.0,2.0,2.0,0.0,0.0,0.0,0.0,0.0,0.0,0.0,0.0,0.0,1.0,1.0,1.0,9.0,9.0,7.0,0.0,,,0.0,0.0,6.0,0.0,0.0,0.0,1.0,13.0
ZWE,Zimbabwe,ESA,2011,26.7,27.5,32.1,5.7,35.9,12.3,-0.7125718361495987,1184.93421020563,7.077442533214191,1037.77565157218,6.94483490507832,67.45,4.126,32.7567295776968,16.0,40.5413099103148,5.368,62.469,,,,1.75,83.82868195,0.0,0,0,0.0,4.0,0,0.0,0,1,11.0,0.0,0.0,0.0,0.0,0.0,0.0,3.0,2.0,2.0,1.0,0.0,0.0,0.6931471805599453,0.0,0.0,0.0,0.0,0.0,1.0,1.0,1.0,10.0,9.0,8.0,0.0,0.0,,1.0,0.6931471805599453,6.0,1.0,0.6931471805599453,1.0,1.0,13.0
ZWE,Zimbabwe,ESA,2012,25.9,26.7,31.5,5.6,36.6,12.2,-0.7365634835496653,1360.15230034275,7.215351958006324,1239.22709745709,7.122243155759232,54.46,4.134,32.7931752128328,15.6,39.929425197268,5.057,62.75,,,,1.86,85.69155121,64.18942509501774,0,0,0.0,6.0,0,0.0,0,1,13.0,0.0,0.0,0.0,0.0,0.0,0.0,4.0,3.0,2.0,1.0,1.0,0.0,0.6931471805599453,0.6931471805599453,0.0,0.0,0.0,0.0,1.0,1.0,1.0,11.0,10.0,9.0,0.0,0.0,,1.0,0.6931471805599453,6.0,1.0,0.6931471805599453,1.0,1.0,13.0
ZWE,Zimbabwe,ESA,2013,25.4,25.9,30.9,5.5,37.3,12.1,-0.753947895906619,1367.81831689463,7.22097228007501,1362.99498323368,7.21743975101014,78.27,4.111,32.9019343169941,15.3,39.3197220289687,4.948,62.875,,,,,96.86148834,79.24532152385947,0,0,0.0,6.0,0,0.0,0,1,13.0,0.0,0.0,0.0,0.0,0.0,0.0,4.0,4.0,2.0,0.0,1.0,0.0,0.0,0.6931471805599453,0.0,0.0,0.0,0.0,1.0,1.0,1.0,11.0,11.0,9.0,0.0,0.0,0.0,3.0,1.3862943611198906,8.0,7.0,2.0794415416798357,1.0,1.0,13.0
ZWE,Zimbabwe,ESA,2014,25.0,25.4,30.5,5.4,38.0,12.1,-0.7643507418046476,1381.25404125871,7.230747091059944,1372.91526173161,7.224691686260747,97.71,4.011,33.1628075970801,14.9,38.7170842481052,4.774,63.0,,,,1.95,111.61201477,89.50606818927295,0,1,0.6931471805599453,6.0,1,0.6931471805599453,1,1,13.0,0.0,0.0,0.0,0.0,0.0,0.0,6.0,4.0,3.0,0.0,0.0,1.0,0.0,0.0,0.6931471805599453,0.0,0.0,0.0,1.0,1.0,1.0,13.0,11.0,10.0,64.18942509501774,0.0,0.0,4.0,1.6094379124341005,9.0,8.0,2.1972245773362196,1.0,1.0,14.0
ZWE,Zimbabwe,ESA,2015,24.7,25.0,30.2,5.3,38.8,12.1,-0.7684348865975712,1387.12632595026,7.234989494718449,1387.12632595026,7.234989494718449,94.12,3.911,33.5612641766874,14.5,38.1206484665361,5.399,62.559,35.5,1.2000000000000028,,,103.31652832,48.38,1,1,0.6931471805599453,6.0,1,0.6931471805599453,1,1,13.0,0.0,0.0,0.0,0.0,0.0,0.0,6.0,6.0,4.0,0.0,0.0,1.0,0.0,0.0,0.6931471805599453,0.0,0.0,0.0,1.0,1.0,1.0,13.0,13.0,11.0,79.24532152385947,64.18942509501774,0.0,4.0,1.6094379124341005,9.0,4.0,1.6094379124341005,1.0,1.0,14.0
ZWE,Zimbabwe,ESA,2016,24.5,24.7,29.9,5.3,39.5,12.1,-0.7679214578806102,1378.34256192374,7.228637014237937,1408.13945253431,7.250024574806672,66.16,3.828,34.0799460726314,14.1,37.5291927779865,5.896,62.175,36.7,1.7000000000000028,,,102.15909576,86.9,0,3,1.3862943611198906,8.0,7,2.0794415416798357,1,1,13.0,1.0,0.0,0.0,0.6931471805599453,0.0,0.0,6.0,6.0,4.0,1.0,0.0,0.0,0.6931471805599453,0.0,0.0,1.0,0.0,0.0,1.0,1.0,1.0,13.0,13.0,11.0,89.50606818927295,79.24532152385947,0.0,3.0,1.3862943611198906,8.0,3.0,1.3862943611198906,1.0,1.0,13.0
ZWE,Zimbabwe,ESA,2017,24.4,24.5,29.6,5.2,40.2,12.0,-0.7693274913465822,1422.91948946927,7.260466018463444,3445.44941020134,8.144809627828154,114.7,3.768,34.7014953017273,13.6,36.9416715486173,6.35,61.799,35.9,2.5,,,91.87199402,58.52916513494747,0,4,1.6094379124341005,9.0,8,2.1972245773362196,1,1,14.0,1.0,1.0,0.0,0.6931471805599453,0.6931471805599453,0.0,6.0,6.0,6.0,1.0,1.0,0.0,0.6931471805599453,0.6931471805599453,0.0,1.0,1.0,0.0,1.0,1.0,1.0,13.0,13.0,13.0,48.38,89.50606818927295,64.18942509501774,3.0,1.3862943611198906,8.0,3.0,1.3862943611198906,1.0,1.0,13.0
ZWE,Zimbabwe,ESA,2018,24.7,24.4,29.6,5.2,40.9,12.0,-0.750633272057602,1472.14603844842,7.294476505270205,2270.89531874302,7.727929446258053,53.61,3.744,35.4085538807905,13.1,36.3571595127659,6.788,61.421,34.2,3.3999999999999986,,,114.76815033,0.0,0,4,1.6094379124341005,9.0,4,1.6094379124341005,1,1,14.0,3.0,1.0,0.0,1.3862943611198906,0.6931471805599453,0.0,8.0,6.0,6.0,7.0,1.0,0.0,2.0794415416798357,0.6931471805599453,0.0,1.0,1.0,0.0,1.0,1.0,1.0,13.0,13.0,13.0,86.9,48.38,79.24532152385947,2.0,1.0986122886681098,7.0,2.0,1.0986122886681098,1.0,1.0,13.0
ZWE,Zimbabwe,ESA,2019,25.1,24.7,29.7,5.1,41.6,11.9,-0.7314689375626114,1357.53087818754,7.213422797912225,2184.52155388801,7.6891521150802875,65.09,3.748,36.1837638266364,12.5,35.7743353702206,7.373,60.944,32.1,3.1000000000000014,,,55.10725403,0.0,0,3,1.3862943611198906,8.0,3,1.3862943611198906,1,1,13.0,4.0,3.0,1.0,1.6094379124341005,1.3862943611198906,0.6931471805599453,9.0,8.0,6.0,8.0,7.0,1.0,2.1972245773362196,2.0794415416798357,0.6931471805599453,1.0,1.0,1.0,1.0,1.0,1.0,14.0,13.0,13.0,58.52916513494747,86.9,89.50606818927295,2.0,1.0986122886681098,7.0,2.0,1.0986122886681098,1.0,1.0,14.0
ZWE,Zimbabwe,ESA,2020,25.5,25.1,29.8,5.1,42.3,11.8,-0.7081827292036501,1230.81933361016,7.115435351490065,2059.63704025274,7.630285052207563,94.3,3.754,37.0097671560802,12.0,35.1923620543494,8.617,59.093,31.3,3.5,,,51.14250565,0.0,0,3,1.3862943611198906,8.0,3,1.3862943611198906,1,1,13.0,4.0,4.0,1.0,1.6094379124341005,1.6094379124341005,0.6931471805599453,9.0,9.0,6.0,4.0,8.0,1.0,1.6094379124341005,2.1972245773362196,0.6931471805599453,1.0,1.0,1.0,1.0,1.0,1.0,14.0,14.0,13.0,0.0,58.52916513494747,48.38,2.0,1.0986122886681098,7.0,2.0,1.0986122886681098,1.0,1.0,14.0
ZWE,Zimbabwe,ESA,2021,26.1,25.5,29.8,5.1,43.0,,-0.6828812748715571,1312.20001358807,7.179460407265959,2613.6167414057,7.868490265762864,27.54,3.765,37.8692058859373,11.5,34.6099501611517,9.54,59.159,28.6,3.1999999999999993,,,60.89874268,0.0,0,2,1.0986122886681098,7.0,2,1.0986122886681098,1,1,13.0,3.0,4.0,3.0,1.3862943611198906,1.6094379124341005,1.3862943611198906,8.0,9.0,8.0,3.0,4.0,7.0,1.3862943611198906,1.6094379124341005,2.0794415416798357,1.0,1.0,1.0,1.0,1.0,1.0,13.0,14.0,13.0,0.0,0.0,86.9,2.0,1.0986122886681098,7.0,2.0,1.0986122886681098,1.0,1.0,14.0
ZWE,Zimbabwe,ESA,2022,26.7,26.1,30.0,5.1,43.7,,-0.6528006657615768,1369.19761495571,7.221980164729089,2536.40197087505,7.838501808861945,28.9,3.767,38.7055207169041,10.9,34.6178594063559,10.087,58.636,26.1,1.5,,,68.90727997,15.72,0,2,1.0986122886681098,7.0,2,1.0986122886681098,1,1,14.0,3.0,3.0,4.0,1.3862943611198906,1.3862943611198906,1.6094379124341005,8.0,8.0,9.0,3.0,3.0,8.0,1.3862943611198906,1.3862943611198906,2.1972245773362196,1.0,1.0,1.0,1.0,1.0,1.0,13.0,13.0,14.0,0.0,0.0,58.52916513494747,2.0,1.0986122886681098,7.0,2.0,1.0986122886681098,1.0,1.0,14.0
ZWE,Zimbabwe,ESA,2023,27.5,26.7,30.1,,,,,1418.47184628799,7.257335406528494,2195.22502010174,7.694039835107712,49.4,3.724,39.2919370795795,10.3,34.6283464803415,9.348,61.449,25.1,1.5,,,62.92946243,0.0,0,2,1.0986122886681098,7.0,2,1.0986122886681098,1,1,14.0,2.0,3.0,4.0,1.0986122886681098,1.3862943611198906,1.6094379124341005,7.0,8.0,9.0,2.0,3.0,4.0,1.0986122886681098,1.3862943611198906,1.6094379124341005,1.0,1.0,1.0,1.0,1.0,1.0,13.0,13.0,14.0,0.0,0.0,0.0,,,,,,,,
ZWE,Zimbabwe,ESA,2024,,27.5,,,,,,1416.80065463874,7.256156548522964,2496.15514995576,7.822506886994904,11.36,3.674,39.8933716820696,9.8,34.6414985324477,9.435,61.335,25.3,0.8000000000000007,,,,75.62,0,2,1.0986122886681098,7.0,2,1.0986122886681098,1,1,14.0,2.0,2.0,3.0,1.0986122886681098,1.0986122886681098,1.3862943611198906,7.0,7.0,8.0,2.0,2.0,3.0,1.0986122886681098,1.0986122886681098,1.3862943611198906,1.0,1.0,1.0,1.0,1.0,1.0,14.0,13.0,13.0,15.72,0.0,0.0,,,,,,,,
ZWE,Zimbabwe,ESA,2025,,,,,,,,1503.06505298089,7.315261670906079,3021.43019873632,8.013485574007818,,,40.4951287431452,,,9.293,61.424,,,,,,,0,2,1.0986122886681098,7.0,2,1.0986122886681098,1,1,14.0,2.0,2.0,3.0,1.0986122886681098,1.0986122886681098,1.3862943611198906,7.0,7.0,8.0,2.0,2.0,3.0,1.0986122886681098,1.0986122886681098,1.3862943611198906,1.0,1.0,1.0,1.0,1.0,1.0,14.0,14.0,13.0,0.0,15.72,0.0,,,,,,,,
