model,iso3,year,obs_dev,pred_dev,err
naive_flat,AGO,2003,5.295238095238091,0.0,5.295238095238091
naive_flat,AGO,2004,4.795238095238091,0.0,4.795238095238091
naive_flat,AGO,2005,4.195238095238089,0.0,4.195238095238089
naive_flat,AGO,2006,3.595238095238095,0.0,3.595238095238095
naive_flat,AGO,2007,2.895238095238092,0.0,2.895238095238092
naive_flat,AGO,2008,2.095238095238095,0.0,2.095238095238095
naive_flat,AGO,2009,1.1952380952380892,0.0,1.1952380952380892
naive_flat,AGO,2010,0.39523809523809206,0.0,0.39523809523809206
naive_flat,AGO,2011,-0.3047619047619108,0.0,-0.3047619047619108
naive_flat,AGO,2012,-0.9047619047619051,0.0,-0.9047619047619051
naive_flat,AGO,2013,-1.3047619047619108,0.0,-1.3047619047619108
naive_flat,AGO,2014,-1.604761904761908,0.0,-1.604761904761908
naive_flat,AGO,2015,-1.904761904761905,0.0,-1.904761904761905
naive_flat,AGO,2016,-2.0047619047619065,0.0,-2.0047619047619065
naive_flat,AGO,2017,-2.104761904761908,0.0,-2.104761904761908
naive_flat,AGO,2018,-2.2047619047619094,0.0,-2.2047619047619094
naive_flat,AGO,2019,-2.404761904761905,0.0,-2.404761904761905
naive_flat,AGO,2020,-2.5047619047619065,0.0,-2.5047619047619065
naive_flat,AGO,2021,-2.5047619047619065,0.0,-2.5047619047619065
naive_flat,AGO,2022,-2.404761904761905,0.0,-2.404761904761905
naive_flat,AGO,2023,-2.304761904761911,0.0,-2.304761904761911
naive_flat,BDI,2003,-0.1904761904761898,0.0,-0.1904761904761898
naive_flat,BDI,2004,-0.9904761904761905,0.0,-0.9904761904761905
naive_flat,BDI,2005,-1.7904761904761912,0.0,-1.7904761904761912
naive_flat,BDI,2006,-2.4904761904761905,0.0,-2.4904761904761905
naive_flat,BDI,2007,-3.090476190476192,0.0,-3.090476190476192
naive_flat,BDI,2008,-3.69047619047619,0.0,-3.69047619047619
naive_flat,BDI,2009,-4.090476190476192,0.0,-4.090476190476192
naive_flat,BDI,2010,-4.19047619047619,0.0,-4.19047619047619
naive_flat,BDI,2011,-3.9904761904761905,0.0,-3.9904761904761905
naive_flat,BDI,2012,-3.4904761904761905,0.0,-3.4904761904761905
naive_flat,BDI,2013,-2.790476190476191,0.0,-2.790476190476191
naive_flat,BDI,2014,-1.8904761904761926,0.0,-1.8904761904761926
naive_flat,BDI,2015,-0.8904761904761926,0.0,-0.8904761904761926
naive_flat,BDI,2016,0.20952380952380878,0.0,0.20952380952380878
naive_flat,BDI,2017,1.3095238095238102,0.0,1.3095238095238102
naive_flat,BDI,2018,2.30952380952381,0.0,2.30952380952381
naive_flat,BDI,2019,3.4095238095238116,0.0,3.4095238095238116
naive_flat,BDI,2020,4.609523809523807,0.0,4.609523809523807
naive_flat,BDI,2021,5.80952380952381,0.0,5.80952380952381
naive_flat,BDI,2022,7.209523809523809,0.0,7.209523809523809
naive_flat,BDI,2023,8.709523809523809,0.0,8.709523809523809
naive_flat,BEN,2003,6.190476190476183,0.0,6.190476190476183
naive_flat,BEN,2004,5.49047619047618,0.0,5.49047619047618
naive_flat,BEN,2005,4.790476190476177,0.0,4.790476190476177
naive_flat,BEN,2006,3.99047619047618,0.0,3.99047619047618
naive_flat,BEN,2007,3.1904761904761827,0.0,3.1904761904761827
naive_flat,BEN,2008,2.1904761904761827,0.0,2.1904761904761827
naive_flat,BEN,2009,1.1904761904761827,0.0,1.1904761904761827
naive_flat,BEN,2010,0.290476190476177,0.0,0.290476190476177
naive_flat,BEN,2011,-0.6095238095238216,0.0,-0.6095238095238216
naive_flat,BEN,2012,-1.3095238095238173,0.0,-1.3095238095238173
naive_flat,BEN,2013,-1.9095238095238187,0.0,-1.9095238095238187
naive_flat,BEN,2014,-2.3095238095238173,0.0,-2.3095238095238173
naive_flat,BEN,2015,-2.50952380952382,0.0,-2.50952380952382
naive_flat,BEN,2016,-2.6095238095238216,0.0,-2.6095238095238216
naive_flat,BEN,2017,-2.709523809523823,0.0,-2.709523809523823
naive_flat,BEN,2018,-2.6095238095238216,0.0,-2.6095238095238216
naive_flat,BEN,2019,-2.50952380952382,0.0,-2.50952380952382
naive_flat,BEN,2020,-2.4095238095238187,0.0,-2.4095238095238187
naive_flat,BEN,2021,-2.3095238095238173,0.0,-2.3095238095238173
naive_flat,BEN,2022,-2.00952380952382,0.0,-2.00952380952382
naive_flat,BEN,2023,-1.5095238095238201,0.0,-1.5095238095238201
naive_flat,BFA,2003,6.442857142857143,0.0,6.442857142857143
naive_flat,BFA,2004,5.842857142857149,0.0,5.842857142857149
naive_flat,BFA,2005,5.0428571428571445,0.0,5.0428571428571445
naive_flat,BFA,2006,4.242857142857147,0.0,4.242857142857147
naive_flat,BFA,2007,3.442857142857143,0.0,3.442857142857143
naive_flat,BFA,2008,2.5428571428571445,0.0,2.5428571428571445
naive_flat,BFA,2009,1.7428571428571473,0.0,1.7428571428571473
naive_flat,BFA,2010,0.9428571428571431,0.0,0.9428571428571431
naive_flat,BFA,2011,0.1428571428571459,0.0,0.1428571428571459
naive_flat,BFA,2012,-0.4571428571428555,0.0,-0.4571428571428555
naive_flat,BFA,2013,-0.9571428571428555,0.0,-0.9571428571428555
naive_flat,BFA,2014,-1.357142857142854,0.0,-1.357142857142854
naive_flat,BFA,2015,-1.6571428571428513,0.0,-1.6571428571428513
naive_flat,BFA,2016,-2.357142857142854,0.0,-2.357142857142854
naive_flat,BFA,2017,-2.857142857142854,0.0,-2.857142857142854
naive_flat,BFA,2018,-3.1571428571428513,0.0,-3.1571428571428513
naive_flat,BFA,2019,-3.4571428571428555,0.0,-3.4571428571428555
naive_flat,BFA,2020,-3.6571428571428513,0.0,-3.6571428571428513
naive_flat,BFA,2021,-3.7571428571428527,0.0,-3.7571428571428527
naive_flat,BFA,2022,-3.6571428571428513,0.0,-3.6571428571428513
naive_flat,BFA,2023,-3.057142857142857,0.0,-3.057142857142857
naive_flat,BWA,2003,2.352380952380951,0.0,2.352380952380951
naive_flat,BWA,2004,1.7523809523809533,0.0,1.7523809523809533
naive_flat,BWA,2005,1.2523809523809533,0.0,1.2523809523809533
naive_flat,BWA,2006,0.6523809523809518,0.0,0.6523809523809518
naive_flat,BWA,2007,0.05238095238095397,0.0,0.05238095238095397
naive_flat,BWA,2008,-0.44761904761904603,0.0,-0.44761904761904603
naive_flat,BWA,2009,-0.8476190476190482,0.0,-0.8476190476190482
naive_flat,BWA,2010,-1.2476190476190467,0.0,-1.2476190476190467
naive_flat,BWA,2011,-1.447619047619046,0.0,-1.447619047619046
naive_flat,BWA,2012,-1.5476190476190474,0.0,-1.5476190476190474
naive_flat,BWA,2013,-1.447619047619046,0.0,-1.447619047619046
naive_flat,BWA,2014,-1.3476190476190482,0.0,-1.3476190476190482
naive_flat,BWA,2015,-1.1476190476190489,0.0,-1.1476190476190489
naive_flat,BWA,2016,-0.947619047619046,0.0,-0.947619047619046
naive_flat,BWA,2017,-0.6476190476190489,0.0,-0.6476190476190489
naive_flat,BWA,2018,-0.34761904761904816,0.0,-0.34761904761904816
naive_flat,BWA,2019,0.05238095238095397,0.0,0.05238095238095397
naive_flat,BWA,2020,0.45238095238095255,0.0,0.45238095238095255
naive_flat,BWA,2021,0.9523809523809526,0.0,0.9523809523809526
naive_flat,BWA,2022,1.552380952380954,0.0,1.552380952380954
naive_flat,BWA,2023,2.352380952380951,0.0,2.352380952380951
naive_flat,CAF,2003,4.271428571428565,0.0,4.271428571428565
naive_flat,CAF,2004,3.8714285714285666,0.0,3.8714285714285666
naive_flat,CAF,2005,3.3714285714285666,0.0,3.3714285714285666
naive_flat,CAF,2006,2.8714285714285666,0.0,2.8714285714285666
naive_flat,CAF,2007,2.271428571428565,0.0,2.271428571428565
naive_flat,CAF,2008,1.5714285714285623,0.0,1.5714285714285623
naive_flat,CAF,2009,0.971428571428568,0.0,0.971428571428568
naive_flat,CAF,2010,0.37142857142856656,0.0,0.37142857142856656
naive_flat,CAF,2011,-0.22857142857143486,0.0,-0.22857142857143486
naive_flat,CAF,2012,-0.7285714285714349,0.0,-0.7285714285714349
naive_flat,CAF,2013,-1.028571428571432,0.0,-1.028571428571432
naive_flat,CAF,2014,-1.3285714285714363,0.0,-1.3285714285714363
naive_flat,CAF,2015,-1.528571428571432,0.0,-1.528571428571432
naive_flat,CAF,2016,-1.7285714285714349,0.0,-1.7285714285714349
naive_flat,CAF,2017,-1.9285714285714377,0.0,-1.9285714285714377
naive_flat,CAF,2018,-2.028571428571432,0.0,-2.028571428571432
naive_flat,CAF,2019,-2.028571428571432,0.0,-2.028571428571432
naive_flat,CAF,2020,-2.028571428571432,0.0,-2.028571428571432
naive_flat,CAF,2021,-1.9285714285714377,0.0,-1.9285714285714377
naive_flat,CAF,2022,-1.7285714285714349,0.0,-1.7285714285714349
naive_flat,CAF,2023,-1.3285714285714363,0.0,-1.3285714285714363
naive_flat,CIV,2003,2.980952380952381,0.0,2.980952380952381
naive_flat,CIV,2004,2.5809523809523824,0.0,2.5809523809523824
naive_flat,CIV,2005,2.180952380952384,0.0,2.180952380952384
naive_flat,CIV,2006,1.6809523809523839,0.0,1.6809523809523839
naive_flat,CIV,2007,1.2809523809523853,0.0,1.2809523809523853
naive_flat,CIV,2008,0.7809523809523853,0.0,0.7809523809523853
naive_flat,CIV,2009,0.18095238095238386,0.0,0.18095238095238386
naive_flat,CIV,2010,-0.21904761904761472,0.0,-0.21904761904761472
naive_flat,CIV,2011,-0.6190476190476204,0.0,-0.6190476190476204
naive_flat,CIV,2012,-0.9190476190476176,0.0,-0.9190476190476176
naive_flat,CIV,2013,-1.1190476190476204,0.0,-1.1190476190476204
naive_flat,CIV,2014,-1.3190476190476161,0.0,-1.3190476190476161
naive_flat,CIV,2015,-1.3190476190476161,0.0,-1.3190476190476161
naive_flat,CIV,2016,-1.3190476190476161,0.0,-1.3190476190476161
naive_flat,CIV,2017,-1.3190476190476161,0.0,-1.3190476190476161
naive_flat,CIV,2018,-1.2190476190476147,0.0,-1.2190476190476147
naive_flat,CIV,2019,-1.1190476190476204,0.0,-1.1190476190476204
naive_flat,CIV,2020,-0.9190476190476176,0.0,-0.9190476190476176
naive_flat,CIV,2021,-0.6190476190476204,0.0,-0.6190476190476204
naive_flat,CIV,2022,-0.1190476190476204,0.0,-0.1190476190476204
naive_flat,CIV,2023,0.480952380952381,0.0,0.480952380952381
naive_flat,CMR,2003,4.628571428571433,0.0,4.628571428571433
naive_flat,CMR,2004,3.9285714285714306,0.0,3.9285714285714306
naive_flat,CMR,2005,3.1285714285714334,0.0,3.1285714285714334
naive_flat,CMR,2006,2.3285714285714363,0.0,2.3285714285714363
naive_flat,CMR,2007,1.6285714285714334,0.0,1.6285714285714334
naive_flat,CMR,2008,0.8285714285714363,0.0,0.8285714285714363
naive_flat,CMR,2009,0.028571428571432023,0.0,0.028571428571432023
naive_flat,CMR,2010,-0.5714285714285694,0.0,-0.5714285714285694
naive_flat,CMR,2011,-1.0714285714285694,0.0,-1.0714285714285694
naive_flat,CMR,2012,-1.471428571428568,0.0,-1.471428571428568
naive_flat,CMR,2013,-1.6714285714285637,0.0,-1.6714285714285637
naive_flat,CMR,2014,-1.7714285714285651,0.0,-1.7714285714285651
naive_flat,CMR,2015,-1.7714285714285651,0.0,-1.7714285714285651
naive_flat,CMR,2016,-1.6714285714285637,0.0,-1.6714285714285637
naive_flat,CMR,2017,-1.5714285714285694,0.0,-1.5714285714285694
naive_flat,CMR,2018,-1.471428571428568,0.0,-1.471428571428568
naive_flat,CMR,2019,-1.2714285714285651,0.0,-1.2714285714285651
naive_flat,CMR,2020,-1.0714285714285694,0.0,-1.0714285714285694
naive_flat,CMR,2021,-0.7714285714285651,0.0,-0.7714285714285651
naive_flat,CMR,2022,-0.37142857142856656,0.0,-0.37142857142856656
naive_flat,CMR,2023,0.028571428571432023,0.0,0.028571428571432023
naive_flat,COD,2003,8.180952380952377,0.0,8.180952380952377
naive_flat,COD,2004,7.580952380952375,0.0,7.580952380952375
naive_flat,COD,2005,6.88095238095238,0.0,6.88095238095238
naive_flat,COD,2006,6.080952380952375,0.0,6.080952380952375
naive_flat,COD,2007,5.080952380952375,0.0,5.080952380952375
naive_flat,COD,2008,3.980952380952374,0.0,3.980952380952374
naive_flat,COD,2009,2.780952380952378,0.0,2.780952380952378
naive_flat,COD,2010,1.5809523809523753,0.0,1.5809523809523753
naive_flat,COD,2011,0.3809523809523796,0.0,0.3809523809523796
naive_flat,COD,2012,-0.6190476190476204,0.0,-0.6190476190476204
naive_flat,COD,2013,-1.519047619047626,0.0,-1.519047619047626
naive_flat,COD,2014,-2.4190476190476247,0.0,-2.4190476190476247
naive_flat,COD,2015,-3.019047619047626,0.0,-3.019047619047626
naive_flat,COD,2016,-3.6190476190476204,0.0,-3.6190476190476204
naive_flat,COD,2017,-4.019047619047626,0.0,-4.019047619047626
naive_flat,COD,2018,-4.319047619047623,0.0,-4.319047619047623
naive_flat,COD,2019,-4.61904761904762,0.0,-4.61904761904762
naive_flat,COD,2020,-4.719047619047622,0.0,-4.719047619047622
naive_flat,COD,2021,-4.719047619047622,0.0,-4.719047619047622
naive_flat,COD,2022,-4.61904761904762,0.0,-4.61904761904762
naive_flat,COD,2023,-4.319047619047623,0.0,-4.319047619047623
naive_flat,COG,2003,5.195238095238089,0.0,5.195238095238089
naive_flat,COG,2004,4.795238095238091,0.0,4.795238095238091
naive_flat,COG,2005,4.495238095238086,0.0,4.495238095238086
naive_flat,COG,2006,3.9952380952380864,0.0,3.9952380952380864
naive_flat,COG,2007,3.4952380952380864,0.0,3.4952380952380864
naive_flat,COG,2008,2.7952380952380906,0.0,2.7952380952380906
naive_flat,COG,2009,2.095238095238088,0.0,2.095238095238088
naive_flat,COG,2010,1.395238095238092,0.0,1.395238095238092
naive_flat,COG,2011,0.6952380952380892,0.0,0.6952380952380892
naive_flat,COG,2012,0.0952380952380878,0.0,0.0952380952380878
naive_flat,COG,2013,-0.5047619047619136,0.0,-0.5047619047619136
naive_flat,COG,2014,-1.104761904761908,0.0,-1.104761904761908
naive_flat,COG,2015,-1.5047619047619136,0.0,-1.5047619047619136
naive_flat,COG,2016,-2.0047619047619136,0.0,-2.0047619047619136
naive_flat,COG,2017,-2.404761904761912,0.0,-2.404761904761912
naive_flat,COG,2018,-2.804761904761911,0.0,-2.804761904761911
naive_flat,COG,2019,-3.2047619047619094,0.0,-3.2047619047619094
naive_flat,COG,2020,-3.604761904761908,0.0,-3.604761904761908
naive_flat,COG,2021,-3.804761904761911,0.0,-3.804761904761911
naive_flat,COG,2022,-4.004761904761914,0.0,-4.004761904761914
naive_flat,COG,2023,-4.104761904761908,0.0,-4.104761904761908
naive_flat,COM,2003,2.442857142857143,0.0,2.442857142857143
naive_flat,COM,2004,1.8428571428571452,0.0,1.8428571428571452
naive_flat,COM,2005,1.1428571428571423,0.0,1.1428571428571423
naive_flat,COM,2006,0.5428571428571445,0.0,0.5428571428571445
naive_flat,COM,2007,0.04285714285714448,0.0,0.04285714285714448
naive_flat,COM,2008,-0.4571428571428555,0.0,-0.4571428571428555
naive_flat,COM,2009,-0.8571428571428577,0.0,-0.8571428571428577
naive_flat,COM,2010,-1.1571428571428548,0.0,-1.1571428571428548
naive_flat,COM,2011,-1.4571428571428555,0.0,-1.4571428571428555
naive_flat,COM,2012,-1.4571428571428555,0.0,-1.4571428571428555
naive_flat,COM,2013,-1.4571428571428555,0.0,-1.4571428571428555
naive_flat,COM,2014,-1.3571428571428577,0.0,-1.3571428571428577
naive_flat,COM,2015,-1.1571428571428548,0.0,-1.1571428571428548
naive_flat,COM,2016,-0.7571428571428562,0.0,-0.7571428571428562
naive_flat,COM,2017,-0.5571428571428569,0.0,-0.5571428571428569
naive_flat,COM,2018,-0.25714285714285623,0.0,-0.25714285714285623
naive_flat,COM,2019,0.04285714285714448,0.0,0.04285714285714448
naive_flat,COM,2020,0.3428571428571452,0.0,0.3428571428571452
naive_flat,COM,2021,0.8428571428571452,0.0,0.8428571428571452
naive_flat,COM,2022,1.5428571428571445,0.0,1.5428571428571445
naive_flat,COM,2023,2.1428571428571423,0.0,2.1428571428571423
naive_flat,CPV,2003,5.223809523809521,0.0,5.223809523809521
naive_flat,CPV,2004,4.723809523809521,0.0,4.723809523809521
naive_flat,CPV,2005,4.123809523809527,0.0,4.123809523809527
naive_flat,CPV,2006,3.5238095238095255,0.0,3.5238095238095255
naive_flat,CPV,2007,2.8238095238095227,0.0,2.8238095238095227
naive_flat,CPV,2008,2.123809523809527,0.0,2.123809523809527
naive_flat,CPV,2009,1.3238095238095227,0.0,1.3238095238095227
naive_flat,CPV,2010,0.6238095238095269,0.0,0.6238095238095269
naive_flat,CPV,2011,0.0238095238095255,0.0,0.0238095238095255
naive_flat,CPV,2012,-0.4761904761904745,0.0,-0.4761904761904745
naive_flat,CPV,2013,-0.9761904761904745,0.0,-0.9761904761904745
naive_flat,CPV,2014,-1.376190476190473,0.0,-1.376190476190473
naive_flat,CPV,2015,-1.6761904761904773,0.0,-1.6761904761904773
naive_flat,CPV,2016,-1.9761904761904745,0.0,-1.9761904761904745
naive_flat,CPV,2017,-2.1761904761904773,0.0,-2.1761904761904773
naive_flat,CPV,2018,-2.4761904761904745,0.0,-2.4761904761904745
naive_flat,CPV,2019,-2.6761904761904773,0.0,-2.6761904761904773
naive_flat,CPV,2020,-2.7761904761904788,0.0,-2.7761904761904788
naive_flat,CPV,2021,-2.7761904761904788,0.0,-2.7761904761904788
naive_flat,CPV,2022,-2.6761904761904773,0.0,-2.6761904761904773
naive_flat,CPV,2023,-2.4761904761904745,0.0,-2.4761904761904745
naive_flat,DJI,2013,-1.827272727272728,0.0,-1.827272727272728
naive_flat,DJI,2014,-1.5272727272727273,0.0,-1.5272727272727273
naive_flat,DJI,2015,-1.2272727272727266,0.0,-1.2272727272727266
naive_flat,DJI,2016,-0.827272727272728,0.0,-0.827272727272728
naive_flat,DJI,2017,-0.42727272727272947,0.0,-0.42727272727272947
naive_flat,DJI,2018,-0.12727272727272876,0.0,-0.12727272727272876
naive_flat,DJI,2019,0.17272727272727195,0.0,0.17272727272727195
naive_flat,DJI,2020,0.5727272727272705,0.0,0.5727272727272705
naive_flat,DJI,2021,1.0727272727272705,0.0,1.0727272727272705
naive_flat,DJI,2022,1.672727272727272,0.0,1.672727272727272
naive_flat,DJI,2023,2.4727272727272727,0.0,2.4727272727272727
naive_flat,ERI,2003,2.099999999999987,0.0,2.099999999999987
naive_flat,ERI,2004,1.499999999999993,0.0,1.499999999999993
naive_flat,ERI,2005,0.9999999999999929,0.0,0.9999999999999929
naive_flat,ERI,2006,0.3999999999999915,0.0,0.3999999999999915
naive_flat,ERI,2007,-0.20000000000000995,0.0,-0.20000000000000995
naive_flat,ERI,2008,-0.70000000000001,0.0,-0.70000000000001
naive_flat,ERI,2009,-1.1000000000000085,0.0,-1.1000000000000085
naive_flat,ERI,2010,-1.4000000000000092,0.0,-1.4000000000000092
naive_flat,ERI,2011,-1.6000000000000085,0.0,-1.6000000000000085
naive_flat,ETH,2003,3.5809523809523824,0.0,3.5809523809523824
naive_flat,ETH,2004,2.6809523809523803,0.0,2.6809523809523803
naive_flat,ETH,2005,1.7809523809523817,0.0,1.7809523809523817
naive_flat,ETH,2006,0.8809523809523832,0.0,0.8809523809523832
naive_flat,ETH,2007,0.08095238095238244,0.0,0.08095238095238244
naive_flat,ETH,2008,-0.7190476190476183,0.0,-0.7190476190476183
naive_flat,ETH,2009,-1.3190476190476197,0.0,-1.3190476190476197
naive_flat,ETH,2010,-1.8190476190476197,0.0,-1.8190476190476197
naive_flat,ETH,2011,-2.019047619047619,0.0,-2.019047619047619
naive_flat,ETH,2012,-2.119047619047617,0.0,-2.119047619047617
naive_flat,ETH,2013,-2.019047619047619,0.0,-2.019047619047619
naive_flat,ETH,2014,-1.8190476190476197,0.0,-1.8190476190476197
naive_flat,ETH,2015,-1.4190476190476176,0.0,-1.4190476190476176
naive_flat,ETH,2016,-1.1190476190476168,0.0,-1.1190476190476168
naive_flat,ETH,2017,-0.7190476190476183,0.0,-0.7190476190476183
naive_flat,ETH,2018,-0.41904761904761756,0.0,-0.41904761904761756
naive_flat,ETH,2019,-0.01904761904761898,0.0,-0.01904761904761898
naive_flat,ETH,2020,0.480952380952381,0.0,0.480952380952381
naive_flat,ETH,2021,1.1809523809523803,0.0,1.1809523809523803
naive_flat,ETH,2022,1.980952380952381,0.0,1.980952380952381
naive_flat,ETH,2023,2.880952380952383,0.0,2.880952380952383
naive_flat,GAB,2003,2.657142857142844,0.0,2.657142857142844
naive_flat,GAB,2004,2.35714285714284,0.0,2.35714285714284
naive_flat,GAB,2005,2.157142857142844,0.0,2.157142857142844
naive_flat,GAB,2006,1.7571428571428385,0.0,1.7571428571428385
naive_flat,GAB,2007,1.4571428571428413,0.0,1.4571428571428413
naive_flat,GAB,2008,1.0571428571428427,0.0,1.0571428571428427
naive_flat,GAB,2009,0.6571428571428442,0.0,0.6571428571428442
naive_flat,GAB,2010,0.25714285714283847,0.0,0.25714285714283847
naive_flat,GAB,2011,-0.1428571428571601,0.0,-0.1428571428571601
naive_flat,GAB,2012,-0.5428571428571587,0.0,-0.5428571428571587
naive_flat,GAB,2013,-0.8428571428571558,0.0,-0.8428571428571558
naive_flat,GAB,2014,-1.0428571428571587,0.0,-1.0428571428571587
naive_flat,GAB,2015,-1.1428571428571601,0.0,-1.1428571428571601
naive_flat,GAB,2016,-1.2428571428571615,0.0,-1.2428571428571615
naive_flat,GAB,2017,-1.3428571428571558,0.0,-1.3428571428571558
naive_flat,GAB,2018,-1.2428571428571615,0.0,-1.2428571428571615
naive_flat,GAB,2019,-1.1428571428571601,0.0,-1.1428571428571601
naive_flat,GAB,2020,-1.1428571428571601,0.0,-1.1428571428571601
naive_flat,GAB,2021,-1.0428571428571587,0.0,-1.0428571428571587
naive_flat,GAB,2022,-0.8428571428571558,0.0,-0.8428571428571558
naive_flat,GAB,2023,-0.6428571428571601,0.0,-0.6428571428571601
naive_flat,GHA,2003,5.461904761904755,0.0,5.461904761904755
naive_flat,GHA,2004,5.261904761904759,0.0,5.261904761904759
naive_flat,GHA,2005,5.061904761904756,0.0,5.061904761904756
naive_flat,GHA,2006,4.661904761904758,0.0,4.661904761904758
naive_flat,GHA,2007,4.261904761904759,0.0,4.261904761904759
naive_flat,GHA,2008,3.6619047619047578,0.0,3.6619047619047578
naive_flat,GHA,2009,2.8619047619047606,0.0,2.8619047619047606
naive_flat,GHA,2010,2.0619047619047564,0.0,2.0619047619047564
naive_flat,GHA,2011,1.2619047619047592,0.0,1.2619047619047592
naive_flat,GHA,2012,0.46190476190475493,0.0,0.46190476190475493
naive_flat,GHA,2013,-0.2380952380952408,0.0,-0.2380952380952408
naive_flat,GHA,2014,-1.038095238095245,0.0,-1.038095238095245
naive_flat,GHA,2015,-1.7380952380952408,0.0,-1.7380952380952408
naive_flat,GHA,2016,-2.4380952380952436,0.0,-2.4380952380952436
naive_flat,GHA,2017,-3.038095238095245,0.0,-3.038095238095245
naive_flat,GHA,2018,-3.6380952380952394,0.0,-3.6380952380952394
naive_flat,GHA,2019,-4.038095238095245,0.0,-4.038095238095245
naive_flat,GHA,2020,-4.438095238095244,0.0,-4.438095238095244
naive_flat,GHA,2021,-4.738095238095241,0.0,-4.738095238095241
naive_flat,GHA,2022,-4.838095238095242,0.0,-4.838095238095242
naive_flat,GHA,2023,-4.838095238095242,0.0,-4.838095238095242
naive_flat,GIN,2003,3.585714285714282,0.0,3.585714285714282
naive_flat,GIN,2004,3.2857142857142847,0.0,3.2857142857142847
naive_flat,GIN,2005,2.9857142857142875,0.0,2.9857142857142875
naive_flat,GIN,2006,2.4857142857142875,0.0,2.4857142857142875
naive_flat,GIN,2007,1.9857142857142875,0.0,1.9857142857142875
naive_flat,GIN,2008,1.4857142857142875,0.0,1.4857142857142875
naive_flat,GIN,2009,0.8857142857142861,0.0,0.8857142857142861
naive_flat,GIN,2010,0.2857142857142847,0.0,0.2857142857142847
naive_flat,GIN,2011,-0.2142857142857153,0.0,-0.2142857142857153
naive_flat,GIN,2012,-0.6142857142857139,0.0,-0.6142857142857139
naive_flat,GIN,2013,-1.0142857142857125,0.0,-1.0142857142857125
naive_flat,GIN,2014,-1.2142857142857153,0.0,-1.2142857142857153
naive_flat,GIN,2015,-1.4142857142857181,0.0,-1.4142857142857181
naive_flat,GIN,2016,-1.5142857142857125,0.0,-1.5142857142857125
naive_flat,GIN,2017,-1.7142857142857153,0.0,-1.7142857142857153
naive_flat,GIN,2018,-1.7142857142857153,0.0,-1.7142857142857153
naive_flat,GIN,2019,-1.8142857142857167,0.0,-1.8142857142857167
naive_flat,GIN,2020,-1.7142857142857153,0.0,-1.7142857142857153
naive_flat,GIN,2021,-1.6142857142857139,0.0,-1.6142857142857139
naive_flat,GIN,2022,-1.4142857142857181,0.0,-1.4142857142857181
naive_flat,GIN,2023,-1.0142857142857125,0.0,-1.0142857142857125
naive_flat,GMB,2003,6.666666666666671,0.0,6.666666666666671
naive_flat,GMB,2004,6.166666666666671,0.0,6.166666666666671
naive_flat,GMB,2005,5.666666666666671,0.0,5.666666666666671
naive_flat,GMB,2006,4.966666666666669,0.0,4.966666666666669
naive_flat,GMB,2007,4.366666666666667,0.0,4.366666666666667
naive_flat,GMB,2008,3.56666666666667,0.0,3.56666666666667
naive_flat,GMB,2009,2.866666666666667,0.0,2.866666666666667
naive_flat,GMB,2010,2.06666666666667,0.0,2.06666666666667
naive_flat,GMB,2011,1.3666666666666671,0.0,1.3666666666666671
naive_flat,GMB,2012,0.6666666666666714,0.0,0.6666666666666714
naive_flat,GMB,2013,-0.03333333333333144,0.0,-0.03333333333333144
naive_flat,GMB,2014,-0.7333333333333272,0.0,-0.7333333333333272
naive_flat,GMB,2015,-1.43333333333333,0.0,-1.43333333333333
naive_flat,GMB,2016,-2.133333333333333,0.0,-2.133333333333333
naive_flat,GMB,2017,-2.93333333333333,0.0,-2.93333333333333
naive_flat,GMB,2018,-3.5333333333333314,0.0,-3.5333333333333314
naive_flat,GMB,2019,-4.333333333333329,0.0,-4.333333333333329
naive_flat,GMB,2020,-5.033333333333331,0.0,-5.033333333333331
naive_flat,GMB,2021,-5.733333333333327,0.0,-5.733333333333327
naive_flat,GMB,2022,-6.133333333333333,0.0,-6.133333333333333
naive_flat,GMB,2023,-6.333333333333329,0.0,-6.333333333333329
naive_flat,GNB,2003,4.480952380952381,0.0,4.480952380952381
naive_flat,GNB,2004,3.980952380952381,0.0,3.980952380952381
naive_flat,GNB,2005,3.480952380952381,0.0,3.480952380952381
naive_flat,GNB,2006,2.8809523809523796,0.0,2.8809523809523796
naive_flat,GNB,2007,2.2809523809523853,0.0,2.2809523809523853
naive_flat,GNB,2008,1.5809523809523824,0.0,1.5809523809523824
naive_flat,GNB,2009,0.8809523809523796,0.0,0.8809523809523796
naive_flat,GNB,2010,0.18095238095238386,0.0,0.18095238095238386
naive_flat,GNB,2011,-0.41904761904761756,0.0,-0.41904761904761756
naive_flat,GNB,2012,-0.8190476190476161,0.0,-0.8190476190476161
naive_flat,GNB,2013,-1.2190476190476147,0.0,-1.2190476190476147
naive_flat,GNB,2014,-1.519047619047619,0.0,-1.519047619047619
naive_flat,GNB,2015,-1.7190476190476147,0.0,-1.7190476190476147
naive_flat,GNB,2016,-1.8190476190476161,0.0,-1.8190476190476161
naive_flat,GNB,2017,-1.9190476190476176,0.0,-1.9190476190476176
naive_flat,GNB,2018,-1.9190476190476176,0.0,-1.9190476190476176
naive_flat,GNB,2019,-1.9190476190476176,0.0,-1.9190476190476176
naive_flat,GNB,2020,-1.9190476190476176,0.0,-1.9190476190476176
naive_flat,GNB,2021,-1.8190476190476161,0.0,-1.8190476190476161
naive_flat,GNB,2022,-1.519047619047619,0.0,-1.519047619047619
naive_flat,GNB,2023,-1.2190476190476147,0.0,-1.2190476190476147
naive_flat,GNQ,2003,4.980952380952374,0.0,4.980952380952374
naive_flat,GNQ,2004,4.3809523809523725,0.0,4.3809523809523725
naive_flat,GNQ,2005,3.8809523809523725,0.0,3.8809523809523725
naive_flat,GNQ,2006,3.280952380952371,0.0,3.280952380952371
naive_flat,GNQ,2007,2.6809523809523697,0.0,2.6809523809523697
naive_flat,GNQ,2008,1.980952380952374,0.0,1.980952380952374
naive_flat,GNQ,2009,1.280952380952371,0.0,1.280952380952371
naive_flat,GNQ,2010,0.5809523809523753,0.0,0.5809523809523753
naive_flat,GNQ,2011,-0.019047619047626085,0.0,-0.019047619047626085
naive_flat,GNQ,2012,-0.5190476190476261,0.0,-0.5190476190476261
naive_flat,GNQ,2013,-1.019047619047626,0.0,-1.019047619047626
naive_flat,GNQ,2014,-1.3190476190476303,0.0,-1.3190476190476303
naive_flat,GNQ,2015,-1.6190476190476275,0.0,-1.6190476190476275
naive_flat,GNQ,2016,-1.9190476190476247,0.0,-1.9190476190476247
naive_flat,GNQ,2017,-2.1190476190476275,0.0,-2.1190476190476275
naive_flat,GNQ,2018,-2.219047619047629,0.0,-2.219047619047629
naive_flat,GNQ,2019,-2.4190476190476247,0.0,-2.4190476190476247
naive_flat,GNQ,2020,-2.519047619047626,0.0,-2.519047619047626
naive_flat,GNQ,2021,-2.519047619047626,0.0,-2.519047619047626
naive_flat,GNQ,2022,-2.519047619047626,0.0,-2.519047619047626
naive_flat,GNQ,2023,-2.3190476190476303,0.0,-2.3190476190476303
naive_flat,KEN,2003,2.7952380952380977,0.0,2.7952380952380977
naive_flat,KEN,2004,1.9952380952381006,0.0,1.9952380952381006
naive_flat,KEN,2005,1.2952380952380977,0.0,1.2952380952380977
naive_flat,KEN,2006,0.4952380952381006,0.0,0.4952380952381006
naive_flat,KEN,2007,-0.10476190476190084,0.0,-0.10476190476190084
naive_flat,KEN,2008,-0.8047619047619001,0.0,-0.8047619047619001
naive_flat,KEN,2009,-1.3047619047619001,0.0,-1.3047619047619001
naive_flat,KEN,2010,-1.6047619047619008,0.0,-1.6047619047619008
naive_flat,KEN,2011,-1.9047619047619015,0.0,-1.9047619047619015
naive_flat,KEN,2012,-1.9047619047619015,0.0,-1.9047619047619015
naive_flat,KEN,2013,-1.8047619047619001,0.0,-1.8047619047619001
naive_flat,KEN,2014,-1.6047619047619008,0.0,-1.6047619047619008
naive_flat,KEN,2015,-1.3047619047619001,0.0,-1.3047619047619001
naive_flat,KEN,2016,-1.0047619047618994,0.0,-1.0047619047618994
naive_flat,KEN,2017,-0.6047619047619008,0.0,-0.6047619047619008
naive_flat,KEN,2018,-0.20476190476190226,0.0,-0.20476190476190226
naive_flat,KEN,2019,0.19523809523809987,0.0,0.19523809523809987
naive_flat,KEN,2020,0.6952380952380999,0.0,0.6952380952380999
naive_flat,KEN,2021,1.3952380952380992,0.0,1.3952380952380992
naive_flat,KEN,2022,2.1952380952381,0.0,2.1952380952381
naive_flat,KEN,2023,3.095238095238102,0.0,3.095238095238102
naive_flat,LBR,2003,6.852380952380955,0.0,6.852380952380955
naive_flat,LBR,2004,5.752380952380953,0.0,5.752380952380953
naive_flat,LBR,2005,4.752380952380953,0.0,4.752380952380953
naive_flat,LBR,2006,3.7523809523809533,0.0,3.7523809523809533
naive_flat,LBR,2007,2.7523809523809533,0.0,2.7523809523809533
naive_flat,LBR,2008,1.6523809523809518,0.0,1.6523809523809518
naive_flat,LBR,2009,0.5523809523809575,0.0,0.5523809523809575
naive_flat,LBR,2010,-0.4476190476190425,0.0,-0.4476190476190425
naive_flat,LBR,2011,-1.2476190476190467,0.0,-1.2476190476190467
naive_flat,LBR,2012,-1.8476190476190482,0.0,-1.8476190476190482
naive_flat,LBR,2013,-2.347619047619048,0.0,-2.347619047619048
naive_flat,LBR,2014,-2.6476190476190453,0.0,-2.6476190476190453
naive_flat,LBR,2015,-2.7476190476190467,0.0,-2.7476190476190467
naive_flat,LBR,2016,-2.847619047619048,0.0,-2.847619047619048
naive_flat,LBR,2017,-2.7476190476190467,0.0,-2.7476190476190467
naive_flat,LBR,2018,-2.547619047619044,0.0,-2.547619047619044
naive_flat,LBR,2019,-2.2476190476190467,0.0,-2.2476190476190467
naive_flat,LBR,2020,-1.9476190476190425,0.0,-1.9476190476190425
naive_flat,LBR,2021,-1.4476190476190425,0.0,-1.4476190476190425
naive_flat,LBR,2022,-0.8476190476190482,0.0,-0.8476190476190482
naive_flat,LBR,2023,-0.14761904761904532,0.0,-0.14761904761904532
naive_flat,LSO,2003,2.2095238095238017,0.0,2.2095238095238017
naive_flat,LSO,2004,1.309523809523803,0.0,1.309523809523803
naive_flat,LSO,2005,0.5095238095238024,0.0,0.5095238095238024
naive_flat,LSO,2006,-0.39047619047619975,0.0,-0.39047619047619975
naive_flat,LSO,2007,-1.190476190476197,0.0,-1.190476190476197
naive_flat,LSO,2008,-1.8904761904761997,0.0,-1.8904761904761997
naive_flat,LSO,2009,-2.4904761904761976,0.0,-2.4904761904761976
naive_flat,LSO,2010,-2.9904761904761976,0.0,-2.9904761904761976
naive_flat,LSO,2011,-3.190476190476197,0.0,-3.190476190476197
naive_flat,LSO,2012,-3.190476190476197,0.0,-3.190476190476197
naive_flat,LSO,2013,-3.090476190476199,0.0,-3.090476190476199
naive_flat,LSO,2014,-2.7904761904761983,0.0,-2.7904761904761983
naive_flat,LSO,2015,-2.2904761904761983,0.0,-2.2904761904761983
naive_flat,LSO,2016,-1.4904761904761976,0.0,-1.4904761904761976
naive_flat,LSO,2017,-0.6904761904761969,0.0,-0.6904761904761969
naive_flat,LSO,2018,0.3095238095238031,0.0,0.3095238095238031
naive_flat,LSO,2019,1.409523809523801,0.0,1.409523809523801
naive_flat,LSO,2020,2.7095238095238017,0.0,2.7095238095238017
naive_flat,LSO,2021,4.1095238095238,0.0,4.1095238095238
naive_flat,LSO,2022,5.709523809523802,0.0,5.709523809523802
naive_flat,LSO,2023,7.4095238095238045,0.0,7.4095238095238045
naive_flat,MDG,2003,1.3190476190476232,0.0,1.3190476190476232
naive_flat,MDG,2004,0.8190476190476232,0.0,0.8190476190476232
naive_flat,MDG,2005,0.31904761904762324,0.0,0.31904761904762324
naive_flat,MDG,2006,-0.2809523809523711,0.0,-0.2809523809523711
naive_flat,MDG,2007,-0.7809523809523711,0.0,-0.7809523809523711
naive_flat,MDG,2008,-1.280952380952371,0.0,-1.280952380952371
naive_flat,MDG,2009,-1.6809523809523768,0.0,-1.6809523809523768
naive_flat,MDG,2010,-1.8809523809523725,0.0,-1.8809523809523725
naive_flat,MDG,2011,-1.8809523809523725,0.0,-1.8809523809523725
naive_flat,MDG,2012,-1.780952380952371,0.0,-1.780952380952371
naive_flat,MDG,2013,-1.480952380952374,0.0,-1.480952380952374
naive_flat,MDG,2014,-1.0809523809523753,0.0,-1.0809523809523753
naive_flat,MDG,2015,-0.6809523809523768,0.0,-0.6809523809523768
naive_flat,MDG,2016,-0.18095238095237676,0.0,-0.18095238095237676
naive_flat,MDG,2017,0.31904761904762324,0.0,0.31904761904762324
naive_flat,MDG,2018,0.6190476190476275,0.0,0.6190476190476275
naive_flat,MDG,2019,0.9190476190476247,0.0,0.9190476190476247
naive_flat,MDG,2020,1.3190476190476232,0.0,1.3190476190476232
naive_flat,MDG,2021,1.719047619047629,0.0,1.719047619047629
naive_flat,MDG,2022,2.4190476190476247,0.0,2.4190476190476247
naive_flat,MDG,2023,3.219047619047629,0.0,3.219047619047629
naive_flat,MLI,2003,4.952380952380949,0.0,4.952380952380949
naive_flat,MLI,2004,4.352380952380955,0.0,4.352380952380955
naive_flat,MLI,2005,3.652380952380952,0.0,3.652380952380952
naive_flat,MLI,2006,2.8523809523809547,0.0,2.8523809523809547
naive_flat,MLI,2007,2.0523809523809504,0.0,2.0523809523809504
naive_flat,MLI,2008,1.1523809523809518,0.0,1.1523809523809518
naive_flat,MLI,2009,0.3523809523809547,0.0,0.3523809523809547
naive_flat,MLI,2010,-0.4476190476190496,0.0,-0.4476190476190496
naive_flat,MLI,2011,-1.1476190476190453,0.0,-1.1476190476190453
naive_flat,MLI,2012,-1.7476190476190467,0.0,-1.7476190476190467
naive_flat,MLI,2013,-2.1476190476190453,0.0,-2.1476190476190453
naive_flat,MLI,2014,-2.4476190476190496,0.0,-2.4476190476190496
naive_flat,MLI,2015,-2.547619047619051,0.0,-2.547619047619051
naive_flat,MLI,2016,-2.4476190476190496,0.0,-2.4476190476190496
naive_flat,MLI,2017,-2.1476190476190453,0.0,-2.1476190476190453
naive_flat,MLI,2018,-1.8476190476190482,0.0,-1.8476190476190482
naive_flat,MLI,2019,-1.547619047619051,0.0,-1.547619047619051
naive_flat,MLI,2020,-1.047619047619051,0.0,-1.047619047619051
naive_flat,MLI,2021,-0.547619047619051,0.0,-0.547619047619051
naive_flat,MLI,2022,0.05238095238095042,0.0,0.05238095238095042
naive_flat,MLI,2023,0.6523809523809518,0.0,0.6523809523809518
naive_flat,MOZ,2003,2.4476190476190425,0.0,2.4476190476190425
naive_flat,MOZ,2004,2.047619047619044,0.0,2.047619047619044
naive_flat,MOZ,2005,1.547619047619044,0.0,1.547619047619044
naive_flat,MOZ,2006,1.1476190476190382,0.0,1.1476190476190382
naive_flat,MOZ,2007,0.5476190476190439,0.0,0.5476190476190439
naive_flat,MOZ,2008,0.0476190476190439,0.0,0.0476190476190439
naive_flat,MOZ,2009,-0.3523809523809618,0.0,-0.3523809523809618
naive_flat,MOZ,2010,-0.8523809523809618,0.0,-0.8523809523809618
naive_flat,MOZ,2011,-0.9523809523809561,0.0,-0.9523809523809561
naive_flat,MOZ,2012,-1.0523809523809575,0.0,-1.0523809523809575
naive_flat,MOZ,2013,-1.0523809523809575,0.0,-1.0523809523809575
naive_flat,MOZ,2014,-0.9523809523809561,0.0,-0.9523809523809561
naive_flat,MOZ,2015,-0.8523809523809618,0.0,-0.8523809523809618
naive_flat,MOZ,2016,-0.652380952380959,0.0,-0.652380952380959
naive_flat,MOZ,2017,-0.5523809523809575,0.0,-0.5523809523809575
naive_flat,MOZ,2018,-0.5523809523809575,0.0,-0.5523809523809575
naive_flat,MOZ,2019,-0.4523809523809561,0.0,-0.4523809523809561
naive_flat,MOZ,2020,-0.4523809523809561,0.0,-0.4523809523809561
naive_flat,MOZ,2021,-0.15238095238095895,0.0,-0.15238095238095895
naive_flat,MOZ,2022,0.24761904761903963,0.0,0.24761904761903963
naive_flat,MOZ,2023,0.847619047619041,0.0,0.847619047619041
naive_flat,MRT,2003,2.509523809523806,0.0,2.509523809523806
naive_flat,MRT,2004,2.2095238095238017,0.0,2.2095238095238017
naive_flat,MRT,2005,1.9095238095238045,0.0,1.9095238095238045
naive_flat,MRT,2006,1.509523809523806,0.0,1.509523809523806
naive_flat,MRT,2007,1.009523809523806,0.0,1.009523809523806
naive_flat,MRT,2008,0.6095238095238074,0.0,0.6095238095238074
naive_flat,MRT,2009,0.10952380952380736,0.0,0.10952380952380736
naive_flat,MRT,2010,-0.2904761904761983,0.0,-0.2904761904761983
naive_flat,MRT,2011,-0.6904761904761969,0.0,-0.6904761904761969
naive_flat,MRT,2012,-1.0904761904761955,0.0,-1.0904761904761955
naive_flat,MRT,2013,-1.2904761904761983,0.0,-1.2904761904761983
naive_flat,MRT,2014,-1.3904761904761926,0.0,-1.3904761904761926
naive_flat,MRT,2015,-1.3904761904761926,0.0,-1.3904761904761926
naive_flat,MRT,2016,-1.2904761904761983,0.0,-1.2904761904761983
naive_flat,MRT,2017,-1.190476190476197,0.0,-1.190476190476197
naive_flat,MRT,2018,-0.9904761904761941,0.0,-0.9904761904761941
naive_flat,MRT,2019,-0.7904761904761983,0.0,-0.7904761904761983
naive_flat,MRT,2020,-0.49047619047619406,0.0,-0.49047619047619406
naive_flat,MRT,2021,-0.1904761904761969,0.0,-0.1904761904761969
naive_flat,MRT,2022,0.3095238095238031,0.0,0.3095238095238031
naive_flat,MRT,2023,0.9095238095238045,0.0,0.9095238095238045
naive_flat,MUS,2003,-4.580952380952379,0.0,-4.580952380952379
naive_flat,MUS,2004,-4.480952380952381,0.0,-4.480952380952381
naive_flat,MUS,2005,-4.38095238095238,0.0,-4.38095238095238
naive_flat,MUS,2006,-4.280952380952382,0.0,-4.280952380952382
naive_flat,MUS,2007,-4.18095238095238,0.0,-4.18095238095238
naive_flat,MUS,2008,-3.980952380952381,0.0,-3.980952380952381
naive_flat,MUS,2009,-3.7809523809523817,0.0,-3.7809523809523817
naive_flat,MUS,2010,-3.480952380952381,0.0,-3.480952380952381
naive_flat,MUS,2011,-3.080952380952379,0.0,-3.080952380952379
naive_flat,MUS,2012,-2.3809523809523796,0.0,-2.3809523809523796
naive_flat,MUS,2013,-1.6809523809523803,0.0,-1.6809523809523803
naive_flat,MUS,2014,-0.7809523809523817,0.0,-0.7809523809523817
naive_flat,MUS,2015,0.21904761904761827,0.0,0.21904761904761827
naive_flat,MUS,2016,1.2190476190476183,0.0,1.2190476190476183
naive_flat,MUS,2017,2.2190476190476183,0.0,2.2190476190476183
naive_flat,MUS,2018,3.2190476190476183,0.0,3.2190476190476183
naive_flat,MUS,2019,4.31904761904762,0.0,4.31904761904762
naive_flat,MUS,2020,5.419047619047621,0.0,5.419047619047621
naive_flat,MUS,2021,6.719047619047618,0.0,6.719047619047618
naive_flat,MUS,2022,8.11904761904762,0.0,8.11904761904762
naive_flat,MUS,2023,9.619047619047617,0.0,9.619047619047617
naive_flat,MWI,2003,2.9142857142857146,0.0,2.9142857142857146
naive_flat,MWI,2004,2.2142857142857153,0.0,2.2142857142857153
naive_flat,MWI,2005,1.514285714285716,0.0,1.514285714285716
naive_flat,MWI,2006,0.7142857142857153,0.0,0.7142857142857153
naive_flat,MWI,2007,-0.08571428571428541,0.0,-0.08571428571428541
naive_flat,MWI,2008,-0.8857142857142861,0.0,-0.8857142857142861
naive_flat,MWI,2009,-1.5857142857142854,0.0,-1.5857142857142854
naive_flat,MWI,2010,-2.0857142857142854,0.0,-2.0857142857142854
naive_flat,MWI,2011,-2.2857142857142847,0.0,-2.2857142857142847
naive_flat,MWI,2012,-2.385714285714286,0.0,-2.385714285714286
naive_flat,MWI,2013,-2.1857142857142833,0.0,-2.1857142857142833
naive_flat,MWI,2014,-1.8857142857142861,0.0,-1.8857142857142861
naive_flat,MWI,2015,-1.485714285714284,0.0,-1.485714285714284
naive_flat,MWI,2016,-0.985714285714284,0.0,-0.985714285714284
naive_flat,MWI,2017,-0.5857142857142854,0.0,-0.5857142857142854
naive_flat,MWI,2018,-0.08571428571428541,0.0,-0.08571428571428541
naive_flat,MWI,2019,0.3142857142857167,0.0,0.3142857142857167
naive_flat,MWI,2020,0.9142857142857146,0.0,0.9142857142857146
naive_flat,MWI,2021,1.7142857142857153,0.0,1.7142857142857153
naive_flat,MWI,2022,2.614285714285714,0.0,2.614285714285714
naive_flat,MWI,2023,3.614285714285714,0.0,3.614285714285714
naive_flat,NAM,2003,2.5047619047619065,0.0,2.5047619047619065
naive_flat,NAM,2004,1.8047619047619072,0.0,1.8047619047619072
naive_flat,NAM,2005,1.104761904761908,0.0,1.104761904761908
naive_flat,NAM,2006,0.40476190476190865,0.0,0.40476190476190865
naive_flat,NAM,2007,-0.19523809523809277,0.0,-0.19523809523809277
naive_flat,NAM,2008,-0.7952380952380906,0.0,-0.7952380952380906
naive_flat,NAM,2009,-1.2952380952380906,0.0,-1.2952380952380906
naive_flat,NAM,2010,-1.6952380952380928,0.0,-1.6952380952380928
naive_flat,NAM,2011,-1.895238095238092,0.0,-1.895238095238092
naive_flat,NAM,2012,-1.9952380952380935,0.0,-1.9952380952380935
naive_flat,NAM,2013,-1.9952380952380935,0.0,-1.9952380952380935
naive_flat,NAM,2014,-1.895238095238092,0.0,-1.895238095238092
naive_flat,NAM,2015,-1.5952380952380913,0.0,-1.5952380952380913
naive_flat,NAM,2016,-1.2952380952380906,0.0,-1.2952380952380906
naive_flat,NAM,2017,-0.8952380952380921,0.0,-0.8952380952380921
naive_flat,NAM,2018,-0.39523809523809206,0.0,-0.39523809523809206
naive_flat,NAM,2019,0.30476190476190723,0.0,0.30476190476190723
naive_flat,NAM,2020,1.0047619047619065,0.0,1.0047619047619065
naive_flat,NAM,2021,1.9047619047619087,0.0,1.9047619047619087
naive_flat,NAM,2022,2.9047619047619087,0.0,2.9047619047619087
naive_flat,NAM,2023,4.0047619047619065,0.0,4.0047619047619065
naive_flat,NER,2003,3.3714285714285666,0.0,3.3714285714285666
naive_flat,NER,2004,2.771428571428565,0.0,2.771428571428565
naive_flat,NER,2005,2.0714285714285623,0.0,2.0714285714285623
naive_flat,NER,2006,1.4714285714285609,0.0,1.4714285714285609
naive_flat,NER,2007,0.8714285714285666,0.0,0.8714285714285666
naive_flat,NER,2008,0.27142857142856514,0.0,0.27142857142856514
naive_flat,NER,2009,-0.3285714285714363,0.0,-0.3285714285714363
naive_flat,NER,2010,-0.9285714285714377,0.0,-0.9285714285714377
naive_flat,NER,2011,-1.2285714285714349,0.0,-1.2285714285714349
naive_flat,NER,2012,-1.4285714285714377,0.0,-1.4285714285714377
naive_flat,NER,2013,-1.5285714285714391,0.0,-1.5285714285714391
naive_flat,NER,2014,-1.5285714285714391,0.0,-1.5285714285714391
naive_flat,NER,2015,-1.5285714285714391,0.0,-1.5285714285714391
naive_flat,NER,2016,-1.3285714285714363,0.0,-1.3285714285714363
naive_flat,NER,2017,-1.1285714285714334,0.0,-1.1285714285714334
naive_flat,NER,2018,-0.9285714285714377,0.0,-0.9285714285714377
naive_flat,NER,2019,-0.6285714285714334,0.0,-0.6285714285714334
naive_flat,NER,2020,-0.3285714285714363,0.0,-0.3285714285714363
naive_flat,NER,2021,0.07142857142856229,0.0,0.07142857142856229
naive_flat,NER,2022,0.6714285714285637,0.0,0.6714285714285637
naive_flat,NER,2023,1.2714285714285651,0.0,1.2714285714285651
naive_flat,NGA,2003,5.899999999999999,0.0,5.899999999999999
naive_flat,NGA,2004,5.5,0.0,5.5
naive_flat,NGA,2005,5.0,0.0,5.0
naive_flat,NGA,2006,4.5,0.0,4.5
naive_flat,NGA,2007,3.8999999999999986,0.0,3.8999999999999986
naive_flat,NGA,2008,3.1999999999999957,0.0,3.1999999999999957
naive_flat,NGA,2009,2.3999999999999986,0.0,2.3999999999999986
naive_flat,NGA,2010,1.6999999999999957,0.0,1.6999999999999957
naive_flat,NGA,2011,1.0,0.0,1.0
naive_flat,NGA,2012,0.29999999999999716,0.0,0.29999999999999716
naive_flat,NGA,2013,-0.30000000000000426,0.0,-0.30000000000000426
naive_flat,NGA,2014,-0.9000000000000057,0.0,-0.9000000000000057
naive_flat,NGA,2015,-1.4000000000000057,0.0,-1.4000000000000057
naive_flat,NGA,2016,-2.0,0.0,-2.0
naive_flat,NGA,2017,-2.5,0.0,-2.5
naive_flat,NGA,2018,-3.1000000000000014,0.0,-3.1000000000000014
naive_flat,NGA,2019,-3.700000000000003,0.0,-3.700000000000003
naive_flat,NGA,2020,-4.300000000000004,0.0,-4.300000000000004
naive_flat,NGA,2021,-4.800000000000004,0.0,-4.800000000000004
naive_flat,NGA,2022,-5.100000000000001,0.0,-5.100000000000001
naive_flat,NGA,2023,-5.300000000000004,0.0,-5.300000000000004
naive_flat,RWA,2003,3.333333333333334,0.0,3.333333333333334
naive_flat,RWA,2004,2.633333333333331,0.0,2.633333333333331
naive_flat,RWA,2005,1.9333333333333318,0.0,1.9333333333333318
naive_flat,RWA,2006,1.2333333333333325,0.0,1.2333333333333325
naive_flat,RWA,2007,0.6333333333333329,0.0,0.6333333333333329
naive_flat,RWA,2008,0.033333333333333215,0.0,0.033333333333333215
naive_flat,RWA,2009,-0.4666666666666668,0.0,-0.4666666666666668
naive_flat,RWA,2010,-0.8666666666666671,0.0,-0.8666666666666671
naive_flat,RWA,2011,-1.0666666666666682,0.0,-1.0666666666666682
naive_flat,RWA,2012,-1.1666666666666679,0.0,-1.1666666666666679
naive_flat,RWA,2013,-1.1666666666666679,0.0,-1.1666666666666679
naive_flat,RWA,2014,-1.0666666666666682,0.0,-1.0666666666666682
naive_flat,RWA,2015,-0.9666666666666668,0.0,-0.9666666666666668
naive_flat,RWA,2016,-0.8666666666666671,0.0,-0.8666666666666671
naive_flat,RWA,2017,-0.8666666666666671,0.0,-0.8666666666666671
naive_flat,RWA,2018,-0.7666666666666675,0.0,-0.7666666666666675
naive_flat,RWA,2019,-0.6666666666666679,0.0,-0.6666666666666679
naive_flat,RWA,2020,-0.5666666666666682,0.0,-0.5666666666666682
naive_flat,RWA,2021,-0.2666666666666675,0.0,-0.2666666666666675
naive_flat,RWA,2022,0.13333333333333286,0.0,0.13333333333333286
naive_flat,RWA,2023,0.8333333333333339,0.0,0.8333333333333339
naive_flat,SDN,2003,2.4476190476190496,0.0,2.4476190476190496
naive_flat,SDN,2004,2.1476190476190453,0.0,2.1476190476190453
naive_flat,SDN,2005,1.8476190476190482,0.0,1.8476190476190482
naive_flat,SDN,2006,1.4476190476190496,0.0,1.4476190476190496
naive_flat,SDN,2007,1.047619047619044,0.0,1.047619047619044
naive_flat,SDN,2008,0.6476190476190453,0.0,0.6476190476190453
naive_flat,SDN,2009,0.14761904761904532,0.0,0.14761904761904532
naive_flat,SDN,2010,-0.3523809523809547,0.0,-0.3523809523809547
naive_flat,SDN,2011,-0.6523809523809518,0.0,-0.6523809523809518
naive_flat,SDN,2012,-0.9523809523809561,0.0,-0.9523809523809561
naive_flat,SDN,2013,-1.1523809523809518,0.0,-1.1523809523809518
naive_flat,SDN,2014,-1.2523809523809533,0.0,-1.2523809523809533
naive_flat,SDN,2015,-1.2523809523809533,0.0,-1.2523809523809533
naive_flat,SDN,2016,-1.2523809523809533,0.0,-1.2523809523809533
naive_flat,SDN,2017,-1.1523809523809518,0.0,-1.1523809523809518
naive_flat,SDN,2018,-0.9523809523809561,0.0,-0.9523809523809561
naive_flat,SDN,2019,-0.8523809523809547,0.0,-0.8523809523809547
naive_flat,SDN,2020,-0.5523809523809504,0.0,-0.5523809523809504
naive_flat,SDN,2021,-0.25238095238095326,0.0,-0.25238095238095326
naive_flat,SDN,2022,0.14761904761904532,0.0,0.14761904761904532
naive_flat,SDN,2023,0.7476190476190467,0.0,0.7476190476190467
naive_flat,SEN,2003,7.385714285714286,0.0,7.385714285714286
naive_flat,SEN,2004,6.9857142857142875,0.0,6.9857142857142875
naive_flat,SEN,2005,6.4857142857142875,0.0,6.4857142857142875
naive_flat,SEN,2006,5.885714285714286,0.0,5.885714285714286
naive_flat,SEN,2007,5.185714285714283,0.0,5.185714285714283
naive_flat,SEN,2008,4.285714285714285,0.0,4.285714285714285
naive_flat,SEN,2009,3.385714285714286,0.0,3.385714285714286
naive_flat,SEN,2010,2.2857142857142847,0.0,2.2857142857142847
naive_flat,SEN,2011,1.2857142857142847,0.0,1.2857142857142847
naive_flat,SEN,2012,0.3857142857142861,0.0,0.3857142857142861
naive_flat,SEN,2013,-0.5142857142857125,0.0,-0.5142857142857125
naive_flat,SEN,2014,-1.4142857142857181,0.0,-1.4142857142857181
naive_flat,SEN,2015,-2.2142857142857153,0.0,-2.2142857142857153
naive_flat,SEN,2016,-2.914285714285718,0.0,-2.914285714285718
naive_flat,SEN,2017,-3.614285714285714,0.0,-3.614285714285714
naive_flat,SEN,2018,-4.314285714285717,0.0,-4.314285714285717
naive_flat,SEN,2019,-4.914285714285718,0.0,-4.914285714285718
naive_flat,SEN,2020,-5.5142857142857125,0.0,-5.5142857142857125
naive_flat,SEN,2021,-5.914285714285718,0.0,-5.914285714285718
naive_flat,SEN,2022,-6.114285714285714,0.0,-6.114285714285714
naive_flat,SEN,2023,-6.114285714285714,0.0,-6.114285714285714
naive_flat,SLE,2003,5.51428571428572,0.0,5.51428571428572
naive_flat,SLE,2004,5.01428571428572,0.0,5.01428571428572
naive_flat,SLE,2005,4.314285714285717,0.0,4.314285714285717
naive_flat,SLE,2006,3.7142857142857153,0.0,3.7142857142857153
naive_flat,SLE,2007,3.0142857142857196,0.0,3.0142857142857196
naive_flat,SLE,2008,2.2142857142857153,0.0,2.2142857142857153
naive_flat,SLE,2009,1.3142857142857167,0.0,1.3142857142857167
naive_flat,SLE,2010,0.5142857142857196,0.0,0.5142857142857196
naive_flat,SLE,2011,-0.18571428571428328,0.0,-0.18571428571428328
naive_flat,SLE,2012,-0.885714285714279,0.0,-0.885714285714279
naive_flat,SLE,2013,-1.385714285714279,0.0,-1.385714285714279
naive_flat,SLE,2014,-1.7857142857142847,0.0,-1.7857142857142847
naive_flat,SLE,2015,-2.085714285714282,0.0,-2.085714285714282
naive_flat,SLE,2016,-2.2857142857142847,0.0,-2.2857142857142847
naive_flat,SLE,2017,-2.385714285714279,0.0,-2.385714285714279
naive_flat,SLE,2018,-2.585714285714282,0.0,-2.585714285714282
naive_flat,SLE,2019,-2.585714285714282,0.0,-2.585714285714282
naive_flat,SLE,2020,-2.585714285714282,0.0,-2.585714285714282
naive_flat,SLE,2021,-2.585714285714282,0.0,-2.585714285714282
naive_flat,SLE,2022,-2.2857142857142847,0.0,-2.2857142857142847
naive_flat,SLE,2023,-1.9857142857142804,0.0,-1.9857142857142804
naive_flat,SOM,2003,0.34761904761904816,0.0,0.34761904761904816
naive_flat,SOM,2004,-0.052380952380957524,0.0,-0.052380952380957524
naive_flat,SOM,2005,-0.3523809523809547,0.0,-0.3523809523809547
naive_flat,SOM,2006,-0.6523809523809518,0.0,-0.6523809523809518
naive_flat,SOM,2007,-0.9523809523809561,0.0,-0.9523809523809561
naive_flat,SOM,2008,-1.2523809523809533,0.0,-1.2523809523809533
naive_flat,SOM,2009,-1.452380952380956,0.0,-1.452380952380956
naive_flat,SOM,2010,-1.7523809523809533,0.0,-1.7523809523809533
naive_flat,SOM,2011,-1.6523809523809518,0.0,-1.6523809523809518
naive_flat,SOM,2012,-1.452380952380956,0.0,-1.452380952380956
naive_flat,SOM,2013,-1.1523809523809518,0.0,-1.1523809523809518
naive_flat,SOM,2014,-0.7523809523809533,0.0,-0.7523809523809533
naive_flat,SOM,2015,-0.25238095238095326,0.0,-0.25238095238095326
naive_flat,SOM,2016,0.24761904761904674,0.0,0.24761904761904674
naive_flat,SOM,2017,0.6476190476190453,0.0,0.6476190476190453
naive_flat,SOM,2018,0.9476190476190425,0.0,0.9476190476190425
naive_flat,SOM,2019,1.1476190476190453,0.0,1.1476190476190453
naive_flat,SOM,2020,1.4476190476190425,0.0,1.4476190476190425
naive_flat,SOM,2021,1.8476190476190482,0.0,1.8476190476190482
naive_flat,SOM,2022,2.2476190476190467,0.0,2.2476190476190467
naive_flat,SOM,2023,2.847619047619048,0.0,2.847619047619048
naive_flat,SSD,2008,0.5,0.0,0.5
naive_flat,SSD,2009,0.0,0.0,0.0
naive_flat,SSD,2010,-0.3000000000000007,0.0,-0.3000000000000007
naive_flat,SSD,2011,-0.5,0.0,-0.5
naive_flat,SSD,2012,-0.40000000000000213,0.0,-0.40000000000000213
naive_flat,SSD,2013,-0.10000000000000142,0.0,-0.10000000000000142
naive_flat,SSD,2014,0.1999999999999993,0.0,0.1999999999999993
naive_flat,SSD,2015,0.5999999999999979,0.0,0.5999999999999979
naive_flat,STP,2003,5.519047619047626,0.0,5.519047619047626
naive_flat,STP,2004,4.919047619047625,0.0,4.919047619047625
naive_flat,STP,2005,4.219047619047629,0.0,4.219047619047629
naive_flat,STP,2006,3.6190476190476275,0.0,3.6190476190476275
naive_flat,STP,2007,2.8190476190476232,0.0,2.8190476190476232
naive_flat,STP,2008,2.019047619047626,0.0,2.019047619047626
naive_flat,STP,2009,1.219047619047629,0.0,1.219047619047629
naive_flat,STP,2010,0.5190476190476261,0.0,0.5190476190476261
naive_flat,STP,2011,-0.18095238095237676,0.0,-0.18095238095237676
naive_flat,STP,2012,-0.6809523809523768,0.0,-0.6809523809523768
naive_flat,STP,2013,-1.1809523809523768,0.0,-1.1809523809523768
naive_flat,STP,2014,-1.480952380952374,0.0,-1.480952380952374
naive_flat,STP,2015,-1.780952380952371,0.0,-1.780952380952371
naive_flat,STP,2016,-1.980952380952374,0.0,-1.980952380952374
naive_flat,STP,2017,-2.280952380952371,0.0,-2.280952380952371
naive_flat,STP,2018,-2.480952380952374,0.0,-2.480952380952374
naive_flat,STP,2019,-2.5809523809523753,0.0,-2.5809523809523753
naive_flat,STP,2020,-2.6809523809523768,0.0,-2.6809523809523768
naive_flat,STP,2021,-2.6809523809523768,0.0,-2.6809523809523768
naive_flat,STP,2022,-2.5809523809523753,0.0,-2.5809523809523753
naive_flat,STP,2023,-2.280952380952371,0.0,-2.280952380952371
naive_flat,SWZ,2003,2.2857142857142847,0.0,2.2857142857142847
naive_flat,SWZ,2004,1.6857142857142833,0.0,1.6857142857142833
naive_flat,SWZ,2005,1.1857142857142833,0.0,1.1857142857142833
naive_flat,SWZ,2006,0.6857142857142833,0.0,0.6857142857142833
naive_flat,SWZ,2007,0.18571428571428328,0.0,0.18571428571428328
naive_flat,SWZ,2008,-0.11428571428571743,0.0,-0.11428571428571743
naive_flat,SWZ,2009,-0.514285714285716,0.0,-0.514285714285716
naive_flat,SWZ,2010,-0.9142857142857181,0.0,-0.9142857142857181
naive_flat,SWZ,2011,-1.2142857142857153,0.0,-1.2142857142857153
naive_flat,SWZ,2012,-1.514285714285716,0.0,-1.514285714285716
naive_flat,SWZ,2013,-1.6142857142857174,0.0,-1.6142857142857174
naive_flat,SWZ,2014,-1.6142857142857174,0.0,-1.6142857142857174
naive_flat,SWZ,2015,-1.6142857142857174,0.0,-1.6142857142857174
naive_flat,SWZ,2016,-1.4142857142857181,0.0,-1.4142857142857181
naive_flat,SWZ,2017,-1.1142857142857174,0.0,-1.1142857142857174
naive_flat,SWZ,2018,-0.7142857142857153,0.0,-0.7142857142857153
naive_flat,SWZ,2019,-0.2142857142857153,0.0,-0.2142857142857153
naive_flat,SWZ,2020,0.38571428571428257,0.0,0.38571428571428257
naive_flat,SWZ,2021,1.1857142857142833,0.0,1.1857142857142833
naive_flat,SWZ,2022,1.985714285714284,0.0,1.985714285714284
naive_flat,SWZ,2023,2.985714285714284,0.0,2.985714285714284
naive_flat,SYC,2003,0.7095238095238123,0.0,0.7095238095238123
naive_flat,SYC,2004,0.4095238095238116,0.0,0.4095238095238116
naive_flat,SYC,2005,0.10952380952381091,0.0,0.10952380952381091
naive_flat,SYC,2006,-0.29047619047618767,0.0,-0.29047619047618767
naive_flat,SYC,2007,-0.6904761904761862,0.0,-0.6904761904761862
naive_flat,SYC,2008,-0.990476190476187,0.0,-0.990476190476187
naive_flat,SYC,2009,-1.1904761904761862,0.0,-1.1904761904761862
naive_flat,SYC,2010,-1.2904761904761877,0.0,-1.2904761904761877
naive_flat,SYC,2011,-1.2904761904761877,0.0,-1.2904761904761877
naive_flat,SYC,2012,-1.2904761904761877,0.0,-1.2904761904761877
naive_flat,SYC,2013,-1.1904761904761862,0.0,-1.1904761904761862
naive_flat,SYC,2014,-0.990476190476187,0.0,-0.990476190476187
naive_flat,SYC,2015,-0.6904761904761862,0.0,-0.6904761904761862
naive_flat,SYC,2016,-0.29047619047618767,0.0,-0.29047619047618767
naive_flat,SYC,2017,-0.09047619047618838,0.0,-0.09047619047618838
naive_flat,SYC,2018,0.30952380952381375,0.0,0.30952380952381375
naive_flat,SYC,2019,0.6095238095238109,0.0,0.6095238095238109
naive_flat,SYC,2020,1.109523809523811,0.0,1.109523809523811
naive_flat,SYC,2021,1.7095238095238123,0.0,1.7095238095238123
naive_flat,SYC,2022,2.3095238095238138,0.0,2.3095238095238138
naive_flat,SYC,2023,3.009523809523813,0.0,3.009523809523813
naive_flat,TCD,2003,5.885714285714286,0.0,5.885714285714286
naive_flat,TCD,2004,5.4857142857142875,0.0,5.4857142857142875
naive_flat,TCD,2005,4.9857142857142875,0.0,4.9857142857142875
naive_flat,TCD,2006,4.385714285714286,0.0,4.385714285714286
naive_flat,TCD,2007,3.885714285714286,0.0,3.885714285714286
naive_flat,TCD,2008,3.1857142857142904,0.0,3.1857142857142904
naive_flat,TCD,2009,2.585714285714289,0.0,2.585714285714289
naive_flat,TCD,2010,1.9857142857142875,0.0,1.9857142857142875
naive_flat,TCD,2011,0.9857142857142875,0.0,0.9857142857142875
naive_flat,TCD,2012,0.08571428571428896,0.0,0.08571428571428896
naive_flat,TCD,2013,-0.7142857142857153,0.0,-0.7142857142857153
naive_flat,TCD,2014,-1.5142857142857125,0.0,-1.5142857142857125
naive_flat,TCD,2015,-2.2142857142857153,0.0,-2.2142857142857153
naive_flat,TCD,2016,-2.914285714285711,0.0,-2.914285714285711
naive_flat,TCD,2017,-3.5142857142857125,0.0,-3.5142857142857125
naive_flat,TCD,2018,-3.7142857142857153,0.0,-3.7142857142857153
naive_flat,TCD,2019,-3.8142857142857096,0.0,-3.8142857142857096
naive_flat,TCD,2020,-3.914285714285711,0.0,-3.914285714285711
naive_flat,TCD,2021,-3.914285714285711,0.0,-3.914285714285711
naive_flat,TCD,2022,-3.7142857142857153,0.0,-3.7142857142857153
naive_flat,TCD,2023,-3.5142857142857125,0.0,-3.5142857142857125
naive_flat,TGO,2003,3.9761904761904745,0.0,3.9761904761904745
naive_flat,TGO,2004,3.576190476190476,0.0,3.576190476190476
naive_flat,TGO,2005,3.1761904761904702,0.0,3.1761904761904702
naive_flat,TGO,2006,2.6761904761904702,0.0,2.6761904761904702
naive_flat,TGO,2007,2.1761904761904702,0.0,2.1761904761904702
naive_flat,TGO,2008,1.576190476190476,0.0,1.576190476190476
naive_flat,TGO,2009,0.9761904761904745,0.0,0.9761904761904745
naive_flat,TGO,2010,0.3761904761904731,0.0,0.3761904761904731
naive_flat,TGO,2011,-0.12380952380952692,0.0,-0.12380952380952692
naive_flat,TGO,2012,-0.6238095238095269,0.0,-0.6238095238095269
naive_flat,TGO,2013,-1.0238095238095255,0.0,-1.0238095238095255
naive_flat,TGO,2014,-1.3238095238095298,0.0,-1.3238095238095298
naive_flat,TGO,2015,-1.5238095238095255,0.0,-1.5238095238095255
naive_flat,TGO,2016,-1.7238095238095283,0.0,-1.7238095238095283
naive_flat,TGO,2017,-1.8238095238095298,0.0,-1.8238095238095298
naive_flat,TGO,2018,-1.923809523809524,0.0,-1.923809523809524
naive_flat,TGO,2019,-1.923809523809524,0.0,-1.923809523809524
naive_flat,TGO,2020,-1.923809523809524,0.0,-1.923809523809524
naive_flat,TGO,2021,-1.8238095238095298,0.0,-1.8238095238095298
naive_flat,TGO,2022,-1.623809523809527,0.0,-1.623809523809527
naive_flat,TGO,2023,-1.123809523809527,0.0,-1.123809523809527
naive_flat,TZA,2003,3.3619047619047606,0.0,3.3619047619047606
naive_flat,TZA,2004,2.961904761904762,0.0,2.961904761904762
naive_flat,TZA,2005,2.3619047619047606,0.0,2.3619047619047606
naive_flat,TZA,2006,1.6619047619047578,0.0,1.6619047619047578
naive_flat,TZA,2007,0.961904761904762,0.0,0.961904761904762
naive_flat,TZA,2008,0.2619047619047592,0.0,0.2619047619047592
naive_flat,TZA,2009,-0.43809523809523654,0.0,-0.43809523809523654
naive_flat,TZA,2010,-0.9380952380952365,0.0,-0.9380952380952365
naive_flat,TZA,2011,-1.2380952380952408,0.0,-1.2380952380952408
naive_flat,TZA,2012,-1.4380952380952365,0.0,-1.4380952380952365
naive_flat,TZA,2013,-1.3380952380952422,0.0,-1.3380952380952422
naive_flat,TZA,2014,-1.2380952380952408,0.0,-1.2380952380952408
naive_flat,TZA,2015,-1.1380952380952394,0.0,-1.1380952380952394
naive_flat,TZA,2016,-1.038095238095238,0.0,-1.038095238095238
naive_flat,TZA,2017,-0.9380952380952365,0.0,-0.9380952380952365
naive_flat,TZA,2018,-0.8380952380952422,0.0,-0.8380952380952422
naive_flat,TZA,2019,-0.7380952380952408,0.0,-0.7380952380952408
naive_flat,TZA,2020,-0.6380952380952394,0.0,-0.6380952380952394
naive_flat,TZA,2021,-0.3380952380952422,0.0,-0.3380952380952422
naive_flat,TZA,2022,0.06190476190476346,0.0,0.06190476190476346
naive_flat,TZA,2023,0.6619047619047578,0.0,0.6619047619047578
naive_flat,UGA,2003,4.819047619047616,0.0,4.819047619047616
naive_flat,UGA,2004,3.9190476190476176,0.0,3.9190476190476176
naive_flat,UGA,2005,3.119047619047617,0.0,3.119047619047617
naive_flat,UGA,2006,2.119047619047617,0.0,2.119047619047617
naive_flat,UGA,2007,1.2190476190476147,0.0,1.2190476190476147
naive_flat,UGA,2008,0.31904761904761614,0.0,0.31904761904761614
naive_flat,UGA,2009,-0.4809523809523846,0.0,-0.4809523809523846
naive_flat,UGA,2010,-1.1809523809523839,0.0,-1.1809523809523839
naive_flat,UGA,2011,-1.6809523809523839,0.0,-1.6809523809523839
naive_flat,UGA,2012,-1.8809523809523832,0.0,-1.8809523809523832
naive_flat,UGA,2013,-1.9809523809523846,0.0,-1.9809523809523846
naive_flat,UGA,2014,-1.8809523809523832,0.0,-1.8809523809523832
naive_flat,UGA,2015,-1.6809523809523839,0.0,-1.6809523809523839
naive_flat,UGA,2016,-1.4809523809523846,0.0,-1.4809523809523846
naive_flat,UGA,2017,-1.3809523809523832,0.0,-1.3809523809523832
naive_flat,UGA,2018,-1.1809523809523839,0.0,-1.1809523809523839
naive_flat,UGA,2019,-0.9809523809523846,0.0,-0.9809523809523846
naive_flat,UGA,2020,-0.6809523809523839,0.0,-0.6809523809523839
naive_flat,UGA,2021,-0.2809523809523853,0.0,-0.2809523809523853
naive_flat,UGA,2022,0.21904761904761472,0.0,0.21904761904761472
naive_flat,UGA,2023,1.0190476190476154,0.0,1.0190476190476154
naive_flat,ZAF,2003,2.7619047619047628,0.0,2.7619047619047628
naive_flat,ZAF,2004,2.1619047619047613,0.0,2.1619047619047613
naive_flat,ZAF,2005,1.461904761904762,0.0,1.461904761904762
naive_flat,ZAF,2006,0.7619047619047628,0.0,0.7619047619047628
naive_flat,ZAF,2007,0.06190476190475991,0.0,0.06190476190475991
naive_flat,ZAF,2008,-0.538095238095238,0.0,-0.538095238095238
naive_flat,ZAF,2009,-1.1380952380952394,0.0,-1.1380952380952394
naive_flat,ZAF,2010,-1.6380952380952394,0.0,-1.6380952380952394
naive_flat,ZAF,2011,-1.8380952380952387,0.0,-1.8380952380952387
naive_flat,ZAF,2012,-1.93809523809524,0.0,-1.93809523809524
naive_flat,ZAF,2013,-1.8380952380952387,0.0,-1.8380952380952387
naive_flat,ZAF,2014,-1.7380952380952372,0.0,-1.7380952380952372
naive_flat,ZAF,2015,-1.43809523809524,0.0,-1.43809523809524
naive_flat,ZAF,2016,-1.1380952380952394,0.0,-1.1380952380952394
naive_flat,ZAF,2017,-0.7380952380952372,0.0,-0.7380952380952372
naive_flat,ZAF,2018,-0.33809523809523867,0.0,-0.33809523809523867
naive_flat,ZAF,2019,0.16190476190476133,0.0,0.16190476190476133
naive_flat,ZAF,2020,0.6619047619047613,0.0,0.6619047619047613
naive_flat,ZAF,2021,1.3619047619047606,0.0,1.3619047619047606
naive_flat,ZAF,2022,2.06190476190476,0.0,2.06190476190476
naive_flat,ZAF,2023,2.8619047619047606,0.0,2.8619047619047606
naive_flat,ZMB,2003,5.18571428571428,0.0,5.18571428571428
naive_flat,ZMB,2004,4.18571428571428,0.0,4.18571428571428
naive_flat,ZMB,2005,3.285714285714281,0.0,3.285714285714281
naive_flat,ZMB,2006,2.3857142857142826,0.0,2.3857142857142826
naive_flat,ZMB,2007,1.5857142857142819,0.0,1.5857142857142819
naive_flat,ZMB,2008,0.7857142857142811,0.0,0.7857142857142811
naive_flat,ZMB,2009,0.08571428571428186,0.0,0.08571428571428186
naive_flat,ZMB,2010,-0.41428571428571814,0.0,-0.41428571428571814
naive_flat,ZMB,2011,-0.9142857142857181,0.0,-0.9142857142857181
naive_flat,ZMB,2012,-1.2142857142857189,0.0,-1.2142857142857189
naive_flat,ZMB,2013,-1.4142857142857181,0.0,-1.4142857142857181
naive_flat,ZMB,2014,-1.4142857142857181,0.0,-1.4142857142857181
naive_flat,ZMB,2015,-1.5142857142857196,0.0,-1.5142857142857196
naive_flat,ZMB,2016,-1.5142857142857196,0.0,-1.5142857142857196
naive_flat,ZMB,2017,-1.6142857142857174,0.0,-1.6142857142857174
naive_flat,ZMB,2018,-1.5142857142857196,0.0,-1.5142857142857196
naive_flat,ZMB,2019,-1.5142857142857196,0.0,-1.5142857142857196
naive_flat,ZMB,2020,-1.5142857142857196,0.0,-1.5142857142857196
naive_flat,ZMB,2021,-1.3142857142857203,0.0,-1.3142857142857203
naive_flat,ZMB,2022,-1.0142857142857196,0.0,-1.0142857142857196
naive_flat,ZMB,2023,-0.6142857142857174,0.0,-0.6142857142857174
naive_flat,ZWE,2003,4.0238095238095255,0.0,4.0238095238095255
naive_flat,ZWE,2004,3.5238095238095255,0.0,3.5238095238095255
naive_flat,ZWE,2005,3.123809523809527,0.0,3.123809523809527
naive_flat,ZWE,2006,2.623809523809527,0.0,2.623809523809527
naive_flat,ZWE,2007,2.123809523809527,0.0,2.123809523809527
naive_flat,ZWE,2008,1.5238095238095255,0.0,1.5238095238095255
naive_flat,ZWE,2009,1.0238095238095255,0.0,1.0238095238095255
naive_flat,ZWE,2010,0.5238095238095255,0.0,0.5238095238095255
naive_flat,ZWE,2011,-0.2761904761904752,0.0,-0.2761904761904752
naive_flat,ZWE,2012,-1.076190476190476,0.0,-1.076190476190476
naive_flat,ZWE,2013,-1.576190476190476,0.0,-1.576190476190476
naive_flat,ZWE,2014,-1.9761904761904745,0.0,-1.9761904761904745
naive_flat,ZWE,2015,-2.276190476190475,0.0,-2.276190476190475
naive_flat,ZWE,2016,-2.4761904761904745,0.0,-2.4761904761904745
naive_flat,ZWE,2017,-2.576190476190476,0.0,-2.576190476190476
naive_flat,ZWE,2018,-2.276190476190475,0.0,-2.276190476190475
naive_flat,ZWE,2019,-1.876190476190473,0.0,-1.876190476190473
naive_flat,ZWE,2020,-1.4761904761904745,0.0,-1.4761904761904745
naive_flat,ZWE,2021,-0.8761904761904731,0.0,-0.8761904761904731
naive_flat,ZWE,2022,-0.2761904761904752,0.0,-0.2761904761904752
naive_flat,ZWE,2023,0.5238095238095255,0.0,0.5238095238095255
M0_year_effects,AGO,2003,5.295238095238091,3.7700011290076936,1.525236966230397
M0_year_effects,AGO,2004,4.795238095238091,3.224348955094626,1.5708891401434646
M0_year_effects,AGO,2005,4.195238095238089,2.66565330292069,1.529584792317399
M0_year_effects,AGO,2006,3.595238095238095,2.050435911616348,1.544802183621747
M0_year_effects,AGO,2007,2.895238095238092,1.4439141724859472,1.4513239227521448
M0_year_effects,AGO,2008,2.095238095238095,0.778564958676474,1.3166731365616209
M0_year_effects,AGO,2009,1.1952380952380892,0.1679266608040213,1.027311434434068
M0_year_effects,AGO,2010,0.39523809523809206,-0.37675419025981194,0.771992285497904
M0_year_effects,AGO,2011,-0.3047619047619108,-0.8150520626002318,0.510290157838321
M0_year_effects,AGO,2012,-0.9047619047619051,-1.1552561867575624,0.25049428199565726
M0_year_effects,AGO,2013,-1.3047619047619108,-1.3965443194396667,0.09178241467775594
M0_year_effects,AGO,2014,-1.604761904761908,-1.5050549577376118,-0.09970694702429617
M0_year_effects,AGO,2015,-1.904761904761905,-1.5178209151843611,-0.38694098957754397
M0_year_effects,AGO,2016,-2.0047619047619065,-1.5263061768935455,-0.478455727868361
M0_year_effects,AGO,2017,-2.104761904761908,-1.4806540029805038,-0.6241079017814042
M0_year_effects,AGO,2018,-2.2047619047619094,-1.3719583508065925,-0.8328035539553169
M0_year_effects,AGO,2019,-2.404761904761905,-1.23065400298047,-1.174107901781435
M0_year_effects,AGO,2020,-2.5047619047619065,-1.032827916023979,-1.4719339887379275
M0_year_effects,AGO,2021,-2.5047619047619065,-0.7176105247196234,-1.7871513800422831
M0_year_effects,AGO,2022,-2.404761904761905,-0.27630617689353576,-2.1284557278683693
M0_year_effects,AGO,2023,-2.304761904761911,0.3019546926716763,-2.606716597433587
M0_year_effects,BDI,2003,-0.1904761904761898,3.89185876320607,-4.08233495368226
M0_year_effects,BDI,2004,-0.9904761904761905,3.352728328423454,-4.343204518899645
M0_year_effects,BDI,2005,-1.7904761904761912,2.7983805023364754,-4.588856692812667
M0_year_effects,BDI,2006,-2.4904761904761905,2.185337024075613,-4.675813214551804
M0_year_effects,BDI,2007,-3.090476190476192,1.576641371901733,-4.667117562377925
M0_year_effects,BDI,2008,-3.69047619047619,0.9055375916066399,-4.59601378208283
M0_year_effects,BDI,2009,-4.090476190476192,0.2842609958618447,-4.374737186338036
M0_year_effects,BDI,2010,-4.19047619047619,-0.27531347222326286,-3.915162718252927
M0_year_effects,BDI,2011,-3.9904761904761905,-0.7327602807338947,-3.257715909742296
M0_year_effects,BDI,2012,-3.4904761904761905,-1.097691472403108,-2.3927847180730826
M0_year_effects,BDI,2013,-2.790476190476191,-1.3658043798607507,-1.4246718106154406
M0_year_effects,BDI,2014,-1.8904761904761926,-1.4998469330523108,-0.3906292574238819
M0_year_effects,BDI,2015,-0.8904761904761926,-1.5402724649671455,0.6497962744909529
M0_year_effects,BDI,2016,0.20952380952380878,-1.5766862945975113,1.78621010412132
M0_year_effects,BDI,2017,1.3095238095238102,-1.5571210772062107,2.866644886730021
M0_year_effects,BDI,2018,2.30952380952381,-1.4723384685105607,3.781862278034371
M0_year_effects,BDI,2019,3.4095238095238116,-1.3592949902496558,4.7688187997734675
M0_year_effects,BDI,2020,4.609523809523807,-1.1897297728583816,5.799253582382189
M0_year_effects,BDI,2021,5.80952380952381,-0.9005993380757653,6.7101231475995755
M0_year_effects,BDI,2022,7.209523809523809,-0.48755585981489435,7.697079669338703
M0_year_effects,BDI,2023,8.709523809523809,0.06027022714162111,8.649253582382187
M0_year_effects,BEN,2003,6.190476190476183,3.7504033407256956,2.440072849750487
M0_year_effects,BEN,2004,5.49047619047618,3.2090989928996017,2.281377197576578
M0_year_effects,BEN,2005,4.790476190476177,2.6525772537691457,2.1378989367070313
M0_year_effects,BEN,2006,3.99047619047618,2.041707688551761,1.9487685019244188
M0_year_effects,BEN,2007,3.1904761904761827,1.4373598624648345,1.7531163280113482
M0_year_effects,BEN,2008,2.1904761904761827,0.7765577647008977,1.413918425775285
M0_year_effects,BEN,2009,1.1904761904761827,0.16804712640309294,1.0224290640730898
M0_year_effects,BEN,2010,0.290476190476177,-0.37450606508624906,0.6649822555624261
M0_year_effects,BEN,2011,-0.6095238095238216,-0.8085486182777237,0.19902480875390216
M0_year_effects,BEN,2012,-1.3095238095238173,-1.1463013596078482,-0.16322244991596913
M0_year_effects,BEN,2013,-1.9095238095238187,-1.3834330443871,-0.5260907651367188
M0_year_effects,BEN,2014,-2.3095238095238173,-1.4898160231104067,-0.8197077864134106
M0_year_effects,BEN,2015,-2.50952380952382,-1.5047096401317677,-1.0048141693920525
M0_year_effects,BEN,2016,-2.6095238095238216,-1.5130655294294644,-1.0964582800943572
M0_year_effects,BEN,2017,-2.709523809523823,-1.4674133555164226,-1.2421104540074004
M0_year_effects,BEN,2018,-2.6095238095238216,-1.3630655294294693,-1.2464582800943522
M0_year_effects,BEN,2019,-2.50952380952382,-1.2282829207337813,-1.2812408887900388
M0_year_effects,BEN,2020,-2.4095238095238187,-1.0348046598642466,-1.374719149659572
M0_year_effects,BEN,2021,-2.3095238095238173,-0.7217611816033709,-1.5877626279204464
M0_year_effects,BEN,2022,-2.00952380952382,-0.28480465986423775,-1.7247191496595824
M0_year_effects,BEN,2023,-1.5095238095238201,0.28476055752706175,-1.794284367050882
M0_year_effects,BFA,2003,6.442857142857143,3.7447190108586064,2.6981381319985367
M0_year_effects,BFA,2004,5.842857142857149,3.2012407499890347,2.641616392868114
M0_year_effects,BFA,2005,5.0428571428571445,2.646892923902056,2.3959642189550885
M0_year_effects,BFA,2006,4.242857142857147,2.0360233586846697,2.2068337841724777
M0_year_effects,BFA,2007,3.442857142857143,1.4316755325977457,2.0111816102593973
M0_year_effects,BFA,2008,2.5428571428571445,0.7685228909515942,1.7743342519055503
M0_year_effects,BFA,2009,1.7428571428571473,0.15575693350485187,1.5871002093522955
M0_year_effects,BFA,2010,0.9428571428571431,-0.3889239175589596,1.3317810604161027
M0_year_effects,BFA,2011,0.1428571428571459,-0.8250941303248993,0.9679512731820452
M0_year_effects,BFA,2012,-0.4571428571428555,-1.1651826823189815,0.708039825176126
M0_year_effects,BFA,2013,-0.9571428571428555,-1.4038453925023333,0.4467025353594778
M0_year_effects,BFA,2014,-1.357142857142854,-1.510228371225641,0.15308551408278692
M0_year_effects,BFA,2015,-1.6571428571428513,-1.5229943286725351,-0.1341485284703161
M0_year_effects,BFA,2016,-2.357142857142854,-1.518352930931309,-0.838789926211545
M0_year_effects,BFA,2017,-2.857142857142854,-1.4640051048443565,-1.3931377522984976
M0_year_effects,BFA,2018,-3.1571428571428513,-1.350961626583488,-1.8061812305593632
M0_year_effects,BFA,2019,-3.4571428571428555,-1.2074833657138857,-2.24965949142897
M0_year_effects,BFA,2020,-3.6571428571428513,-1.0074833657139166,-2.6496594914289346
M0_year_effects,BFA,2021,-3.7571428571428527,-0.6900920613660828,-3.06705079577677
M0_year_effects,BFA,2022,-3.6571428571428513,-0.24878771353999518,-3.408355143602856
M0_year_effects,BFA,2023,-3.057142857142857,0.3186035908078262,-3.375746447950683
M0_year_effects,BWA,2003,2.352380952380951,3.835157242122526,-1.482776289741575
M0_year_effects,BWA,2004,1.7523809523809533,3.291678981252955,-1.5392980288720017
M0_year_effects,BWA,2005,1.2523809523809533,2.730809416035539,-1.478428463654586
M0_year_effects,BWA,2006,0.6523809523809518,2.1155920247311966,-1.4632110723502447
M0_year_effects,BWA,2007,0.05238095238095397,1.506896372557316,-1.454515420176362
M0_year_effects,BWA,2008,-0.44761904761904603,0.8342425702628233,-1.2818616178818694
M0_year_effects,BWA,2009,-0.8476190476190482,0.21296597451821553,-1.0605850221372637
M0_year_effects,BWA,2010,-1.2476190476190467,-0.34022551484346675,-0.90739353277558
M0_year_effects,BWA,2011,-1.447619047619046,-0.7891616850562153,-0.6584573625628307
M0_year_effects,BWA,2012,-1.5476190476190474,-1.1408534979719347,-0.40676554964711276
M0_year_effects,BWA,2013,-1.447619047619046,-1.394059906880905,-0.05355914073814105
M0_year_effects,BWA,2014,-1.3476190476190482,-1.511081183476545,0.1634621358574968
M0_year_effects,BWA,2015,-1.1476190476190489,-1.5344854387957865,0.3868663911767376
M0_year_effects,BWA,2016,-0.947619047619046,-1.5502822453939267,0.6026631977748806
M0_year_effects,BWA,2017,-0.6476190476190489,-1.5133257236547975,0.8657066760357486
M0_year_effects,BWA,2018,-0.34761904761904816,-1.4133257236547996,1.0657066760357514
M0_year_effects,BWA,2019,0.05238095238095397,-1.2850648540895468,1.3374458064705008
M0_year_effects,BWA,2020,0.45238095238095255,-1.0981083323504466,1.5504892847313991
M0_year_effects,BWA,2021,0.9523809523809526,-0.7937605062634852,1.7461414586444377
M0_year_effects,BWA,2022,1.552380952380954,-0.3633257236547873,1.9157066760357413
M0_year_effects,BWA,2023,2.352380952380951,0.19971775460607644,2.1526631977748747
M0_year_effects,CAF,2003,4.271428571428565,3.7925152004656493,0.47891337096291586
M0_year_effects,CAF,2004,3.8714285714285666,3.244689113509124,0.6267394579194425
M0_year_effects,CAF,2005,3.3714285714285666,2.6838195482917073,0.6876090231368592
M0_year_effects,CAF,2006,2.8714285714285666,2.0664282439438875,0.8050003274846791
M0_year_effects,CAF,2007,2.271428571428565,1.4577325917700037,0.8136959796585614
M0_year_effects,CAF,2008,1.5714285714285623,0.7899389278025648,0.7814896436259975
M0_year_effects,CAF,2009,0.971428571428568,0.17291765120689284,0.7985109202216751
M0_year_effects,CAF,2010,0.37142857142856656,-0.3760185190058545,0.747447090434421
M0_year_effects,CAF,2011,-0.22857142857143486,-0.8164440509207314,0.5878726223492965
M0_year_effects,CAF,2012,-0.7285714285714349,-1.1591096914167967,0.4305382628453618
M0_year_effects,CAF,2013,-1.028571428571432,-1.4026421138734309,0.37407068530199883
M0_year_effects,CAF,2014,-1.3285714285714363,-1.511152752171201,0.18258132359976464
M0_year_effects,CAF,2015,-1.528571428571432,-1.526046369192568,-0.0025250593788639364
M0_year_effects,CAF,2016,-1.7285714285714349,-1.5325132551598593,-0.1960581734115756
M0_year_effects,CAF,2017,-1.9285714285714377,-1.4846871682033385,-0.44388426036809925
M0_year_effects,CAF,2018,-2.028571428571432,-1.3759915160294272,-0.6525799125420049
M0_year_effects,CAF,2019,-2.028571428571432,-1.2390349942902592,-0.7895364342811728
M0_year_effects,CAF,2020,-2.028571428571432,-1.043382820377249,-0.985188608194183
M0_year_effects,CAF,2021,-1.9285714285714377,-0.7303393421163751,-1.1982320864550626
M0_year_effects,CAF,2022,-1.7285714285714349,-0.2912089073337647,-1.4373625212376702
M0_year_effects,CAF,2023,-1.3285714285714363,0.2805302231010134,-1.6091016516724497
M0_year_effects,CIV,2003,2.980952380952381,3.821024547838979,-0.840072166886598
M0_year_effects,CIV,2004,2.5809523809523824,3.273198460882452,-0.6922460799300696
M0_year_effects,CIV,2005,2.180952380952384,2.710154982621559,-0.5292026016691751
M0_year_effects,CIV,2006,1.6809523809523839,2.0927636782737395,-0.4118112973213557
M0_year_effects,CIV,2007,1.2809523809523853,1.4797202000129,-0.19876781906051466
M0_year_effects,CIV,2008,0.7809523809523853,0.8073571488201612,-0.026404767867775902
M0_year_effects,CIV,2009,0.18095238095238386,0.190335872224487,-0.00938349127210314
M0_year_effects,CIV,2010,-0.21904761904761472,-0.36285561713719616,0.14380799808958145
M0_year_effects,CIV,2011,-0.6190476190476204,-0.8075364682010111,0.1884888491533907
M0_year_effects,CIV,2012,-0.9190476190476176,-1.154811808827013,0.2357641897793954
M0_year_effects,CIV,2013,-1.1190476190476204,-1.400936414435197,0.2818887953875766
M0_year_effects,CIV,2014,-1.3190476190476161,-1.5115747123074348,0.19252709325981865
M0_year_effects,CIV,2015,-1.3190476190476161,-1.5307236484777373,0.2116760294301212
M0_year_effects,CIV,2016,-1.3190476190476161,-1.5417971363567462,0.22274951730913006
M0_year_effects,CIV,2017,-1.3190476190476161,-1.4983188754871835,0.17927125643956732
M0_year_effects,CIV,2018,-1.2190476190476147,-1.3939710494002258,0.17492343035261104
M0_year_effects,CIV,2019,-1.1190476190476204,-1.2591884407045386,0.1401408216569182
M0_year_effects,CIV,2020,-0.9190476190476176,-1.0678840928784838,0.1488364738308663
M0_year_effects,CIV,2021,-0.6190476190476204,-0.7591884407045626,0.1401408216569422
M0_year_effects,CIV,2022,-0.1190476190476204,-0.3265797450523866,0.20753212600476623
M0_year_effects,CIV,2023,0.480952380952381,0.24081155929543296,0.24014082165694806
M0_year_effects,CMR,2003,4.628571428571433,3.784991171110973,0.8435802574604603
M0_year_effects,CMR,2004,3.9285714285714306,3.24368682328488,0.6848846052865505
M0_year_effects,CMR,2005,3.1285714285714334,2.6893389971978974,0.43923243137353607
M0_year_effects,CMR,2006,2.3285714285714363,2.0784694319805146,0.2501019965909217
M0_year_effects,CMR,2007,1.6285714285714334,1.471947692850109,0.1566237357213245
M0_year_effects,CMR,2008,0.8285714285714363,0.80630138908568,0.022270039485756232
M0_year_effects,CMR,2009,0.028571428571432023,0.19353543163894438,-0.16496400306751235
M0_year_effects,CMR,2010,-0.5714285714285694,-0.35540073857379983,-0.21602783285476956
M0_year_effects,CMR,2011,-1.0714285714285694,-0.7979539300631489,-0.27347464136542055
M0_year_effects,CMR,2012,-1.471428571428568,-1.1426314702542113,-0.3287971011743567
M0_year_effects,CMR,2013,-1.6714285714285637,-1.3888661677889909,-0.28256240363957286
M0_year_effects,CMR,2014,-1.7714285714285651,-1.5016321252356946,-0.2697964461928706
M0_year_effects,CMR,2015,-1.7714285714285651,-1.5207810614059971,-0.250647510022568
M0_year_effects,CMR,2016,-1.6714285714285637,-1.5339843761305767,-0.13744419529798702
M0_year_effects,CMR,2017,-1.5714285714285694,-1.492680028304492,-0.07874854312407731
M0_year_effects,CMR,2018,-1.471428571428568,-1.3883322022175335,-0.08309636921103447
M0_year_effects,CMR,2019,-1.2714285714285651,-1.2557235065653245,-0.015705064863240636
M0_year_effects,CMR,2020,-1.0714285714285694,-1.0644191587392706,-0.007009412689298777
M0_year_effects,CMR,2021,-0.7714285714285651,-0.755723506565352,-0.015705064863213103
M0_year_effects,CMR,2022,-0.37142857142856656,-0.32094089786969615,-0.050487673558870405
M0_year_effects,CMR,2023,0.028571428571432023,0.25079823256507927,-0.22222680399364725
M0_year_effects,COD,2003,8.180952380952377,3.7062863642755506,4.474666016676826
M0_year_effects,COD,2004,7.580952380952375,3.162808103405979,4.418144277546396
M0_year_effects,COD,2005,6.88095238095238,2.6062863642755194,4.274666016676861
M0_year_effects,COD,2006,6.080952380952375,1.9954167990581373,4.085535581894238
M0_year_effects,COD,2007,5.080952380952375,1.3954167990581645,3.685535581894211
M0_year_effects,COD,2008,3.980952380952374,0.7372765843622844,3.2436757965900895
M0_year_effects,COD,2009,2.780952380952378,0.13302126521341862,2.6479311157389596
M0_year_effects,COD,2010,1.5809523809523753,-0.40314894755251807,1.9841013285048934
M0_year_effects,COD,2011,0.3809523809523796,-0.8308085220205887,1.2117609029729683
M0_year_effects,COD,2012,-0.6190476190476204,-1.1616776802531499,0.5426300612055295
M0_year_effects,COD,2013,-1.519047619047626,-1.39139223082773,-0.12765538821989608
M0_year_effects,COD,2014,-2.4190476190476247,-1.4871369116786912,-0.9319107073689334
M0_year_effects,COD,2015,-3.019047619047626,-1.493519890402185,-1.5255277286454412
M0_year_effects,COD,2016,-3.6190476190476204,-1.4903969903751548,-2.1286506286724656
M0_year_effects,COD,2017,-4.019047619047626,-1.438223077331676,-2.58082454171595
M0_year_effects,COD,2018,-4.319047619047623,-1.3251795990708066,-2.9938680199768166
M0_year_effects,COD,2019,-4.61904761904762,-1.1817013382012043,-3.437346280846416
M0_year_effects,COD,2020,-4.719047619047622,-0.983875251244716,-3.735172367802906
M0_year_effects,COD,2021,-4.719047619047622,-0.668657859940363,-4.050389759107259
M0_year_effects,COD,2022,-4.61904761904762,-0.22735351211427268,-4.391694106933348
M0_year_effects,COD,2023,-4.319047619047623,0.34655953136398177,-4.665607150411605
M0_year_effects,COG,2003,5.195238095238089,3.771917941431635,1.4233201538064542
M0_year_effects,COG,2004,4.795238095238091,3.224091854475108,1.5711462407629826
M0_year_effects,COG,2005,4.495238095238086,2.658874463170734,1.8363636320673522
M0_year_effects,COG,2006,3.9952380952380864,2.0414831588229188,1.9537549364151676
M0_year_effects,COG,2007,3.4952380952380864,1.4306135936055533,2.064624501632533
M0_year_effects,COG,2008,2.7952380952380906,0.7630534786103125,2.032184616627778
M0_year_effects,COG,2009,2.095238095238088,0.14815986158910555,1.9470782336489822
M0_year_effects,COG,2010,1.395238095238092,-0.3986486490491723,1.7938867442872644
M0_year_effects,COG,2011,0.6952380952380892,-0.8369465213895833,1.5321846166276725
M0_year_effects,COG,2012,0.0952380952380878,-1.1773695114228966,1.2726076066609844
M0_year_effects,COG,2013,-0.5047619047619136,-1.4136831768855878,0.9089212721236741
M0_year_effects,COG,2014,-1.104761904761908,-1.5158108364599538,0.4110489316980459
M0_year_effects,COG,2015,-1.5047619047619136,-1.526449134332383,0.021687229570469313
M0_year_effects,COG,2016,-2.0047619047619136,-1.5260521196185604,-0.4787097851433533
M0_year_effects,COG,2017,-2.404761904761912,-1.4738782065750815,-0.9308836981868307
M0_year_effects,COG,2018,-2.804761904761911,-1.358660815270734,-1.4461010894911768
M0_year_effects,COG,2019,-3.2047619047619094,-1.2130086413576553,-1.991753263404254
M0_year_effects,COG,2020,-3.604761904761908,-1.00866081527073,-2.596101089491178
M0_year_effects,COG,2021,-3.804761904761911,-0.6890955978794233,-3.1156663068824875
M0_year_effects,COG,2022,-4.004761904761914,-0.24126951092289683,-3.763492393839017
M0_year_effects,COG,2023,-4.104761904761908,0.34133918472927016,-4.446101089491178
M0_year_effects,COM,2003,2.442857142857143,3.8331896009143818,-1.3903324580572387
M0_year_effects,COM,2004,1.8428571428571452,3.2897113400448075,-1.4468541971876623
M0_year_effects,COM,2005,1.1428571428571423,2.7331896009143484,-1.590332458057206
M0_year_effects,COM,2006,0.5428571428571445,2.117972209610011,-1.5751150667528666
M0_year_effects,COM,2007,0.04285714285714448,1.507102644392646,-1.4642455015355016
M0_year_effects,COM,2008,-0.4571428571428555,0.8344372088905607,-1.2915800660334162
M0_year_effects,COM,2009,-0.8571428571428577,0.21316061314595336,-1.070303470288811
M0_year_effects,COM,2010,-1.1571428571428548,-0.3421585357901953,-0.8149843213526595
M0_year_effects,COM,2011,-1.4571428571428555,-0.788967046428477,-0.6681758107143785
M0_year_effects,COM,2012,-1.4571428571428555,-1.1428277736110153,-0.31431508353184023
M0_year_effects,COM,2013,-1.4571428571428555,-1.3938600837703619,-0.06328277337249366
M0_year_effects,COM,2014,-1.3571428571428577,-1.5108813603659983,0.15373850322314064
M0_year_effects,COM,2015,-1.1571428571428548,-1.5342856156852407,0.3771427585423859
M0_year_effects,COM,2016,-0.7571428571428562,-1.5544185024566013,0.7972756453137451
M0_year_effects,COM,2017,-0.5571428571428569,-1.5152880676739895,0.9581452105311326
M0_year_effects,COM,2018,-0.25714285714285623,-1.4152880676739925,1.1581452105311363
M0_year_effects,COM,2019,0.04285714285714448,-1.2848532850652572,1.3277104279224017
M0_year_effects,COM,2020,0.3428571428571452,-1.0957228502826815,1.4385799931398267
M0_year_effects,COM,2021,0.8428571428571452,-0.7913750241957254,1.6342321670528706
M0_year_effects,COM,2022,1.5428571428571445,-0.36311415463050034,1.9059712974876448
M0_year_effects,COM,2023,2.1428571428571423,0.20427714971731703,1.9385799931398253
M0_year_effects,CPV,2003,5.223809523809521,3.7715344675964664,1.4522750562130549
M0_year_effects,CPV,2004,4.723809523809521,3.225882293683414,1.4979272301261073
M0_year_effects,CPV,2005,4.123809523809527,2.667186641509476,1.456622882300051
M0_year_effects,CPV,2006,3.5238095238095255,2.0519692502051385,1.471840273604387
M0_year_effects,CPV,2007,2.8238095238095227,1.4454475110747316,1.378362012734791
M0_year_effects,CPV,2008,2.123809523809527,0.7778260330277824,1.3459834907817445
M0_year_effects,CPV,2009,1.3238095238095227,0.1650600755810414,1.1587494482284812
M0_year_effects,CPV,2010,0.6238095238095269,-0.381748435057232,1.005557958866759
M0_year_effects,CPV,2011,0.0238095238095255,-0.8221739669721115,0.845983490781637
M0_year_effects,CPV,2012,-0.4761904761904745,-1.1646873717388226,0.6884968955483481
M0_year_effects,CPV,2013,-0.9761904761904745,-1.403613358991822,0.42742288280134755
M0_year_effects,CPV,2014,-1.376190476190473,-1.5099963377151253,0.13380586152465224
M0_year_effects,CPV,2015,-1.6761904761904773,-1.522762295162022,-0.15342818102845523
M0_year_effects,CPV,2016,-1.9761904761904745,-1.526892737293168,-0.4492977388973065
M0_year_effects,CPV,2017,-2.1761904761904773,-1.4790666503366436,-0.6971238258538337
M0_year_effects,CPV,2018,-2.4761904761904745,-1.3660231720757734,-1.110167304114701
M0_year_effects,CPV,2019,-2.6761904761904773,-1.2247188242496518,-1.4514716519408255
M0_year_effects,CPV,2020,-2.7761904761904788,-1.0268927372931627,-1.749297738897316
M0_year_effects,CPV,2021,-2.7761904761904788,-0.7116753459888141,-2.0645151302016647
M0_year_effects,CPV,2022,-2.6761904761904773,-0.27037099816271937,-2.405819478027758
M0_year_effects,CPV,2023,-2.4761904761904745,0.305715958359011,-2.7819064345494855
M0_year_effects,DJI,2013,-1.827272727272728,-0.2710280073175193,-1.5562447199552087
M0_year_effects,DJI,2014,-1.5272727272727273,-0.39230460306220216,-1.1349681242105252
M0_year_effects,DJI,2015,-1.2272727272727266,-0.41783651795582877,-0.8094362093168979
M0_year_effects,DJI,2016,-0.827272727272728,-0.4374082067841467,-0.38986452048858133
M0_year_effects,DJI,2017,-0.42727272727272947,-0.4026255980884974,-0.024647129184232064
M0_year_effects,DJI,2018,-0.12727272727272876,-0.30262559808848,0.17535287081575124
M0_year_effects,DJI,2019,0.17272727272727195,-0.1721908154797971,0.34491808820706904
M0_year_effects,DJI,2020,0.5727272727272705,0.014765706259324496,0.557961566467946
M0_year_effects,DJI,2021,1.0727272727272705,0.3191135323463099,0.7536137403809606
M0_year_effects,DJI,2022,1.672727272727272,0.7495483149549855,0.9231789577722864
M0_year_effects,DJI,2023,2.4727272727272727,1.312591793215856,1.1601354795114167
M0_year_effects,ERI,2003,2.099999999999987,2.346842602596583,-0.24684260259659574
M0_year_effects,ERI,2004,1.499999999999993,1.8033643417269603,-0.30336434172696736
M0_year_effects,ERI,2005,0.9999999999999929,1.2424947765095606,-0.24249477650956774
M0_year_effects,ERI,2006,0.3999999999999915,0.6272773852052733,-0.22727738520528185
M0_year_effects,ERI,2007,-0.20000000000000995,0.01858173303133981,-0.21858173303134976
M0_year_effects,ERI,2008,-0.70000000000001,-0.6537891459376244,-0.046210854062385565
M0_year_effects,ERI,2009,-1.1000000000000085,-1.27506574168234,0.17506574168233158
M0_year_effects,ERI,2010,-1.4000000000000092,-1.8303848906185003,0.43038489061849106
M0_year_effects,ERI,2011,-1.6000000000000085,-2.279321060831248,0.6793210608312394
M0_year_effects,ETH,2003,3.5809523809523824,3.8083924383433603,-0.22744005739097783
M0_year_effects,ETH,2004,2.6809523809523803,3.2714359166042266,-0.5904835356518463
M0_year_effects,ETH,2005,1.7809523809523817,2.7192620035607304,-0.9383096226083487
M0_year_effects,ETH,2006,0.8809523809523832,2.1105663513868262,-1.229613970434443
M0_year_effects,ETH,2007,0.08095238095238244,1.5062185252998548,-1.4252661443474723
M0_year_effects,ETH,2008,-0.7190476190476183,0.8401804746315351,-1.5592280936791534
M0_year_effects,ETH,2009,-1.3190476190476197,0.22315919803580275,-1.5422068170834224
M0_year_effects,ETH,2010,-1.8190476190476197,-0.3279046317514336,-1.491142987296186
M0_year_effects,ETH,2011,-2.019047619047619,-0.7768408019641901,-1.2422068170834288
M0_year_effects,ETH,2012,-2.119047619047617,-1.1282080403502581,-0.9908395786973587
M0_year_effects,ETH,2013,-2.019047619047619,-1.3816625335609816,-0.6373850854866374
M0_year_effects,ETH,2014,-1.8190476190476197,-1.5008114697312038,-0.31823614931641586
M0_year_effects,ETH,2015,-1.4190476190476176,-1.5284710441992795,0.10942342515166192
M0_year_effects,ETH,2016,-1.1190476190476168,-1.5465341135055182,0.4274864944579013
M0_year_effects,ETH,2017,-0.7190476190476183,-1.5117515048098706,0.7927038857622524
M0_year_effects,ETH,2018,-0.41904761904761756,-1.4117515048098506,0.992703885762233
M0_year_effects,ETH,2019,-0.01904761904761898,-1.2834906352446476,1.2644430161970286
M0_year_effects,ETH,2020,0.480952380952381,-1.0987080265489864,1.5796604075013674
M0_year_effects,ETH,2021,1.1809523809523803,-0.7987080265489981,1.9796604075013784
M0_year_effects,ETH,2022,1.980952380952381,-0.3726210700272574,2.3535734509796384
M0_year_effects,ETH,2023,2.880952380952383,0.18824849519014064,2.6927038857622425
M0_year_effects,GAB,2003,2.657142857142844,3.8279898562180668,-1.1708469990752226
M0_year_effects,GAB,2004,2.35714285714284,3.2779898562180607,-0.9208469990752208
M0_year_effects,GAB,2005,2.157142857142844,2.7105985518702194,-0.5534556947273752
M0_year_effects,GAB,2006,1.7571428571428385,2.0910333344789294,-0.3338904773360909
M0_year_effects,GAB,2007,1.4571428571428413,1.4758159431745623,-0.01867308603172102
M0_year_effects,GAB,2008,1.0571428571428427,0.8012452087628903,0.25589764837995244
M0_year_effects,GAB,2009,0.6571428571428442,0.17996861301822387,0.4771742441246203
M0_year_effects,GAB,2010,0.25714285714283847,-0.3732228763434762,0.6303657334863146
M0_year_effects,GAB,2011,-0.1428571428571601,-0.8179037274072991,0.675046584550139
M0_year_effects,GAB,2012,-0.5428571428571587,-1.163156501094888,0.6202993582377294
M0_year_effects,GAB,2013,-0.8428571428571558,-1.4069004793286455,0.5640433364714896
M0_year_effects,GAB,2014,-1.0428571428571587,-1.5175387772009925,0.4746816343438338
M0_year_effects,GAB,2015,-1.1428571428571601,-1.5345600537967305,0.39170291093957044
M0_year_effects,GAB,2016,-1.2428571428571615,-1.5433763903102484,0.3005192474530869
M0_year_effects,GAB,2017,-1.3428571428571558,-1.497724216397211,0.15486707354005524
M0_year_effects,GAB,2018,-1.2428571428571615,-1.393376390310232,0.15051924745307055
M0_year_effects,GAB,2019,-1.1428571428571601,-1.2585937816145973,0.11573663875743723
M0_year_effects,GAB,2020,-1.1428571428571601,-1.0629416077015472,-0.0799155351556129
M0_year_effects,GAB,2021,-1.0428571428571587,-0.7498981294406866,-0.2929590134164721
M0_year_effects,GAB,2022,-0.8428571428571558,-0.3107676946580762,-0.5320894481990797
M0_year_effects,GAB,2023,-0.6428571428571601,0.26531926186367105,-0.9081764047208312
M0_year_effects,GHA,2003,5.461904761904755,3.7658216673402074,1.6960830945645475
M0_year_effects,GHA,2004,5.261904761904759,3.213647754296721,2.048257007608038
M0_year_effects,GHA,2005,5.061904761904756,2.6462564499488814,2.415648311955875
M0_year_effects,GHA,2006,4.661904761904758,2.026691232557591,2.635213529347167
M0_year_effects,GHA,2007,4.261904761904759,1.4136477542967034,2.848257007608056
M0_year_effects,GHA,2008,3.6619047619047578,0.7441266590516258,2.917778102853132
M0_year_effects,GHA,2009,2.8619047619047606,0.1313607016048315,2.730544060299929
M0_year_effects,GHA,2010,2.0619047619047564,-0.41332014945899465,2.475224911363751
M0_year_effects,GHA,2011,1.2619047619047592,-0.8494903622249441,2.1113951241297033
M0_year_effects,GHA,2012,0.46190476190475493,-1.185539045721185,1.64744380762594
M0_year_effects,GHA,2013,-0.2380952380952408,-1.4192958603416108,1.18120062224637
M0_year_effects,GHA,2014,-1.038095238095245,-1.5171682007671472,0.47907296267190214
M0_year_effects,GHA,2015,-1.7380952380952408,-1.5214235199160782,-0.21667171817916264
M0_year_effects,GHA,2016,-2.4380952380952436,-1.516370906822457,-0.9217243312727867
M0_year_effects,GHA,2017,-3.038095238095245,-1.4598491676920262,-1.5782460704032188
M0_year_effects,GHA,2018,-3.6380952380952394,-1.3402839503006994,-2.29781128779454
M0_year_effects,GHA,2019,-4.038095238095245,-1.194631776387673,-2.843463461707572
M0_year_effects,GHA,2020,-4.438095238095244,-0.9902839503007121,-3.4478112877945315
M0_year_effects,GHA,2021,-4.738095238095241,-0.6685448198659372,-4.069550418229303
M0_year_effects,GHA,2022,-4.838095238095242,-0.22289264595289326,-4.615202592142349
M0_year_effects,GHA,2023,-4.838095238095242,0.3575421366558147,-5.1956373747510565
M0_year_effects,GIN,2003,3.585714285714282,3.807559691996773,-0.22184540628249128
M0_year_effects,GIN,2004,3.2857142857142847,3.257559691996765,0.028154593717519827
M0_year_effects,GIN,2005,2.9857142857142875,2.6923423006924034,0.2933719850218841
M0_year_effects,GIN,2006,2.4857142857142875,2.074950996344592,0.41076328936969553
M0_year_effects,GIN,2007,1.9857142857142875,1.464081431127183,0.5216328545871045
M0_year_effects,GIN,2008,1.4857142857142875,0.7918912197653882,0.6938230659488993
M0_year_effects,GIN,2009,0.8857142857142861,0.17486994316965676,0.7108443425446294
M0_year_effects,GIN,2010,0.2857142857142847,-0.3740662270431061,0.6597805127573908
M0_year_effects,GIN,2011,-0.2142857142857153,-0.8166194185324605,0.6023337042467451
M0_year_effects,GIN,2012,-0.6142857142857139,-1.1616004436443346,0.5473147293586207
M0_year_effects,GIN,2013,-1.0142857142857125,-1.4030576279882165,0.3887719137025041
M0_year_effects,GIN,2014,-1.2142857142857153,-1.513695925860561,0.2994102115748456
M0_year_effects,GIN,2015,-1.4142857142857181,-1.5285895428818312,0.1143038285961131
M0_year_effects,GIN,2016,-1.5142857142857125,-1.5372793480993066,0.022993633813594094
M0_year_effects,GIN,2017,-1.7142857142857153,-1.489453261142791,-0.22483245314292422
M0_year_effects,GIN,2018,-1.7142857142857153,-1.382931522012334,-0.33135419227338136
M0_year_effects,GIN,2019,-1.8142857142857167,-1.243801087229743,-0.5704846270559738
M0_year_effects,GIN,2020,-1.7142857142857153,-1.0503228263601718,-0.6639628879255435
M0_year_effects,GIN,2021,-1.6142857142857139,-0.7372793480993112,-0.8770063661864027
M0_year_effects,GIN,2022,-1.4142857142857181,-0.2981489133166999,-1.1161368009690182
M0_year_effects,GIN,2023,-1.0142857142857125,0.2735902171180937,-1.2878759314038062
M0_year_effects,GMB,2003,6.666666666666671,3.7394619482195073,2.927204718447164
M0_year_effects,GMB,2004,6.166666666666671,3.193809774306456,2.972856892360215
M0_year_effects,GMB,2005,5.666666666666671,2.6329402090890515,3.03372645757762
M0_year_effects,GMB,2006,4.966666666666669,2.0198967308281963,2.9467699358384722
M0_year_effects,GMB,2007,4.366666666666667,1.4112010786542655,2.9554655880124017
M0_year_effects,GMB,2008,3.56666666666667,0.7459264546837518,2.820740211982918
M0_year_effects,GMB,2009,2.866666666666667,0.13103283766248852,2.7356338290041786
M0_year_effects,GMB,2010,2.06666666666667,-0.4136480134013367,2.4803146800680067
M0_year_effects,GMB,2011,1.3666666666666671,-0.8519458857417548,2.218612552408422
M0_year_effects,GMB,2012,0.6666666666666714,-1.1900526202972705,1.856719286963942
M0_year_effects,GMB,2013,-0.03333333333333144,-1.4235691458112645,1.390235812477933
M0_year_effects,GMB,2014,-0.7333333333333272,-1.5235691458112695,0.7902358124779423
M0_year_effects,GMB,2015,-1.43333333333333,-1.5278244649602004,0.0944911316268704
M0_year_effects,GMB,2016,-2.133333333333333,-1.5228487740254066,-0.6104845593079262
M0_year_effects,GMB,2017,-2.93333333333333,-1.4619792088080197,-1.4713541245253103
M0_year_effects,GMB,2018,-3.5333333333333314,-1.3424139914166928,-2.1909193419166386
M0_year_effects,GMB,2019,-4.333333333333329,-1.1880661653297557,-3.145267168003573
M0_year_effects,GMB,2020,-5.033333333333331,-0.9771966001123586,-4.056136733220972
M0_year_effects,GMB,2021,-5.733333333333327,-0.6467618175036711,-5.086571515829656
M0_year_effects,GMB,2022,-6.133333333333333,-0.19458790446019192,-5.9387454288731405
M0_year_effects,GMB,2023,-6.333333333333329,0.3901947042354732,-6.723528037568801
M0_year_effects,GNB,2003,4.480952380952381,3.7879612167546344,0.6929911641977466
M0_year_effects,GNB,2004,3.980952380952381,3.2423090428415833,0.7386433381107977
M0_year_effects,GNB,2005,3.480952380952381,2.681439477624178,0.7995129033282029
M0_year_effects,GNB,2006,2.8809523809523796,2.066222086319844,0.8147302946325357
M0_year_effects,GNB,2007,2.2809523809523853,1.457526434145914,0.8234259468064713
M0_year_effects,GNB,2008,1.5809523809523824,0.7898022207458948,0.7911501602064877
M0_year_effects,GNB,2009,0.8809523809523796,0.1749086037246319,0.7060437772277477
M0_year_effects,GNB,2010,0.18095238095238386,-0.3718999069136637,0.5528522878660476
M0_year_effects,GNB,2011,-0.41904761904761756,-0.8123254388285495,0.3932778197809319
M0_year_effects,GNB,2012,-0.8190476190476161,-1.1570763390359828,0.3380287199883667
M0_year_effects,GNB,2013,-1.2190476190476147,-1.3985290037709617,0.17948138472334696
M0_year_effects,GNB,2014,-1.519047619047619,-1.5070396420688392,-0.012007976978779755
M0_year_effects,GNB,2015,-1.7190476190476147,-1.5219332590901105,-0.19711435995750426
M0_year_effects,GNB,2016,-1.8190476190476161,-1.5305511213386844,-0.2884964977089317
M0_year_effects,GNB,2017,-1.9190476190476176,-1.4848989474256435,-0.434148671621974
M0_year_effects,GNB,2018,-1.9190476190476176,-1.3783772082951864,-0.5406704107524312
M0_year_effects,GNB,2019,-1.9190476190476176,-1.2414206865560753,-0.6776269324915423
M0_year_effects,GNB,2020,-1.9190476190476176,-1.045768512643027,-0.8732791064045906
M0_year_effects,GNB,2021,-1.8190476190476161,-0.7327250343821681,-1.086322584665448
M0_year_effects,GNB,2022,-1.519047619047619,-0.2957685126430323,-1.2232791064045867
M0_year_effects,GNB,2023,-1.2190476190476147,0.2781445308352395,-1.4971921498828542
M0_year_effects,GNQ,2003,4.980952380952374,3.776893534781872,1.204058846170502
M0_year_effects,GNQ,2004,4.3809523809523725,3.2334152739122994,1.147537107040073
M0_year_effects,GNQ,2005,3.8809523809523725,2.672545708694894,1.2084066722574787
M0_year_effects,GNQ,2006,3.280952380952371,2.05732831739056,1.223624063561811
M0_year_effects,GNQ,2007,2.6809523809523697,1.4486326652166297,1.23231971573574
M0_year_effects,GNQ,2008,1.980952380952374,0.7809578259874521,1.1999945549649218
M0_year_effects,GNQ,2009,1.280952380952371,0.16606420896619012,1.114888171986181
M0_year_effects,GNQ,2010,0.5809523809523753,-0.3807443016721037,0.961696682624479
M0_year_effects,GNQ,2011,-0.019047619047626085,-0.8211698335869904,0.8021222145393643
M0_year_effects,GNQ,2012,-0.5190476190476261,-1.1637409734468451,0.644693354399219
M0_year_effects,GNQ,2013,-1.019047619047626,-1.4027526402134414,0.3837050211658153
M0_year_effects,GNQ,2014,-1.3190476190476303,-1.511263278511319,0.19221565946368857
M0_year_effects,GNQ,2015,-1.6190476190476275,-1.5240292359581225,-0.09501838308950505
M0_year_effects,GNQ,2016,-1.9190476190476247,-1.5282019415538328,-0.39084567749379184
M0_year_effects,GNQ,2017,-2.1190476190476275,-1.4803758545973147,-0.6386717644503128
M0_year_effects,GNQ,2018,-2.219047619047629,-1.3716802024233794,-0.8473674166242495
M0_year_effects,GNQ,2019,-2.4190476190476247,-1.230375854597312,-1.1886717644503126
M0_year_effects,GNQ,2020,-2.519047619047626,-1.0325497676407838,-1.4864978514068423
M0_year_effects,GNQ,2021,-2.519047619047626,-0.7173323763364485,-1.8017152427111776
M0_year_effects,GNQ,2022,-2.519047619047626,-0.27385411546687655,-2.2451935035807495
M0_year_effects,GNQ,2023,-2.3190476190476303,0.3022328410548738,-2.621280460102504
M0_year_effects,KEN,2003,2.7952380952380977,3.8255947987566543,-1.0303567035185566
M0_year_effects,KEN,2004,1.9952380952381006,3.28646436397404,-1.2912262687359393
M0_year_effects,KEN,2005,1.2952380952380977,2.7299426248435914,-1.4347045296054937
M0_year_effects,KEN,2006,0.4952380952381006,2.1190730596262104,-1.6238349643881098
M0_year_effects,KEN,2007,-0.10476190476190084,1.5103774074522809,-1.6151393122141817
M0_year_effects,KEN,2008,-0.8047619047619001,0.8420648690475234,-1.6468267738094235
M0_year_effects,KEN,2009,-1.3047619047619001,0.2229159328773278,-1.527677837639228
M0_year_effects,KEN,2010,-1.6047619047619008,-0.3324032160588377,-1.2723586887030631
M0_year_effects,KEN,2011,-1.9047619047619015,-0.7792117266971292,-1.1255501780647723
M0_year_effects,KEN,2012,-1.9047619047619015,-1.1329260350403718,-0.7718358697215297
M0_year_effects,KEN,2013,-1.8047619047619001,-1.3863684058205248,-0.41839349894137534
M0_year_effects,KEN,2014,-1.6047619047619008,-1.5055173419907435,-0.09924456277115734
M0_year_effects,KEN,2015,-1.3047619047619001,-1.5310492568843523,0.2262873521224522
M0_year_effects,KEN,2016,-1.0047619047618994,-1.549108764695493,0.5443468599335937
M0_year_effects,KEN,2017,-0.6047619047619008,-1.5143261559998447,0.9095642512379438
M0_year_effects,KEN,2018,-0.20476190476190226,-1.4165000690433,1.2117381642813978
M0_year_effects,KEN,2019,0.19523809523809987,-1.2882391994781024,1.4834772947162023
M0_year_effects,KEN,2020,0.6952380952380999,-1.103456590782443,1.7986946860205428
M0_year_effects,KEN,2021,1.3952380952380992,-0.8034565907824547,2.198694686020554
M0_year_effects,KEN,2022,2.1952380952381,-0.37736963426071135,2.5726077294988112
M0_year_effects,KEN,2023,3.095238095238102,0.1834999309566907,2.9117381642814113
M0_year_effects,LBR,2003,6.852380952380955,3.7361392767052855,3.1162416756756692
M0_year_effects,LBR,2004,5.752380952380953,3.203530581053106,2.5488503713278474
M0_year_effects,LBR,2005,4.752380952380953,2.653530581053097,2.098850371327856
M0_year_effects,LBR,2006,3.7523809523809533,2.0470088419226684,1.7053721104582849
M0_year_effects,LBR,2007,2.7523809523809533,1.4470088419226514,1.3053721104583018
M0_year_effects,LBR,2008,1.6523809523809518,0.7883674472375399,0.8640135051434119
M0_year_effects,LBR,2009,0.5523809523809575,0.1819844685141505,0.370396483866807
M0_year_effects,LBR,2010,-0.4476190476190425,-0.35844106340073845,-0.08917798421830403
M0_year_effects,LBR,2011,-1.2476190476190467,-0.7946112761666879,-0.4530077714523588
M0_year_effects,LBR,2012,-1.8476190476190482,-1.1343601147762246,-0.7132589328428236
M0_year_effects,LBR,2013,-2.347619047619048,-1.3739968581447521,-0.973622189474296
M0_year_effects,LBR,2014,-2.6476190476190453,-1.4825074964426315,-1.1651115511764139
M0_year_effects,LBR,2015,-2.7476190476190467,-1.499528773038365,-1.2480902745806817
M0_year_effects,LBR,2016,-2.847619047619048,-1.508015557054891,-1.3396034905641572
M0_year_effects,LBR,2017,-2.7476190476190467,-1.4667112092288073,-1.2809078383902395
M0_year_effects,LBR,2018,-2.547619047619044,-1.3645372961853064,-1.1830817514337375
M0_year_effects,LBR,2019,-2.2476190476190467,-1.2341025135766297,-1.013516534042417
M0_year_effects,LBR,2020,-1.9476190476190425,-1.044972078794014,-0.9026469688250285
M0_year_effects,LBR,2021,-1.4476190476190425,-0.7406242527070686,-0.7069947949119739
M0_year_effects,LBR,2022,-0.8476190476190482,-0.3101894700983707,-0.5374295775206774
M0_year_effects,LBR,2023,-0.14761904761904532,0.2550279212059894,-0.4026469688250347
M0_year_effects,LSO,2003,2.2095238095238017,3.83880909220035,-1.6292852826765483
M0_year_effects,LSO,2004,1.309523809523803,3.3018525704612136,-1.9923287609374105
M0_year_effects,LSO,2005,0.5095238095238024,2.747504744374247,-2.2379809348504445
M0_year_effects,LSO,2006,-0.39047619047619975,2.138809092200341,-2.5292852826765406
M0_year_effects,LSO,2007,-1.190476190476197,1.534461266113369,-2.724937456589566
M0_year_effects,LSO,2008,-1.8904761904761997,0.866199480577007,-2.7566756710532068
M0_year_effects,LSO,2009,-2.4904761904761976,0.24917820398127954,-2.739654394457477
M0_year_effects,LSO,2010,-2.9904761904761976,-0.30188562580595235,-2.6885905646702453
M0_year_effects,LSO,2011,-3.190476190476197,-0.7508217960187089,-2.439654394457488
M0_year_effects,LSO,2012,-3.190476190476197,-1.104400306144937,-2.08607588433126
M0_year_effects,LSO,2013,-3.090476190476199,-1.3588902546059547,-1.7315859358702443
M0_year_effects,LSO,2014,-2.7904761904761983,-1.4801668503506438,-1.3103093401255546
M0_year_effects,LSO,2015,-2.2904761904761983,-1.509954084393188,-0.7805221060830103
M0_year_effects,LSO,2016,-1.4904761904761976,-1.5389999850518166,0.04852379457561895
M0_year_effects,LSO,2017,-0.6904761904761969,-1.5129130285300834,0.8224368380538865
M0_year_effects,LSO,2018,0.3095238095238031,-1.4281304198344067,1.7376542293582098
M0_year_effects,LSO,2019,1.409523809523801,-1.3150869415735542,2.724610751097355
M0_year_effects,LSO,2020,2.7095238095238017,-1.1476956372257225,3.857219446749524
M0_year_effects,LSO,2021,4.1095238095238,-0.8629130285300821,4.972436838053882
M0_year_effects,LSO,2022,5.709523809523802,-0.45421737635616743,6.163741185879969
M0_year_effects,LSO,2023,7.4095238095238045,0.08926088451341219,7.320262925010392
M0_year_effects,MDG,2003,1.3190476190476232,3.858016326883277,-2.5389687078356538
M0_year_effects,MDG,2004,0.8190476190476232,3.3123641529702286,-2.4933165339226053
M0_year_effects,MDG,2005,0.31904761904762324,2.7514945877528256,-2.4324469687052024
M0_year_effects,MDG,2006,-0.2809523809523711,2.1362771964484857,-2.4172295774008568
M0_year_effects,MDG,2007,-0.7809523809523711,1.5254076312310794,-2.3063600121834504
M0_year_effects,MDG,2008,-1.280952380952371,0.8524928677150472,-2.1334452486674182
M0_year_effects,MDG,2009,-1.6809523809523768,0.2312162719703812,-1.912168652922758
M0_year_effects,MDG,2010,-1.8809523809523725,-0.3262305365402529,-1.5547218444121196
M0_year_effects,MDG,2011,-1.8809523809523725,-0.7794220259019466,-1.1015303550504258
M0_year_effects,MDG,2012,-1.780952380952371,-1.1356452498286451,-0.645307131123726
M0_year_effects,MDG,2013,-1.480952380952374,-1.393544424827848,-0.08740795612452601
M0_year_effects,MDG,2014,-1.0809523809523753,-1.5169486801470056,0.43599629919463023
M0_year_effects,MDG,2015,-0.6809523809523768,-1.5446082546150794,0.8636558736627027
M0_year_effects,MDG,2016,-0.18095238095237676,-1.5672826459322984,1.3863302649799216
M0_year_effects,MDG,2017,0.31904761904762324,-1.5346739502801308,1.853721569327754
M0_year_effects,MDG,2018,0.6190476190476275,-1.4346739502801062,2.0537215693277338
M0_year_effects,MDG,2019,0.9190476190476247,-1.3042391676714278,2.2232867867190524
M0_year_effects,MDG,2020,1.3190476190476232,-1.117282645932291,2.4363302649799143
M0_year_effects,MDG,2021,1.719047619047629,-0.8107609068018675,2.5298085258494964
M0_year_effects,MDG,2022,2.4190476190476247,-0.3825000372366514,2.801547656284276
M0_year_effects,MDG,2023,3.219047619047629,0.18054344102423503,3.038504178023394
M0_year_effects,MLI,2003,4.952380952380949,3.7777970886700714,1.1745838637108776
M0_year_effects,MLI,2004,4.352380952380955,3.234318827800503,1.1180621245804518
M0_year_effects,MLI,2005,3.652380952380952,2.6777970886700593,0.9745838637108926
M0_year_effects,MLI,2006,2.8523809523809547,2.066927523452672,0.7854534289282826
M0_year_effects,MLI,2007,2.0523809523809504,1.462579697365702,0.5898012550152485
M0_year_effects,MLI,2008,1.1523809523809518,0.7993472682779186,0.35303368410303326
M0_year_effects,MLI,2009,0.3523809523809547,0.18658131083112472,0.16579964154982996
M0_year_effects,MLI,2010,-0.4476190476190496,-0.35809954023270096,-0.08951950738634862
M0_year_effects,MLI,2011,-1.1476190476190453,-0.7963974125731164,-0.35122163504592896
M0_year_effects,MLI,2012,-1.7476190476190467,-1.1365385443736629,-0.6110805032453839
M0_year_effects,MLI,2013,-2.1476190476190453,-1.3785354289380396,-0.7690836186810057
M0_year_effects,MLI,2014,-2.4476190476190496,-1.4870460672359171,-0.9605729803831324
M0_year_effects,MLI,2015,-2.547619047619051,-1.5040673438316525,-1.0435517037873985
M0_year_effects,MLI,2016,-2.4476190476190496,-1.5169961019636324,-0.9306229456554171
M0_year_effects,MLI,2017,-2.1476190476190453,-1.4800395802245068,-0.6675794673945386
M0_year_effects,MLI,2018,-1.8476190476190482,-1.380039580224485,-0.46757946739456324
M0_year_effects,MLI,2019,-1.547619047619051,-1.249604797615803,-0.2980142500032481
M0_year_effects,MLI,2020,-1.047619047619051,-1.0648221889201461,0.017203141301095126
M0_year_effects,MLI,2021,-0.547619047619051,-0.7604743628332007,0.2128553152141497
M0_year_effects,MLI,2022,0.05238095238095042,-0.33003958022450286,0.3824205326054533
M0_year_effects,MLI,2023,0.6523809523809518,0.23735172412333716,0.4150292282576147
M0_year_effects,MOZ,2003,2.4476190476190425,3.8328961115608697,-1.3852770639418273
M0_year_effects,MOZ,2004,2.047619047619044,3.285070024604345,-1.237450976985301
M0_year_effects,MOZ,2005,1.547619047619044,2.7242004593869433,-1.1765814117678994
M0_year_effects,MOZ,2006,1.1476190476190382,2.104635241995644,-0.9570161943766058
M0_year_effects,MOZ,2007,0.5476190476190439,1.4959395898217163,-0.9483205422026724
M0_year_effects,MOZ,2008,0.0476190476190439,0.8233175088556415,-0.7756984612365976
M0_year_effects,MOZ,2009,-0.3523809523809618,0.2020409131109746,-0.5544218654919364
M0_year_effects,MOZ,2010,-0.8523809523809618,-0.3490229166762555,-0.5033580357047063
M0_year_effects,MOZ,2011,-0.9523809523809561,-0.8000867464634789,-0.15229420591747722
M0_year_effects,MOZ,2012,-1.0523809523809575,-1.1518253235271834,0.09944437114622584
M0_year_effects,MOZ,2013,-1.0523809523809575,-1.40249667034319,0.3501157179622325
M0_year_effects,MOZ,2014,-0.9523809523809561,-1.5195179469389393,0.5671369945579832
M0_year_effects,MOZ,2015,-0.8523809523809618,-1.540794542683611,0.6884135903026491
M0_year_effects,MOZ,2016,-0.652380952380959,-1.5565227237075066,0.9041417713265476
M0_year_effects,MOZ,2017,-0.5523809523809575,-1.5152183758814255,0.962837423500468
M0_year_effects,MOZ,2018,-0.5523809523809575,-1.4086966367509683,0.8563156843700108
M0_year_effects,MOZ,2019,-0.4523809523809561,-1.273914028055331,0.8215330756743748
M0_year_effects,MOZ,2020,-0.4523809523809561,-1.0782618541422826,0.6258809017613265
M0_year_effects,MOZ,2021,-0.15238095238095895,-0.76956620196838,0.617185249587421
M0_year_effects,MOZ,2022,0.24761904761903963,-0.3347835932727259,0.5824026408917655
M0_year_effects,MOZ,2023,0.847619047619041,0.2326077110751137,0.6150113365439274
M0_year_effects,MRT,2003,2.509523809523806,3.8313773225093026,-1.3218535129854967
M0_year_effects,MRT,2004,2.2095238095238017,3.2813773225092993,-1.0718535129854976
M0_year_effects,MRT,2005,1.9095238095238045,2.716159931204943,-0.8066361216811386
M0_year_effects,MRT,2006,1.509523809523806,2.0965947138136416,-0.5870709042898357
M0_year_effects,MRT,2007,1.009523809523806,1.4857251485962362,-0.47620133907243023
M0_year_effects,MRT,2008,0.6095238095238074,0.811157643913492,-0.20163383438968463
M0_year_effects,MRT,2009,0.10952380952380736,0.1920087077432937,-0.08248489821948635
M0_year_effects,MRT,2010,-0.2904761904761983,-0.361182781618405,0.07070659114220668
M0_year_effects,MRT,2011,-0.6904761904761969,-0.8058636326822235,0.11538744220602659
M0_year_effects,MRT,2012,-1.0904761904761955,-1.1510330217405205,0.060556831264324984
M0_year_effects,MRT,2013,-1.2904761904761983,-1.3973288788297058,0.10685268835350747
M0_year_effects,MRT,2014,-1.3904761904761926,-1.5100948362765187,0.1196186458003261
M0_year_effects,MRT,2015,-1.3904761904761926,-1.5292437724467227,0.13876758197053007
M0_year_effects,MRT,2016,-1.2904761904761983,-1.5425110811631013,0.252034890686903
M0_year_effects,MRT,2017,-1.190476190476197,-1.5012067333370203,0.31073054286082336
M0_year_effects,MRT,2018,-0.9904761904761941,-1.3990328202935185,0.40855662981732443
M0_year_effects,MRT,2019,-0.7904761904761983,-1.266424124641361,0.4759479341651627
M0_year_effects,MRT,2020,-0.49047619047619406,-1.077293689858748,0.5868174993825539
M0_year_effects,MRT,2021,-0.1904761904761969,-0.7685980376848445,0.5781218472086476
M0_year_effects,MRT,2022,0.3095238095238031,-0.3359893420326667,0.6455131515564698
M0_year_effects,MRT,2023,0.9095238095238045,0.2314019623151733,0.6781218472086312
M0_year_effects,MUS,2003,-4.580952380952379,3.9879309685508,-8.568883349503178
M0_year_effects,MUS,2004,-4.480952380952381,3.4292353163768796,-7.910187697329261
M0_year_effects,MUS,2005,-4.38095238095238,2.855322272898616,-7.236274653850995
M0_year_effects,MUS,2006,-4.280952380952382,2.2248874902899227,-6.505839871242305
M0_year_effects,MUS,2007,-4.18095238095238,1.6009744468116427,-5.781926827764023
M0_year_effects,MUS,2008,-3.980952380952381,0.9119819069888431,-4.892934287941224
M0_year_effects,MUS,2009,-3.7809523809523817,0.2779393537973718,-4.0588917347497535
M0_year_effects,MUS,2010,-3.480952380952381,-0.29014575258560793,-3.190806628366773
M0_year_effects,MUS,2011,-3.080952380952379,-0.751847880245168,-2.329104500707211
M0_year_effects,MUS,2012,-2.3809523809523796,-1.1221689165859798,-1.2587834643663998
M0_year_effects,MUS,2013,-1.6809523809523803,-1.3902158239822215,-0.29073655697015877
M0_year_effects,MUS,2014,-0.7809523809523817,-1.5242583771737133,0.7433059962213315
M0_year_effects,MUS,2015,0.21904761904761827,-1.564683909088597,1.7837315281362152
M0_year_effects,MUS,2016,1.2190476190476183,-1.599097147876166,2.8181447669237842
M0_year_effects,MUS,2017,2.2190476190476183,-1.5773580174413846,3.796405636489003
M0_year_effects,MUS,2018,3.2190476190476183,-1.4925754087457124,4.711623027793331
M0_year_effects,MUS,2019,4.31904761904762,-1.3795319304848617,5.698579549532481
M0_year_effects,MUS,2020,5.419047619047621,-1.2077928000500728,6.626840419097694
M0_year_effects,MUS,2021,6.719047619047618,-0.9208362783109552,7.639883897358573
M0_year_effects,MUS,2022,8.11904761904762,-0.507792800050078,8.626840419097698
M0_year_effects,MUS,2023,9.619047619047617,0.04003328690645791,9.57901433214116
M0_year_effects,MWI,2003,2.9142857142857146,3.8230298690069255,-0.908744154721211
M0_year_effects,MWI,2004,2.2142857142857153,3.2817255211808316,-1.0674398068951163
M0_year_effects,MWI,2005,1.514285714285716,2.725203782050393,-1.210918067764677
M0_year_effects,MWI,2006,0.7142857142857153,2.114334216833004,-1.4000485025472886
M0_year_effects,MWI,2007,-0.08571428571428541,1.5099863907460294,-1.5957006764603148
M0_year_effects,MWI,2008,-0.8857142857142861,0.8439576674740472,-1.7296719531883333
M0_year_effects,MWI,2009,-1.5857142857142854,0.22906405045278921,-1.8147783361670746
M0_year_effects,MWI,2010,-2.0857142857142854,-0.321999779334448,-1.7637145063798374
M0_year_effects,MWI,2011,-2.2857142857142847,-0.7709359495471992,-1.5147783361670855
M0_year_effects,MWI,2012,-2.385714285714286,-1.1223194986167493,-1.2633947870975368
M0_year_effects,MWI,2013,-2.1857142857142833,-1.378154182921325,-0.8075601027929582
M0_year_effects,MWI,2014,-1.8857142857142861,-1.4994307786660115,-0.38628350704827463
M0_year_effects,MWI,2015,-1.485714285714284,-1.5270903531340845,0.04137606741980049
M0_year_effects,MWI,2016,-0.985714285714284,-1.5495626737883552,0.5638483880740712
M0_year_effects,MWI,2017,-0.5857142857142854,-1.5147800650927041,0.9290657793784187
M0_year_effects,MWI,2018,-0.08571428571428541,-1.4191278911796412,1.3334136054653558
M0_year_effects,MWI,2019,0.3142857142857167,-1.2908670216144418,1.6051527359001585
M0_year_effects,MWI,2020,0.9142857142857146,-1.1082583259622623,2.022544040247977
M0_year_effects,MWI,2021,1.7142857142857153,-0.8104322390057539,2.524717953291469
M0_year_effects,MWI,2022,2.614285714285714,-0.38651919552748426,3.000804909813198
M0_year_effects,MWI,2023,3.614285714285714,0.1721764566464432,3.4421092576392707
M0_year_effects,NAM,2003,2.5047619047619065,3.8319590238080075,-1.327197119046101
M0_year_effects,NAM,2004,1.8047619047619072,3.2906546759819126,-1.4858927712200054
M0_year_effects,NAM,2005,1.104761904761908,2.7341329368514744,-1.6293710320895665
M0_year_effects,NAM,2006,0.40476190476190865,2.121089458590607,-1.7163275538286982
M0_year_effects,NAM,2007,-0.19523809523809277,1.5123938064166773,-1.70763190165477
M0_year_effects,NAM,2008,-0.7952380952380906,0.8419644066484753,-1.637202501886566
M0_year_effects,NAM,2009,-1.2952380952380906,0.2228154704782832,-1.5180535657163738
M0_year_effects,NAM,2010,-1.6952380952380928,-0.3303760188834213,-1.3648620763546715
M0_year_effects,NAM,2011,-1.895238095238092,-0.7793121890961734,-1.1159259061419187
M0_year_effects,NAM,2012,-1.9952380952380935,-1.1309042936195244,-0.8643338016185691
M0_year_effects,NAM,2013,-1.9952380952380935,-1.3823055896492464,-0.612932505588847
M0_year_effects,NAM,2014,-1.895238095238092,-1.4993268662449966,-0.3959112289930955
M0_year_effects,NAM,2015,-1.5952380952380913,-1.524858781138601,-0.07037931409949039
M0_year_effects,NAM,2016,-1.2952380952380906,-1.5428385811048937,0.24760048586680306
M0_year_effects,NAM,2017,-0.8952380952380921,-1.5080559724092435,0.6128178771711514
M0_year_effects,NAM,2018,-0.39523809523809206,-1.4124037984961806,1.0171657032580885
M0_year_effects,NAM,2019,0.30476190476190723,-1.2906646680614164,1.5954265728233237
M0_year_effects,NAM,2020,1.0047619047619065,-1.110229885452715,2.1149917902146216
M0_year_effects,NAM,2021,1.9047619047619087,-0.814577711539684,2.7193396163015926
M0_year_effects,NAM,2022,2.9047619047619087,-0.39283858110489334,3.297600485866802
M0_year_effects,NAM,2023,4.0047619047619065,0.16368315802555644,3.84107874673635
M0_year_effects,NER,2003,3.3714285714285666,3.812668771491913,-0.4412402000633464
M0_year_effects,NER,2004,2.771428571428565,3.26919051062234,-0.49776193919377487
M0_year_effects,NER,2005,2.0714285714285623,2.7126687714919044,-0.6412402000633421
M0_year_effects,NER,2006,1.4714285714285609,2.0974513801875556,-0.6260228087589947
M0_year_effects,NER,2007,0.8714285714285666,1.4887557280136274,-0.6173271565850609
M0_year_effects,NER,2008,0.27142857142856514,0.8185416577442113,-0.5471130863156461
M0_year_effects,NER,2009,-0.3285714285714363,0.20152038114848514,-0.5300918097199214
M0_year_effects,NER,2010,-0.9285714285714377,-0.3474157890642835,-0.5811556395071542
M0_year_effects,NER,2011,-1.2285714285714349,-0.794224299702567,-0.43434712886886784
M0_year_effects,NER,2012,-1.4285714285714377,-1.1435169948940227,-0.285054433677415
M0_year_effects,NER,2013,-1.5285714285714391,-1.3921377940685065,-0.13643363450293267
M0_year_effects,NER,2014,-1.5285714285714391,-1.5070314110897907,-0.021540017481648466
M0_year_effects,NER,2015,-1.5285714285714391,-1.526180347259992,-0.002391081311447163
M0_year_effects,NER,2016,-1.3285714285714363,-1.541721103186306,0.21314967461486978
M0_year_effects,NER,2017,-1.1285714285714334,-1.502590668403704,0.3740192398322706
M0_year_effects,NER,2018,-0.9285714285714377,-1.4004167553602076,0.4718453267887699
M0_year_effects,NER,2019,-0.6285714285714334,-1.2699819727515247,0.6414105441800912
M0_year_effects,NER,2020,-0.3285714285714363,-1.0808515379689125,0.7522801093974762
M0_year_effects,NER,2021,0.07142857142856229,-0.7743297988384925,0.8457583702670548
M0_year_effects,NER,2022,0.6714285714285637,-0.3438950162297849,1.0153235876583486
M0_year_effects,NER,2023,1.2714285714285651,0.2234962881180551,1.04793228331051
M0_year_effects,NGA,2003,5.899999999999999,3.7563750332313908,2.143624966768608
M0_year_effects,NGA,2004,5.5,3.2085489462748615,2.2914510537251385
M0_year_effects,NGA,2005,5.0,2.647679381057469,2.352320618942531
M0_year_effects,NGA,2006,4.5,2.0302880767096423,2.4697119232903577
M0_year_effects,NGA,2007,3.8999999999999986,1.4215924245357123,2.4784075754642862
M0_year_effects,NGA,2008,3.1999999999999957,0.7541053083419587,2.445894691658037
M0_year_effects,NGA,2009,2.3999999999999986,0.14133935089516791,2.2586606491048307
M0_year_effects,NGA,2010,1.6999999999999957,-0.40546915974313125,2.105469159743127
M0_year_effects,NGA,2011,1.0,-0.8437670320835431,1.843767032083543
M0_year_effects,NGA,2012,0.29999999999999716,-1.181942383817789,1.481942383817786
M0_year_effects,NGA,2013,-0.30000000000000426,-1.4179721395690632,1.117972139569059
M0_year_effects,NGA,2014,-0.9000000000000057,-1.5200997991435394,0.6200997991435337
M0_year_effects,NGA,2015,-1.4000000000000057,-1.5286104374414013,0.12861043744139566
M0_year_effects,NGA,2016,-2.0,-1.525964967895098,-0.47403503210490205
M0_year_effects,NGA,2017,-2.5,-1.4716171418081463,-1.0283828581918537
M0_year_effects,NGA,2018,-3.1000000000000014,-1.3520519244168239,-1.7479480755831776
M0_year_effects,NGA,2019,-3.700000000000003,-1.2020519244168368,-2.497948075583166
M0_year_effects,NGA,2020,-4.300000000000004,-0.9933562722429206,-3.3066437277570837
M0_year_effects,NGA,2021,-4.800000000000004,-0.6672693157211964,-4.132730684278808
M0_year_effects,NGA,2022,-5.100000000000001,-0.21726931572118335,-4.882730684278818
M0_year_effects,NGA,2023,-5.300000000000004,0.36751329297448265,-5.667513292974487
M0_year_effects,RWA,2003,3.333333333333334,3.813546499797092,-0.4802131664637579
M0_year_effects,RWA,2004,2.633333333333331,3.272242151970996,-0.638908818637665
M0_year_effects,RWA,2005,1.9333333333333318,2.7157204128405574,-0.7823870795072256
M0_year_effects,RWA,2006,1.2333333333333325,2.1026769345796885,-0.869343601246356
M0_year_effects,RWA,2007,0.6333333333333329,1.4939812824057581,-0.8606479490724253
M0_year_effects,RWA,2008,0.033333333333333215,0.8235695408179615,-0.7902362074846283
M0_year_effects,RWA,2009,-0.4666666666666668,0.2044206046477668,-0.6710872713144336
M0_year_effects,RWA,2010,-0.8666666666666671,-0.3487708847139399,-0.5178957819527272
M0_year_effects,RWA,2011,-1.0666666666666682,-0.7977070549266894,-0.26895961173997884
M0_year_effects,RWA,2012,-1.1666666666666679,-1.149298946186995,-0.017367720479672943
M0_year_effects,RWA,2013,-1.1666666666666679,-1.3999528961544523,0.23328622948778444
M0_year_effects,RWA,2014,-1.0666666666666682,-1.5169741727502077,0.45030750608353953
M0_year_effects,RWA,2015,-0.9666666666666668,-1.5382507684948759,0.5715841018282091
M0_year_effects,RWA,2016,-0.8666666666666671,-1.5517916423269091,0.685124975660242
M0_year_effects,RWA,2017,-0.8666666666666671,-1.5083133814573535,0.6416467147906864
M0_year_effects,RWA,2018,-0.7666666666666675,-1.4039655553703771,0.6372988887037097
M0_year_effects,RWA,2019,-0.6666666666666679,-1.269182946674737,0.6025162800080692
M0_year_effects,RWA,2020,-0.5666666666666682,-1.0757046858051633,0.5090380191384951
M0_year_effects,RWA,2021,-0.2666666666666675,-0.7670090336312652,0.5003423669645977
M0_year_effects,RWA,2022,0.13333333333333286,-0.33222642493561017,0.465559758268943
M0_year_effects,RWA,2023,0.8333333333333339,0.2329909663687597,0.6003423669645742
M0_year_effects,SDN,2003,2.4476190476190496,3.832731224980757,-1.3851121773617074
M0_year_effects,SDN,2004,2.1476190476190453,3.282731224980751,-1.1351121773617057
M0_year_effects,SDN,2005,1.8476190476190482,2.7175138336763967,-0.8698947860573485
M0_year_effects,SDN,2006,1.4476190476190496,2.0979486162850915,-0.650329568666042
M0_year_effects,SDN,2007,1.047619047619044,1.4849051380242044,-0.43728609040516053
M0_year_effects,SDN,2008,0.6476190476190453,0.8103200207010497,-0.16270097308200437
M0_year_effects,SDN,2009,0.14761904761904532,0.19117108453085763,-0.04355203691181231
M0_year_effects,SDN,2010,-0.3523809523809547,-0.3598927452563836,0.007511792875428913
M0_year_effects,SDN,2011,-0.6523809523809518,-0.8067012558946636,0.15432030351371173
M0_year_effects,SDN,2012,-0.9523809523809561,-1.1540709139745862,0.20168996159363006
M0_year_effects,SDN,2013,-1.1523809523809518,-1.4003027827837378,0.24792183040278593
M0_year_effects,SDN,2014,-1.2523809523809533,-1.5130687402305605,0.2606877878496072
M0_year_effects,SDN,2015,-1.2523809523809533,-1.53221767640076,0.27983672401980675
M0_year_effects,SDN,2016,-1.2523809523809533,-1.543339900318935,0.2909589479379817
M0_year_effects,SDN,2017,-1.1523809523809518,-1.502035552492854,0.3496546001119021
M0_year_effects,SDN,2018,-0.9523809523809561,-1.3998616394493566,0.4474806870684005
M0_year_effects,SDN,2019,-0.8523809523809547,-1.2650790307537165,0.41269807837276185
M0_year_effects,SDN,2020,-0.5523809523809504,-1.0759485959711017,0.5235676435901513
M0_year_effects,SDN,2021,-0.25238095238095326,-0.7672529437972027,0.5148719914162494
M0_year_effects,SDN,2022,0.14761904761904532,-0.3324703351015459,0.4800893827205912
M0_year_effects,SDN,2023,0.7476190476190467,0.2349209692463008,0.512698078372746
M0_year_effects,SEN,2003,7.385714285714286,3.7235388968084777,3.6621753889058084
M0_year_effects,SEN,2004,6.9857142857142875,3.175712809851952,3.8100014758623355
M0_year_effects,SEN,2005,6.4857142857142875,2.614843244634552,3.8708710410797353
M0_year_effects,SEN,2006,5.885714285714286,1.9996258533302047,3.8860884323840814
M0_year_effects,SEN,2007,5.185714285714283,1.3931041141997538,3.7926101715145295
M0_year_effects,SEN,2008,4.285714285714285,0.7303902586630056,3.555324027051279
M0_year_effects,SEN,2009,3.385714285714286,0.11975196079068606,3.2659623249236
M0_year_effects,SEN,2010,2.2857142857142847,-0.41854591154974585,2.7042601972640306
M0_year_effects,SEN,2011,1.2857142857142847,-0.8504608051667493,2.136175090881034
M0_year_effects,SEN,2012,0.3857142857142861,-1.1838958478432486,1.5696101335575348
M0_year_effects,SEN,2013,-0.5142857142857125,-1.413066467277372,0.8987807529916596
M0_year_effects,SEN,2014,-1.4142857142857181,-1.5088111481284514,0.09452543384273326
M0_year_effects,SEN,2015,-2.2142857142857153,-1.510938807702905,-0.7033469065828104
M0_year_effects,SEN,2016,-2.914285714285718,-1.5056451492610563,-1.4086405650246618
M0_year_effects,SEN,2017,-3.614285714285714,-1.4469494970871493,-2.1673362171985646
M0_year_effects,SEN,2018,-4.314285714285717,-1.325210366652346,-2.9890753476333707
M0_year_effects,SEN,2019,-4.914285714285718,-1.17521036665236,-3.7390753476333582
M0_year_effects,SEN,2020,-5.5142857142857125,-0.9665147144784392,-4.547770999807273
M0_year_effects,SEN,2021,-5.914285714285718,-0.6426016710001923,-5.271684043285526
M0_year_effects,SEN,2022,-6.114285714285714,-0.19477558404366802,-5.919510130242045
M0_year_effects,SEN,2023,-6.114285714285714,0.38565919856505015,-6.499944912850764
M0_year_effects,SLE,2003,5.51428571428572,3.7651715031814117,1.7491142111043079
M0_year_effects,SLE,2004,5.01428571428572,3.2195193292683646,1.794766385017355
M0_year_effects,SLE,2005,4.314285714285717,2.6629975901379206,1.6512881241477961
M0_year_effects,SLE,2006,3.7142857142857153,2.047780198833574,1.6665055154521413
M0_year_effects,SLE,2007,3.0142857142857196,1.4412584597031222,1.5730272545825974
M0_year_effects,SLE,2008,2.2142857142857153,0.7759624260150582,1.4383232882706571
M0_year_effects,SLE,2009,1.3142857142857167,0.16532412814274045,1.1489615861429763
M0_year_effects,SLE,2010,0.5142857142857196,-0.3793567229210959,0.8936424372068155
M0_year_effects,SLE,2011,-0.18571428571428328,-0.8176545952615042,0.6319403095472209
M0_year_effects,SLE,2012,-0.885714285714279,-1.15567366210803,0.2699593763937509
M0_year_effects,SLE,2013,-1.385714285714279,-1.3947702160186708,0.00905593030439178
M0_year_effects,SLE,2014,-1.7857142857142847,-1.5011531947420895,-0.2845610909721952
M0_year_effects,SLE,2015,-2.085714285714282,-1.5139191521888833,-0.5717951335253986
M0_year_effects,SLE,2016,-2.2857142857142847,-1.5201422832443736,-0.7655720024699111
M0_year_effects,SLE,2017,-2.385714285714279,-1.4744901093313354,-0.9112241763829436
M0_year_effects,SLE,2018,-2.585714285714282,-1.3636205441139246,-1.2220937416003572
M0_year_effects,SLE,2019,-2.585714285714282,-1.2266640223748073,-1.3590502633394745
M0_year_effects,SLE,2020,-2.585714285714282,-1.0310118484617572,-1.5547024372525247
M0_year_effects,SLE,2021,-2.585714285714282,-0.715794457157422,-1.86991982855686
M0_year_effects,SLE,2022,-2.2857142857142847,-0.27883793541828794,-2.0068763502959968
M0_year_effects,SLE,2023,-1.9857142857142804,0.2950751080599936,-2.280789393774274
M0_year_effects,SOM,2003,0.34761904761904816,3.8792649822291825,-3.5316459346101343
M0_year_effects,SOM,2004,-0.052380952380957524,3.3314388952726564,-3.383819847653614
M0_year_effects,SOM,2005,-0.3523809523809547,2.7662215039683002,-3.118602456349255
M0_year_effects,SOM,2006,-0.6523809523809518,2.1444823735335183,-2.79686332591447
M0_year_effects,SOM,2007,-0.9523809523809561,1.5292649822291526,-2.4816459346101087
M0_year_effects,SOM,2008,-1.2523809523809533,0.8518957742833271,-2.1042767266642803
M0_year_effects,SOM,2009,-1.452380952380956,0.22636385938973325,-1.6787448117706893
M0_year_effects,SOM,2010,-1.7523809523809533,-0.3289552895464434,-1.4234256628345099
M0_year_effects,SOM,2011,-1.6523809523809518,-0.7842744384825959,-0.8681065138983559
M0_year_effects,SOM,2012,-1.452380952380956,-1.142907705606337,-0.30947324677461907
M0_year_effects,SOM,2013,-1.1523809523809518,-1.4007429283831234,0.24836197600217158
M0_year_effects,SOM,2014,-0.7523809523809533,-1.5241471837022882,0.7717662313213349
M0_year_effects,SOM,2015,-0.25238095238095326,-1.553934417744827,1.3015534653638738
M0_year_effects,SOM,2016,0.24761904761904674,-1.5766919531039516,1.8243110007229983
M0_year_effects,SOM,2017,0.6476190476190453,-1.541909344408305,2.1895283920273503
M0_year_effects,SOM,2018,0.9476190476190425,-1.441909344408284,2.3895283920273265
M0_year_effects,SOM,2019,1.1476190476190453,-1.3093006487561238,2.456919696375169
M0_year_effects,SOM,2020,1.4476190476190425,-1.1201702139735072,2.5677892615925497
M0_year_effects,SOM,2021,1.8476190476190482,-0.8136484748430854,2.6612675224621336
M0_year_effects,SOM,2022,2.2476190476190467,-0.37886586614743045,2.626484913766477
M0_year_effects,SOM,2023,2.847619047619048,0.18852543820041756,2.6590936094186306
M0_year_effects,SSD,2008,0.5,1.5468033713639624,-1.0468033713639624
M0_year_effects,SSD,2009,0.0,0.9276544351937681,-0.9276544351937681
M0_year_effects,SSD,2010,-0.3000000000000007,0.37233528625756396,-0.6723352862575647
M0_year_effects,SSD,2011,-0.5,-0.07660088395519704,-0.42339911604480296
M0_year_effects,SSD,2012,-0.40000000000000213,-0.43232603556377924,0.03232603556377711
M0_year_effects,SSD,2013,-0.10000000000000142,-0.6892178024463043,0.5892178024463028
M0_year_effects,SSD,2014,0.1999999999999993,-0.8104943981909694,1.0104943981909686
M0_year_effects,SSD,2015,0.5999999999999979,-0.8381539726590432,1.438153972659041
M0_year_effects,STP,2003,5.519047619047626,3.7651078735983,1.7539397454493262
M0_year_effects,STP,2004,4.919047619047625,3.221629612728746,1.6974180063188786
M0_year_effects,STP,2005,4.219047619047629,2.6651078735982834,1.5539397454493455
M0_year_effects,STP,2006,3.6190476190476275,2.049890482293938,1.5691571367536894
M0_year_effects,STP,2007,2.8190476190476232,1.4455426562069844,1.3735049628406388
M0_year_effects,STP,2008,2.019047619047626,0.7801127700212023,1.2389348490264238
M0_year_effects,STP,2009,1.219047619047629,0.16734681257441597,1.051700806473213
M0_year_effects,STP,2010,0.5190476190476261,-0.3794616980638619,0.898509317111488
M0_year_effects,STP,2011,-0.18095238095237676,-0.8177595704042986,0.6368071894519218
M0_year_effects,STP,2012,-0.6809523809523768,-1.1601686354917389,0.4792162545393621
M0_year_effects,STP,2013,-1.1809523809523768,-1.3991928002628304,0.21824041931045368
M0_year_effects,STP,2014,-1.480952380952374,-1.5077034385606876,0.026751057608313644
M0_year_effects,STP,2015,-1.780952380952371,-1.5204693960074955,-0.26048298494487554
M0_year_effects,STP,2016,-1.980952380952374,-1.5267912960397432,-0.45416108491263074
M0_year_effects,STP,2017,-2.280952380952371,-1.4767912960397265,-0.8041610849126446
M0_year_effects,STP,2018,-2.480952380952374,-1.365921730822338,-1.115030650130036
M0_year_effects,STP,2019,-2.5809523809523753,-1.226791296039723,-1.3541610849126524
M0_year_effects,STP,2020,-2.6809523809523768,-1.0289652090832018,-1.651987171869175
M0_year_effects,STP,2021,-2.6809523809523768,-0.7137478177788674,-1.9672045631735093
M0_year_effects,STP,2022,-2.5809523809523753,-0.27244346995279756,-2.308508910999578
M0_year_effects,STP,2023,-2.280952380952371,0.301469573525448,-2.582421954477819
M0_year_effects,SWZ,2003,2.2857142857142847,3.8365433148161103,-1.5508290291018256
M0_year_effects,SWZ,2004,1.6857142857142833,3.293065053946557,-1.6073507682322736
M0_year_effects,SWZ,2005,1.1857142857142833,2.732195488729137,-1.5464812030148538
M0_year_effects,SWZ,2006,0.6857142857142833,2.1148041843813132,-1.42908989866703
M0_year_effects,SWZ,2007,0.18571428571428328,1.5039346191639251,-1.3182203334496418
M0_year_effects,SWZ,2008,-0.11428571428571743,0.8270670230714128,-0.9413527373571302
M0_year_effects,SWZ,2009,-0.514285714285716,0.20579042732675212,-0.7200761416124681
M0_year_effects,SWZ,2010,-0.9142857142857181,-0.34740106203493193,-0.5668846522507862
M0_year_effects,SWZ,2011,-1.2142857142857153,-0.7942095726732394,-0.42007614161247586
M0_year_effects,SWZ,2012,-1.514285714285716,-1.1416000935205664,-0.37268562076514966
M0_year_effects,SWZ,2013,-1.6142857142857174,-1.3904832431423881,-0.2238024711433293
M0_year_effects,SWZ,2014,-1.6142857142857174,-1.5053768601636492,-0.10890885412206819
M0_year_effects,SWZ,2015,-1.6142857142857174,-1.5245257963338612,-0.08975991795185623
M0_year_effects,SWZ,2016,-1.4142857142857181,-1.540084131097999,0.12579841681228077
M0_year_effects,SWZ,2017,-1.1142857142857174,-1.5031276093588528,0.3888418950731354
M0_year_effects,SWZ,2018,-0.7142857142857153,-1.4053015224023304,0.6910158081166151
M0_year_effects,SWZ,2019,-0.2142857142857153,-1.2792145658805878,1.0649288515948725
M0_year_effects,SWZ,2020,0.38571428571428257,-1.0966058702284127,1.4823201559426953
M0_year_effects,SWZ,2021,1.1857142857142833,-0.7987797832719052,1.9844940689861885
M0_year_effects,SWZ,2022,1.985714285714284,-0.3726928267501841,2.358407112464468
M0_year_effects,SWZ,2023,2.985714285714284,0.18600282542371316,2.799711460290571
M0_year_effects,SYC,2003,0.7095238095238123,3.871223767116437,-3.161699957592625
M0_year_effects,SYC,2004,0.4095238095238116,3.3212237671164493,-2.9116999575926377
M0_year_effects,SYC,2005,0.10952380952381091,2.756006375812073,-2.6464825662882623
M0_year_effects,SYC,2006,-0.29047619047618767,2.1364411584207708,-2.4269173488969584
M0_year_effects,SYC,2007,-0.6904761904761862,1.523397680159904,-2.2138738706360903
M0_year_effects,SYC,2008,-0.990476190476187,0.8461064662338731,-1.83658265671006
M0_year_effects,SYC,2009,-1.1904761904761862,0.2205745513402766,-1.4110507418164628
M0_year_effects,SYC,2010,-1.2904761904761877,-0.33899991674481234,-0.9514762737313753
M0_year_effects,SYC,2011,-1.2904761904761877,-0.7921914061065229,-0.4982847843696647
M0_year_effects,SYC,2012,-1.2904761904761877,-1.1464752348464136,-0.1440009556297741
M0_year_effects,SYC,2013,-1.1904761904761862,-1.3998332225160328,0.20935703203984657
M0_year_effects,SYC,2014,-0.990476190476187,-1.518982158686231,0.5285059682100441
M0_year_effects,SYC,2015,-0.6904761904761862,-1.5445140735798462,0.8540378831036599
M0_year_effects,SYC,2016,-0.29047619047618767,-1.564845045301952,1.2743688548257643
M0_year_effects,SYC,2017,-0.09047619047618838,-1.5257146105193287,1.4352384200431403
M0_year_effects,SYC,2018,0.30952380952381375,-1.4278885235628072,1.737412333086621
M0_year_effects,SYC,2019,0.6095238095238109,-1.2974537409541074,1.9069775504779183
M0_year_effects,SYC,2020,1.109523809523811,-1.112671132258455,2.222194941782266
M0_year_effects,SYC,2021,1.7095238095238123,-0.8104972192149904,2.5200210287388027
M0_year_effects,SYC,2022,2.3095238095238138,-0.3800624366063121,2.689586246130126
M0_year_effects,SYC,2023,3.009523809523813,0.18515495469801957,2.8243688548257935
M0_year_effects,TCD,2003,5.885714285714286,3.756672454580615,2.129041831133671
M0_year_effects,TCD,2004,5.4857142857142875,3.2088463676241026,2.276867918090185
M0_year_effects,TCD,2005,4.9857142857142875,2.6479768024066836,2.337737483307604
M0_year_effects,TCD,2006,4.385714285714286,2.032759411102341,2.352954874611945
M0_year_effects,TCD,2007,3.885714285714286,1.4218898458849552,2.463824439829331
M0_year_effects,TCD,2008,3.1857142857142904,0.7544898803658509,2.4312244053484395
M0_year_effects,TCD,2009,2.585714285714289,0.13746860377012649,2.4482456819441625
M0_year_effects,TCD,2010,1.9857142857142875,-0.4114675664426226,2.39718185215691
M0_year_effects,TCD,2011,0.9857142857142875,-0.84338246005965,1.8290967457739375
M0_year_effects,TCD,2012,0.08571428571428896,-1.177188487788582,1.262902773502871
M0_year_effects,TCD,2013,-0.7142857142857153,-1.4090627459815632,0.6947770316958479
M0_year_effects,TCD,2014,-1.5142857142857125,-1.5069350864070783,-0.007350627878634164
M0_year_effects,TCD,2015,-2.2142857142857153,-1.5111904055560128,-0.7030953087297025
M0_year_effects,TCD,2016,-2.914285714285711,-1.5060878375569677,-1.4081978767287433
M0_year_effects,TCD,2017,-3.5142857142857125,-1.4495660984265148,-2.0647196158591976
M0_year_effects,TCD,2018,-3.7142857142857153,-1.3386965332091245,-2.375589181076591
M0_year_effects,TCD,2019,-3.8142857142857096,-1.1995660984265166,-2.614719615859193
M0_year_effects,TCD,2020,-3.914285714285711,-1.0017400114699928,-2.9125457028157182
M0_year_effects,TCD,2021,-3.914285714285711,-0.6865226201656593,-3.2277630941200517
M0_year_effects,TCD,2022,-3.7142857142857153,-0.2473921853830623,-3.466893528902653
M0_year_effects,TCD,2023,-3.5142857142857125,0.32869477113866186,-3.8429804854243743
M0_year_effects,TGO,2003,3.9761904761904745,3.7989847866949975,0.177205689495477
M0_year_effects,TGO,2004,3.576190476190476,3.2511586997384843,0.32503177645199166
M0_year_effects,TGO,2005,3.1761904761904702,2.6881152214775876,0.4880752547128826
M0_year_effects,TGO,2006,2.6761904761904702,2.0707239171297678,0.6054665590607025
M0_year_effects,TGO,2007,2.1761904761904702,1.4598543519123819,0.7163361242780883
M0_year_effects,TGO,2008,1.576190476190476,0.7898742334052851,0.7863162427851909
M0_year_effects,TGO,2009,0.9761904761904745,0.17285295680956025,0.8033375193809142
M0_year_effects,TGO,2010,0.3761904761904731,-0.3760832134031884,0.7522736895936615
M0_year_effects,TGO,2011,-0.12380952380952692,-0.818636404892557,0.69482688108303
M0_year_effects,TGO,2012,-0.6238095238095269,-1.1614010720251984,0.5375915482156715
M0_year_effects,TGO,2013,-1.0238095238095255,-1.4027937832139243,0.37898425940439884
M0_year_effects,TGO,2014,-1.3238095238095298,-1.5113044215117815,0.1874948977022517
M0_year_effects,TGO,2015,-1.5238095238095255,-1.5261980385330554,0.0023885147235298554
M0_year_effects,TGO,2016,-1.7238095238095283,-1.5326542737637676,-0.19115525004576073
M0_year_effects,TGO,2017,-1.8238095238095298,-1.4870020998507072,-0.33680742395882257
M0_year_effects,TGO,2018,-1.923809523809524,-1.3783064476767932,-0.5455030761327309
M0_year_effects,TGO,2019,-1.923809523809524,-1.2413499259376644,-0.6824595978718597
M0_year_effects,TGO,2020,-1.923809523809524,-1.0456977520246187,-0.8781117717849054
M0_year_effects,TGO,2021,-1.8238095238095298,-0.7326542737637634,-1.0911552500457664
M0_year_effects,TGO,2022,-1.623809523809527,-0.29352383898116896,-1.330285684828358
M0_year_effects,TGO,2023,-1.123809523809527,0.27604137841012166,-1.3998509022196486
M0_year_effects,TZA,2003,3.3619047619047606,3.812842272621747,-0.4509375107169862
M0_year_effects,TZA,2004,2.961904761904762,3.2650161856652336,-0.3031114237604715
M0_year_effects,TZA,2005,2.3619047619047606,2.7063205334912945,-0.3444157715865339
M0_year_effects,TZA,2006,1.6619047619047578,2.0932770552304296,-0.43137229332567184
M0_year_effects,TZA,2007,0.961904761904762,1.486755316100001,-0.5248505541952388
M0_year_effects,TZA,2008,0.2619047619047592,0.8186694880356447,-0.5567647261308855
M0_year_effects,TZA,2009,-0.43809523809523654,0.2037758710143871,-0.6418711091096236
M0_year_effects,TZA,2010,-0.9380952380952365,-0.34728795877283014,-0.5908072793224064
M0_year_effects,TZA,2011,-1.2380952380952408,-0.7940964694111359,-0.4439987686841049
M0_year_effects,TZA,2012,-1.4380952380952365,-1.1433528474755863,-0.29474239061965024
M0_year_effects,TZA,2013,-1.3380952380952422,-1.3962059192826834,0.05811068118744123
M0_year_effects,TZA,2014,-1.2380952380952408,-1.5132271958784131,0.27513195778317234
M0_year_effects,TZA,2015,-1.1380952380952394,-1.534503791623092,0.39640855352785254
M0_year_effects,TZA,2016,-1.038095238095238,-1.5480086870295948,0.5099134489343569
M0_year_effects,TZA,2017,-0.9380952380952365,-1.5067043392034924,0.5686091011082559
M0_year_effects,TZA,2018,-0.8380952380952422,-1.4023565131165339,0.5642612750212916
M0_year_effects,TZA,2019,-0.7380952380952408,-1.2675739044208822,0.5294786663256414
M0_year_effects,TZA,2020,-0.6380952380952394,-1.0740956435513165,0.4360004054560771
M0_year_effects,TZA,2021,-0.3380952380952422,-0.7653999913774183,0.4273047532821761
M0_year_effects,TZA,2022,0.06190476190476346,-0.3306173826817793,0.3925221445865428
M0_year_effects,TZA,2023,0.6619047619047578,0.23677392166603406,0.4251308402387237
M0_year_effects,UGA,2003,4.819047619047616,3.780993668017397,1.0380539510302191
M0_year_effects,UGA,2004,3.9190476190476176,3.2440371462782758,0.6750104727693418
M0_year_effects,UGA,2005,3.119047619047617,2.6896893201912926,0.42935829885632426
M0_year_effects,UGA,2006,2.119047619047617,2.083167581060864,0.03588003798675299
M0_year_effects,UGA,2007,1.2190476190476147,1.4809936680173905,-0.2619460489697758
M0_year_effects,UGA,2008,0.31904761904761614,0.8174556009002965,-0.4984079818526803
M0_year_effects,UGA,2009,-0.4809523809523846,0.2046896434535057,-0.6856420244058903
M0_year_effects,UGA,2010,-1.1809523809523839,-0.34211886718477436,-0.8388335137676095
M0_year_effects,UGA,2011,-1.6809523809523839,-0.7846720586741456,-0.8962803222782383
M0_year_effects,UGA,2012,-1.8809523809523832,-1.1335519722735063,-0.7474004086788768
M0_year_effects,UGA,2013,-1.9809523809523846,-1.3822398098649535,-0.598712571087431
M0_year_effects,UGA,2014,-1.8809523809523832,-1.4992610864606841,-0.38169129449169903
M0_year_effects,UGA,2015,-1.6809523809523839,-1.5226653417798297,-0.15828703917255416
M0_year_effects,UGA,2016,-1.4809523809523846,-1.538260338634061,0.0573079576816764
M0_year_effects,UGA,2017,-1.3809523809523832,-1.4969559908079568,0.11600360985557367
M0_year_effects,UGA,2018,-1.1809523809523839,-1.3947820777644782,0.2138296968120943
M0_year_effects,UGA,2019,-0.9809523809523846,-1.2621733821123047,0.2812210011599201
M0_year_effects,UGA,2020,-0.6809523809523839,-1.073042947329696,0.3920905663773122
M0_year_effects,UGA,2021,-0.2809523809523853,-0.7665212081992734,0.4855688272468881
M0_year_effects,UGA,2022,0.21904761904761472,-0.33391251254711785,0.5529601315947326
M0_year_effects,UGA,2023,1.0190476190476154,0.22913096571374103,0.7899166533338744
M0_year_effects,ZAF,2003,2.7619047619047628,3.826255492162807,-1.0643507302580444
M0_year_effects,ZAF,2004,2.1619047619047613,3.282777231293252,-1.1208724693884906
M0_year_effects,ZAF,2005,1.461904761904762,2.7262554921627897,-1.2643507302580277
M0_year_effects,ZAF,2006,0.7619047619047628,2.1132120139019266,-1.3513072519971638
M0_year_effects,ZAF,2007,0.06190476190475991,1.5066902747714956,-1.4447855128667357
M0_year_effects,ZAF,2008,-0.538095238095238,0.836320584814036,-1.374415822909274
M0_year_effects,ZAF,2009,-1.1380952380952394,0.21929930821831078,-1.3573945463135502
M0_year_effects,ZAF,2010,-1.6380952380952394,-0.331764521568906,-1.3063307165263334
M0_year_effects,ZAF,2011,-1.8380952380952387,-0.7807006917816794,-1.0573945463135592
M0_year_effects,ZAF,2012,-1.93809523809524,-1.132209511612639,-0.8058857264826012
M0_year_effects,ZAF,2013,-1.8380952380952387,-1.385617308604174,-0.4524779294910646
M0_year_effects,ZAF,2014,-1.7380952380952372,-1.5026385851999038,-0.23545665289533346
M0_year_effects,ZAF,2015,-1.43809523809524,-1.528170500093518,0.09007526199827787
M0_year_effects,ZAF,2016,-1.1380952380952394,-1.5461593119818913,0.4080640738866519
M0_year_effects,ZAF,2017,-0.7380952380952372,-1.5113767032862242,0.773281465190987
M0_year_effects,ZAF,2018,-0.33809523809523867,-1.413550616329701,1.0754553782344622
M0_year_effects,ZAF,2019,0.16190476190476133,-1.2874636598079627,1.449368421712724
M0_year_effects,ZAF,2020,0.6619047619047613,-1.1026810511123104,1.7645858130170717
M0_year_effects,ZAF,2021,1.3619047619047606,-0.8026810511123221,2.1645858130170827
M0_year_effects,ZAF,2022,2.06190476190476,-0.374420181547122,2.436324943451882
M0_year_effects,ZAF,2023,2.8619047619047606,0.188623296713736,2.6732814651910246
M0_year_effects,ZMB,2003,5.18571428571428,3.7728083759862323,1.4129059097280474
M0_year_effects,ZMB,2004,4.18571428571428,3.2380257672905897,0.9476885184236901
M0_year_effects,ZMB,2005,3.285714285714281,2.6858518542470837,0.5998624314671974
M0_year_effects,ZMB,2006,2.3857142857142826,2.0771562020731777,0.3085580836411048
M0_year_effects,ZMB,2007,1.5857142857142819,1.4728083759862258,0.11290590972805603
M0_year_effects,ZMB,2008,0.7857142857142811,0.8070589819253953,-0.021344696211114123
M0_year_effects,ZMB,2009,0.08571428571428186,0.19216536490413683,-0.10645107918985497
M0_year_effects,ZMB,2010,-0.41428571428571814,-0.3588984648830791,-0.05538724940263906
M0_year_effects,ZMB,2011,-0.9142857142857181,-0.8014516563724494,-0.11283405791326873
M0_year_effects,ZMB,2012,-1.2142857142857189,-1.1483081532529265,-0.0659775610327924
M0_year_effects,ZMB,2013,-1.4142857142857181,-1.3943542402202822,-0.01993147406543594
M0_year_effects,ZMB,2014,-1.4142857142857181,-1.5092478572415433,0.09496214295582517
M0_year_effects,ZMB,2015,-1.5142857142857196,-1.526269133837285,0.011983419551565344
M0_year_effects,ZMB,2016,-1.5142857142857196,-1.5373312205539214,0.023045506268201787
M0_year_effects,ZMB,2017,-1.6142857142857174,-1.4916790466408627,-0.12260666764485473
M0_year_effects,ZMB,2018,-1.5142857142857196,-1.387331220553906,-0.12695449373181367
M0_year_effects,ZMB,2019,-1.5142857142857196,-1.2503746988147753,-0.2639110154709443
M0_year_effects,ZMB,2020,-1.5142857142857196,-1.0547225249017322,-0.4595631893839873
M0_year_effects,ZMB,2021,-1.3142857142857203,-0.7438529596843524,-0.5704327546013679
M0_year_effects,ZMB,2022,-1.0142857142857196,-0.3068964379452397,-0.7073892763404799
M0_year_effects,ZMB,2023,-0.6142857142857174,0.2648426924895322,-0.8791284067752496
M0_year_effects,ZWE,2003,4.0238095238095255,3.797960164579964,0.2258493592295614
M0_year_effects,ZWE,2004,3.5238095238095255,3.25230799066693,0.2715015331425956
M0_year_effects,ZWE,2005,3.123809523809527,2.6892645124060337,0.4345450114034932
M0_year_effects,ZWE,2006,2.623809523809527,2.0718732080582143,0.5519363157513126
M0_year_effects,ZWE,2007,2.123809523809527,1.4610036428408275,0.6628058809686994
M0_year_effects,ZWE,2008,1.5238095238095255,0.7911393960297444,0.7326701277797811
M0_year_effects,ZWE,2009,1.0238095238095255,0.17199045985955053,0.851819063949975
M0_year_effects,ZWE,2010,0.5238095238095255,-0.3790733699276658,0.9028828937371913
M0_year_effects,ZWE,2011,-0.2761904761904752,-0.8152435826936322,0.539053106503157
M0_year_effects,ZWE,2012,-1.076190476190476,-1.1514233282638489,0.07523285207337294
M0_year_effects,ZWE,2013,-1.576190476190476,-1.3909284394488703,-0.18526203674160557
M0_year_effects,ZWE,2014,-1.9761904761904745,-1.4973114181722589,-0.4788790580182156
M0_year_effects,ZWE,2015,-2.276190476190475,-1.510077375619065,-0.7661131005714101
M0_year_effects,ZWE,2016,-2.4761904761904745,-1.516326536887321,-0.9598639393031534
M0_year_effects,ZWE,2017,-2.576190476190476,-1.4706743629742607,-1.1055161132162152
M0_year_effects,ZWE,2018,-2.276190476190475,-1.370674362974262,-0.9055161132162133
M0_year_effects,ZWE,2019,-1.876190476190473,-1.2424134934090438,-0.6337769827814292
M0_year_effects,ZWE,2020,-1.4761904761904745,-1.0554569716699125,-0.420733504520562
M0_year_effects,ZWE,2021,-0.8761904761904731,-0.7532830586264478,-0.12290741756402523
M0_year_effects,ZWE,2022,-0.2761904761904752,-0.32284827601776955,0.046657799827294344
M0_year_effects,ZWE,2023,0.5238095238095255,0.24019520224308932,0.2836143215664362
M1_income,AGO,2003,5.295238095238091,3.6382299893663608,1.6570081058717299
M1_income,AGO,2004,4.795238095238091,3.151321696869733,1.6439163983683578
M1_income,AGO,2005,4.195238095238089,2.694603537369399,1.5006345578686902
M1_income,AGO,2006,3.595238095238095,2.1489624714356563,1.4462756238024386
M1_income,AGO,2007,2.895238095238092,1.6296376850945697,1.2656004101435223
M1_income,AGO,2008,2.095238095238095,1.0211814052510573,1.0740566899870376
M1_income,AGO,2009,1.1952380952380892,0.3789589183669827,0.8162791768711065
M1_income,AGO,2010,0.39523809523809206,-0.1907377778340181,0.5859758730721102
M1_income,AGO,2011,-0.3047619047619108,-0.6668775312487798,0.362115626486869
M1_income,AGO,2012,-0.9047619047619051,-0.9666638649763899,0.0619019602144848
M1_income,AGO,2013,-1.3047619047619108,-1.2122739149416635,-0.09248798982024731
M1_income,AGO,2014,-1.604761904761908,-1.3336136421972842,-0.27114826256462377
M1_income,AGO,2015,-1.904761904761905,-1.39837141219791,-0.506390492563995
M1_income,AGO,2016,-2.0047619047619065,-1.4895484249667335,-0.5152134797951731
M1_income,AGO,2017,-2.104761904761908,-1.517097106836581,-0.5876647979253269
M1_income,AGO,2018,-2.2047619047619094,-1.4838724145744118,-0.7208894901874976
M1_income,AGO,2019,-2.404761904761905,-1.4221153093134022,-0.9826465954485029
M1_income,AGO,2020,-2.5047619047619065,-1.2838571286595444,-1.2209047761023621
M1_income,AGO,2021,-2.5047619047619065,-1.023922176549715,-1.4808397282121915
M1_income,AGO,2022,-2.404761904761905,-0.6061122141284798,-1.7986496906334253
M1_income,AGO,2023,-2.304761904761911,-0.0678327853288481,-2.2369291194330625
M1_income,BDI,2003,-0.1904761904761898,4.254495060387411,-4.444971250863601
M1_income,BDI,2004,-0.9904761904761905,3.6712709650840654,-4.661747155560256
M1_income,BDI,2005,-1.7904761904761912,3.008125474821486,-4.798601665297677
M1_income,BDI,2006,-2.4904761904761905,2.3738344499054973,-4.864310640381688
M1_income,BDI,2007,-3.090476190476192,1.7087251036596829,-4.799201294135875
M1_income,BDI,2008,-3.69047619047619,0.9995608094442332,-4.690036999920423
M1_income,BDI,2009,-4.090476190476192,0.34418079258551715,-4.434656983061709
M1_income,BDI,2010,-4.19047619047619,-0.2705293548903452,-3.9199468355858444
M1_income,BDI,2011,-3.9904761904761905,-0.7657378446145051,-3.2247383458616854
M1_income,BDI,2012,-3.4904761904761905,-1.1456971334680828,-2.3447790570081075
M1_income,BDI,2013,-2.790476190476191,-1.4136592112645472,-1.376816979211644
M1_income,BDI,2014,-1.8904761904761926,-1.5665584193319428,-0.3239177711442498
M1_income,BDI,2015,-0.8904761904761926,-1.675472541943985,0.7849963514677925
M1_income,BDI,2016,0.20952380952380878,-1.7208355820493906,1.9303593915731994
M1_income,BDI,2017,1.3095238095238102,-1.699548630009176,3.009072439532986
M1_income,BDI,2018,2.30952380952381,-1.5954170788191018,3.904940888342912
M1_income,BDI,2019,3.4095238095238116,-1.4811241811191105,4.890647990642922
M1_income,BDI,2020,4.609523809523807,-1.271492550224339,5.881016359748147
M1_income,BDI,2021,5.80952380952381,-1.007335678431618,6.816859487955428
M1_income,BDI,2022,7.209523809523809,-0.6422438846826659,7.851767694206474
M1_income,BDI,2023,8.709523809523809,-0.10454056503905251,8.81406437456286
M1_income,BEN,2003,6.190476190476183,3.8768711899023156,2.313605000573867
M1_income,BEN,2004,5.49047619047618,3.304811760835447,2.185664429640733
M1_income,BEN,2005,4.790476190476177,2.6821580999466446,2.1083180905295325
M1_income,BEN,2006,3.99047619047618,2.0394288055641647,1.9510473849120151
M1_income,BEN,2007,3.1904761904761827,1.441018260018341,1.7494579304578417
M1_income,BEN,2008,2.1904761904761827,0.7674134196625714,1.4230627708136114
M1_income,BEN,2009,1.1904761904761827,0.1419754599219047,1.048500730554278
M1_income,BEN,2010,0.290476190476177,-0.463651579541506,0.7541277700176829
M1_income,BEN,2011,-0.6095238095238216,-0.9347318410999634,0.32520803157614186
M1_income,BEN,2012,-1.3095238095238173,-1.2688442814182337,-0.04067952810558362
M1_income,BEN,2013,-1.9095238095238187,-1.4610092439710196,-0.4485145655527991
M1_income,BEN,2014,-2.3095238095238173,-1.5431066797460231,-0.7664171297777942
M1_income,BEN,2015,-2.50952380952382,-1.5889110433828202,-0.920612766141
M1_income,BEN,2016,-2.6095238095238216,-1.6215767090412514,-0.9879471004825702
M1_income,BEN,2017,-2.709523809523823,-1.5548137230427368,-1.1547100864810862
M1_income,BEN,2018,-2.6095238095238216,-1.4111073986722782,-1.1984164108515434
M1_income,BEN,2019,-2.50952380952382,-1.2298267546902268,-1.2796970548335933
M1_income,BEN,2020,-2.4095238095238187,-0.9444643700289888,-1.46505943949483
M1_income,BEN,2021,-2.3095238095238173,-0.589285613138237,-1.7202381963855804
M1_income,BEN,2022,-2.00952380952382,-0.12735816132899436,-1.882165648194826
M1_income,BEN,2023,-1.5095238095238201,0.48501040325090533,-1.9945342127747254
M1_income,BFA,2003,6.442857142857143,3.6321674228694794,2.8106897199876637
M1_income,BFA,2004,5.842857142857149,3.053458046524204,2.7893990963329447
M1_income,BFA,2005,5.0428571428571445,2.545710280572409,2.4971468622847355
M1_income,BFA,2006,4.242857142857147,1.938805967450163,2.3040511754069843
M1_income,BFA,2007,3.442857142857143,1.3074241351902667,2.1354330076668764
M1_income,BFA,2008,2.5428571428571445,0.646936243201698,1.8959208996554464
M1_income,BFA,2009,1.7428571428571473,0.027915759330711526,1.7149413835264358
M1_income,BFA,2010,0.9428571428571431,-0.47776845289678227,1.4206255957539253
M1_income,BFA,2011,0.1428571428571459,-0.8920196898679358,1.0348768327250817
M1_income,BFA,2012,-0.4571428571428555,-1.2007057529338452,0.7435628957909897
M1_income,BFA,2013,-0.9571428571428555,-1.4135394521972842,0.45639659505442864
M1_income,BFA,2014,-1.357142857142854,-1.5278325204797756,0.17068966333692148
M1_income,BFA,2015,-1.6571428571428513,-1.5377928653098452,-0.1193499918330061
M1_income,BFA,2016,-2.357142857142854,-1.5151750430392754,-0.8419678141035787
M1_income,BFA,2017,-2.857142857142854,-1.4275017113764372,-1.4296411457664169
M1_income,BFA,2018,-3.1571428571428513,-1.2696860082698522,-1.887456848872999
M1_income,BFA,2019,-3.4571428571428555,-1.086840115052918,-2.3703027420899376
M1_income,BFA,2020,-3.6571428571428513,-0.8117699744176289,-2.8453728827252225
M1_income,BFA,2021,-3.7571428571428527,-0.44671529077718025,-3.3104275663656724
M1_income,BFA,2022,-3.6571428571428513,-0.053592355266427416,-3.603550501876424
M1_income,BFA,2023,-3.057142857142857,0.5085213767462096,-3.5656642338890663
M1_income,BWA,2003,2.352380952380951,3.90701951714187,-1.5546385647609187
M1_income,BWA,2004,1.7523809523809533,3.327264722428692,-1.5748837700477387
M1_income,BWA,2005,1.2523809523809533,2.76760576375197,-1.515224811371017
M1_income,BWA,2006,0.6523809523809518,2.207474050947821,-1.5550930985668692
M1_income,BWA,2007,0.05238095238095397,1.6180301493199107,-1.5656491969389568
M1_income,BWA,2008,-0.44761904761904603,0.9235031406208544,-1.3711221882399003
M1_income,BWA,2009,-0.8476190476190482,0.019641364786721738,-0.8672604124057699
M1_income,BWA,2010,-1.2476190476190467,-0.461493910528594,-0.7861251370904527
M1_income,BWA,2011,-1.447619047619046,-0.872001642577828,-0.575617405041218
M1_income,BWA,2012,-1.5476190476190474,-1.2773653393304034,-0.27025370828864403
M1_income,BWA,2013,-1.447619047619046,-1.405483373592546,-0.04213567402649998
M1_income,BWA,2014,-1.3476190476190482,-1.4843192853778437,0.13670023775879558
M1_income,BWA,2015,-1.1476190476190489,-1.6217991262293714,0.4741800786103225
M1_income,BWA,2016,-0.947619047619046,-1.5789072544439926,0.6312882068249466
M1_income,BWA,2017,-0.6476190476190489,-1.5213454440342837,0.8737263964152349
M1_income,BWA,2018,-0.34761904761904816,-1.397976536535074,1.0503574889160259
M1_income,BWA,2019,0.05238095238095397,-1.2609588945355086,1.3133398469164625
M1_income,BWA,2020,0.45238095238095255,-1.1697317044079651,1.6221126567889177
M1_income,BWA,2021,0.9523809523809526,-0.7362867321444879,1.6886676845254405
M1_income,BWA,2022,1.552380952380954,-0.27727307488666153,1.8296540272676154
M1_income,BWA,2023,2.352380952380951,0.2944036096267011,2.05797734275425
M1_income,CAF,2003,4.271428571428565,4.071581974971451,0.1998465964571139
M1_income,CAF,2004,3.8714285714285666,3.530986843000393,0.34044172842817355
M1_income,CAF,2005,3.3714285714285666,2.9101657985143228,0.4612627729142438
M1_income,CAF,2006,2.8714285714285666,2.291043814843217,0.5803847565853495
M1_income,CAF,2007,2.271428571428565,1.6836701956227214,0.5877583758058438
M1_income,CAF,2008,1.5714285714285623,0.9754918922320144,0.5959366791965479
M1_income,CAF,2009,0.971428571428568,0.4883838594083689,0.48304471202019905
M1_income,CAF,2010,0.37142857142856656,-0.025624704023280986,0.39705327545184754
M1_income,CAF,2011,-0.22857142857143486,-0.46188038022950556,0.2333089516580707
M1_income,CAF,2012,-0.7285714285714349,-0.7675831425779246,0.03901171400648973
M1_income,CAF,2013,-1.028571428571432,-1.7274053377307912,0.6988339091593592
M1_income,CAF,2014,-1.3285714285714363,-1.854198904824892,0.5256274762534556
M1_income,CAF,2015,-1.528571428571432,-1.8176875139393849,0.28911608536795286
M1_income,CAF,2016,-1.7285714285714349,-1.8096536278806417,0.08108219930920679
M1_income,CAF,2017,-1.9285714285714377,-1.7401889195629971,-0.18838250900844056
M1_income,CAF,2018,-2.028571428571432,-1.6203337104858175,-0.4082377180856145
M1_income,CAF,2019,-2.028571428571432,-1.4728722860987606,-0.5556991424726714
M1_income,CAF,2020,-2.028571428571432,-1.2187768876562117,-0.8097945409152203
M1_income,CAF,2021,-1.9285714285714377,-0.9423591673753615,-0.9862122611960762
M1_income,CAF,2022,-1.7285714285714349,-0.5220544942915294,-1.2065169342799056
M1_income,CAF,2023,-1.3285714285714363,0.029294698084605678,-1.357866126656042
M1_income,CIV,2003,2.980952380952381,3.854956166469068,-0.8740037855166869
M1_income,CIV,2004,2.5809523809523824,3.2671215105191442,-0.6861691295667618
M1_income,CIV,2005,2.180952380952384,2.639645674865026,-0.458693293912642
M1_income,CIV,2006,1.6809523809523839,1.9849551756275499,-0.304002794675166
M1_income,CIV,2007,1.2809523809523853,1.3116823456677882,-0.030729964715402902
M1_income,CIV,2008,0.7809523809523853,0.636790283990628,0.1441620969617573
M1_income,CIV,2009,0.18095238095238386,0.03549009312498466,0.1454622878273992
M1_income,CIV,2010,-0.21904761904761472,-0.49516437079784903,0.2761167517502343
M1_income,CIV,2011,-0.6190476190476204,-1.1005757135131518,0.48152809446553135
M1_income,CIV,2012,-0.9190476190476176,-1.387188184396321,0.4681405653487034
M1_income,CIV,2013,-1.1190476190476204,-1.5196040577829704,0.40055643873534996
M1_income,CIV,2014,-1.3190476190476161,-1.5520553587883408,0.23300773974072464
M1_income,CIV,2015,-1.3190476190476161,-1.517347546762927,0.1982999277153108
M1_income,CIV,2016,-1.3190476190476161,-1.4934535336729948,0.1744059146253787
M1_income,CIV,2017,-1.3190476190476161,-1.4013893003097282,0.08234168126211205
M1_income,CIV,2018,-1.2190476190476147,-1.283964645477726,0.06491702643011132
M1_income,CIV,2019,-1.1190476190476204,-1.1027559312004962,-0.016291687847124203
M1_income,CIV,2020,-0.9190476190476176,-0.866792591790494,-0.05225502725712361
M1_income,CIV,2021,-0.6190476190476204,-0.5152386493399239,-0.10380896970769649
M1_income,CIV,2022,-0.1190476190476204,-0.054792387167943324,-0.06425523187967708
M1_income,CIV,2023,0.480952380952381,0.559681020736625,-0.07872863978424394
M1_income,CMR,2003,4.628571428571433,3.9215155499455894,0.7070558786258441
M1_income,CMR,2004,3.9285714285714306,3.3942011982300935,0.5343702303413371
M1_income,CMR,2005,3.1285714285714334,2.790056718486161,0.33851471008527234
M1_income,CMR,2006,2.3285714285714363,2.151635984762704,0.17693544380873227
M1_income,CMR,2007,1.6285714285714334,1.528290674078162,0.10028075449327134
M1_income,CMR,2008,0.8285714285714363,0.8212107035564429,0.007360725014993408
M1_income,CMR,2009,0.028571428571432023,0.19790377671765585,-0.16933234814622383
M1_income,CMR,2010,-0.5714285714285694,-0.3990537066268791,-0.1723748648016903
M1_income,CMR,2011,-1.0714285714285694,-0.8693599321161642,-0.20206863931240515
M1_income,CMR,2012,-1.471428571428568,-1.210799617166993,-0.26062895426157495
M1_income,CMR,2013,-1.6714285714285637,-1.4433720361015048,-0.22805653532705894
M1_income,CMR,2014,-1.7714285714285651,-1.5428657539841724,-0.22856281744439277
M1_income,CMR,2015,-1.7714285714285651,-1.5359372864204377,-0.23549128500812744
M1_income,CMR,2016,-1.6714285714285637,-1.555853169491388,-0.11557540193717575
M1_income,CMR,2017,-1.5714285714285694,-1.525332085823487,-0.046096485605082504
M1_income,CMR,2018,-1.471428571428568,-1.4228174112456258,-0.048611160182942204
M1_income,CMR,2019,-1.2714285714285651,-1.2962824578680312,0.024853886439466066
M1_income,CMR,2020,-1.0714285714285694,-1.071204673632475,-0.00022389779609444105
M1_income,CMR,2021,-0.7714285714285651,-0.779532838034962,0.008104266606396848
M1_income,CMR,2022,-0.37142857142856656,-0.359470287534821,-0.011958283893745536
M1_income,CMR,2023,0.028571428571432023,0.20706665027017782,-0.1784952216987458
M1_income,COD,2003,8.180952380952377,3.569314261756919,4.611638119195458
M1_income,COD,2004,7.580952380952375,3.0332019110497432,4.547750469902632
M1_income,COD,2005,6.88095238095238,2.4822423384814165,4.398710042470963
M1_income,COD,2006,6.080952380952375,1.8559183230311003,4.225034057921275
M1_income,COD,2007,5.080952380952375,1.3067891374897556,3.7741632434626196
M1_income,COD,2008,3.980952380952374,0.6786002322490888,3.302352148703285
M1_income,COD,2009,2.780952380952378,0.020184914832135525,2.760767466120243
M1_income,COD,2010,1.5809523809523753,-0.4775971208310028,2.058549501783378
M1_income,COD,2011,0.3809523809523796,-1.0161105846332836,1.3970629655856632
M1_income,COD,2012,-0.6190476190476204,-1.2820402375536164,0.662992618505996
M1_income,COD,2013,-1.519047619047626,-1.2959942597574303,-0.22305335929019576
M1_income,COD,2014,-2.4190476190476247,-1.355135375608085,-1.0639122434395396
M1_income,COD,2015,-3.019047619047626,-1.3216106806594239,-1.6974369383882022
M1_income,COD,2016,-3.6190476190476204,-1.4122735569717058,-2.2067740620759144
M1_income,COD,2017,-4.019047619047626,-1.3755777951072077,-2.6434698239404186
M1_income,COD,2018,-4.319047619047623,-1.2377886582195643,-3.081258960828059
M1_income,COD,2019,-4.61904761904762,-1.162269568034568,-3.4567780510130524
M1_income,COD,2020,-4.719047619047622,-0.9243332195021937,-3.794714399545428
M1_income,COD,2021,-4.719047619047622,-0.5849534760278589,-4.134094143019763
M1_income,COD,2022,-4.61904761904762,-0.0741982167792577,-4.544849402268363
M1_income,COD,2023,-4.319047619047623,0.5736316307950666,-4.89267924984269
M1_income,COG,2003,5.195238095238089,3.9835408212871353,1.211697273950954
M1_income,COG,2004,4.795238095238091,3.3991452620603946,1.396092833177696
M1_income,COG,2005,4.495238095238086,2.8486416760630826,1.6465964191750038
M1_income,COG,2006,3.9952380952380864,2.2451915086300076,1.7500465866080788
M1_income,COG,2007,3.4952380952380864,1.4850475861604462,2.01019050907764
M1_income,COG,2008,2.7952380952380906,0.8206517014999436,1.974586393738147
M1_income,COG,2009,2.095238095238088,0.28232378497790955,1.8129143102601781
M1_income,COG,2010,1.395238095238092,-0.23807977010135586,1.633317865339448
M1_income,COG,2011,0.6952380952380892,-0.7144230437686951,1.4096611390067844
M1_income,COG,2012,0.0952380952380878,-0.9952856331345582,1.0905237283726459
M1_income,COG,2013,-0.5047619047619136,-1.2817194159350618,0.7769575111731482
M1_income,COG,2014,-1.104761904761908,-1.3572187422938706,0.2524568375319627
M1_income,COG,2015,-1.5047619047619136,-1.3992238748334658,-0.10553802992844785
M1_income,COG,2016,-2.0047619047619136,-1.5525320883345837,-0.45222981642732996
M1_income,COG,2017,-2.404761904761912,-1.609644564796032,-0.7951173399658802
M1_income,COG,2018,-2.804761904761911,-1.5633017543213161,-1.2414601504405947
M1_income,COG,2019,-3.2047619047619094,-1.4441349695393455,-1.7606269352225639
M1_income,COG,2020,-3.604761904761908,-1.2889042274503661,-2.315857677311542
M1_income,COG,2021,-3.804761904761911,-1.0047961506348189,-2.7999657541270917
M1_income,COG,2022,-4.004761904761914,-0.5902785341614099,-3.4144833706005038
M1_income,COG,2023,-4.104761904761908,-0.02499957137404335,-4.0797623333878645
M1_income,COM,2003,2.442857142857143,4.0347100300012215,-1.5918528871440785
M1_income,COM,2004,1.8428571428571452,3.4572231516598406,-1.6143660088026954
M1_income,COM,2005,1.1428571428571423,2.915552608037476,-1.7726954651803335
M1_income,COM,2006,0.5428571428571445,2.1909707965346334,-1.648113653677489
M1_income,COM,2007,0.04285714285714448,1.518260525170194,-1.4754033823130495
M1_income,COM,2008,-0.4571428571428555,0.8346233954062323,-1.2917662525490878
M1_income,COM,2009,-0.8571428571428577,0.2276994839893748,-1.0848423411322325
M1_income,COM,2010,-1.1571428571428548,-0.34954962628916453,-0.8075932308536903
M1_income,COM,2011,-1.4571428571428555,-0.7994285329281047,-0.6577143242147508
M1_income,COM,2012,-1.4571428571428555,-1.1599418574808664,-0.2972009996619891
M1_income,COM,2013,-1.4571428571428555,-1.3933697385766208,-0.06377311856623469
M1_income,COM,2014,-1.3571428571428577,-1.5404411276262682,0.18329827048341052
M1_income,COM,2015,-1.1571428571428548,-1.5923671214390207,0.4352242642961659
M1_income,COM,2016,-0.7571428571428562,-1.623513108327616,0.8663702511847597
M1_income,COM,2017,-0.5571428571428569,-1.577197260073161,1.020054402930304
M1_income,COM,2018,-0.25714285714285623,-1.4704726710421374,1.2133298138992812
M1_income,COM,2019,0.04285714285714448,-1.3601112543435405,1.402968397200685
M1_income,COM,2020,0.3428571428571452,-1.1300954398689842,1.4729525827261294
M1_income,COM,2021,0.8428571428571452,-0.8535597178311436,1.6964168606882888
M1_income,COM,2022,1.5428571428571445,-0.4501698220135889,1.9930269648707335
M1_income,COM,2023,2.1428571428571423,0.12117728704126411,2.0216798558158784
M1_income,CPV,2003,5.223809523809521,3.415471233158603,1.8083382906509184
M1_income,CPV,2004,4.723809523809521,2.9608194207299134,1.7629901030796078
M1_income,CPV,2005,4.123809523809527,2.4523236089640603,1.6714859148454666
M1_income,CPV,2006,3.5238095238095255,1.9027977910110856,1.62101173279844
M1_income,CPV,2007,2.8238095238095227,1.4780432698140447,1.345766253995478
M1_income,CPV,2008,2.123809523809527,0.865861003669739,1.257948520139788
M1_income,CPV,2009,1.3238095238095227,0.20458856309793538,1.1192209607115873
M1_income,CPV,2010,0.6238095238095269,-0.3754294712766875,0.9992389950862144
M1_income,CPV,2011,0.0238095238095255,-0.7937680833957511,0.8175776072052766
M1_income,CPV,2012,-0.4761904761904745,-1.1452608627736893,0.6690703865832148
M1_income,CPV,2013,-0.9761904761904745,-1.3950042809655596,0.4188138047750851
M1_income,CPV,2014,-1.376190476190473,-1.519080914898447,0.1428904387079739
M1_income,CPV,2015,-1.6761904761904773,-1.528582216726037,-0.14760825946444034
M1_income,CPV,2016,-1.9761904761904745,-1.4931785469568346,-0.4830119292336399
M1_income,CPV,2017,-2.1761904761904773,-1.3925115360994627,-0.7836789400910147
M1_income,CPV,2018,-2.4761904761904745,-1.2395193072702106,-1.2366711689202639
M1_income,CPV,2019,-2.6761904761904773,-1.0021132712363283,-1.674077204954149
M1_income,CPV,2020,-2.7761904761904788,-1.1296693227958863,-1.6465211533945925
M1_income,CPV,2021,-2.7761904761904788,-0.7330719994218645,-2.043118476768614
M1_income,CPV,2022,-2.6761904761904773,-0.08209776877032399,-2.5940927074201534
M1_income,CPV,2023,-2.4761904761904745,0.5493826921416354,-3.0255731683321097
M1_income,DJI,2013,-1.827272727272728,-0.5138887027220072,-1.313384024550721
M1_income,DJI,2014,-1.5272727272727273,-0.5816874622090014,-0.945585265063726
M1_income,DJI,2015,-1.2272727272727266,-0.5360543335068576,-0.691218393765869
M1_income,DJI,2016,-0.827272727272728,-0.5040064452226499,-0.3232662820500781
M1_income,DJI,2017,-0.42727272727272947,-0.4327784953548904,0.005505768082160911
M1_income,DJI,2018,-0.12727272727272876,-0.3042582585740521,0.17698553130132333
M1_income,DJI,2019,0.17272727272727195,-0.1300047182177646,0.30273199094503656
M1_income,DJI,2020,0.5727272727272705,0.12348952730342536,0.4492377454238452
M1_income,DJI,2021,1.0727272727272705,0.44597675804936854,0.626750514677902
M1_income,DJI,2022,1.672727272727272,0.902295070238764,0.770432202488508
M1_income,DJI,2023,2.4727272727272727,1.5309170602156836,0.941810212511589
M1_income,ERI,2003,2.099999999999987,2.6530238315517174,-0.5530238315517302
M1_income,ERI,2004,1.499999999999993,2.0140256854399303,-0.5140256854399374
M1_income,ERI,2005,0.9999999999999929,1.4133149520856978,-0.4133149520857049
M1_income,ERI,2006,0.3999999999999915,0.7118198086468172,-0.3118198086468257
M1_income,ERI,2007,-0.20000000000000995,0.061722985415846275,-0.2617229854158562
M1_income,ERI,2008,-0.70000000000001,-0.8637117514828101,0.16371175148280015
M1_income,ERI,2009,-1.1000000000000085,-1.4694839031640312,0.3694839031640227
M1_income,ERI,2010,-1.4000000000000092,-2.0709120726498167,0.6709120726498075
M1_income,ERI,2011,-1.6000000000000085,-2.449799535843352,0.8497995358433434
M1_income,ETH,2003,3.5809523809523824,3.139375320810745,0.44157706014163756
M1_income,ETH,2004,2.6809523809523803,2.6861730955224212,-0.0052207145700409185
M1_income,ETH,2005,1.7809523809523817,2.205859993848423,-0.4249076128960412
M1_income,ETH,2006,0.8809523809523832,1.656289917988246,-0.7753375370358628
M1_income,ETH,2007,0.08095238095238244,1.1213240481829205,-1.040371667230538
M1_income,ETH,2008,-0.7190476190476183,0.5167369933832718,-1.2357846124308902
M1_income,ETH,2009,-1.3190476190476197,-0.03316448006600897,-1.2858831389816108
M1_income,ETH,2010,-1.8190476190476197,-0.5080344369861457,-1.3110131820614739
M1_income,ETH,2011,-2.019047619047619,-0.8865593690411855,-1.1324882500064335
M1_income,ETH,2012,-2.119047619047617,-1.1867960309710885,-0.9322515880765283
M1_income,ETH,2013,-2.019047619047619,-1.361660804477207,-0.657386814570412
M1_income,ETH,2014,-1.8190476190476197,-1.4120180462443446,-0.4070295728032751
M1_income,ETH,2015,-1.4190476190476176,-1.35694031265578,-0.06210730639183759
M1_income,ETH,2016,-1.1190476190476168,-1.3181501691470903,0.19910255009947342
M1_income,ETH,2017,-0.7190476190476183,-1.2183493998457047,0.4993017807980864
M1_income,ETH,2018,-0.41904761904761756,-1.0841727258667029,0.6651251068190853
M1_income,ETH,2019,-0.01904761904761898,-0.9006142344533701,0.8815666154057511
M1_income,ETH,2020,0.480952380952381,-0.616538639114716,1.097491020067097
M1_income,ETH,2021,1.1809523809523803,-0.30229630263001583,1.4832486835823961
M1_income,ETH,2022,1.980952380952381,0.1314032642293569,1.8495491167230242
M1_income,ETH,2023,2.880952380952383,0.7281323175339605,2.1528200634184227
M1_income,GAB,2003,2.657142857142844,4.274406203657573,-1.6172633465147292
M1_income,GAB,2004,2.35714285714284,3.6361316728894,-1.27898881574656
M1_income,GAB,2005,2.157142857142844,3.0212686280448,-0.8641257709019556
M1_income,GAB,2006,1.7571428571428385,2.2585117184804906,-0.5013688613376521
M1_income,GAB,2007,1.4571428571428413,1.6469290789975457,-0.1897862218547044
M1_income,GAB,2008,1.0571428571428427,0.8200059352284289,0.23713692191441382
M1_income,GAB,2009,0.6571428571428442,0.13970165077765914,0.517441206365185
M1_income,GAB,2010,0.25714285714283847,-0.4072747250451261,0.6644175821879645
M1_income,GAB,2011,-0.1428571428571601,-0.8342953231915015,0.6914381803343413
M1_income,GAB,2012,-0.5428571428571587,-1.1789822282317732,0.6361250853746145
M1_income,GAB,2013,-0.8428571428571558,-1.4101178502301164,0.5672607073729605
M1_income,GAB,2014,-1.0428571428571587,-1.5346468035973824,0.4917896607402237
M1_income,GAB,2015,-1.1428571428571601,-1.5523067052517747,0.4094495623946146
M1_income,GAB,2016,-1.2428571428571615,-1.6055461936615691,0.3626890508044076
M1_income,GAB,2017,-1.3428571428571558,-1.6184265086326535,0.2755693657754976
M1_income,GAB,2018,-1.2428571428571615,-1.5628651191279197,0.32000797627075817
M1_income,GAB,2019,-1.1428571428571601,-1.4221476304983438,0.2792904876411837
M1_income,GAB,2020,-1.1428571428571601,-1.220685977986591,0.07782883512943095
M1_income,GAB,2021,-1.0428571428571587,-0.9501580781833462,-0.0926990646738125
M1_income,GAB,2022,-0.8428571428571558,-0.5313997741761163,-0.31145736868103957
M1_income,GAB,2023,-0.6428571428571601,0.031898029738298826,-0.6747551725954589
M1_income,GHA,2003,5.461904761904755,3.377093839672369,2.084810922232386
M1_income,GHA,2004,5.261904761904759,2.816718966045112,2.445185795859647
M1_income,GHA,2005,5.061904761904756,2.260573575235854,2.8013311866689024
M1_income,GHA,2006,4.661904761904758,1.6598297100651234,3.0020750518396344
M1_income,GHA,2007,4.261904761904759,1.0293627548984081,3.232542007006351
M1_income,GHA,2008,3.6619047619047578,0.43850291073707104,3.2234018511676865
M1_income,GHA,2009,2.8619047619047606,-0.1337575341757089,2.9956622960804697
M1_income,GHA,2010,2.0619047619047564,-0.6325028704679727,2.6944076323727293
M1_income,GHA,2011,1.2619047619047592,-0.8866100466456257,2.148514808550385
M1_income,GHA,2012,0.46190476190475493,-1.1160912736022088,1.5779960355069638
M1_income,GHA,2013,-0.2380952380952408,-1.275984480222883,1.0378892421276422
M1_income,GHA,2014,-1.038095238095245,-1.4006152934329197,0.3625200553376746
M1_income,GHA,2015,-1.7380952380952408,-1.4249688878097189,-0.31312635028552194
M1_income,GHA,2016,-2.4380952380952436,-1.43760954737657,-1.0004856907186737
M1_income,GHA,2017,-3.038095238095245,-1.2889804105554612,-1.7491148275397839
M1_income,GHA,2018,-3.6380952380952394,-1.1111837914870701,-2.5269114466081692
M1_income,GHA,2019,-4.038095238095245,-0.8952050264453728,-3.1428902116498723
M1_income,GHA,2020,-4.438095238095244,-0.6241007378230693,-3.8139945002721745
M1_income,GHA,2021,-4.738095238095241,-0.27468277056742274,-4.463412467527818
M1_income,GHA,2022,-4.838095238095242,0.1676886114484536,-5.005783849543696
M1_income,GHA,2023,-4.838095238095242,0.7525223025096,-5.590617540604843
M1_income,GIN,2003,3.585714285714282,3.8360494465467863,-0.2503351608325044
M1_income,GIN,2004,3.2857142857142847,3.2348212346502665,0.0508930510640182
M1_income,GIN,2005,2.9857142857142875,2.641823347985052,0.3438909377292356
M1_income,GIN,2006,2.4857142857142875,1.962589922273139,0.5231243634411484
M1_income,GIN,2007,1.9857142857142875,1.3821817849545617,0.6035325007597259
M1_income,GIN,2008,1.4857142857142875,0.6942578628142629,0.7914564229000246
M1_income,GIN,2009,0.8857142857142861,0.010623469653736672,0.8750908160605495
M1_income,GIN,2010,0.2857142857142847,-0.5516662022157273,0.837380487930012
M1_income,GIN,2011,-0.2142857142857153,-0.9816467615952529,0.7673610473095376
M1_income,GIN,2012,-0.6142857142857139,-1.2961808349512671,0.6818951206655532
M1_income,GIN,2013,-1.0142857142857125,-1.5338002747514519,0.5195145604657394
M1_income,GIN,2014,-1.2142857142857153,-1.653795608899188,0.4395098946134728
M1_income,GIN,2015,-1.4142857142857181,-1.6602898804866595,0.24600416620094134
M1_income,GIN,2016,-1.5142857142857125,-1.5696353810623225,0.05534966677661002
M1_income,GIN,2017,-1.7142857142857153,-1.42102047006607,-0.2932652442196453
M1_income,GIN,2018,-1.7142857142857153,-1.2737209531772513,-0.440564761108464
M1_income,GIN,2019,-1.8142857142857167,-1.102481773716245,-0.7118039405694718
M1_income,GIN,2020,-1.7142857142857153,-0.7960315748221587,-0.9182541394635566
M1_income,GIN,2021,-1.6142857142857139,-0.46215649266887326,-1.1521292216168406
M1_income,GIN,2022,-1.4142857142857181,-0.03245282165509866,-1.3818328926306194
M1_income,GIN,2023,-1.0142857142857125,0.5725319611897348,-1.5868176754754473
M1_income,GMB,2003,6.666666666666671,4.021387183549361,2.64527948311731
M1_income,GMB,2004,6.166666666666671,3.4881946497305094,2.678472016936162
M1_income,GMB,2005,5.666666666666671,2.819779817715526,2.8468868489511454
M1_income,GMB,2006,4.966666666666669,2.1215520025686034,2.845114664098065
M1_income,GMB,2007,4.366666666666667,1.4796210099235945,2.887045656743073
M1_income,GMB,2008,3.56666666666667,0.8227282066699487,2.743938459996721
M1_income,GMB,2009,2.866666666666667,0.2522849435744127,2.6143817230922544
M1_income,GMB,2010,2.06666666666667,-0.29508603807842293,2.361752704745093
M1_income,GMB,2011,1.3666666666666671,-0.9227739791546324,2.2894406458212995
M1_income,GMB,2012,0.6666666666666714,-1.2517937960784986,1.91846046274517
M1_income,GMB,2013,-0.03333333333333144,-1.5034002607849555,1.470066927451624
M1_income,GMB,2014,-0.7333333333333272,-1.6861345790453106,0.9528012457119834
M1_income,GMB,2015,-1.43333333333333,-1.6832518772191445,0.24991854388581447
M1_income,GMB,2016,-2.133333333333333,-1.7140646884178248,-0.4192686449155081
M1_income,GMB,2017,-2.93333333333333,-1.6412583642543077,-1.2920749690790223
M1_income,GMB,2018,-3.5333333333333314,-1.4753538253268368,-2.0579795080064947
M1_income,GMB,2019,-4.333333333333329,-1.2840359006033781,-3.0492974327299507
M1_income,GMB,2020,-5.033333333333331,-1.0341024468524915,-3.9992308864808397
M1_income,GMB,2021,-5.733333333333327,-0.6890500149534978,-5.044283318379829
M1_income,GMB,2022,-6.133333333333333,-0.2221520530739031,-5.91118128025943
M1_income,GMB,2023,-6.333333333333329,0.39691001011126426,-6.7302433434445925
M1_income,GNB,2003,4.480952380952381,3.9154553485083023,0.5654970324440787
M1_income,GNB,2004,3.980952380952381,3.3002383842574163,0.6807139966949647
M1_income,GNB,2005,3.480952380952381,2.762271473579687,0.7186809073726939
M1_income,GNB,2006,2.8809523809523796,2.106734508693534,0.7742178722588458
M1_income,GNB,2007,2.2809523809523853,1.4585738402476829,0.8223785407047024
M1_income,GNB,2008,1.5809523809523824,0.7803467783290267,0.8006056026233558
M1_income,GNB,2009,0.8809523809523796,0.15789606254986083,0.7230563184025187
M1_income,GNB,2010,0.18095238095238386,-0.3914517476917056,0.5724041286440895
M1_income,GNB,2011,-0.41904761904761756,-0.7852102867748523,0.3661626677272347
M1_income,GNB,2012,-0.8190476190476161,-1.224726442623483,0.4056788235758668
M1_income,GNB,2013,-1.2190476190476147,-1.4768320949762708,0.25778447592865605
M1_income,GNB,2014,-1.519047619047619,-1.6395012585618718,0.12045363951425281
M1_income,GNB,2015,-1.7190476190476147,-1.6117134205207815,-0.10733419852683324
M1_income,GNB,2016,-1.8190476190476161,-1.6057283166726348,-0.2133193023749813
M1_income,GNB,2017,-1.9190476190476176,-1.5472414513378088,-0.3718061677098088
M1_income,GNB,2018,-1.9190476190476176,-1.439208551353141,-0.4798390676944766
M1_income,GNB,2019,-1.9190476190476176,-1.2727654337605723,-0.6462821852870453
M1_income,GNB,2020,-1.9190476190476176,-0.9941749274314333,-0.9248726916161842
M1_income,GNB,2021,-1.8190476190476161,-0.6657705642747282,-1.1532770547728879
M1_income,GNB,2022,-1.519047619047619,-0.21103760574940736,-1.3080100132982115
M1_income,GNB,2023,-1.2190476190476147,0.38384570556320813,-1.6028933246108228
M1_income,GNQ,2003,4.980952380952374,3.7822694543433117,1.1986829266090622
M1_income,GNQ,2004,4.3809523809523725,3.516573803533221,0.8643785774191515
M1_income,GNQ,2005,3.8809523809523725,3.0491770096680955,0.831775371284277
M1_income,GNQ,2006,3.280952380952371,2.4370912672389804,0.8438611137133907
M1_income,GNQ,2007,2.6809523809523697,1.9153410112366958,0.7656113697156739
M1_income,GNQ,2008,1.980952380952374,1.3589807462221124,0.6219716347302615
M1_income,GNQ,2009,1.280952380952371,0.7005238836410872,0.5804284973112839
M1_income,GNQ,2010,0.5809523809523753,-0.05056490807134956,0.6315172890237248
M1_income,GNQ,2011,-0.019047619047626085,-0.49417845395330756,0.4751308349056815
M1_income,GNQ,2012,-0.5190476190476261,-0.8077575672849244,0.28870994823729834
M1_income,GNQ,2013,-1.019047619047626,-1.1605103478213699,0.14146272877374377
M1_income,GNQ,2014,-1.3190476190476303,-1.3315019273480784,0.012454308300448025
M1_income,GNQ,2015,-1.6190476190476275,-1.5136687526564627,-0.10537886639116478
M1_income,GNQ,2016,-1.9190476190476247,-1.6957834007758723,-0.22326421827175236
M1_income,GNQ,2017,-2.1190476190476275,-1.7766952764620156,-0.34235234258561187
M1_income,GNQ,2018,-2.219047619047629,-1.8012344748254157,-0.4178131442222133
M1_income,GNQ,2019,-2.4190476190476247,-1.779470897703829,-0.6395767213437957
M1_income,GNQ,2020,-2.519047619047626,-1.6183868232202026,-0.9006607958274235
M1_income,GNQ,2021,-2.519047619047626,-1.3426794044663226,-1.1763682145813035
M1_income,GNQ,2022,-2.519047619047626,-0.9149455223347204,-1.6041020967129058
M1_income,GNQ,2023,-2.3190476190476303,-0.4725794189595516,-1.8464682000880788
M1_income,KEN,2003,2.7952380952380977,3.809434876296305,-1.014196781058207
M1_income,KEN,2004,1.9952380952381006,3.2506120461569235,-1.2553739509188229
M1_income,KEN,2005,1.2952380952380977,2.6953132787239085,-1.4000751834858107
M1_income,KEN,2006,0.4952380952381006,2.0919433413843715,-1.596705246146271
M1_income,KEN,2007,-0.10476190476190084,1.5000014071319034,-1.6047633118938043
M1_income,KEN,2008,-0.8047619047619001,0.7512061631087833,-1.5559680678706833
M1_income,KEN,2009,-1.3047619047619001,0.13035519200895945,-1.4351170967708595
M1_income,KEN,2010,-1.6047619047619008,-0.39757504241093156,-1.2071868623509694
M1_income,KEN,2011,-1.9047619047619015,-0.8443840052323301,-1.0603778995295714
M1_income,KEN,2012,-1.9047619047619015,-1.1927274129653755,-0.712034491796526
M1_income,KEN,2013,-1.8047619047619001,-1.445372284778995,-0.3593896199829052
M1_income,KEN,2014,-1.6047619047619008,-1.551601105827532,-0.05316079893436876
M1_income,KEN,2015,-1.3047619047619001,-1.5486885726845498,0.24392666792264972
M1_income,KEN,2016,-1.0047619047618994,-1.5659845542533266,0.5612226494914272
M1_income,KEN,2017,-0.6047619047619008,-1.5271748329614712,0.9224129281995703
M1_income,KEN,2018,-0.20476190476190226,-1.3956736318670204,1.1909117271051182
M1_income,KEN,2019,0.19523809523809987,-1.2372284610637805,1.4324665563018804
M1_income,KEN,2020,0.6952380952380999,-1.016986968127716,1.7122250633658158
M1_income,KEN,2021,1.3952380952380992,-0.661126258993002,2.056364354231101
M1_income,KEN,2022,2.1952380952381,-0.22216991425763455,2.4174080094957344
M1_income,KEN,2023,3.095238095238102,0.3778267406125259,2.7174113546255763
M1_income,LBR,2003,6.852380952380955,3.7806023903956003,3.0717785619853544
M1_income,LBR,2004,5.752380952380953,3.21934111682904,2.5330398355519135
M1_income,LBR,2005,4.752380952380953,2.6388309648577684,2.113549987523185
M1_income,LBR,2006,3.7523809523809533,2.023026981197233,1.7293539711837203
M1_income,LBR,2007,2.7523809523809533,1.4492713879744428,1.3031095644065105
M1_income,LBR,2008,1.6523809523809518,0.7953083432542464,0.8570726091267055
M1_income,LBR,2009,0.5523809523809575,0.2157793511430719,0.33660160123788563
M1_income,LBR,2010,-0.4476190476190425,-0.3246764432017006,-0.1229426044173419
M1_income,LBR,2011,-1.2476190476190467,-0.7333279234744748,-0.5142911241445719
M1_income,LBR,2012,-1.8476190476190482,-1.0305027410621452,-0.8171163065569029
M1_income,LBR,2013,-2.347619047619048,-1.191246795670111,-1.1563722519489372
M1_income,LBR,2014,-2.6476190476190453,-1.349164214276492,-1.2984548333425534
M1_income,LBR,2015,-2.7476190476190467,-1.4112297396015647,-1.336389308017482
M1_income,LBR,2016,-2.847619047619048,-1.5075783596796342,-1.340040687939414
M1_income,LBR,2017,-2.7476190476190467,-1.4797738690239883,-1.2678451785950584
M1_income,LBR,2018,-2.547619047619044,-1.4101464701992048,-1.137472577419839
M1_income,LBR,2019,-2.2476190476190467,-1.3678528898918565,-0.8797661577271902
M1_income,LBR,2020,-1.9476190476190425,-1.1869005901982066,-0.7607184574208359
M1_income,LBR,2021,-1.4476190476190425,-0.8656620946030352,-0.5819569530160073
M1_income,LBR,2022,-0.8476190476190482,-0.4258442766919306,-0.42177477092711757
M1_income,LBR,2023,-0.14761904761904532,0.16174587192297846,-0.3093649195420238
M1_income,LSO,2003,2.2095238095238017,3.8026170122029335,-1.5930932026791318
M1_income,LSO,2004,1.309523809523803,3.250820614996704,-1.9412968054729007
M1_income,LSO,2005,0.5095238095238024,2.728778643123296,-2.2192548335994937
M1_income,LSO,2006,-0.39047619047619975,2.15398300196252,-2.54445919243872
M1_income,LSO,2007,-1.190476190476197,1.5717283410385543,-2.762204531514751
M1_income,LSO,2008,-1.8904761904761997,0.9432489859386894,-2.833725176414889
M1_income,LSO,2009,-2.4904761904761976,0.2829707726176388,-2.7734469630938365
M1_income,LSO,2010,-2.9904761904761976,-0.24333405791185345,-2.747142132564344
M1_income,LSO,2011,-3.190476190476197,-0.6666332891955482,-2.5238429012806485
M1_income,LSO,2012,-3.190476190476197,-0.9527849539616347,-2.2376912365145625
M1_income,LSO,2013,-3.090476190476199,-1.2168460998112391,-1.87363009066496
M1_income,LSO,2014,-2.7904761904761983,-1.3593260770412698,-1.4311501134349285
M1_income,LSO,2015,-2.2904761904761983,-1.3673349184581436,-0.9231412720180547
M1_income,LSO,2016,-1.4904761904761976,-1.3879006819778699,-0.10257550849832775
M1_income,LSO,2017,-0.6904761904761969,-1.4685766999434307,0.7781005094672337
M1_income,LSO,2018,0.3095238095238031,-1.4567943192022557,1.7663181287260588
M1_income,LSO,2019,1.409523809523801,-1.410873503288036,2.8203973128118367
M1_income,LSO,2020,2.7095238095238017,-1.338041451272723,4.0475652607965245
M1_income,LSO,2021,4.1095238095238,-1.0645422880693383,5.174066097593139
M1_income,LSO,2022,5.709523809523802,-0.6685991034853852,6.378122913009187
M1_income,LSO,2023,7.4095238095238045,-0.13255992826168012,7.542083737785485
M1_income,MDG,2003,1.3190476190476232,4.157529276862921,-2.838481657815298
M1_income,MDG,2004,0.8190476190476232,3.593229502475315,-2.774181883427692
M1_income,MDG,2005,0.31904761904762324,3.015758968602335,-2.696711349554712
M1_income,MDG,2006,-0.2809523809523711,2.3927823574957277,-2.6737347384480987
M1_income,MDG,2007,-0.7809523809523711,1.7843665191892613,-2.5653189001416323
M1_income,MDG,2008,-1.280952380952371,1.1305877324060982,-2.4115401133584693
M1_income,MDG,2009,-1.6809523809523768,0.3690130030191366,-2.0499653839715135
M1_income,MDG,2010,-1.8809523809523725,-0.2900745500562375,-1.5908778308961349
M1_income,MDG,2011,-1.8809523809523725,-0.8104900716202879,-1.0704623093320846
M1_income,MDG,2012,-1.780952380952371,-1.1916971136333578,-0.5892552673190132
M1_income,MDG,2013,-1.480952380952374,-1.4811921766876635,0.00023979573528953857
M1_income,MDG,2014,-1.0809523809523753,-1.625538764871647,0.5445863839192717
M1_income,MDG,2015,-0.6809523809523768,-1.6586347078802495,0.9776823269278727
M1_income,MDG,2016,-0.18095238095237676,-1.6922231902279607,1.511270809275584
M1_income,MDG,2017,0.31904761904762324,-1.6609489493454557,1.979996568393079
M1_income,MDG,2018,0.6190476190476275,-1.574014901560537,2.1930625206081644
M1_income,MDG,2019,0.9190476190476247,-1.4302296321969705,2.349277251244595
M1_income,MDG,2020,1.3190476190476232,-1.3461388432164807,2.6651864622641037
M1_income,MDG,2021,1.719047619047629,-1.0333359116952963,2.752383530742925
M1_income,MDG,2022,2.4190476190476247,-0.6126234826820801,3.031671101729705
M1_income,MDG,2023,3.219047619047629,-0.03612506437656493,3.2551726834241936
M1_income,MLI,2003,4.952380952380949,4.044504984923787,0.9078759674571621
M1_income,MLI,2004,4.352380952380955,3.4238462040043043,0.9285347483766504
M1_income,MLI,2005,3.652380952380952,2.815076081748243,0.8373048706327086
M1_income,MLI,2006,2.8523809523809547,2.167077940023261,0.6853030123576938
M1_income,MLI,2007,2.0523809523809504,1.4998941237734493,0.5524868286075011
M1_income,MLI,2008,1.1523809523809518,0.8013312253534272,0.3510497270275247
M1_income,MLI,2009,0.3523809523809547,0.2151591727779317,0.13722177960302298
M1_income,MLI,2010,-0.4476190476190496,-0.3427348768368278,-0.10488417078222179
M1_income,MLI,2011,-1.1476190476190453,-0.8212637436766538,-0.32635530394239154
M1_income,MLI,2012,-1.7476190476190467,-1.247137479163038,-0.5004815684560087
M1_income,MLI,2013,-2.1476190476190453,-1.5029487668949673,-0.6446702807240781
M1_income,MLI,2014,-2.4476190476190496,-1.589043156393965,-0.8585758912250845
M1_income,MLI,2015,-2.547619047619051,-1.5719023795429443,-0.9757166680761067
M1_income,MLI,2016,-2.4476190476190496,-1.5724612410324792,-0.8751578065865704
M1_income,MLI,2017,-2.1476190476190453,-1.5242327560167142,-0.6233862916023312
M1_income,MLI,2018,-1.8476190476190482,-1.4179514800469613,-0.4296675675720869
M1_income,MLI,2019,-1.547619047619051,-1.2743707984957544,-0.2732482491232966
M1_income,MLI,2020,-1.047619047619051,-1.0833705020435946,0.03575145442454364
M1_income,MLI,2021,-0.547619047619051,-0.8056376012163435,0.25801855359729253
M1_income,MLI,2022,0.05238095238095042,-0.39608057406261604,0.44846152644356646
M1_income,MLI,2023,0.6523809523809518,0.18224562281844142,0.4701353295625104
M1_income,MOZ,2003,2.4476190476190425,3.5521272398247445,-1.104508192205702
M1_income,MOZ,2004,2.047619047619044,3.0409771609892298,-0.9933581133701859
M1_income,MOZ,2005,1.547619047619044,2.4986385240561444,-0.9510194764371005
M1_income,MOZ,2006,1.1476190476190382,1.945390508742172,-0.7977714611231337
M1_income,MOZ,2007,0.5476190476190439,1.374608258508017,-0.8269892108889731
M1_income,MOZ,2008,0.0476190476190439,0.7267779988573561,-0.6791589512383122
M1_income,MOZ,2009,-0.3523809523809618,0.14827729292611766,-0.5006582453070795
M1_income,MOZ,2010,-0.8523809523809618,-0.3912358525906744,-0.4611450997902874
M1_income,MOZ,2011,-0.9523809523809561,-0.8141081964633502,-0.1382727559176059
M1_income,MOZ,2012,-1.0523809523809575,-1.1154925380361809,0.06311158565522335
M1_income,MOZ,2013,-1.0523809523809575,-1.3317628311914238,0.2793818788104663
M1_income,MOZ,2014,-0.9523809523809561,-1.406034888731602,0.453653936350646
M1_income,MOZ,2015,-0.8523809523809618,-1.3742496667822008,0.521868714401239
M1_income,MOZ,2016,-0.652380952380959,-1.3931045435219716,0.7407235911410126
M1_income,MOZ,2017,-0.5523809523809575,-1.377700184786948,0.8253192324059904
M1_income,MOZ,2018,-0.5523809523809575,-1.282998025395486,0.7306170730145285
M1_income,MOZ,2019,-0.4523809523809561,-1.1734591801045362,0.7210782277235801
M1_income,MOZ,2020,-0.4523809523809561,-0.9717333984523463,0.5193524460713902
M1_income,MOZ,2021,-0.15238095238095895,-0.6980521352301443,0.5456711828491854
M1_income,MOZ,2022,0.24761904761903963,-0.27293653229323006,0.5205555799122696
M1_income,MOZ,2023,0.847619047619041,0.3160709896762932,0.5315480579427478
M1_income,MRT,2003,2.509523809523806,3.908747309503711,-1.3992234999799051
M1_income,MRT,2004,2.2095238095238017,3.3437792020608446,-1.1342553925370429
M1_income,MRT,2005,1.9095238095238045,2.831457112515743,-0.9219333029919383
M1_income,MRT,2006,1.509523809523806,2.403083254369656,-0.8935594448458501
M1_income,MRT,2007,1.009523809523806,1.6755332899746322,-0.6660094804508263
M1_income,MRT,2008,0.6095238095238074,0.9059745057056915,-0.29645069618188413
M1_income,MRT,2009,0.10952380952380736,0.23119991830677486,-0.1216761087829675
M1_income,MRT,2010,-0.2904761904761983,-0.3818220293898562,0.09134583891365788
M1_income,MRT,2011,-0.6904761904761969,-0.8495859103919257,0.15910971991572875
M1_income,MRT,2012,-1.0904761904761955,-1.2012920239343439,0.11081583345814838
M1_income,MRT,2013,-1.2904761904761983,-1.4521177001757593,0.16164150969956093
M1_income,MRT,2014,-1.3904761904761926,-1.573548300030789,0.1830721095545964
M1_income,MRT,2015,-1.3904761904761926,-1.5679625277371967,0.17748633726100405
M1_income,MRT,2016,-1.2904761904761983,-1.6408177492451812,0.3503415587689829
M1_income,MRT,2017,-1.190476190476197,-1.5703466210489823,0.37987043057278536
M1_income,MRT,2018,-0.9904761904761941,-1.460529355666645,0.47005316519045093
M1_income,MRT,2019,-0.7904761904761983,-1.3423880569628956,0.5519118664866973
M1_income,MRT,2020,-0.49047619047619406,-1.1316614431221252,0.6411852526459312
M1_income,MRT,2021,-0.1904761904761969,-0.8863992706818562,0.6959230802056593
M1_income,MRT,2022,0.3095238095238031,-0.42612759331394123,0.7356514028377443
M1_income,MRT,2023,0.9095238095238045,0.1848239892644519,0.7246998202593526
M1_income,MUS,2003,-4.580952380952379,3.870307060311964,-8.451259441264343
M1_income,MUS,2004,-4.480952380952381,3.31524248595457,-7.796194866906951
M1_income,MUS,2005,-4.38095238095238,2.7293507478820933,-7.110303128834473
M1_income,MUS,2006,-4.280952380952382,2.1121053998875725,-6.393057780839954
M1_income,MUS,2007,-4.18095238095238,1.510687808246165,-5.691640189198545
M1_income,MUS,2008,-3.980952380952381,0.8420593916783661,-4.823011772630747
M1_income,MUS,2009,-3.7809523809523817,0.230832006854094,-4.011784387806475
M1_income,MUS,2010,-3.480952380952381,-0.3284719125843636,-3.1524804683680174
M1_income,MUS,2011,-3.080952380952379,-0.7761521797292258,-2.304800201223153
M1_income,MUS,2012,-2.3809523809523796,-1.1323017779104247,-1.2486506030419549
M1_income,MUS,2013,-1.6809523809523803,-1.3842963539853803,-0.296656026967
M1_income,MUS,2014,-0.7809523809523817,-1.5022293866337986,0.7212770056814168
M1_income,MUS,2015,0.21904761904761827,-1.5190659878960335,1.7381136069436518
M1_income,MUS,2016,1.2190476190476183,-1.5375963816015286,2.756644000649147
M1_income,MUS,2017,2.2190476190476183,-1.4950062875944796,3.714053906642098
M1_income,MUS,2018,3.2190476190476183,-1.3869064941919318,4.60595411323955
M1_income,MUS,2019,4.31904761904762,-1.258846153188379,5.577893772235999
M1_income,MUS,2020,5.419047619047621,-1.177844939736108,6.596892558783729
M1_income,MUS,2021,6.719047619047618,-0.8777163264915709,7.596763945539189
M1_income,MUS,2022,8.11904761904762,-0.4109576665236333,8.530005285571253
M1_income,MUS,2023,9.619047619047617,0.17680694725202623,9.44224067179559
M1_income,MWI,2003,2.9142857142857146,3.755713276339231,-0.8414275620535165
M1_income,MWI,2004,2.2142857142857153,3.2067087347139536,-0.9924230204282383
M1_income,MWI,2005,1.514285714285716,2.6180450898122594,-1.1037593755265434
M1_income,MWI,2006,0.7142857142857153,1.9932285037501782,-1.278942789464463
M1_income,MWI,2007,-0.08571428571428541,1.4494246799910522,-1.5351389657053376
M1_income,MWI,2008,-0.8857142857142861,0.8133144244394201,-1.6990287101537063
M1_income,MWI,2009,-1.5857142857142854,0.27215316719661603,-1.8578674529109014
M1_income,MWI,2010,-2.0857142857142854,-0.2683400577198107,-1.8173742279944747
M1_income,MWI,2011,-2.2857142857142847,-0.7226812567316051,-1.5630330289826797
M1_income,MWI,2012,-2.385714285714286,-1.11313042942014,-1.272583856294146
M1_income,MWI,2013,-2.1857142857142833,-1.3497226749104052,-0.8359916108038781
M1_income,MWI,2014,-1.8857142857142861,-1.4558024324441718,-0.4299118532701143
M1_income,MWI,2015,-1.485714285714284,-1.494783804160966,0.009069518446682023
M1_income,MWI,2016,-0.985714285714284,-1.550650448756699,0.564936163042415
M1_income,MWI,2017,-0.5857142857142854,-1.5175996760077255,0.9318853902934401
M1_income,MWI,2018,-0.08571428571428541,-1.4162029553014592,1.3304886695871738
M1_income,MWI,2019,0.3142857142857167,-1.2582355121556954,1.5725212264414121
M1_income,MWI,2020,0.9142857142857146,-1.0324845656307797,1.9467702799164943
M1_income,MWI,2021,1.7142857142857153,-0.7321235329207926,2.4464092472065078
M1_income,MWI,2022,2.614285714285714,-0.365025172945619,2.9793108872313327
M1_income,MWI,2023,3.614285714285714,0.16819464286320998,3.446091071422504
M1_income,NAM,2003,2.5047619047619065,3.753059092135916,-1.2482971873740096
M1_income,NAM,2004,1.8047619047619072,3.338523856885697,-1.5337619521237897
M1_income,NAM,2005,1.104761904761908,2.7581069309439528,-1.6533450261820448
M1_income,NAM,2006,0.40476190476190865,2.195481257846397,-1.7907193530844885
M1_income,NAM,2007,-0.19523809523809277,1.6119497705998194,-1.8071878658379121
M1_income,NAM,2008,-0.7952380952380906,0.9176831695189089,-1.7129212647569996
M1_income,NAM,2009,-1.2952380952380906,0.2714429440627681,-1.5666810393008588
M1_income,NAM,2010,-1.6952380952380928,-0.25879828809464706,-1.4364398071434457
M1_income,NAM,2011,-1.895238095238092,-0.6898195220080409,-1.2054185732300513
M1_income,NAM,2012,-1.9952380952380935,-1.019846646959435,-0.9753914482786585
M1_income,NAM,2013,-1.9952380952380935,-1.2418448519303678,-0.7533932433077257
M1_income,NAM,2014,-1.895238095238092,-1.3303442721055128,-0.5648938231325793
M1_income,NAM,2015,-1.5952380952380913,-1.3417430480493653,-0.25349504718872606
M1_income,NAM,2016,-1.2952380952380906,-1.4404675248743462,0.1452294296362555
M1_income,NAM,2017,-0.8952380952380921,-1.4964142530048032,0.6011761577667112
M1_income,NAM,2018,-0.39523809523809206,-1.4531917598980768,1.0579536646599847
M1_income,NAM,2019,0.30476190476190723,-1.4144661814510981,1.7192280862130054
M1_income,NAM,2020,1.0047619047619065,-1.3545860789326152,2.359347983694522
M1_income,NAM,2021,1.9047619047619087,-1.0787935357180825,2.983555440479991
M1_income,NAM,2022,2.9047619047619087,-0.6478772818097372,3.552639186571646
M1_income,NAM,2023,4.0047619047619065,-0.07805377715736939,4.082815681919276
M1_income,NER,2003,3.3714285714285666,3.8967601459450156,-0.5253315745164491
M1_income,NER,2004,2.771428571428565,3.2519547680584155,-0.4805261966298504
M1_income,NER,2005,2.0714285714285623,2.709020139697925,-0.6375915682693627
M1_income,NER,2006,1.4714285714285609,2.0839941545521308,-0.6125655831235699
M1_income,NER,2007,0.8714285714285666,1.4267188676507947,-0.5552902962222281
M1_income,NER,2008,0.27142857142856514,0.7753048079655067,-0.5038762365369416
M1_income,NER,2009,-0.3285714285714363,0.12484269191191502,-0.4534141204833513
M1_income,NER,2010,-0.9285714285714377,-0.4007718103099758,-0.5277996182614619
M1_income,NER,2011,-1.2285714285714349,-0.9049477151729558,-0.32362371339847906
M1_income,NER,2012,-1.4285714285714377,-1.1792204030905677,-0.24935102548086996
M1_income,NER,2013,-1.5285714285714391,-1.4244218527004138,-0.10414957587102536
M1_income,NER,2014,-1.5285714285714391,-1.522874526891576,-0.005696901679863142
M1_income,NER,2015,-1.5285714285714391,-1.5440234820137129,0.015452053442273739
M1_income,NER,2016,-1.3285714285714363,-1.5808963083459822,0.2523248797745459
M1_income,NER,2017,-1.1285714285714334,-1.533870872699369,0.4052994441279356
M1_income,NER,2018,-0.9285714285714377,-1.400247362412835,0.4716759338413974
M1_income,NER,2019,-0.6285714285714334,-1.2458518096703362,0.6172803810989027
M1_income,NER,2020,-0.3285714285714363,-0.9674968949035113,0.638925466332075
M1_income,NER,2021,0.07142857142856229,-0.7217143847974568,0.793142956226019
M1_income,NER,2022,0.6714285714285637,-0.19162660909271723,0.8630551805212809
M1_income,NER,2023,1.2714285714285651,0.34936845631969343,0.9220601151088716
M1_income,NGA,2003,5.899999999999999,3.6511647414425092,2.2488352585574893
M1_income,NGA,2004,5.5,3.146558243431424,2.353441756568576
M1_income,NGA,2005,5.0,2.5989145231425543,2.4010854768574457
M1_income,NGA,2006,4.5,1.9874326002049225,2.5125673997950777
M1_income,NGA,2007,3.8999999999999986,1.3954781682325579,2.5045218317674407
M1_income,NGA,2008,3.1999999999999957,0.7460585234584157,2.45394147654158
M1_income,NGA,2009,2.3999999999999986,0.2019181978793984,2.1980818021206003
M1_income,NGA,2010,1.6999999999999957,-0.31683754697484057,2.0168375469748363
M1_income,NGA,2011,1.0,-0.7532713236283012,1.7532713236283013
M1_income,NGA,2012,0.29999999999999716,-1.0933869926007636,1.3933869926007607
M1_income,NGA,2013,-0.30000000000000426,-1.2915754306998022,0.9915754306997979
M1_income,NGA,2014,-0.9000000000000057,-1.3671828401365207,0.467182840136515
M1_income,NGA,2015,-1.4000000000000057,-1.3853555231946622,-0.014644476805343531
M1_income,NGA,2016,-2.0,-1.471870345262038,-0.5281296547379619
M1_income,NGA,2017,-2.5,-1.461626462729738,-1.038373537270262
M1_income,NGA,2018,-3.1000000000000014,-1.3664350015803093,-1.7335649984196921
M1_income,NGA,2019,-3.700000000000003,-1.231772642197627,-2.468227357802376
M1_income,NGA,2020,-4.300000000000004,-1.0845804125407872,-3.215419587459217
M1_income,NGA,2021,-4.800000000000004,-0.7987383898417747,-4.001261610158229
M1_income,NGA,2022,-5.100000000000001,-0.3462238459143471,-4.753776154085655
M1_income,NGA,2023,-5.300000000000004,0.2413317595098044,-5.541331759509808
M1_income,RWA,2003,3.333333333333334,3.365398459957592,-0.03206512662425798
M1_income,RWA,2004,2.633333333333331,2.844950423958827,-0.21161709062549594
M1_income,RWA,2005,1.9333333333333318,2.345549433082631,-0.4122160997492994
M1_income,RWA,2006,1.2333333333333325,1.7852418654030382,-0.5519085320697057
M1_income,RWA,2007,0.6333333333333329,1.210428912911092,-0.577095579577759
M1_income,RWA,2008,0.033333333333333215,0.6230131518646085,-0.5896798185312753
M1_income,RWA,2009,-0.4666666666666668,0.05201607464273275,-0.5186827413093995
M1_income,RWA,2010,-0.8666666666666671,-0.47771970248702367,-0.3889469641796435
M1_income,RWA,2011,-1.0666666666666682,-0.8811956801250127,-0.1854709865416555
M1_income,RWA,2012,-1.1666666666666679,-1.1652233641522136,-0.0014433025144542366
M1_income,RWA,2013,-1.1666666666666679,-1.4003694553560841,0.2337027886894163
M1_income,RWA,2014,-1.0666666666666682,-1.495946375730993,0.4292797090643248
M1_income,RWA,2015,-0.9666666666666668,-1.434673811038928,0.4680071443722613
M1_income,RWA,2016,-0.8666666666666671,-1.428715991355974,0.5620493246893068
M1_income,RWA,2017,-0.8666666666666671,-1.3710007131641284,0.5043340464974613
M1_income,RWA,2018,-0.7666666666666675,-1.201814738121438,0.4351480714547704
M1_income,RWA,2019,-0.6666666666666679,-0.9812854844544104,0.3146188177877426
M1_income,RWA,2020,-0.5666666666666682,-0.7949690090191954,0.22830234235252722
M1_income,RWA,2021,-0.2666666666666675,-0.4220096785287207,0.15534301186205318
M1_income,RWA,2022,0.13333333333333286,0.09287142796463588,0.04046190536869698
M1_income,RWA,2023,0.8333333333333339,0.735454253748973,0.09787907958436093
M1_income,SDN,2003,2.4476190476190496,4.221741855430245,-1.774122807811195
M1_income,SDN,2004,2.1476190476190453,3.6564122989758823,-1.508793251356837
M1_income,SDN,2005,1.8476190476190482,3.093624801012565,-1.2460057533935167
M1_income,SDN,2006,1.4476190476190496,2.4883203019956746,-1.040701254376625
M1_income,SDN,2007,1.047619047619044,1.8783861055396769,-0.830767057920633
M1_income,SDN,2008,0.6476190476190453,1.16912332456006,-0.5215042769410148
M1_income,SDN,2009,0.14761904761904532,0.43247989471348725,-0.2848608470944419
M1_income,SDN,2010,-0.3523809523809547,-0.16072316314591434,-0.19165778923504034
M1_income,SDN,2011,-0.6523809523809518,-0.5432902129978563,-0.10909073938309555
M1_income,SDN,2012,-0.9523809523809561,-1.0573089925009673,0.10492804012001122
M1_income,SDN,2013,-1.1523809523809518,-1.3330134358892745,0.18063248350832262
M1_income,SDN,2014,-1.2523809523809533,-1.4430405939481004,0.1906596415671471
M1_income,SDN,2015,-1.2523809523809533,-1.4971499636509957,0.24476901127004247
M1_income,SDN,2016,-1.2523809523809533,-1.5362059592092197,0.2838250068282664
M1_income,SDN,2017,-1.1523809523809518,-1.5706814497795198,0.418300497398568
M1_income,SDN,2018,-0.9523809523809561,-1.6064522209305725,0.6540712685496164
M1_income,SDN,2019,-0.8523809523809547,-1.585933733244486,0.7335527808635314
M1_income,SDN,2020,-0.5523809523809504,-1.4300899664988629,0.8777090141179125
M1_income,SDN,2021,-0.25238095238095326,-1.2380244438704104,0.9856434914894572
M1_income,SDN,2022,0.14761904761904532,-0.9077881541130128,1.0554072017320582
M1_income,SDN,2023,0.7476190476190467,-1.0303862924483838,1.7780053400674305
M1_income,SEN,2003,7.385714285714286,3.8323983822884897,3.5533159034257964
M1_income,SEN,2004,6.9857142857142875,3.267782302773568,3.7179319829407196
M1_income,SEN,2005,6.4857142857142875,2.694968705308989,3.7907455804052987
M1_income,SEN,2006,5.885714285714286,2.033130431708098,3.852583854006188
M1_income,SEN,2007,5.185714285714283,1.3922761547173634,3.79343813099692
M1_income,SEN,2008,4.285714285714285,0.7082135149605704,3.5775007707537143
M1_income,SEN,2009,3.385714285714286,0.09763894168454028,3.2880753440297457
M1_income,SEN,2010,2.2857142857142847,-0.47589125240230556,2.7616055381165903
M1_income,SEN,2011,1.2857142857142847,-0.9662162443055203,2.251930530019805
M1_income,SEN,2012,0.3857142857142861,-1.3040120545016085,1.6897263402158946
M1_income,SEN,2013,-0.5142857142857125,-1.5633800235239852,1.0490943092382727
M1_income,SEN,2014,-1.4142857142857181,-1.639285658030681,0.2249999437449628
M1_income,SEN,2015,-2.2142857142857153,-1.6011973452894188,-0.6130883689962965
M1_income,SEN,2016,-2.914285714285718,-1.5736307264287042,-1.340654987857014
M1_income,SEN,2017,-3.614285714285714,-1.4651927805042892,-2.1490929337814246
M1_income,SEN,2018,-4.314285714285717,-1.3095602644326516,-3.004725449853065
M1_income,SEN,2019,-4.914285714285718,-1.1464090591501988,-3.7678766551355194
M1_income,SEN,2020,-5.5142857142857125,-0.8818893525093152,-4.632396361776397
M1_income,SEN,2021,-5.914285714285718,-0.5224001146870262,-5.391885599598692
M1_income,SEN,2022,-6.114285714285714,-0.08570350602933768,-6.028582208256376
M1_income,SEN,2023,-6.114285714285714,0.5083599483534229,-6.622645662639137
M1_income,SLE,2003,5.51428571428572,3.790281220849633,1.7240044934360865
M1_income,SLE,2004,5.01428571428572,3.24002655754859,1.7742591567371298
M1_income,SLE,2005,4.314285714285717,2.6671825470660506,1.647103167219666
M1_income,SLE,2006,3.7142857142857153,2.0400660648299285,1.6742196494557868
M1_income,SLE,2007,3.0142857142857196,1.4173543096857215,1.596931404599998
M1_income,SLE,2008,2.2142857142857153,0.7290273789944324,1.485258335291283
M1_income,SLE,2009,1.3142857142857167,0.0939215405056722,1.2203641737800446
M1_income,SLE,2010,0.5142857142857196,-0.4441018304325831,0.9583875447183027
M1_income,SLE,2011,-0.18571428571428328,-0.8351408585835324,0.6494265728692491
M1_income,SLE,2012,-0.885714285714279,-1.0761740556580937,0.19045976994381464
M1_income,SLE,2013,-1.385714285714279,-1.15397587648552,-0.2317384092287591
M1_income,SLE,2014,-1.7857142857142847,-1.4572017715322112,-0.3285125141820735
M1_income,SLE,2015,-2.085714285714282,-1.5908612084046605,-0.49485307730962136
M1_income,SLE,2016,-2.2857142857142847,-1.5646815766690176,-0.7210327090452671
M1_income,SLE,2017,-2.385714285714279,-1.527929967577332,-0.8577843181369471
M1_income,SLE,2018,-2.585714285714282,-1.428641712365531,-1.1570725733487508
M1_income,SLE,2019,-2.585714285714282,-1.2591780915441606,-1.3265361941701213
M1_income,SLE,2020,-2.585714285714282,-1.047049935583019,-1.538664350131263
M1_income,SLE,2021,-2.585714285714282,-0.7035955335831725,-1.8821187521311094
M1_income,SLE,2022,-2.2857142857142847,-0.25078539689433893,-2.034928888819946
M1_income,SLE,2023,-1.9857142857142804,0.36145819583311706,-2.3471724815473975
M1_income,SOM,2003,0.34761904761904816,3.6595134238313944,-3.3118943762123463
M1_income,SOM,2004,-0.052380952380957524,3.1117152187654806,-3.164096171146438
M1_income,SOM,2005,-0.3523809523809547,2.5560529758990165,-2.908433928279971
M1_income,SOM,2006,-0.6523809523809518,1.9401286604890462,-2.592509612869998
M1_income,SOM,2007,-0.9523809523809561,1.3352279139061733,-2.2876088662871297
M1_income,SOM,2008,-1.2523809523809533,0.6692571726155874,-1.9216381249965406
M1_income,SOM,2009,-1.452380952380956,0.0862107245829275,-1.5385916769638837
M1_income,SOM,2010,-1.7523809523809533,-0.45767889749915147,-1.2947020548818018
M1_income,SOM,2011,-1.6523809523809518,-0.8714811466270349,-0.7808998057539169
M1_income,SOM,2012,-1.452380952380956,-1.182126343034755,-0.27025460934620105
M1_income,SOM,2013,-1.1523809523809518,-1.369637290797314,0.21725633841636216
M1_income,SOM,2014,-0.7523809523809533,-1.4540702850862672,0.701689332705314
M1_income,SOM,2015,-0.25238095238095326,-1.4158788846381327,1.1634979322571795
M1_income,SOM,2016,0.24761904761904674,-1.4258435729944778,1.6734626206135246
M1_income,SOM,2017,0.6476190476190453,-1.290512791995981,1.9381318396150262
M1_income,SOM,2018,0.9476190476190425,-1.222539277921285,2.1701583255403274
M1_income,SOM,2019,1.1476190476190453,-1.1126581834473335,2.260277231066379
M1_income,SOM,2020,1.4476190476190425,-0.9471539970315953,2.3947730446506377
M1_income,SOM,2021,1.8476190476190482,-0.6638248211037415,2.5114438687227896
M1_income,SOM,2022,2.2476190476190467,-0.25624022497712096,2.5038592725961677
M1_income,SOM,2023,2.847619047619048,0.31153962706457744,2.5360794205544708
M1_income,SSD,2008,0.5,2.360969625821106,-1.860969625821106
M1_income,SSD,2009,0.0,1.7390506074133958,-1.7390506074133958
M1_income,SSD,2010,-0.3000000000000007,1.126581713622519,-1.4265817136225196
M1_income,SSD,2011,-0.5,0.43898753526727796,-0.938987535267278
M1_income,SSD,2012,-0.40000000000000213,-1.2196894417932804,0.8196894417932783
M1_income,SSD,2013,-0.10000000000000142,-1.3341907749705133,1.2341907749705119
M1_income,SSD,2014,0.1999999999999993,-1.4361583984806123,1.6361583984806116
M1_income,SSD,2015,0.5999999999999979,-1.6755508668798926,2.2755508668798905
M1_income,STP,2003,5.519047619047626,3.7575192192874316,1.7615283997601945
M1_income,STP,2004,4.919047619047625,3.178309485418416,1.7407381336292085
M1_income,STP,2005,4.219047619047629,2.643767311172906,1.5752803078747228
M1_income,STP,2006,3.6190476190476275,2.0824498000144875,1.53659781903314
M1_income,STP,2007,2.8190476190476232,1.4564414456452126,1.3626061734024106
M1_income,STP,2008,2.019047619047626,0.8089011522011271,1.210146466846499
M1_income,STP,2009,1.219047619047629,0.2057641984562683,1.0132834205913606
M1_income,STP,2010,0.5190476190476261,-0.4023719947048909,0.921419613752517
M1_income,STP,2011,-0.18095238095237676,-0.8788845358854784,0.6979321549331017
M1_income,STP,2012,-0.6809523809523768,-1.2314050001409242,0.5504526191885475
M1_income,STP,2013,-1.1809523809523768,-1.440441681981658,0.25948930102928114
M1_income,STP,2014,-1.480952380952374,-1.5289649255132771,0.0480125445609032
M1_income,STP,2015,-1.780952380952371,-1.5575513326169694,-0.22340104833540164
M1_income,STP,2016,-1.980952380952374,-1.5396448930769893,-0.44130748787538465
M1_income,STP,2017,-2.280952380952371,-1.4716764992868492,-0.8092758816655219
M1_income,STP,2018,-2.480952380952374,-1.336196539254187,-1.144755841698187
M1_income,STP,2019,-2.5809523809523753,-1.2057562038653034,-1.375196177087072
M1_income,STP,2020,-2.6809523809523768,-0.9219045009270178,-1.759047880025359
M1_income,STP,2021,-2.6809523809523768,-0.6371722673921357,-2.043780113560241
M1_income,STP,2022,-2.5809523809523753,-0.2564410971465761,-2.324511283805799
M1_income,STP,2023,-2.280952380952371,0.2752588595963313,-2.5562112405487025
M1_income,SWZ,2003,2.2857142857142847,3.714835726275181,-1.4291214405608965
M1_income,SWZ,2004,1.6857142857142833,3.167782917974285,-1.4820686322600016
M1_income,SWZ,2005,1.1857142857142833,2.6481415680416553,-1.462427282327372
M1_income,SWZ,2006,0.6857142857142833,2.081116383425351,-1.395402097711068
M1_income,SWZ,2007,0.18571428571428328,1.4880366063571595,-1.3023223206428762
M1_income,SWZ,2008,-0.11428571428571743,0.7836068522408053,-0.8978925665265227
M1_income,SWZ,2009,-0.514285714285716,0.16901604298669226,-0.6833017572724083
M1_income,SWZ,2010,-0.9142857142857181,-0.38202873314160013,-0.532256981144118
M1_income,SWZ,2011,-1.2142857142857153,-0.8437891445152139,-0.3704965697705014
M1_income,SWZ,2012,-1.514285714285716,-1.1609859231332087,-0.3532997911525073
M1_income,SWZ,2013,-1.6142857142857174,-1.3751512190549207,-0.23913449523079677
M1_income,SWZ,2014,-1.6142857142857174,-1.4934162601913863,-0.12086945409433114
M1_income,SWZ,2015,-1.6142857142857174,-1.5066042657157248,-0.10768144856999262
M1_income,SWZ,2016,-1.4142857142857181,-1.5152101654192593,0.1009244511335412
M1_income,SWZ,2017,-1.1142857142857174,-1.4570508153803652,0.34276510109464775
M1_income,SWZ,2018,-0.7142857142857153,-1.391134334287577,0.6768486200018617
M1_income,SWZ,2019,-0.2142857142857153,-1.1993694896232077,0.9850837753374924
M1_income,SWZ,2020,0.38571428571428257,-1.0089013121374157,1.3946155978516983
M1_income,SWZ,2021,1.1857142857142833,-0.6912788860437931,1.8769931717580763
M1_income,SWZ,2022,1.985714285714284,-0.30501514278132436,2.2907294284956086
M1_income,SWZ,2023,2.985714285714284,0.2773995941238814,2.7083146915904024
M1_income,SYC,2003,0.7095238095238123,3.7327909516709563,-3.023267142147144
M1_income,SYC,2004,0.4095238095238116,3.102976682971569,-2.6934528734477574
M1_income,SYC,2005,0.10952380952381091,2.6157576576743877,-2.506233848150577
M1_income,SYC,2006,-0.29047619047618767,2.0547223600187836,-2.3451985504949713
M1_income,SYC,2007,-0.6904761904761862,1.5186814204992687,-2.209157610975455
M1_income,SYC,2008,-0.990476190476187,0.7357075846043019,-1.726183775080489
M1_income,SYC,2009,-1.1904761904761862,0.06474033597336251,-1.2552165264495487
M1_income,SYC,2010,-1.2904761904761877,-0.5145900551702983,-0.7758861353058893
M1_income,SYC,2011,-1.2904761904761877,-0.8353532029633028,-0.4551229875128848
M1_income,SYC,2012,-1.2904761904761877,-1.181479094546861,-0.10899709592932671
M1_income,SYC,2013,-1.1904761904761862,-1.4600396187777707,0.2695634283015844
M1_income,SYC,2014,-0.990476190476187,-1.5690051122178912,0.5785289217417042
M1_income,SYC,2015,-0.6904761904761862,-1.5164994342160352,0.8260232437398489
M1_income,SYC,2016,-0.29047619047618767,-1.4216267266629268,1.131150536186739
M1_income,SYC,2017,-0.09047619047618838,-1.3240835634447568,1.2336073729685684
M1_income,SYC,2018,0.30952380952381375,-1.1892821971000598,1.4988060066238735
M1_income,SYC,2019,0.6095238095238109,-1.0103978908848457,1.6199217004086566
M1_income,SYC,2020,1.109523809523811,-0.9480350034824355,2.0575588130062465
M1_income,SYC,2021,1.7095238095238123,-0.6732335461227559,2.382757355646568
M1_income,SYC,2022,2.3095238095238138,-0.40258583941532133,2.712109648939135
M1_income,SYC,2023,3.009523809523813,0.2208342915925744,2.7886895179312385
M1_income,TCD,2003,5.885714285714286,3.5947976575498184,2.2909166281644677
M1_income,TCD,2004,5.4857142857142875,3.331333146821142,2.1543811388931458
M1_income,TCD,2005,4.9857142857142875,2.8952187506504834,2.090495535063804
M1_income,TCD,2006,4.385714285714286,2.1885383462911294,2.1971759394231567
M1_income,TCD,2007,3.885714285714286,1.5534235476092626,2.3322907381050237
M1_income,TCD,2008,3.1857142857142904,0.8458177237253806,2.33989656198891
M1_income,TCD,2009,2.585714285714289,0.15775624436107816,2.427958041353211
M1_income,TCD,2010,1.9857142857142875,-0.30693651084798307,2.2926507965622704
M1_income,TCD,2011,0.9857142857142875,-0.7571820862149785,1.742896371929266
M1_income,TCD,2012,0.08571428571428896,-1.0422464893788461,1.127960775093135
M1_income,TCD,2013,-0.7142857142857153,-1.300530109654137,0.5862443953684218
M1_income,TCD,2014,-1.5142857142857125,-1.4413703863260041,-0.07291532795970834
M1_income,TCD,2015,-2.2142857142857153,-1.4544358537259081,-0.7598498605598072
M1_income,TCD,2016,-2.914285714285711,-1.5721143351369318,-1.3421713791487793
M1_income,TCD,2017,-3.5142857142857125,-1.5989776189968998,-1.9153080952888126
M1_income,TCD,2018,-3.7142857142857153,-1.4748128168690542,-2.239472897416661
M1_income,TCD,2019,-3.8142857142857096,-1.3222852079057539,-2.4920005063799557
M1_income,TCD,2020,-3.914285714285711,-1.110925640130346,-2.803360074155365
M1_income,TCD,2021,-3.914285714285711,-0.8603388790928466,-3.0539468351928645
M1_income,TCD,2022,-3.7142857142857153,-0.4395459348442378,-3.2747397794414774
M1_income,TCD,2023,-3.5142857142857125,0.11481645211566092,-3.629102166401373
M1_income,TGO,2003,3.9761904761904745,4.069403791717587,-0.09321331552711243
M1_income,TGO,2004,3.576190476190476,3.4098880247717887,0.16630245141868727
M1_income,TGO,2005,3.1761904761904702,2.6806120253791805,0.4955784508112897
M1_income,TGO,2006,2.6761904761904702,2.0131516968810357,0.6630387793094346
M1_income,TGO,2007,2.1761904761904702,1.2867474958274485,0.8894429803630217
M1_income,TGO,2008,1.576190476190476,0.586176917825789,0.990013558364687
M1_income,TGO,2009,0.9761904761904745,-0.0015040162926051037,0.9776944924830796
M1_income,TGO,2010,0.3761904761904731,-0.5583179260983908,0.9345084022888639
M1_income,TGO,2011,-0.12380952380952692,-0.9892053933610337,0.8653958695515068
M1_income,TGO,2012,-0.6238095238095269,-1.2934299335546655,0.6696204097451386
M1_income,TGO,2013,-1.0238095238095255,-1.4958946289081378,0.47208510509861235
M1_income,TGO,2014,-1.3238095238095298,-1.5746608811206981,0.25085135731116837
M1_income,TGO,2015,-1.5238095238095255,-1.5441932880748295,0.020383764265303972
M1_income,TGO,2016,-1.7238095238095283,-1.543065955216069,-0.1807435685934593
M1_income,TGO,2017,-1.8238095238095298,-1.4821112131192247,-0.3416983106903051
M1_income,TGO,2018,-1.923809523809524,-1.3455328311736794,-0.5782766926358447
M1_income,TGO,2019,-1.923809523809524,-1.180839573624542,-0.742969950184982
M1_income,TGO,2020,-1.923809523809524,-0.9083042087658761,-1.015505315043648
M1_income,TGO,2021,-1.8238095238095298,-0.5712094172698821,-1.2526001065396477
M1_income,TGO,2022,-1.623809523809527,-0.09010007347169519,-1.5337094503378317
M1_income,TGO,2023,-1.123809523809527,0.5323893876484886,-1.6561989114580156
M1_income,TZA,2003,3.3619047619047606,3.596644405864021,-0.2347396439592604
M1_income,TZA,2004,2.961904761904762,3.0698916483095555,-0.10798688640479348
M1_income,TZA,2005,2.3619047619047606,2.540261472235386,-0.1783567103306254
M1_income,TZA,2006,1.6619047619047578,1.9398545329689159,-0.2779497710641581
M1_income,TZA,2007,0.961904761904762,1.353281370130388,-0.39137660822562603
M1_income,TZA,2008,0.2619047619047592,0.6896049515064246,-0.42770018960166545
M1_income,TZA,2009,-0.43809523809523654,0.11117048553413436,-0.5492657236293709
M1_income,TZA,2010,-0.9380952380952365,-0.43084328013000284,-0.5072519579652337
M1_income,TZA,2011,-1.2380952380952408,-0.8407921328322516,-0.3973031052629892
M1_income,TZA,2012,-1.4380952380952365,-1.1896086213252033,-0.24848661677003325
M1_income,TZA,2013,-1.3380952380952422,-1.405463949672648,0.06736871157740576
M1_income,TZA,2014,-1.2380952380952408,-1.4950526764738385,0.25695743837859775
M1_income,TZA,2015,-1.1380952380952394,-1.4849496075208357,0.34685436942559633
M1_income,TZA,2016,-1.038095238095238,-1.4767781508600295,0.43868291276479154
M1_income,TZA,2017,-0.9380952380952365,-1.406307159015507,0.4682119209202704
M1_income,TZA,2018,-0.8380952380952422,-1.2864008033343333,0.44830556523909104
M1_income,TZA,2019,-0.7380952380952408,-1.1256544276204592,0.3875591895252184
M1_income,TZA,2020,-0.6380952380952394,-0.8759434785741238,0.23784824047888442
M1_income,TZA,2021,-0.3380952380952422,-0.574387671316415,0.23629243322117277
M1_income,TZA,2022,0.06190476190476346,-0.14643330463634602,0.20833806654110948
M1_income,TZA,2023,0.6619047619047578,0.43790639676317494,0.22399836514158283
M1_income,UGA,2003,4.819047619047616,3.548710289508417,1.270337329539199
M1_income,UGA,2004,3.9190476190476176,3.018300668945104,0.9007469501025134
M1_income,UGA,2005,3.119047619047617,2.4740151906574916,0.6450324283901252
M1_income,UGA,2006,2.119047619047617,1.9419669641445125,0.17708065490310432
M1_income,UGA,2007,1.2190476190476147,1.3827395922878263,-0.16369197324021156
M1_income,UGA,2008,0.31904761904761614,0.7655185209178594,-0.4464709018702433
M1_income,UGA,2009,-0.4809523809523846,0.20618182307384503,-0.6871342040262296
M1_income,UGA,2010,-1.1809523809523839,-0.3485163057113505,-0.8324360752410334
M1_income,UGA,2011,-1.6809523809523839,-0.729415846179214,-0.9515365347731699
M1_income,UGA,2012,-1.8809523809523832,-1.08861587201865,-0.7923365089337331
M1_income,UGA,2013,-1.9809523809523846,-1.3462277473373885,-0.6347246336149961
M1_income,UGA,2014,-1.8809523809523832,-1.457911565631974,-0.42304081532040905
M1_income,UGA,2015,-1.6809523809523839,-1.46095163505773,-0.2200007458946538
M1_income,UGA,2016,-1.4809523809523846,-1.4849959231743832,0.004043542221998653
M1_income,UGA,2017,-1.3809523809523832,-1.4717947364641508,0.09084235551176767
M1_income,UGA,2018,-1.1809523809523839,-1.3454156482919457,0.16446326733956185
M1_income,UGA,2019,-0.9809523809523846,-1.1830791843885395,0.20212680343615497
M1_income,UGA,2020,-0.6809523809523839,-0.9263026796989436,0.24535029874655978
M1_income,UGA,2021,-0.2809523809523853,-0.6432200515643708,0.3622676706119855
M1_income,UGA,2022,0.21904761904761472,-0.2185429804248093,0.437590599472424
M1_income,UGA,2023,1.0190476190476154,0.36755712640843824,0.6514904926391771
M1_income,ZAF,2003,2.7619047619047628,3.895979641193456,-1.1340748792886934
M1_income,ZAF,2004,2.1619047619047613,3.3571008699287317,-1.1951961080239704
M1_income,ZAF,2005,1.461904761904762,2.8275184673049387,-1.3656137054001767
M1_income,ZAF,2006,0.7619047619047628,2.2442057457037237,-1.482300983798961
M1_income,ZAF,2007,0.06190476190475991,1.6669226789080995,-1.6050179170033396
M1_income,ZAF,2008,-0.538095238095238,0.9866400862557477,-1.5247353243509858
M1_income,ZAF,2009,-1.1380952380952394,0.31576159476546845,-1.4538568328607078
M1_income,ZAF,2010,-1.6380952380952394,-0.2564880805959321,-1.3816071574993072
M1_income,ZAF,2011,-1.8380952380952387,-0.7117191512596995,-1.1263760868355392
M1_income,ZAF,2012,-1.93809523809524,-1.0738567486300497,-0.8642384894651904
M1_income,ZAF,2013,-1.8380952380952387,-1.3343607981646297,-0.503734439930609
M1_income,ZAF,2014,-1.7380952380952372,-1.4855023182593594,-0.25259291983587784
M1_income,ZAF,2015,-1.43809523809524,-1.5358915141397531,0.09779627604451302
M1_income,ZAF,2016,-1.1380952380952394,-1.5913789359105739,0.4532836978153345
M1_income,ZAF,2017,-0.7380952380952372,-1.571016164537964,0.8329209264427269
M1_income,ZAF,2018,-0.33809523809523867,-1.4969445901201788,1.15884935202494
M1_income,ZAF,2019,0.16190476190476133,-1.4128368536559466,1.574741615560708
M1_income,ZAF,2020,0.6619047619047613,-1.2872980888221994,1.9492028507269608
M1_income,ZAF,2021,1.3619047619047606,-0.9611048332196175,2.323009595124378
M1_income,ZAF,2022,2.06190476190476,-0.5562785325305006,2.6181832944352603
M1_income,ZAF,2023,2.8619047619047606,-0.019452474213811296,2.8813572361185718
M1_income,ZMB,2003,5.18571428571428,3.5967373067651565,1.5889769789491233
M1_income,ZMB,2004,4.18571428571428,3.0690837192338134,1.1166305664804663
M1_income,ZMB,2005,3.285714285714281,2.534876743158937,0.750837542555344
M1_income,ZMB,2006,2.3857142857142826,1.9496645369771737,0.4360497487371089
M1_income,ZMB,2007,1.5857142857142819,1.378088738785032,0.20762554692924984
M1_income,ZMB,2008,0.7857142857142811,0.7347327236781909,0.05098156203609028
M1_income,ZMB,2009,0.08571428571428186,0.20050948953341113,-0.11479520381912928
M1_income,ZMB,2010,-0.41428571428571814,-0.29640116121733184,-0.1178845530683863
M1_income,ZMB,2011,-0.9142857142857181,-0.7414022936171842,-0.1728834206685339
M1_income,ZMB,2012,-1.2142857142857189,-1.0460341465642597,-0.1682515677214591
M1_income,ZMB,2013,-1.4142857142857181,-1.2835136233056184,-0.1307720909800998
M1_income,ZMB,2014,-1.4142857142857181,-1.4030738080477176,-0.011211906238000502
M1_income,ZMB,2015,-1.5142857142857196,-1.4359639706868361,-0.07832174359888344
M1_income,ZMB,2016,-1.5142857142857196,-1.4679071154355627,-0.04637859885015683
M1_income,ZMB,2017,-1.6142857142857174,-1.4374090611466968,-0.17687665313902068
M1_income,ZMB,2018,-1.5142857142857196,-1.3375624596837588,-0.1767232546019608
M1_income,ZMB,2019,-1.5142857142857196,-1.2422679379989081,-0.27201777628681145
M1_income,ZMB,2020,-1.5142857142857196,-1.065194860648821,-0.4490908536368985
M1_income,ZMB,2021,-1.3142857142857203,-0.7292877010262069,-0.5849980132595134
M1_income,ZMB,2022,-1.0142857142857196,-0.2866180921277394,-0.7276676221579801
M1_income,ZMB,2023,-0.6142857142857174,0.3089429733749396,-0.923228687660657
M1_income,ZWE,2003,4.0238095238095255,4.170672022568658,-0.14686249875913227
M1_income,ZWE,2004,3.5238095238095255,3.4500916175347385,0.07371790627478703
M1_income,ZWE,2005,3.123809523809527,2.7264501537673898,0.39735937004213717
M1_income,ZWE,2006,2.623809523809527,1.981648163594439,0.642161360215088
M1_income,ZWE,2007,2.123809523809527,1.2423007552416347,0.8815087685678922
M1_income,ZWE,2008,1.5238095238095255,0.1768023986127928,1.3470071251967326
M1_income,ZWE,2009,1.0238095238095255,-0.2596899786764115,1.283499502485937
M1_income,ZWE,2010,0.5238095238095255,-0.5835562089067892,1.1073657327163147
M1_income,ZWE,2011,-0.2761904761904752,-0.861861868753087,0.5856713925626118
M1_income,ZWE,2012,-1.076190476190476,-0.9883198614724252,-0.08787061471805069
M1_income,ZWE,2013,-1.576190476190476,-1.2388394643233678,-0.33735101186710814
M1_income,ZWE,2014,-1.9761904761904745,-1.3575413498282454,-0.6186491263622291
M1_income,ZWE,2015,-2.276190476190475,-1.3755091459339575,-0.9006813302565178
M1_income,ZWE,2016,-2.4761904761904745,-1.4244043975035863,-1.0517860786868882
M1_income,ZWE,2017,-2.576190476190476,-1.3470380056134386,-1.2291524705770374
M1_income,ZWE,2018,-2.276190476190475,-1.209898560712746,-1.0662919154777293
M1_income,ZWE,2019,-1.876190476190473,-1.2372952150735474,-0.6388952611169256
M1_income,ZWE,2020,-1.4761904761904745,-1.139171817840294,-0.3370186583501804
M1_income,ZWE,2021,-0.8761904761904731,-0.7567900340938928,-0.1194004420965803
M1_income,ZWE,2022,-0.2761904761904752,-0.2873657882061385,0.011175312015663297
M1_income,ZWE,2023,0.5238095238095255,0.319316585618288,0.20449293819123748
M2_income_policy,AGO,2003,5.295238095238091,3.368152023700973,1.9270860715371176
M2_income_policy,AGO,2004,4.795238095238091,2.8936710417974214,1.9015670534406692
M2_income_policy,AGO,2005,4.195238095238089,2.475175621727301,1.7200624735107883
M2_income_policy,AGO,2006,3.595238095238095,1.9699990425472969,1.625239052690798
M2_income_policy,AGO,2007,2.895238095238092,1.4929478245211476,1.4022902707169445
M2_income_policy,AGO,2008,2.095238095238095,0.9527488821075465,1.1424892131305484
M2_income_policy,AGO,2009,1.1952380952380892,0.35031524470893716,0.8449228505291521
M2_income_policy,AGO,2010,0.39523809523809206,-0.19121080109848954,0.5864488963365816
M2_income_policy,AGO,2011,-0.3047619047619108,-0.6299071846711529,0.32514527990924214
M2_income_policy,AGO,2012,-0.9047619047619051,-0.8634690226800321,-0.041292882081872984
M2_income_policy,AGO,2013,-1.3047619047619108,-1.074070579018869,-0.23069132574304185
M2_income_policy,AGO,2014,-1.604761904761908,-1.120431523926523,-0.48433038083538493
M2_income_policy,AGO,2015,-1.904761904761905,-1.3548645305685154,-0.5498973741933897
M2_income_policy,AGO,2016,-2.0047619047619065,-1.3958511803991005,-0.608910724362806
M2_income_policy,AGO,2017,-2.104761904761908,-1.3645194418563011,-0.7402424629056068
M2_income_policy,AGO,2018,-2.2047619047619094,-1.292446806349828,-0.9123150984120814
M2_income_policy,AGO,2019,-2.404761904761905,-1.2365282274683822,-1.168233677293523
M2_income_policy,AGO,2020,-2.5047619047619065,-1.1205970182012646,-1.384164886560642
M2_income_policy,AGO,2021,-2.5047619047619065,-1.0827896525125043,-1.4219722522494023
M2_income_policy,AGO,2022,-2.404761904761905,-0.6546041415663408,-1.7501577631955643
M2_income_policy,AGO,2023,-2.304761904761911,-0.12171957079332363,-2.1830423339685874
M2_income_policy,BDI,2003,-0.1904761904761898,4.4271098128658775,-4.617586003342067
M2_income_policy,BDI,2004,-0.9904761904761905,3.821682426255244,-4.812158616731434
M2_income_policy,BDI,2005,-1.7904761904761912,3.128074495085807,-4.918550685561998
M2_income_policy,BDI,2006,-2.4904761904761905,2.2709708042001857,-4.761446994676376
M2_income_policy,BDI,2007,-3.090476190476192,1.599923526072906,-4.6903997165490985
M2_income_policy,BDI,2008,-3.69047619047619,0.9283261446459992,-4.618802335122189
M2_income_policy,BDI,2009,-4.090476190476192,0.31645980657544204,-4.406935997051634
M2_income_policy,BDI,2010,-4.19047619047619,-0.2750970702858149,-3.9153791201903747
M2_income_policy,BDI,2011,-3.9904761904761905,-0.7278161636174214,-3.262660026858769
M2_income_policy,BDI,2012,-3.4904761904761905,-1.0595238770080135,-2.430952313468177
M2_income_policy,BDI,2013,-2.790476190476191,-1.2898842939765027,-1.5005918964996885
M2_income_policy,BDI,2014,-1.8904761904761926,-1.5976025670046448,-0.2928736234715479
M2_income_policy,BDI,2015,-0.8904761904761926,-1.6485113209050588,0.7580351304288662
M2_income_policy,BDI,2016,0.20952380952380878,-1.612927050458039,1.8224508599818479
M2_income_policy,BDI,2017,1.3095238095238102,-1.7340908079507837,3.043614617474594
M2_income_policy,BDI,2018,2.30952380952381,-1.5555396816571798,3.8650634911809902
M2_income_policy,BDI,2019,3.4095238095238116,-1.6479030534009358,5.057426862924747
M2_income_policy,BDI,2020,4.609523809523807,-1.4270531600283514,6.036576969552159
M2_income_policy,BDI,2021,5.80952380952381,-0.9135954157987198,6.72311922532253
M2_income_policy,BDI,2022,7.209523809523809,-0.7738645078906192,7.983388317414428
M2_income_policy,BDI,2023,8.709523809523809,-0.22913804571932872,8.938661855243138
M2_income_policy,BEN,2003,6.190476190476183,3.9110109774855246,2.279465212990658
M2_income_policy,BEN,2004,5.49047619047618,3.3203620706413455,2.1701141198348344
M2_income_policy,BEN,2005,4.790476190476177,2.6769623849796895,2.1135138054964875
M2_income_policy,BEN,2006,3.99047619047618,2.0376505867528536,1.9528256037233263
M2_income_policy,BEN,2007,3.1904761904761827,1.4500440094387348,1.740432181037448
M2_income_policy,BEN,2008,2.1904761904761827,0.8161169137470403,1.3743592767291424
M2_income_policy,BEN,2009,1.1904761904761827,0.23350012650488414,0.9569760639712985
M2_income_policy,BEN,2010,0.290476190476177,-0.3569089551646154,0.6473851456407924
M2_income_policy,BEN,2011,-0.6095238095238216,-0.7914768066834041,0.18195299715958257
M2_income_policy,BEN,2012,-1.3095238095238173,-1.286954044249761,-0.022569765274056408
M2_income_policy,BEN,2013,-1.9095238095238187,-1.4309354567703154,-0.4785883527535033
M2_income_policy,BEN,2014,-2.3095238095238173,-1.6410573529777224,-0.6684664565460949
M2_income_policy,BEN,2015,-2.50952380952382,-1.6265493350536535,-0.8829744744701666
M2_income_policy,BEN,2016,-2.6095238095238216,-1.5911913674703368,-1.0183324420534847
M2_income_policy,BEN,2017,-2.709523809523823,-1.4373331453036233,-1.2721906642201997
M2_income_policy,BEN,2018,-2.6095238095238216,-1.4288129593307144,-1.1807108501931072
M2_income_policy,BEN,2019,-2.50952380952382,-1.4207150502205963,-1.0888087593032238
M2_income_policy,BEN,2020,-2.4095238095238187,-1.1065280033126585,-1.3029958062111602
M2_income_policy,BEN,2021,-2.3095238095238173,-0.7157776192381682,-1.5937461902856491
M2_income_policy,BEN,2022,-2.00952380952382,-0.22813381269729582,-1.7813899968265243
M2_income_policy,BEN,2023,-1.5095238095238201,0.6167268389228413,-2.1262506484466615
M2_income_policy,BFA,2003,6.442857142857143,3.7141477947726447,2.7287093480844984
M2_income_policy,BFA,2004,5.842857142857149,3.1192964460273083,2.7235606968298405
M2_income_policy,BFA,2005,5.0428571428571445,2.622587772581581,2.4202693702755633
M2_income_policy,BFA,2006,4.242857142857147,2.028316893741482,2.2145402491156654
M2_income_policy,BFA,2007,3.442857142857143,1.3983270435214523,2.0445300993356907
M2_income_policy,BFA,2008,2.5428571428571445,0.7765668887595272,1.7662902540976173
M2_income_policy,BFA,2009,1.7428571428571473,0.19803084974712648,1.5448262931100207
M2_income_policy,BFA,2010,0.9428571428571431,-0.26789465954457015,1.2107518024017132
M2_income_policy,BFA,2011,0.1428571428571459,-0.6349874281405783,0.7778445709977242
M2_income_policy,BFA,2012,-0.4571428571428555,-0.8947176711994329,0.4375748140565774
M2_income_policy,BFA,2013,-0.9571428571428555,-1.4381606799932105,0.481017822850355
M2_income_policy,BFA,2014,-1.357142857142854,-1.4894709007221776,0.13232804357932348
M2_income_policy,BFA,2015,-1.6571428571428513,-1.4377250525301268,-0.21941780461272442
M2_income_policy,BFA,2016,-2.357142857142854,-1.7113062367282375,-0.6458366204146166
M2_income_policy,BFA,2017,-2.857142857142854,-1.545573790897827,-1.311569066245027
M2_income_policy,BFA,2018,-3.1571428571428513,-1.505787150212945,-1.6513557069299063
M2_income_policy,BFA,2019,-3.4571428571428555,-1.2941252793852183,-2.1630175777576373
M2_income_policy,BFA,2020,-3.6571428571428513,-1.0012717662712196,-2.6558710908716314
M2_income_policy,BFA,2021,-3.7571428571428527,-0.6054359247676371,-3.1517069323752156
M2_income_policy,BFA,2022,-3.6571428571428513,-0.2081345479577183,-3.449008309185133
M2_income_policy,BFA,2023,-3.057142857142857,0.17731739919974826,-3.2344602563426053
M2_income_policy,BWA,2003,2.352380952380951,3.6675974448661437,-1.3152164924851926
M2_income_policy,BWA,2004,1.7523809523809533,3.0691797302848083,-1.316798777903855
M2_income_policy,BWA,2005,1.2523809523809533,2.5098718831484055,-1.2574909307674522
M2_income_policy,BWA,2006,0.6523809523809518,1.9779291244418538,-1.325548172060902
M2_income_policy,BWA,2007,0.05238095238095397,1.4022104542718574,-1.3498295018909034
M2_income_policy,BWA,2008,-0.44761904761904603,0.741192451266171,-1.188811498885217
M2_income_policy,BWA,2009,-0.8476190476190482,-0.2008009805532624,-0.6468180670657857
M2_income_policy,BWA,2010,-1.2476190476190467,-0.6291641113379629,-0.6184549362810838
M2_income_policy,BWA,2011,-1.447619047619046,-0.9847000986016161,-0.4629189490174299
M2_income_policy,BWA,2012,-1.5476190476190474,-1.362272149579197,-0.1853468980398505
M2_income_policy,BWA,2013,-1.447619047619046,-1.4229528873276795,-0.02466616029136648
M2_income_policy,BWA,2014,-1.3476190476190482,-1.4229822620556882,0.07536321443664007
M2_income_policy,BWA,2015,-1.1476190476190489,-1.5297999395253519,0.382180891906303
M2_income_policy,BWA,2016,-0.947619047619046,-1.4008922336624692,0.45327318604342315
M2_income_policy,BWA,2017,-0.6476190476190489,-1.2640793700646091,0.6164603224455603
M2_income_policy,BWA,2018,-0.34761904761904816,-1.2682701314830793,0.9206510838640312
M2_income_policy,BWA,2019,0.05238095238095397,-1.108358625210853,1.160739577591807
M2_income_policy,BWA,2020,0.45238095238095255,-1.044895759771709,1.4972767121526616
M2_income_policy,BWA,2021,0.9523809523809526,-0.5536546717159637,1.5060356240969162
M2_income_policy,BWA,2022,1.552380952380954,0.12125995356082608,1.4311209988201279
M2_income_policy,BWA,2023,2.352380952380951,0.7035821790493204,1.6487987733316307
M2_income_policy,CAF,2003,4.271428571428565,3.810048525279404,0.46138004614916106
M2_income_policy,CAF,2004,3.8714285714285666,3.2621326115588936,0.609295959869673
M2_income_policy,CAF,2005,3.3714285714285666,2.6209529700831413,0.7504756013454252
M2_income_policy,CAF,2006,2.8714285714285666,2.0159077281030333,0.8555208433255332
M2_income_policy,CAF,2007,2.271428571428565,1.4187593533179474,0.8526692181106177
M2_income_policy,CAF,2008,1.5714285714285623,0.7447217273110369,0.8267068441175254
M2_income_policy,CAF,2009,0.971428571428568,0.3543558549046589,0.6170727165239092
M2_income_policy,CAF,2010,0.37142857142856656,-0.10951864832163105,0.4809472197501976
M2_income_policy,CAF,2011,-0.22857142857143486,-0.49173267780810986,0.263161249236675
M2_income_policy,CAF,2012,-0.7285714285714349,-0.7328201013045714,0.00424867273313656
M2_income_policy,CAF,2013,-1.028571428571432,-1.8984308514990071,0.8698594229275751
M2_income_policy,CAF,2014,-1.3285714285714363,-1.9501025028796444,0.6215310743082081
M2_income_policy,CAF,2015,-1.528571428571432,-1.819588396639195,0.291016968067763
M2_income_policy,CAF,2016,-1.7285714285714349,-1.7237829727407947,-0.004788455830640137
M2_income_policy,CAF,2017,-1.9285714285714377,-1.558983400554229,-0.3695880280172088
M2_income_policy,CAF,2018,-2.028571428571432,-1.3669044610511691,-0.6616669675202629
M2_income_policy,CAF,2019,-2.028571428571432,-1.1914349777453588,-0.8371364508260732
M2_income_policy,CAF,2020,-2.028571428571432,-0.9174931623422004,-1.1110782662292316
M2_income_policy,CAF,2021,-1.9285714285714377,-0.6290722280152434,-1.2994992005561943
M2_income_policy,CAF,2022,-1.7285714285714349,-0.19560788812195024,-1.5329635404494846
M2_income_policy,CAF,2023,-1.3285714285714363,0.3585934984650012,-1.6871649270364375
M2_income_policy,CIV,2003,2.980952380952381,3.686773635537591,-0.7058212545852101
M2_income_policy,CIV,2004,2.5809523809523824,3.291217883695239,-0.7102655027428564
M2_income_policy,CIV,2005,2.180952380952384,2.643184504266104,-0.4622321233137203
M2_income_policy,CIV,2006,1.6809523809523839,1.990263057691423,-0.3093106767390392
M2_income_policy,CIV,2007,1.2809523809523853,1.3068867406485172,-0.025934359696131892
M2_income_policy,CIV,2008,0.7809523809523853,0.6756965297434945,0.1052558512088908
M2_income_policy,CIV,2009,0.18095238095238386,0.12846766573438873,0.05248471521799514
M2_income_policy,CIV,2010,-0.21904761904761472,-0.3593195534803661,0.14027193443275138
M2_income_policy,CIV,2011,-0.6190476190476204,-1.1810175416038757,0.5619699225562553
M2_income_policy,CIV,2012,-0.9190476190476176,-1.3998202640053867,0.48077264495776917
M2_income_policy,CIV,2013,-1.1190476190476204,-1.6753026896957273,0.5562550706481069
M2_income_policy,CIV,2014,-1.3190476190476161,-1.6069950268762065,0.2879474078285904
M2_income_policy,CIV,2015,-1.3190476190476161,-1.4837505513115234,0.1647029322639073
M2_income_policy,CIV,2016,-1.3190476190476161,-1.3715736029839687,0.05252598393635255
M2_income_policy,CIV,2017,-1.3190476190476161,-1.1819901587546924,-0.13705746029292376
M2_income_policy,CIV,2018,-1.2190476190476147,-1.2107587772757848,-0.008288841771829869
M2_income_policy,CIV,2019,-1.1190476190476204,-1.206111819768248,0.0870642007206277
M2_income_policy,CIV,2020,-0.9190476190476176,-0.9558997517445649,0.036852132696947315
M2_income_policy,CIV,2021,-0.6190476190476204,-0.5678889515584498,-0.05115866748917064
M2_income_policy,CIV,2022,-0.1190476190476204,-0.08033481766120598,-0.03871280138641442
M2_income_policy,CIV,2023,0.480952380952381,0.5582734894031722,-0.07732110845079121
M2_income_policy,CMR,2003,4.628571428571433,3.991086128349463,0.6374853002219703
M2_income_policy,CMR,2004,3.9285714285714306,3.4592393152255694,0.4693321133458612
M2_income_policy,CMR,2005,3.1285714285714334,2.838812039981898,0.2897593885895353
M2_income_policy,CMR,2006,2.3285714285714363,2.205042953014611,0.12352847555682533
M2_income_policy,CMR,2007,1.6285714285714334,1.5853035649835294,0.04326786358790402
M2_income_policy,CMR,2008,0.8285714285714363,0.9091424328715504,-0.0805710043001141
M2_income_policy,CMR,2009,0.028571428571432023,0.33141149601113984,-0.3028400674397078
M2_income_policy,CMR,2010,-0.5714285714285694,-0.45951276861924994,-0.11191580280931945
M2_income_policy,CMR,2011,-1.0714285714285694,-0.8898711037625365,-0.18155746766603287
M2_income_policy,CMR,2012,-1.471428571428568,-1.181829832761122,-0.2895987386674459
M2_income_policy,CMR,2013,-1.6714285714285637,-1.375234843975699,-0.29619372745286476
M2_income_policy,CMR,2014,-1.7714285714285651,-1.8224611100341235,0.05103253860555834
M2_income_policy,CMR,2015,-1.7714285714285651,-1.5217825084835366,-0.24964606294502856
M2_income_policy,CMR,2016,-1.6714285714285637,-1.6808203974406049,0.009391826012041138
M2_income_policy,CMR,2017,-1.5714285714285694,-1.5718623719675218,0.0004338005389523669
M2_income_policy,CMR,2018,-1.471428571428568,-1.62021245665776,0.14878388522919206
M2_income_policy,CMR,2019,-1.2714285714285651,-1.2588817748208174,-0.012546796607747712
M2_income_policy,CMR,2020,-1.0714285714285694,-1.0227605585875144,-0.04866801284105504
M2_income_policy,CMR,2021,-0.7714285714285651,-0.7138877917054798,-0.057540779723085356
M2_income_policy,CMR,2022,-0.37142857142856656,-0.2804245090876597,-0.09100406234090685
M2_income_policy,CMR,2023,0.028571428571432023,0.07950409746592646,-0.05093266889449444
M2_income_policy,COD,2003,8.180952380952377,3.1501927321961656,5.030759648756211
M2_income_policy,COD,2004,7.580952380952375,2.6042827484416615,4.976669632510713
M2_income_policy,COD,2005,6.88095238095238,2.0555440240278884,4.825408356924491
M2_income_policy,COD,2006,6.080952380952375,1.442157407033572,4.638794973918803
M2_income_policy,COD,2007,5.080952380952375,0.9260784703976745,4.1548739105547
M2_income_policy,COD,2008,3.980952380952374,0.3721692522516726,3.6087831287007015
M2_income_policy,COD,2009,2.780952380952378,-0.23929891658990532,3.0202512975422833
M2_income_policy,COD,2010,1.5809523809523753,-0.6718828561165664,2.2528352370689415
M2_income_policy,COD,2011,0.3809523809523796,-1.1860857684228228,1.5670381493752024
M2_income_policy,COD,2012,-0.6190476190476204,-1.3582476358596072,0.7392000168119868
M2_income_policy,COD,2013,-1.519047619047626,-1.237339327808845,-0.28170829123878116
M2_income_policy,COD,2014,-2.4190476190476247,-1.4751138801511752,-0.9439337388964495
M2_income_policy,COD,2015,-3.019047619047626,-1.325913828814468,-1.693133790233158
M2_income_policy,COD,2016,-3.6190476190476204,-1.3461747532815238,-2.2728728657660966
M2_income_policy,COD,2017,-4.019047619047626,-1.2010109899623265,-2.8180366290852996
M2_income_policy,COD,2018,-4.319047619047623,-0.9641707389899169,-3.3548768800577062
M2_income_policy,COD,2019,-4.61904761904762,-0.5845806559467006,-4.03446696310092
M2_income_policy,COD,2020,-4.719047619047622,-0.33062918104066397,-4.3884184380069575
M2_income_policy,COD,2021,-4.719047619047622,0.0502447356013665,-4.7692923546489885
M2_income_policy,COD,2022,-4.61904761904762,0.3148486603092452,-4.9338962793568655
M2_income_policy,COD,2023,-4.319047619047623,1.0049305027253082,-5.323978121772932
M2_income_policy,COG,2003,5.195238095238089,3.8693892329664905,1.3258488622715987
M2_income_policy,COG,2004,4.795238095238091,3.2612236209616277,1.534014474276463
M2_income_policy,COG,2005,4.495238095238086,2.9011329546511004,1.594105140586986
M2_income_policy,COG,2006,3.9952380952380864,2.315504236634194,1.6797338586038926
M2_income_policy,COG,2007,3.4952380952380864,1.4981227591919681,1.9971153360461182
M2_income_policy,COG,2008,2.7952380952380906,0.8734309780058598,1.9218071172322309
M2_income_policy,COG,2009,2.095238095238088,0.41062476228717504,1.6846133329509128
M2_income_policy,COG,2010,1.395238095238092,-0.06761644792076515,1.462854543158857
M2_income_policy,COG,2011,0.6952380952380892,-0.5183959408537399,1.213634036091829
M2_income_policy,COG,2012,0.0952380952380878,-0.731580739856774,0.8268188350948618
M2_income_policy,COG,2013,-0.5047619047619136,-1.01008278925893,0.5053208844970163
M2_income_policy,COG,2014,-1.104761904761908,-1.0088381501202899,-0.09592375464161806
M2_income_policy,COG,2015,-1.5047619047619136,-1.0032104584575081,-0.5015514463044055
M2_income_policy,COG,2016,-2.0047619047619136,-1.157168398955993,-0.8475935058059205
M2_income_policy,COG,2017,-2.404761904761912,-1.375449290471294,-1.0293126142906182
M2_income_policy,COG,2018,-2.804761904761911,-1.4883192766971622,-1.3164426280647485
M2_income_policy,COG,2019,-3.2047619047619094,-1.913120757610538,-1.2916411471513713
M2_income_policy,COG,2020,-3.604761904761908,-1.7792996985042997,-1.8254622062576082
M2_income_policy,COG,2021,-3.804761904761911,-1.4910726671153804,-2.31368923764653
M2_income_policy,COG,2022,-4.004761904761914,-1.0754143895252193,-2.929347515236694
M2_income_policy,COG,2023,-4.104761904761908,-0.5098595393505325,-3.594902365411375
M2_income_policy,COM,2003,2.442857142857143,3.861687286217999,-1.4188301433608559
M2_income_policy,COM,2004,1.8428571428571452,3.2664991365690477,-1.4236419937119025
M2_income_policy,COM,2005,1.1428571428571423,2.728926518762266,-1.5860693759051236
M2_income_policy,COM,2006,0.5428571428571445,1.9866433103242527,-1.4437861674671082
M2_income_policy,COM,2007,0.04285714285714448,1.3051863776792334,-1.262329234822089
M2_income_policy,COM,2008,-0.4571428571428555,0.6592225890225678,-1.1163654461654233
M2_income_policy,COM,2009,-0.8571428571428577,0.101030317419459,-0.9581731745623167
M2_income_policy,COM,2010,-1.1571428571428548,-0.449709056239306,-0.7074338009035488
M2_income_policy,COM,2011,-1.4571428571428555,-0.8556639151957427,-0.6014789419471128
M2_income_policy,COM,2012,-1.4571428571428555,-1.1737201646806696,-0.2834226924621859
M2_income_policy,COM,2013,-1.4571428571428555,-1.370493189408124,-0.08664966773473148
M2_income_policy,COM,2014,-1.3571428571428577,-1.4566644159291549,0.0995215587862972
M2_income_policy,COM,2015,-1.1571428571428548,-1.6467041738399648,0.48956131669711
M2_income_policy,COM,2016,-0.7571428571428562,-1.6104849770086689,0.8533421198658127
M2_income_policy,COM,2017,-0.5571428571428569,-1.4873317094537581,0.9301888523109012
M2_income_policy,COM,2018,-0.25714285714285623,-1.320531242179811,1.0633883850369548
M2_income_policy,COM,2019,0.04285714285714448,-1.1949157363996452,1.2377728792567897
M2_income_policy,COM,2020,0.3428571428571452,-0.7581643016712867,1.1010214445284319
M2_income_policy,COM,2021,0.8428571428571452,-0.6639638789054139,1.506821021762559
M2_income_policy,COM,2022,1.5428571428571445,-0.2508023055527061,1.7936594484098505
M2_income_policy,COM,2023,2.1428571428571423,0.32995353046944015,1.8129036123877023
M2_income_policy,CPV,2003,5.223809523809521,3.244110592878961,1.9796989309305602
M2_income_policy,CPV,2004,4.723809523809521,2.807450235311982,1.9163592884975391
M2_income_policy,CPV,2005,4.123809523809527,2.31383050743495,1.809979016374577
M2_income_policy,CPV,2006,3.5238095238095255,1.7972345676532098,1.7265749561563157
M2_income_policy,CPV,2007,2.8238095238095227,1.4353197926618204,1.3884897311477022
M2_income_policy,CPV,2008,2.123809523809527,0.883498364611019,1.2403111591985079
M2_income_policy,CPV,2009,1.3238095238095227,0.25616573212600413,1.0676437916835186
M2_income_policy,CPV,2010,0.6238095238095269,-0.29855600411522193,0.9223655279247489
M2_income_policy,CPV,2011,0.0238095238095255,-0.6620353515254933,0.6858448753350188
M2_income_policy,CPV,2012,-0.4761904761904745,-0.9683912326256052,0.4922007564351307
M2_income_policy,CPV,2013,-0.9761904761904745,-1.1871869247819733,0.2109964485914988
M2_income_policy,CPV,2014,-1.376190476190473,-1.2418396227681023,-0.13435085342237074
M2_income_policy,CPV,2015,-1.6761904761904773,-1.1800984496747267,-0.4960920265157507
M2_income_policy,CPV,2016,-1.9761904761904745,-1.0569227418822114,-0.9192677343082631
M2_income_policy,CPV,2017,-2.1761904761904773,-1.281660076873769,-0.8945303993167084
M2_income_policy,CPV,2018,-2.4761904761904745,-1.2649227241841021,-1.2112677520063724
M2_income_policy,CPV,2019,-2.6761904761904773,-1.3984409945873155,-1.2777494816031618
M2_income_policy,CPV,2020,-2.7761904761904788,-1.4114993125556514,-1.3646911636348273
M2_income_policy,CPV,2021,-2.7761904761904788,-0.9683477213031768,-1.807842754887302
M2_income_policy,CPV,2022,-2.6761904761904773,-0.23728980053679788,-2.4389006756536795
M2_income_policy,CPV,2023,-2.4761904761904745,0.41958116473609885,-2.8957716409265735
M2_income_policy,DJI,2013,-1.827272727272728,-0.5150784895918546,-1.3121942376808735
M2_income_policy,DJI,2014,-1.5272727272727273,-0.48771434124620155,-1.0395583860265258
M2_income_policy,DJI,2015,-1.2272727272727266,-0.34553177483908404,-0.8817409524336426
M2_income_policy,DJI,2016,-0.827272727272728,-0.4356923733759431,-0.39158035389678497
M2_income_policy,DJI,2017,-0.42727272727272947,-0.2686907805888824,-0.15858194668384706
M2_income_policy,DJI,2018,-0.12727272727272876,-0.28379348321606723,0.15652075594333847
M2_income_policy,DJI,2019,0.17272727272727195,-0.07163972959884213,0.24436700232611408
M2_income_policy,DJI,2020,0.5727272727272705,0.20416159868380104,0.3685656740434695
M2_income_policy,DJI,2021,1.0727272727272705,0.11959624349436093,0.9531310292329096
M2_income_policy,DJI,2022,1.672727272727272,0.6031599459074604,1.0695673268198116
M2_income_policy,DJI,2023,2.4727272727272727,1.4812231843712709,0.9915040883560018
M2_income_policy,ERI,2003,2.099999999999987,2.6941955494195375,-0.5941955494195503
M2_income_policy,ERI,2004,1.499999999999993,2.0159497001642994,-0.5159497001643065
M2_income_policy,ERI,2005,0.9999999999999929,1.4026617271221504,-0.40266172712215753
M2_income_policy,ERI,2006,0.3999999999999915,0.6875703659702396,-0.2875703659702481
M2_income_policy,ERI,2007,-0.20000000000000995,0.03349738915532495,-0.2334973891553349
M2_income_policy,ERI,2008,-0.70000000000001,-0.9273754367355992,0.22737543673558924
M2_income_policy,ERI,2009,-1.1000000000000085,-1.4793026632226514,0.37930266322264283
M2_income_policy,ERI,2010,-1.4000000000000092,-2.0596864364312486,0.6596864364312394
M2_income_policy,ERI,2011,-1.6000000000000085,-2.3675101954420534,0.7675101954420449
M2_income_policy,ETH,2003,3.5809523809523824,3.1690428741164536,0.41190950683592886
M2_income_policy,ETH,2004,2.6809523809523803,2.740506534712756,-0.05955415376037587
M2_income_policy,ETH,2005,1.7809523809523817,2.2895119621136395,-0.5085595811612578
M2_income_policy,ETH,2006,0.8809523809523832,1.7783221686340673,-0.8973697876816842
M2_income_policy,ETH,2007,0.08095238095238244,1.2811685507857433,-1.2002161698333609
M2_income_policy,ETH,2008,-0.7190476190476183,0.3014001523687607,-1.020447771416379
M2_income_policy,ETH,2009,-1.3190476190476197,-0.16995147677089384,-1.1490961422767259
M2_income_policy,ETH,2010,-1.8190476190476197,-0.5765237100300112,-1.2425239090176086
M2_income_policy,ETH,2011,-2.019047619047619,-1.0984240032239023,-0.9206236158237167
M2_income_policy,ETH,2012,-2.119047619047617,-1.3273861630013775,-0.7916614560462394
M2_income_policy,ETH,2013,-2.019047619047619,-1.4339254914086208,-0.5851221276389982
M2_income_policy,ETH,2014,-1.8190476190476197,-1.1538741834405761,-0.6651734356070436
M2_income_policy,ETH,2015,-1.4190476190476176,-0.9906177201151101,-0.4284298989325075
M2_income_policy,ETH,2016,-1.1190476190476168,-1.071418761753594,-0.047628857294022886
M2_income_policy,ETH,2017,-0.7190476190476183,-0.8595455498504488,0.14049793080283057
M2_income_policy,ETH,2018,-0.41904761904761756,-0.6448896115925621,0.22584199254494453
M2_income_policy,ETH,2019,-0.01904761904761898,-0.8617459296332911,0.8426983105856721
M2_income_policy,ETH,2020,0.480952380952381,-0.9838981330149966,1.4648505139673778
M2_income_policy,ETH,2021,1.1809523809523803,-0.6400823778215183,1.8210347587738986
M2_income_policy,ETH,2022,1.980952380952381,-0.18426679372164823,2.1652191746740295
M2_income_policy,ETH,2023,2.880952380952383,0.43659766264709254,2.4443547183052905
M2_income_policy,GAB,2003,2.657142857142844,4.115719249449231,-1.4585763923063872
M2_income_policy,GAB,2004,2.35714285714284,3.442165430553583,-1.0850225734107433
M2_income_policy,GAB,2005,2.157142857142844,2.8132264559655815,-0.6560835988227374
M2_income_policy,GAB,2006,1.7571428571428385,2.021668800777739,-0.26452594363490034
M2_income_policy,GAB,2007,1.4571428571428413,1.4202687588547422,0.036874098288099066
M2_income_policy,GAB,2008,1.0571428571428427,0.5927389834908882,0.46440387365195457
M2_income_policy,GAB,2009,0.6571428571428442,-0.0560564868441642,0.7131993439870083
M2_income_policy,GAB,2010,0.25714285714283847,-0.5655454858105484,0.8226883429533869
M2_income_policy,GAB,2011,-0.1428571428571601,-0.9383183926236567,0.7954612497664966
M2_income_policy,GAB,2012,-0.5428571428571587,-1.234349987642686,0.6914928447855273
M2_income_policy,GAB,2013,-0.8428571428571558,-1.4269029718019217,0.5840458289447659
M2_income_policy,GAB,2014,-1.0428571428571587,-1.4798060575862313,0.4369489147290726
M2_income_policy,GAB,2015,-1.1428571428571601,-1.426366273991214,0.28350913113405385
M2_income_policy,GAB,2016,-1.2428571428571615,-1.4156210201116262,0.17276387725446463
M2_income_policy,GAB,2017,-1.3428571428571558,-1.363913249081527,0.02105610622437104
M2_income_policy,GAB,2018,-1.2428571428571615,-1.259083656104986,0.016226513247824537
M2_income_policy,GAB,2019,-1.1428571428571601,-1.0938442785580813,-0.04901286429907881
M2_income_policy,GAB,2020,-1.1428571428571601,-1.1046240426727265,-0.0382331001844336
M2_income_policy,GAB,2021,-1.0428571428571587,-0.8239403850697562,-0.2189167577874025
M2_income_policy,GAB,2022,-0.8428571428571558,-0.3930129558569948,-0.44984418700016104
M2_income_policy,GAB,2023,-0.6428571428571601,0.17559756466435095,-0.8184547075215111
M2_income_policy,GHA,2003,5.461904761904755,3.5662839563933786,1.8956208055113763
M2_income_policy,GHA,2004,5.261904761904759,3.1695286843842294,2.09237607752053
M2_income_policy,GHA,2005,5.061904761904756,2.615381858191542,2.4465229037132143
M2_income_policy,GHA,2006,4.661904761904758,2.0289879603113046,2.632916801593453
M2_income_policy,GHA,2007,4.261904761904759,1.402761353482844,2.8591434084219154
M2_income_policy,GHA,2008,3.6619047619047578,0.6891521481125494,2.9727526137922085
M2_income_policy,GHA,2009,2.8619047619047606,-0.18108774237956082,3.0429925042843213
M2_income_policy,GHA,2010,2.0619047619047564,-0.8152827769021698,2.8771875388069263
M2_income_policy,GHA,2011,1.2619047619047592,-0.9975410606095871,2.2594458225143463
M2_income_policy,GHA,2012,0.46190476190475493,-1.1692150378551933,1.6311197997599483
M2_income_policy,GHA,2013,-0.2380952380952408,-1.4603844384644336,1.2222892003691928
M2_income_policy,GHA,2014,-1.038095238095245,-1.5287350522932968,0.4906398141980517
M2_income_policy,GHA,2015,-1.7380952380952408,-1.4992151599113113,-0.23888007818392953
M2_income_policy,GHA,2016,-2.4380952380952436,-1.452918684007258,-0.9851765540879855
M2_income_policy,GHA,2017,-3.038095238095245,-1.3943036817778633,-1.6437915563173817
M2_income_policy,GHA,2018,-3.6380952380952394,-1.154801184997334,-2.4832940530979055
M2_income_policy,GHA,2019,-4.038095238095245,-1.0803962456581362,-2.957698992437109
M2_income_policy,GHA,2020,-4.438095238095244,-0.9698421397967933,-3.46825309829845
M2_income_policy,GHA,2021,-4.738095238095241,-0.424749552394648,-4.313345685700593
M2_income_policy,GHA,2022,-4.838095238095242,0.031712298600479805,-4.869807536695722
M2_income_policy,GHA,2023,-4.838095238095242,0.6246644975712512,-5.462759735666493
M2_income_policy,GIN,2003,3.585714285714282,4.108171295822563,-0.5224570101082815
M2_income_policy,GIN,2004,3.2857142857142847,3.4804669895638627,-0.194752703849578
M2_income_policy,GIN,2005,2.9857142857142875,2.878319130323182,0.10739515539110567
M2_income_policy,GIN,2006,2.4857142857142875,2.193121797619929,0.29259248809435867
M2_income_policy,GIN,2007,1.9857142857142875,1.6323498656841617,0.3533644200301258
M2_income_policy,GIN,2008,1.4857142857142875,0.7603677956962012,0.7253464900180864
M2_income_policy,GIN,2009,0.8857142857142861,-0.11908637320288878,1.004800658917175
M2_income_policy,GIN,2010,0.2857142857142847,-0.8737522205895999,1.1594665063038847
M2_income_policy,GIN,2011,-0.2142857142857153,-1.2478978292173852,1.03361211493167
M2_income_policy,GIN,2012,-0.6142857142857139,-1.7271459003883693,1.1128601861026555
M2_income_policy,GIN,2013,-1.0142857142857125,-1.926713847507585,0.9124281332218724
M2_income_policy,GIN,2014,-1.2142857142857153,-1.7443268683959972,0.5300411541102819
M2_income_policy,GIN,2015,-1.4142857142857181,-1.8984370549770693,0.48415134069135113
M2_income_policy,GIN,2016,-1.5142857142857125,-1.4681110978544516,-0.04617461643126086
M2_income_policy,GIN,2017,-1.7142857142857153,-1.4255464240618485,-0.2887392902238668
M2_income_policy,GIN,2018,-1.7142857142857153,-1.4232692353691554,-0.2910164789165599
M2_income_policy,GIN,2019,-1.8142857142857167,-1.2174464450903404,-0.5968392691953763
M2_income_policy,GIN,2020,-1.7142857142857153,-0.6481113090376569,-1.0661744052480584
M2_income_policy,GIN,2021,-1.6142857142857139,-0.28336693172528243,-1.3309187825604314
M2_income_policy,GIN,2022,-1.4142857142857181,0.1624383216954008,-1.576724035981119
M2_income_policy,GIN,2023,-1.0142857142857125,0.7879763410122864,-1.8022620552979989
M2_income_policy,GMB,2003,6.666666666666671,3.902886252950936,2.7637804137157356
M2_income_policy,GMB,2004,6.166666666666671,3.364087347376112,2.8025793192905595
M2_income_policy,GMB,2005,5.666666666666671,2.6461116476006503,3.020555019066021
M2_income_policy,GMB,2006,4.966666666666669,1.9256500722437102,3.0410165944229584
M2_income_policy,GMB,2007,4.366666666666667,1.2797512341931974,3.08691543247347
M2_income_policy,GMB,2008,3.56666666666667,0.6822087941182798,2.8844578725483903
M2_income_policy,GMB,2009,2.866666666666667,0.19333723662790497,2.6733294300387622
M2_income_policy,GMB,2010,2.06666666666667,-0.31084631158578213,2.3775129782524522
M2_income_policy,GMB,2011,1.3666666666666671,-0.9647249303738843,2.331391597040551
M2_income_policy,GMB,2012,0.6666666666666714,-1.2291233011451421,1.8957899678118135
M2_income_policy,GMB,2013,-0.03333333333333144,-1.445735801732906,1.4124024683995746
M2_income_policy,GMB,2014,-0.7333333333333272,-2.105315243497168,1.3719819101638406
M2_income_policy,GMB,2015,-1.43333333333333,-2.0102887837493064,0.5769554504159764
M2_income_policy,GMB,2016,-2.133333333333333,-1.9616089703003528,-0.1717243630329801
M2_income_policy,GMB,2017,-2.93333333333333,-1.7811675974907257,-1.1521657358426043
M2_income_policy,GMB,2018,-3.5333333333333314,-1.5144705034027497,-2.0188628299305815
M2_income_policy,GMB,2019,-4.333333333333329,-0.7443775806897142,-3.5889557526436144
M2_income_policy,GMB,2020,-5.033333333333331,-0.4764420309706514,-4.55689130236268
M2_income_policy,GMB,2021,-5.733333333333327,-0.09628264551467475,-5.637050687818652
M2_income_policy,GMB,2022,-6.133333333333333,0.13341358233631972,-6.2667469156696525
M2_income_policy,GMB,2023,-6.333333333333329,0.512937533005962,-6.846270866339291
M2_income_policy,GNB,2003,4.480952380952381,3.761382642104247,0.7195697388481341
M2_income_policy,GNB,2004,3.980952380952381,3.1136809241829373,0.8672714567694437
M2_income_policy,GNB,2005,3.480952380952381,2.5832976721169025,0.8976547088354785
M2_income_policy,GNB,2006,2.8809523809523796,1.9285849489471325,0.9523674320052471
M2_income_policy,GNB,2007,2.2809523809523853,1.2768064579223282,1.0041459230300571
M2_income_policy,GNB,2008,1.5809523809523824,0.6413583000666049,0.9395940808857776
M2_income_policy,GNB,2009,0.8809523809523796,0.06727470863202567,0.8136776723203539
M2_income_policy,GNB,2010,0.18095238095238386,-0.4459179477644071,0.6268703287167909
M2_income_policy,GNB,2011,-0.41904761904761756,-0.7733543696250083,0.3543067505773907
M2_income_policy,GNB,2012,-0.8190476190476161,-1.193923827541233,0.3748762084936168
M2_income_policy,GNB,2013,-1.2190476190476147,-1.4134851353855742,0.19443751633795947
M2_income_policy,GNB,2014,-1.519047619047619,-1.5154711208423501,-0.003576498205268841
M2_income_policy,GNB,2015,-1.7190476190476147,-1.3995583914248024,-0.3194892276228123
M2_income_policy,GNB,2016,-1.8190476190476161,-1.3086570187240805,-0.5103906003235357
M2_income_policy,GNB,2017,-1.9190476190476176,-1.6050225535877032,-0.3140250654599144
M2_income_policy,GNB,2018,-1.9190476190476176,-1.4303388462047155,-0.48870877284290204
M2_income_policy,GNB,2019,-1.9190476190476176,-1.2305068063911706,-0.688540812656447
M2_income_policy,GNB,2020,-1.9190476190476176,-0.9244532827169643,-0.9945943363306533
M2_income_policy,GNB,2021,-1.8190476190476161,-0.5673373839437995,-1.2517102351038165
M2_income_policy,GNB,2022,-1.519047619047619,-0.08781806859951541,-1.4312295504481036
M2_income_policy,GNB,2023,-1.2190476190476147,0.5234590987791754,-1.7425067178267901
M2_income_policy,GNQ,2003,4.980952380952374,3.438524912766373,1.542427468186001
M2_income_policy,GNQ,2004,4.3809523809523725,3.27711223516129,1.1038401457910827
M2_income_policy,GNQ,2005,3.8809523809523725,2.848000349755433,1.0329520311969396
M2_income_policy,GNQ,2006,3.280952380952371,2.251435595958576,1.029516784993795
M2_income_policy,GNQ,2007,2.6809523809523697,1.774788954193624,0.9061634267587457
M2_income_policy,GNQ,2008,1.980952380952374,1.310485366699432,0.6704670142529419
M2_income_policy,GNQ,2009,1.280952380952371,0.6852820867886639,0.5956702941637072
M2_income_policy,GNQ,2010,0.5809523809523753,-0.11231554827658313,0.6932679292289585
M2_income_policy,GNQ,2011,-0.019047619047626085,-0.5061384812581549,0.4870908622105288
M2_income_policy,GNQ,2012,-0.5190476190476261,-0.7572925386221603,0.2382449195745342
M2_income_policy,GNQ,2013,-1.019047619047626,-1.1202677470000595,0.1012201279524334
M2_income_policy,GNQ,2014,-1.3190476190476303,-1.2378833728053114,-0.081164246242319
M2_income_policy,GNQ,2015,-1.6190476190476275,-1.4151120109273336,-0.20393560812029388
M2_income_policy,GNQ,2016,-1.9190476190476247,-1.5896689239270596,-0.32937869512056506
M2_income_policy,GNQ,2017,-2.1190476190476275,-1.6378798490882693,-0.48116776995935817
M2_income_policy,GNQ,2018,-2.219047619047629,-1.6505443705891572,-0.5685032484584718
M2_income_policy,GNQ,2019,-2.4190476190476247,-1.6540121973406008,-0.7650354217070239
M2_income_policy,GNQ,2020,-2.519047619047626,-1.5079770463433426,-1.0110705727042835
M2_income_policy,GNQ,2021,-2.519047619047626,-1.224721733952336,-1.2943258850952901
M2_income_policy,GNQ,2022,-2.519047619047626,-0.7844520677728886,-1.7345955512747375
M2_income_policy,GNQ,2023,-2.3190476190476303,-0.38736361342004433,-1.9316840056275861
M2_income_policy,KEN,2003,2.7952380952380977,3.745640013835102,-0.9504019185970041
M2_income_policy,KEN,2004,1.9952380952381006,3.170585274195876,-1.1753471789577756
M2_income_policy,KEN,2005,1.2952380952380977,2.615713659519203,-1.3204755642811055
M2_income_policy,KEN,2006,0.4952380952381006,2.0289939391880223,-1.5337558439499217
M2_income_policy,KEN,2007,-0.10476190476190084,1.4522575095161698,-1.5570194142780707
M2_income_policy,KEN,2008,-0.8047619047619001,0.721111635570097,-1.5258735403319972
M2_income_policy,KEN,2009,-1.3047619047619001,0.150017811766147,-1.4547797165280472
M2_income_policy,KEN,2010,-1.6047619047619008,-0.3317268114975035,-1.2730350932643972
M2_income_policy,KEN,2011,-1.9047619047619015,-0.7281843076599566,-1.176577597101945
M2_income_policy,KEN,2012,-1.9047619047619015,-1.0248385115553102,-0.8799233932065913
M2_income_policy,KEN,2013,-1.8047619047619001,-1.2416196217799327,-0.5631422829819674
M2_income_policy,KEN,2014,-1.6047619047619008,-1.2655196297370228,-0.339242275024878
M2_income_policy,KEN,2015,-1.3047619047619001,-1.618865811317051,0.31410390655515097
M2_income_policy,KEN,2016,-1.0047619047618994,-1.5568052492013653,0.5520433444394659
M2_income_policy,KEN,2017,-0.6047619047619008,-1.432404228377307,0.8276423236154062
M2_income_policy,KEN,2018,-0.20476190476190226,-1.4434798459968219,1.2387179412349196
M2_income_policy,KEN,2019,0.19523809523809987,-1.2511074224575593,1.4463455176956592
M2_income_policy,KEN,2020,0.6952380952380999,-1.0184810475406523,1.7137191427787521
M2_income_policy,KEN,2021,1.3952380952380992,-0.8395406618385095,2.234778757076609
M2_income_policy,KEN,2022,2.1952380952381,-0.3773816504964779,2.5726197457345776
M2_income_policy,KEN,2023,3.095238095238102,0.24563495586486694,2.849603139373235
M2_income_policy,LBR,2003,6.852380952380955,3.7052189412851617,3.147162011095793
M2_income_policy,LBR,2004,5.752380952380953,3.124973725190645,2.627407227190308
M2_income_policy,LBR,2005,4.752380952380953,2.5342807397795184,2.218100212601435
M2_income_policy,LBR,2006,3.7523809523809533,1.9295104037008057,1.8228705486801475
M2_income_policy,LBR,2007,2.7523809523809533,1.3739350203464953,1.378445932034458
M2_income_policy,LBR,2008,1.6523809523809518,0.7675847978539956,0.8847961545269563
M2_income_policy,LBR,2009,0.5523809523809575,0.2477318517982587,0.3046491005826988
M2_income_policy,LBR,2010,-0.4476190476190425,-0.255851521815763,-0.1917675258032795
M2_income_policy,LBR,2011,-1.2476190476190467,-0.8259002208839341,-0.42171882673511263
M2_income_policy,LBR,2012,-1.8476190476190482,-1.0587841418352573,-0.7888349057837909
M2_income_policy,LBR,2013,-2.347619047619048,-1.1572090588856059,-1.1904099887334423
M2_income_policy,LBR,2014,-2.6476190476190453,-1.2532407472466962,-1.394378300372349
M2_income_policy,LBR,2015,-2.7476190476190467,-1.2565748524824056,-1.491044195136641
M2_income_policy,LBR,2016,-2.847619047619048,-1.5238458453177548,-1.3237732023012934
M2_income_policy,LBR,2017,-2.7476190476190467,-1.4157572547207702,-1.3318617928982766
M2_income_policy,LBR,2018,-2.547619047619044,-1.2910447789899873,-1.2565742686290566
M2_income_policy,LBR,2019,-2.2476190476190467,-1.2546158310471789,-0.9930032165718679
M2_income_policy,LBR,2020,-1.9476190476190425,-1.2977883523215707,-0.6498306952974717
M2_income_policy,LBR,2021,-1.4476190476190425,-0.725964510582195,-0.7216545370368475
M2_income_policy,LBR,2022,-0.8476190476190482,-0.485568275194455,-0.36205077242459316
M2_income_policy,LBR,2023,-0.14761904761904532,0.11890991136874524,-0.26652895898779055
M2_income_policy,LSO,2003,2.2095238095238017,3.7967030774084556,-1.587179267884654
M2_income_policy,LSO,2004,1.309523809523803,3.2310189460622567,-1.9214951365384536
M2_income_policy,LSO,2005,0.5095238095238024,2.718480342109083,-2.2089565325852805
M2_income_policy,LSO,2006,-0.39047619047619975,2.167940482857657,-2.558416673333857
M2_income_policy,LSO,2007,-1.190476190476197,1.6017072461521278,-2.7921834366283247
M2_income_policy,LSO,2008,-1.8904761904761997,1.0314385914221997,-2.9219147818983995
M2_income_policy,LSO,2009,-2.4904761904761976,0.18602097662287287,-2.6764971670990705
M2_income_policy,LSO,2010,-2.9904761904761976,-0.2957217080293376,-2.69475448244686
M2_income_policy,LSO,2011,-3.190476190476197,-0.6602209715073484,-2.5302552189688488
M2_income_policy,LSO,2012,-3.190476190476197,-0.8758958763582794,-2.3145803141179178
M2_income_policy,LSO,2013,-3.090476190476199,-1.106462423248011,-1.9840137672281881
M2_income_policy,LSO,2014,-2.7904761904761983,-1.175962264885312,-1.6145139255908862
M2_income_policy,LSO,2015,-2.2904761904761983,-1.3266798898923524,-0.9637963005838459
M2_income_policy,LSO,2016,-1.4904761904761976,-1.2641605301463472,-0.2263156603298504
M2_income_policy,LSO,2017,-0.6904761904761969,-1.514316339669766,0.8238401491935692
M2_income_policy,LSO,2018,0.3095238095238031,-1.457352172617436,1.7668759821412392
M2_income_policy,LSO,2019,1.409523809523801,-1.631145219946729,3.04066902947053
M2_income_policy,LSO,2020,2.7095238095238017,-1.586129530849409,4.29565334037321
M2_income_policy,LSO,2021,4.1095238095238,-1.0683695756971314,5.177893385220932
M2_income_policy,LSO,2022,5.709523809523802,-0.6571331491704799,6.366656958694282
M2_income_policy,LSO,2023,7.4095238095238045,-0.11376001061679436,7.523283820140599
M2_income_policy,MDG,2003,1.3190476190476232,4.082241197224707,-2.7631935781770833
M2_income_policy,MDG,2004,0.8190476190476232,3.506564788019547,-2.6875171689719237
M2_income_policy,MDG,2005,0.31904761904762324,2.9256049268993496,-2.6065573078517263
M2_income_policy,MDG,2006,-0.2809523809523711,2.3121831142257703,-2.5931354951781413
M2_income_policy,MDG,2007,-0.7809523809523711,1.536497600456115,-2.317449981408486
M2_income_policy,MDG,2008,-1.280952380952371,0.923233126824546,-2.2041855077769172
M2_income_policy,MDG,2009,-1.6809523809523768,0.17231096015132918,-1.8532633411037058
M2_income_policy,MDG,2010,-1.8809523809523725,-0.478946405436616,-1.4020059755157566
M2_income_policy,MDG,2011,-1.8809523809523725,-0.9733500525195674,-0.9076023284328051
M2_income_policy,MDG,2012,-1.780952380952371,-1.3201318934548771,-0.46082048749749394
M2_income_policy,MDG,2013,-1.480952380952374,-1.5876925688111858,0.1067401878588119
M2_income_policy,MDG,2014,-1.0809523809523753,-1.6744040144504593,0.5934516334980839
M2_income_policy,MDG,2015,-0.6809523809523768,-1.8254180967815705,1.1444657158291938
M2_income_policy,MDG,2016,-0.18095238095237676,-1.7981763560658712,1.6172239751134945
M2_income_policy,MDG,2017,0.31904761904762324,-1.70006843385719,2.0191160529048133
M2_income_policy,MDG,2018,0.6190476190476275,-1.563680786284099,2.1827284053317264
M2_income_policy,MDG,2019,0.9190476190476247,-1.0479614788812532,1.967009097928878
M2_income_policy,MDG,2020,1.3190476190476232,-0.9854918501817579,2.3045394692293812
M2_income_policy,MDG,2021,1.719047619047629,-0.6527258618907412,2.37177348093837
M2_income_policy,MDG,2022,2.4190476190476247,-0.21868576625408429,2.637733385301709
M2_income_policy,MDG,2023,3.219047619047629,0.3680978510679276,2.850949767979701
M2_income_policy,MLI,2003,4.952380952380949,4.226245747524869,0.7261352048560799
M2_income_policy,MLI,2004,4.352380952380955,3.5713347985258954,0.7810461538550593
M2_income_policy,MLI,2005,3.652380952380952,2.9454052098965238,0.7069757424844281
M2_income_policy,MLI,2006,2.8523809523809547,2.2985699602963785,0.5538109920845762
M2_income_policy,MLI,2007,2.0523809523809504,1.619653949453468,0.43272700292748234
M2_income_policy,MLI,2008,1.1523809523809518,0.9529419596151313,0.19943899276582056
M2_income_policy,MLI,2009,0.3523809523809547,0.21427626312138415,0.13810468925957053
M2_income_policy,MLI,2010,-0.4476190476190496,-0.313097247962118,-0.13452179965693156
M2_income_policy,MLI,2011,-1.1476190476190453,-0.7569062764877572,-0.3907127711312881
M2_income_policy,MLI,2012,-1.7476190476190467,-1.163580780696043,-0.5840382669230038
M2_income_policy,MLI,2013,-2.1476190476190453,-1.390052890830263,-0.7575661567887824
M2_income_policy,MLI,2014,-2.4476190476190496,-1.60386793140785,-0.8437511162111997
M2_income_policy,MLI,2015,-2.547619047619051,-1.924107923188142,-0.6235111244309091
M2_income_policy,MLI,2016,-2.4476190476190496,-2.0546526552624838,-0.39296639235656583
M2_income_policy,MLI,2017,-2.1476190476190453,-1.9225820420733277,-0.2250370055457176
M2_income_policy,MLI,2018,-1.8476190476190482,-1.5426517020277473,-0.3049673455913009
M2_income_policy,MLI,2019,-1.547619047619051,-1.372492470417245,-0.17512657720180602
M2_income_policy,MLI,2020,-1.047619047619051,-1.1794501547178733,0.1318311070988223
M2_income_policy,MLI,2021,-0.547619047619051,-0.6789420825524107,0.13132303493335973
M2_income_policy,MLI,2022,0.05238095238095042,-0.2584328201801094,0.3108137725610598
M2_income_policy,MLI,2023,0.6523809523809518,0.3323890893697109,0.31999186301124094
M2_income_policy,MOZ,2003,2.4476190476190425,3.5995328351115328,-1.1519137874924903
M2_income_policy,MOZ,2004,2.047619047619044,3.0916499340946744,-1.0440308864756305
M2_income_policy,MOZ,2005,1.547619047619044,2.5559067497106214,-1.0082877020915775
M2_income_policy,MOZ,2006,1.1476190476190382,2.040941679465367,-0.893322631846329
M2_income_policy,MOZ,2007,0.5476190476190439,1.4934398105616178,-0.9458207629425739
M2_income_policy,MOZ,2008,0.0476190476190439,0.9022557476537243,-0.8546367000346804
M2_income_policy,MOZ,2009,-0.3523809523809618,0.3916596327097442,-0.7440405850907059
M2_income_policy,MOZ,2010,-0.8523809523809618,-0.1054297345134168,-0.746951217867545
M2_income_policy,MOZ,2011,-0.9523809523809561,-0.46558830905625725,-0.48679264332469885
M2_income_policy,MOZ,2012,-1.0523809523809575,-0.6969346851989032,-0.3554462671820543
M2_income_policy,MOZ,2013,-1.0523809523809575,-0.8639124880839522,-0.18846846429700537
M2_income_policy,MOZ,2014,-0.9523809523809561,-1.301307387153584,0.34892643477262797
M2_income_policy,MOZ,2015,-0.8523809523809618,-1.6337636768343529,0.7813827244533911
M2_income_policy,MOZ,2016,-0.652380952380959,-1.5711429269318224,0.9187619745508635
M2_income_policy,MOZ,2017,-0.5523809523809575,-1.9368398983564865,1.384458945975529
M2_income_policy,MOZ,2018,-0.5523809523809575,-1.5478593867047186,0.995478434323761
M2_income_policy,MOZ,2019,-0.4523809523809561,-1.652819549995318,1.200438597614362
M2_income_policy,MOZ,2020,-0.4523809523809561,-1.2189517293406793,0.7665707769597232
M2_income_policy,MOZ,2021,-0.15238095238095895,-0.9332666507012484,0.7808856983202894
M2_income_policy,MOZ,2022,0.24761904761903963,-0.49201889375468544,0.7396379413737251
M2_income_policy,MOZ,2023,0.847619047619041,0.3444489273181062,0.5031701203009349
M2_income_policy,MRT,2003,2.509523809523806,3.835792369409117,-1.3262685598853112
M2_income_policy,MRT,2004,2.2095238095238017,3.25708960230168,-1.0475657927778785
M2_income_policy,MRT,2005,1.9095238095238045,2.7612379656071244,-0.8517141560833199
M2_income_policy,MRT,2006,1.509523809523806,2.4060078334374992,-0.8964840239136933
M2_income_policy,MRT,2007,1.009523809523806,1.6512000312825603,-0.6416762217587544
M2_income_policy,MRT,2008,0.6095238095238074,0.896429589095681,-0.2869057795718737
M2_income_policy,MRT,2009,0.10952380952380736,0.2531790671950468,-0.14365525767123943
M2_income_policy,MRT,2010,-0.2904761904761983,-0.34294938010951326,0.05247318963331493
M2_income_policy,MRT,2011,-0.6904761904761969,-0.769056127235304,0.07857993675910713
M2_income_policy,MRT,2012,-1.0904761904761955,-1.0744754607032379,-0.016000729772957634
M2_income_policy,MRT,2013,-1.2904761904761983,-1.2921547750256777,0.0016785845494793339
M2_income_policy,MRT,2014,-1.3904761904761926,-1.5539365747133576,0.1634603842371649
M2_income_policy,MRT,2015,-1.3904761904761926,-1.895883059151791,0.5054068686755984
M2_income_policy,MRT,2016,-1.2904761904761983,-1.9106417267566722,0.6201655362804739
M2_income_policy,MRT,2017,-1.190476190476197,-1.7494234611432744,0.5589472706670775
M2_income_policy,MRT,2018,-0.9904761904761941,-1.573708817813857,0.5832326273376629
M2_income_policy,MRT,2019,-0.7904761904761983,-1.2241505697083954,0.4336743792321971
M2_income_policy,MRT,2020,-0.49047619047619406,-1.0066993728309193,0.5162231823547252
M2_income_policy,MRT,2021,-0.1904761904761969,-0.7585042270114131,0.5680280365352162
M2_income_policy,MRT,2022,0.3095238095238031,-0.2714710659536308,0.5809948754774339
M2_income_policy,MRT,2023,0.9095238095238045,0.3621181598283131,0.5474056496954914
M2_income_policy,MUS,2003,-4.580952380952379,3.7429115919241953,-8.323863972876573
M2_income_policy,MUS,2004,-4.480952380952381,3.185307820669964,-7.666260201622345
M2_income_policy,MUS,2005,-4.38095238095238,2.596455062519643,-6.977407443472023
M2_income_policy,MUS,2006,-4.280952380952382,1.987625165608352,-6.268577546560733
M2_income_policy,MUS,2007,-4.18095238095238,1.3952050020396496,-5.5761573829920295
M2_income_policy,MUS,2008,-3.980952380952381,0.7484238501828919,-4.729376231135273
M2_income_policy,MUS,2009,-3.7809523809523817,0.1613361922566023,-3.942288573208984
M2_income_policy,MUS,2010,-3.480952380952381,-0.38234253136585444,-3.0986098495865266
M2_income_policy,MUS,2011,-3.080952380952379,-0.8080566941972993,-2.2728956867550796
M2_income_policy,MUS,2012,-2.3809523809523796,-1.2231649806489897,-1.15778740030339
M2_income_policy,MUS,2013,-1.6809523809523803,-1.4580091437860667,-0.2229432371663136
M2_income_policy,MUS,2014,-0.7809523809523817,-1.4626416788091678,0.6816892978567861
M2_income_policy,MUS,2015,0.21904761904761827,-1.4467381805719635,1.6657857996195817
M2_income_policy,MUS,2016,1.2190476190476183,-1.432209350021641,2.6512569690692596
M2_income_policy,MUS,2017,2.2190476190476183,-1.3535342098078602,3.5725818288554785
M2_income_policy,MUS,2018,3.2190476190476183,-1.2156132736677645,4.4346608927153826
M2_income_policy,MUS,2019,4.31904761904762,-1.1560129713713716,5.475060590418991
M2_income_policy,MUS,2020,5.419047619047621,-1.0974413133194565,6.516488932367078
M2_income_policy,MUS,2021,6.719047619047618,-0.785464771032953,7.5045123900805715
M2_income_policy,MUS,2022,8.11904761904762,-0.29855469585414307,8.417602314901764
M2_income_policy,MUS,2023,9.619047619047617,0.3025191092532382,9.316528509794379
M2_income_policy,MWI,2003,2.9142857142857146,4.198909798226916,-1.2846240839412015
M2_income_policy,MWI,2004,2.2142857142857153,3.63600711872292,-1.4217214044372048
M2_income_policy,MWI,2005,1.514285714285716,3.0348595224095614,-1.5205738081238453
M2_income_policy,MWI,2006,0.7142857142857153,2.164663666393443,-1.4503779521077278
M2_income_policy,MWI,2007,-0.08571428571428541,1.6552825736338752,-1.7409968593481606
M2_income_policy,MWI,2008,-0.8857142857142861,0.8277839389364698,-1.713498224650756
M2_income_policy,MWI,2009,-1.5857142857142854,0.37397457409744184,-1.9596888598117272
M2_income_policy,MWI,2010,-2.0857142857142854,-0.3759190639255915,-1.7097952217886938
M2_income_policy,MWI,2011,-2.2857142857142847,-0.7736454189489586,-1.5120688667653261
M2_income_policy,MWI,2012,-2.385714285714286,-1.121377490090069,-1.264336795624217
M2_income_policy,MWI,2013,-2.1857142857142833,-1.3089593909111379,-0.8767548948031454
M2_income_policy,MWI,2014,-1.8857142857142861,-1.3183966095985828,-0.5673176761157033
M2_income_policy,MWI,2015,-1.485714285714284,-1.0201657035804674,-0.46554858213381656
M2_income_policy,MWI,2016,-0.985714285714284,-1.2528266908886692,0.26711240517438517
M2_income_policy,MWI,2017,-0.5857142857142854,-1.378605490609638,0.7928912048953527
M2_income_policy,MWI,2018,-0.08571428571428541,-1.7112725485078228,1.6255582627935374
M2_income_policy,MWI,2019,0.3142857142857167,-1.5144986042114956,1.8287843184972123
M2_income_policy,MWI,2020,0.9142857142857146,-1.2719911601869331,2.1862768744726475
M2_income_policy,MWI,2021,1.7142857142857153,-1.1997004093771235,2.9139861236628386
M2_income_policy,MWI,2022,2.614285714285714,-1.0891774794063527,3.7034631936920666
M2_income_policy,MWI,2023,3.614285714285714,-0.5549451321777386,4.169230846463453
M2_income_policy,NAM,2003,2.5047619047619065,3.5545084763738077,-1.0497465716119012
M2_income_policy,NAM,2004,1.8047619047619072,3.163870885286835,-1.359108980524928
M2_income_policy,NAM,2005,1.104761904761908,2.5774115529741826,-1.4726496482122746
M2_income_policy,NAM,2006,0.40476190476190865,2.0397730291548664,-1.6350111243929577
M2_income_policy,NAM,2007,-0.19523809523809277,1.470763459441588,-1.6660015546796807
M2_income_policy,NAM,2008,-0.7952380952380906,0.8103719069337936,-1.6056100021718842
M2_income_policy,NAM,2009,-1.2952380952380906,0.2011987668726573,-1.496436862110748
M2_income_policy,NAM,2010,-1.6952380952380928,-0.2912988631775203,-1.4039392320605724
M2_income_policy,NAM,2011,-1.895238095238092,-0.6738722300196478,-1.2213658652184443
M2_income_policy,NAM,2012,-1.9952380952380935,-0.9549981668017157,-1.0402399284363777
M2_income_policy,NAM,2013,-1.9952380952380935,-1.1384098040116517,-0.8568282912264418
M2_income_policy,NAM,2014,-1.895238095238092,-1.343464913474478,-0.551773181763614
M2_income_policy,NAM,2015,-1.5952380952380913,-1.479050389709372,-0.11618770552871927
M2_income_policy,NAM,2016,-1.2952380952380906,-1.5291967283894081,0.23395863315131749
M2_income_policy,NAM,2017,-0.8952380952380921,-1.5346586922366805,0.6394205969985884
M2_income_policy,NAM,2018,-0.39523809523809206,-1.4475837980664896,1.0523457028283976
M2_income_policy,NAM,2019,0.30476190476190723,-1.217725763177409,1.5224876679393162
M2_income_policy,NAM,2020,1.0047619047619065,-0.9966028347878273,2.001364739549734
M2_income_policy,NAM,2021,1.9047619047619087,-0.897163305715366,2.8019252104772745
M2_income_policy,NAM,2022,2.9047619047619087,-0.4476091747929057,3.3523710795548145
M2_income_policy,NAM,2023,4.0047619047619065,0.13373658732269703,3.8710253174392095
M2_income_policy,NER,2003,3.3714285714285666,4.140452090085866,-0.7690235186572991
M2_income_policy,NER,2004,2.771428571428565,3.451762258824511,-0.680333687395946
M2_income_policy,NER,2005,2.0714285714285623,2.9134520389197824,-0.8420234674912201
M2_income_policy,NER,2006,1.4714285714285609,2.2991839320829826,-0.8277553606544217
M2_income_policy,NER,2007,0.8714285714285666,1.6347719460780714,-0.7633433746495049
M2_income_policy,NER,2008,0.27142857142856514,1.035528455751006,-0.7640998843224409
M2_income_policy,NER,2009,-0.3285714285714363,0.20352982391503313,-0.5321012524864694
M2_income_policy,NER,2010,-0.9285714285714377,-0.27735685250829445,-0.6512145760631433
M2_income_policy,NER,2011,-1.2285714285714349,-1.1919541512291927,-0.03661727734224218
M2_income_policy,NER,2012,-1.4285714285714377,-1.39089467523953,-0.037676753331907786
M2_income_policy,NER,2013,-1.5285714285714391,-1.5990435780777785,0.0704721495063394
M2_income_policy,NER,2014,-1.5285714285714391,-1.6137212842224529,0.08514985565101374
M2_income_policy,NER,2015,-1.5285714285714391,-1.7827118929846486,0.2541404644132095
M2_income_policy,NER,2016,-1.3285714285714363,-1.9682284357190234,0.6396570071475871
M2_income_policy,NER,2017,-1.1285714285714334,-1.8339383637543276,0.7053669351828942
M2_income_policy,NER,2018,-0.9285714285714377,-1.623828360680387,0.6952569321089492
M2_income_policy,NER,2019,-0.6285714285714334,-1.216942546590719,0.5883711180192857
M2_income_policy,NER,2020,-0.3285714285714363,-0.9082198482177166,0.5796484196462803
M2_income_policy,NER,2021,0.07142857142856229,-0.659616328020232,0.7310448994487942
M2_income_policy,NER,2022,0.6714285714285637,-0.07681638556077824,0.7482449569893419
M2_income_policy,NER,2023,1.2714285714285651,0.46459215714776964,0.8068364142807956
M2_income_policy,NGA,2003,5.899999999999999,3.8714228055651625,2.028577194434836
M2_income_policy,NGA,2004,5.5,3.371702463769238,2.128297536230762
M2_income_policy,NGA,2005,5.0,2.82779912653336,2.17220087346664
M2_income_policy,NGA,2006,4.5,2.228993502271631,2.271006497728369
M2_income_policy,NGA,2007,3.8999999999999986,1.4766975123684614,2.4233024876315374
M2_income_policy,NGA,2008,3.1999999999999957,0.6958557472776772,2.5041442527223188
M2_income_policy,NGA,2009,2.3999999999999986,0.21061673085088592,2.1893832691491126
M2_income_policy,NGA,2010,1.6999999999999957,-0.27148298553102873,1.9714829855310245
M2_income_policy,NGA,2011,1.0,-0.6678961914554198,1.6678961914554198
M2_income_policy,NGA,2012,0.29999999999999716,-0.9695693350694997,1.2695693350694968
M2_income_policy,NGA,2013,-0.30000000000000426,-1.301500838135181,1.0015008381351767
M2_income_policy,NGA,2014,-0.9000000000000057,-1.3085728554303417,0.40857285543033606
M2_income_policy,NGA,2015,-1.4000000000000057,-1.2720331195452315,-0.12796688045477422
M2_income_policy,NGA,2016,-2.0,-1.3216423163088957,-0.6783576836911043
M2_income_policy,NGA,2017,-2.5,-1.4302537976084106,-1.0697462023915894
M2_income_policy,NGA,2018,-3.1000000000000014,-1.6354241017935518,-1.4645758982064496
M2_income_policy,NGA,2019,-3.700000000000003,-1.4867575684554462,-2.2132424315445567
M2_income_policy,NGA,2020,-4.300000000000004,-1.3569590373128464,-2.943040962687158
M2_income_policy,NGA,2021,-4.800000000000004,-1.0641568380668898,-3.7358431619331145
M2_income_policy,NGA,2022,-5.100000000000001,-0.7686705624429304,-4.331329437557071
M2_income_policy,NGA,2023,-5.300000000000004,0.1718316585193434,-5.471831658519347
M2_income_policy,RWA,2003,3.333333333333334,3.8214755050945497,-0.48814217176121577
M2_income_policy,RWA,2004,2.633333333333331,3.2978005407389843,-0.6644672074056532
M2_income_policy,RWA,2005,1.9333333333333318,2.8164060267024973,-0.8830726933691655
M2_income_policy,RWA,2006,1.2333333333333325,2.2874250416477824,-1.0540917083144499
M2_income_policy,RWA,2007,0.6333333333333329,1.733094686828946,-1.0997613534956132
M2_income_policy,RWA,2008,0.033333333333333215,0.7589717256921629,-0.7256383923588297
M2_income_policy,RWA,2009,-0.4666666666666668,0.2559154806226145,-0.7225821472892813
M2_income_policy,RWA,2010,-0.8666666666666671,-0.45828683112058904,-0.4083798355460781
M2_income_policy,RWA,2011,-1.0666666666666682,-1.024903208916635,-0.041763457750033206
M2_income_policy,RWA,2012,-1.1666666666666679,-1.2357286438876385,0.06906197722097063
M2_income_policy,RWA,2013,-1.1666666666666679,-1.4287084047097927,0.2620417380431248
M2_income_policy,RWA,2014,-1.0666666666666682,-1.4359845503574813,0.3693178836908131
M2_income_policy,RWA,2015,-0.9666666666666668,-1.7324107821100774,0.7657441154434106
M2_income_policy,RWA,2016,-0.8666666666666671,-1.867836354847797,1.0011696881811298
M2_income_policy,RWA,2017,-0.8666666666666671,-1.7174188973572306,0.8507522306905635
M2_income_policy,RWA,2018,-0.7666666666666675,-1.4591826281525857,0.6925159614859182
M2_income_policy,RWA,2019,-0.6666666666666679,-1.1871190684375663,0.5204524017708985
M2_income_policy,RWA,2020,-0.5666666666666682,-1.0030602406609321,0.43639357399426393
M2_income_policy,RWA,2021,-0.2666666666666675,-0.8156757898878363,0.5490091232211688
M2_income_policy,RWA,2022,0.13333333333333286,-0.025604663837190067,0.15893799717052293
M2_income_policy,RWA,2023,0.8333333333333339,0.420831056955848,0.41250227637748593
M2_income_policy,SDN,2003,2.4476190476190496,4.663206658694585,-2.2155876110755353
M2_income_policy,SDN,2004,2.1476190476190453,4.080853235547445,-1.9332341879283996
M2_income_policy,SDN,2005,1.8476190476190482,3.519042192163374,-1.6714231445443257
M2_income_policy,SDN,2006,1.4476190476190496,2.935763882499497,-1.4881448348804476
M2_income_policy,SDN,2007,1.047619047619044,2.3379428256114365,-1.2903237779923926
M2_income_policy,SDN,2008,0.6476190476190453,1.6676860900241108,-1.0200670424050655
M2_income_policy,SDN,2009,0.14761904761904532,0.9423063203514617,-0.7946872727324163
M2_income_policy,SDN,2010,-0.3523809523809547,0.1195189754347189,-0.4718999278156736
M2_income_policy,SDN,2011,-0.6523809523809518,-0.4339344013740535,-0.21844655100689836
M2_income_policy,SDN,2012,-0.9523809523809561,-1.21255896777223,0.26017801539127383
M2_income_policy,SDN,2013,-1.1523809523809518,-1.4586731328984226,0.30629218051747076
M2_income_policy,SDN,2014,-1.2523809523809533,-1.7324039208104631,0.48002296842950987
M2_income_policy,SDN,2015,-1.2523809523809533,-1.4603212012632052,0.20794024888225193
M2_income_policy,SDN,2016,-1.2523809523809533,-1.1633655684763917,-0.08901538390456154
M2_income_policy,SDN,2017,-1.1523809523809518,-1.6411127909110728,0.4887318385301209
M2_income_policy,SDN,2018,-0.9523809523809561,-1.656271038199221,0.7038900858182648
M2_income_policy,SDN,2019,-0.8523809523809547,-1.9098067948063964,1.0574258424254417
M2_income_policy,SDN,2020,-0.5523809523809504,-2.02263559870292,1.4702546463219694
M2_income_policy,SDN,2021,-0.25238095238095326,-2.1055751027868466,1.8531941504058933
M2_income_policy,SDN,2022,0.14761904761904532,-1.5403271938681495,1.6879462414871949
M2_income_policy,SDN,2023,0.7476190476190467,-1.9293344684572684,2.676953516076315
M2_income_policy,SEN,2003,7.385714285714286,3.8763837520526447,3.5093305336616414
M2_income_policy,SEN,2004,6.9857142857142875,3.2987421746890657,3.686972111025222
M2_income_policy,SEN,2005,6.4857142857142875,2.722583187774145,3.7631310979401427
M2_income_policy,SEN,2006,5.885714285714286,2.2557571598818407,3.6299571258324455
M2_income_policy,SEN,2007,5.185714285714283,1.613609533436383,3.5721047522779004
M2_income_policy,SEN,2008,4.285714285714285,0.9641162688636818,3.321598016850603
M2_income_policy,SEN,2009,3.385714285714286,0.20286357194382423,3.182850713770462
M2_income_policy,SEN,2010,2.2857142857142847,-0.5434493647736673,2.829163650487952
M2_income_policy,SEN,2011,1.2857142857142847,-1.0053328647464113,2.291047150460696
M2_income_policy,SEN,2012,0.3857142857142861,-1.4957133428801004,1.8814276285943865
M2_income_policy,SEN,2013,-0.5142857142857125,-1.7317468377922351,1.2174611235065227
M2_income_policy,SEN,2014,-1.4142857142857181,-1.7328570880379632,0.3185713737522451
M2_income_policy,SEN,2015,-2.2142857142857153,-1.618338906762512,-0.5959468075232033
M2_income_policy,SEN,2016,-2.914285714285718,-1.7096707034757275,-1.2046150108099907
M2_income_policy,SEN,2017,-3.614285714285714,-1.512395215582703,-2.101890498703011
M2_income_policy,SEN,2018,-4.314285714285717,-1.2890098774696355,-3.025275836816081
M2_income_policy,SEN,2019,-4.914285714285718,-1.101368143924223,-3.812917570361495
M2_income_policy,SEN,2020,-5.5142857142857125,-0.8212127458334016,-4.693072968452311
M2_income_policy,SEN,2021,-5.914285714285718,-0.626538009822083,-5.287747704463635
M2_income_policy,SEN,2022,-6.114285714285714,-0.1763130246414112,-5.937972689644303
M2_income_policy,SEN,2023,-6.114285714285714,0.4298904771004738,-6.544176191386188
M2_income_policy,SLE,2003,5.51428571428572,3.9290722986476534,1.5852134156380662
M2_income_policy,SLE,2004,5.01428571428572,3.3693590657482866,1.644926648537433
M2_income_policy,SLE,2005,4.314285714285717,2.791817367819787,1.5224683464659297
M2_income_policy,SLE,2006,3.7142857142857153,2.173477128257112,1.5408085860286032
M2_income_policy,SLE,2007,3.0142857142857196,1.5542396841797728,1.4600460301059468
M2_income_policy,SLE,2008,2.2142857142857153,0.8990422799463776,1.3152434343393375
M2_income_policy,SLE,2009,1.3142857142857167,0.3006792721050112,1.0136064421807056
M2_income_policy,SLE,2010,0.5142857142857196,-0.20358453235578977,0.7178702466415093
M2_income_policy,SLE,2011,-0.18571428571428328,-0.5372372709821582,0.35152298526787495
M2_income_policy,SLE,2012,-0.885714285714279,-0.8981883161384582,0.012474030424179161
M2_income_policy,SLE,2013,-1.385714285714279,-0.8986892937704313,-0.48702499194384774
M2_income_policy,SLE,2014,-1.7857142857142847,-1.1909008304146842,-0.5948134552996005
M2_income_policy,SLE,2015,-2.085714285714282,-1.4867283809863878,-0.598985904727894
M2_income_policy,SLE,2016,-2.2857142857142847,-1.3824173344342952,-0.9032969512799895
M2_income_policy,SLE,2017,-2.385714285714279,-1.6573168867987893,-0.7283973989154897
M2_income_policy,SLE,2018,-2.585714285714282,-1.886719202751748,-0.6989950829625338
M2_income_policy,SLE,2019,-2.585714285714282,-1.6875649286976744,-0.8981493570166075
M2_income_policy,SLE,2020,-2.585714285714282,-1.4706948460551477,-1.1150194396591342
M2_income_policy,SLE,2021,-2.585714285714282,-1.0987787582973882,-1.4869355274168936
M2_income_policy,SLE,2022,-2.2857142857142847,-0.6251379488104905,-1.6605763369037942
M2_income_policy,SLE,2023,-1.9857142857142804,0.006271433789437397,-1.9919857195037178
M2_income_policy,SOM,2003,0.34761904761904816,3.438787201041454,-3.091168153422406
M2_income_policy,SOM,2004,-0.052380952380957524,2.8833064176653003,-2.935687370046258
M2_income_policy,SOM,2005,-0.3523809523809547,2.331416699413522,-2.683797651794477
M2_income_policy,SOM,2006,-0.6523809523809518,1.7293285452686087,-2.3817094976495605
M2_income_policy,SOM,2007,-0.9523809523809561,1.136194560671525,-2.088575513052481
M2_income_policy,SOM,2008,-1.2523809523809533,0.5123522247009344,-1.7647331770818877
M2_income_policy,SOM,2009,-1.452380952380956,-0.012505872554317732,-1.4398750798266384
M2_income_policy,SOM,2010,-1.7523809523809533,-0.5217633628286977,-1.2306175895522555
M2_income_policy,SOM,2011,-1.6523809523809518,-0.8777596668604531,-0.7746212855204987
M2_income_policy,SOM,2012,-1.452380952380956,-1.1284868990416372,-0.32389405333931887
M2_income_policy,SOM,2013,-1.1523809523809518,-1.4396047953236053,0.28722384294265346
M2_income_policy,SOM,2014,-0.7523809523809533,-1.444647223622796,0.6922662712418428
M2_income_policy,SOM,2015,-0.25238095238095326,-1.3193776312659335,1.0669966788849803
M2_income_policy,SOM,2016,0.24761904761904674,-1.4399459406750026,1.6875649882940493
M2_income_policy,SOM,2017,0.6476190476190453,-1.376474146246779,2.0240931938658244
M2_income_policy,SOM,2018,0.9476190476190425,-1.2672900926505473,2.2149091402695897
M2_income_policy,SOM,2019,1.1476190476190453,-0.9663489670639154,2.1139680146829605
M2_income_policy,SOM,2020,1.4476190476190425,-0.6293735160523587,2.0769925636714013
M2_income_policy,SOM,2021,1.8476190476190482,-0.15516788341594834,2.0027869310349966
M2_income_policy,SOM,2022,2.2476190476190467,0.07626639439058391,2.171352653228463
M2_income_policy,SOM,2023,2.847619047619048,0.4710939544500932,2.3765250931689548
M2_income_policy,SSD,2008,0.5,2.4249277425030975,-1.9249277425030975
M2_income_policy,SSD,2009,0.0,1.8523613102384016,-1.8523613102384016
M2_income_policy,SSD,2010,-0.3000000000000007,1.259998065529171,-1.5599980655291716
M2_income_policy,SSD,2011,-0.5,0.5542134157232376,-1.0542134157232375
M2_income_policy,SSD,2012,-0.40000000000000213,-1.4279936152378436,1.0279936152378415
M2_income_policy,SSD,2013,-0.10000000000000142,-1.4661818453917062,1.3661818453917047
M2_income_policy,SSD,2014,0.1999999999999993,-1.4851226364230437,1.685122636423043
M2_income_policy,SSD,2015,0.5999999999999979,-1.7122024369413127,2.312202436941311
M2_income_policy,STP,2003,5.519047619047626,3.533357083642894,1.985690535404732
M2_income_policy,STP,2004,4.919047619047625,2.9313247858488993,1.9877228331987253
M2_income_policy,STP,2005,4.219047619047629,2.4045983669994944,1.8144492520481346
M2_income_policy,STP,2006,3.6190476190476275,1.8776223289610732,1.7414252900865543
M2_income_policy,STP,2007,2.8190476190476232,1.254028407324896,1.5650192117227273
M2_income_policy,STP,2008,2.019047619047626,0.6623561115464901,1.3566915075011359
M2_income_policy,STP,2009,1.219047619047629,0.11710135673451665,1.1019462623131122
M2_income_policy,STP,2010,0.5190476190476261,-0.47323649809515306,0.9922841171427792
M2_income_policy,STP,2011,-0.18095238095237676,-0.9088796631079339,0.7279272821555571
M2_income_policy,STP,2012,-0.6809523809523768,-1.2111195246268147,0.530167143674438
M2_income_policy,STP,2013,-1.1809523809523768,-1.3708658655626633,0.18991348461028656
M2_income_policy,STP,2014,-1.480952380952374,-1.3681190756861354,-0.11283330526623847
M2_income_policy,STP,2015,-1.780952380952371,-1.5607549703430585,-0.22019741060931253
M2_income_policy,STP,2016,-1.980952380952374,-1.6863402041216955,-0.2946121768306784
M2_income_policy,STP,2017,-2.280952380952371,-1.5209317232578623,-0.7600206576945088
M2_income_policy,STP,2018,-2.480952380952374,-1.3058833169300583,-1.1750690640223156
M2_income_policy,STP,2019,-2.5809523809523753,-1.1532412573198332,-1.4277111236325422
M2_income_policy,STP,2020,-2.6809523809523768,-0.601056121091065,-2.0798962598613118
M2_income_policy,STP,2021,-2.6809523809523768,-0.30187230970961954,-2.379080071242757
M2_income_policy,STP,2022,-2.5809523809523753,0.07755301138743143,-2.6585053923398068
M2_income_policy,STP,2023,-2.280952380952371,0.6043590774060784,-2.8853114583584496
M2_income_policy,SWZ,2003,2.2857142857142847,3.719192438903618,-1.4334781531893332
M2_income_policy,SWZ,2004,1.6857142857142833,3.1617989977042837,-1.4760847119900005
M2_income_policy,SWZ,2005,1.1857142857142833,2.656079080095003,-1.4703647943807199
M2_income_policy,SWZ,2006,0.6857142857142833,2.119761338117991,-1.4340470524037077
M2_income_policy,SWZ,2007,0.18571428571428328,1.5418222201014342,-1.356107934387151
M2_income_policy,SWZ,2008,-0.11428571428571743,0.8726702356333834,-0.9869559499191009
M2_income_policy,SWZ,2009,-0.514285714285716,0.30950310382201074,-0.8237888181077268
M2_income_policy,SWZ,2010,-0.9142857142857181,-0.20505963026909946,-0.7092260840166187
M2_income_policy,SWZ,2011,-1.2142857142857153,-1.051788708514319,-0.16249700577139636
M2_income_policy,SWZ,2012,-1.514285714285716,-1.3103235210057336,-0.20396219327998244
M2_income_policy,SWZ,2013,-1.6142857142857174,-1.4778758695656034,-0.13640984472011408
M2_income_policy,SWZ,2014,-1.6142857142857174,-1.5212953524763575,-0.09299036180935993
M2_income_policy,SWZ,2015,-1.6142857142857174,-1.4609562117997656,-0.15332950248595179
M2_income_policy,SWZ,2016,-1.4142857142857181,-1.6045297473932472,0.19024403310752902
M2_income_policy,SWZ,2017,-1.1142857142857174,-1.457008272744252,0.3427225584585345
M2_income_policy,SWZ,2018,-0.7142857142857153,-1.3379312631026217,0.6236455488169064
M2_income_policy,SWZ,2019,-0.2142857142857153,-1.3157952291753692,1.1015095148896539
M2_income_policy,SWZ,2020,0.38571428571428257,-1.1226731593567016,1.5083874450709842
M2_income_policy,SWZ,2021,1.1857142857142833,-0.7755320908708169,1.9612463765851
M2_income_policy,SWZ,2022,1.985714285714284,-0.16980794269035737,2.1555222284046414
M2_income_policy,SWZ,2023,2.985714285714284,0.4297495845865258,2.555964701127758
M2_income_policy,SYC,2003,0.7095238095238123,3.43114767079931,-2.7216238612754977
M2_income_policy,SYC,2004,0.4095238095238116,2.7694209643795626,-2.359897154855751
M2_income_policy,SYC,2005,0.10952380952381091,2.3064541873801336,-2.1969303778563227
M2_income_policy,SYC,2006,-0.29047619047618767,1.7742611086629552,-2.064737299139143
M2_income_policy,SYC,2007,-0.6904761904761862,1.2692583478686328,-1.959734538344819
M2_income_policy,SYC,2008,-0.990476190476187,0.4881568812129887,-1.4786330716891758
M2_income_policy,SYC,2009,-1.1904761904761862,-0.1587424222428041,-1.0317337682333823
M2_income_policy,SYC,2010,-1.2904761904761877,-0.7164371922341861,-0.5740389982420016
M2_income_policy,SYC,2011,-1.2904761904761877,-0.9578287489233686,-0.3326474415528191
M2_income_policy,SYC,2012,-1.2904761904761877,-1.2636309127999232,-0.026845277676264434
M2_income_policy,SYC,2013,-1.1904761904761862,-1.5228450685228652,0.3323688780466789
M2_income_policy,SYC,2014,-0.990476190476187,-1.5696151275114971,0.5791389370353102
M2_income_policy,SYC,2015,-0.6904761904761862,-1.4372882340692956,0.7468120435931094
M2_income_policy,SYC,2016,-0.29047619047618767,-1.2464649888155732,0.9559887983393855
M2_income_policy,SYC,2017,-0.09047619047618838,-1.0668993020640258,0.9764231115878375
M2_income_policy,SYC,2018,0.30952380952381375,-0.8709321492053662,1.1804559587291799
M2_income_policy,SYC,2019,0.6095238095238109,-0.6592443838200951,1.268768193343906
M2_income_policy,SYC,2020,1.109523809523811,-0.6349457999324771,1.7444696094562882
M2_income_policy,SYC,2021,1.7095238095238123,-0.350916421741728,2.0604402312655403
M2_income_policy,SYC,2022,2.3095238095238138,-0.1157606222455595,2.425284431769373
M2_income_policy,SYC,2023,3.009523809523813,0.5328522138250835,2.4766715956987295
M2_income_policy,TCD,2003,5.885714285714286,3.2376663535025045,2.6480479322117816
M2_income_policy,TCD,2004,5.4857142857142875,3.0872508684585367,2.398463417255751
M2_income_policy,TCD,2005,4.9857142857142875,2.705311296472449,2.2804029892418387
M2_income_policy,TCD,2006,4.385714285714286,1.9745652718755005,2.4111490138387857
M2_income_policy,TCD,2007,3.885714285714286,1.3393567442266003,2.546357541487686
M2_income_policy,TCD,2008,3.1857142857142904,0.665368609218156,2.5203456764961345
M2_income_policy,TCD,2009,2.585714285714289,0.002627981121940043,2.583086304592349
M2_income_policy,TCD,2010,1.9857142857142875,-0.3846312365162738,2.3703455222305614
M2_income_policy,TCD,2011,0.9857142857142875,-0.7866668967322916,1.7723811824465792
M2_income_policy,TCD,2012,0.08571428571428896,-0.9949954861009324,1.0807097718152212
M2_income_policy,TCD,2013,-0.7142857142857153,-1.224855016376778,0.5105693020910627
M2_income_policy,TCD,2014,-1.5142857142857125,-1.2975459037017258,-0.21673981058398661
M2_income_policy,TCD,2015,-2.2142857142857153,-1.2327353553204334,-0.9815503589652819
M2_income_policy,TCD,2016,-2.914285714285711,-1.5605218571091717,-1.3537638571765394
M2_income_policy,TCD,2017,-3.5142857142857125,-1.5296823309051997,-1.9846033833805128
M2_income_policy,TCD,2018,-3.7142857142857153,-1.3267008848889725,-2.3875848293967428
M2_income_policy,TCD,2019,-3.8142857142857096,-1.1422687079302936,-2.672017006355416
M2_income_policy,TCD,2020,-3.914285714285711,-0.9250322378223163,-2.9892534764633947
M2_income_policy,TCD,2021,-3.914285714285711,-0.6764244153387802,-3.237861298946931
M2_income_policy,TCD,2022,-3.7142857142857153,-0.24272502512173366,-3.4715606891639816
M2_income_policy,TCD,2023,-3.5142857142857125,0.3126382289892458,-3.8269239432749584
M2_income_policy,TGO,2003,3.9761904761904745,4.109663909560064,-0.1334734333695895
M2_income_policy,TGO,2004,3.576190476190476,3.403667854361007,0.1725226218294691
M2_income_policy,TGO,2005,3.1761904761904702,2.619521036905593,0.5566694392848772
M2_income_policy,TGO,2006,2.6761904761904702,1.9499535320937007,0.7262369440967695
M2_income_policy,TGO,2007,2.1761904761904702,1.1950263407037582,0.981164135486712
M2_income_policy,TGO,2008,1.576190476190476,0.5313101335806952,1.0448803426097806
M2_income_policy,TGO,2009,0.9761904761904745,0.005061808985677041,0.9711286672047974
M2_income_policy,TGO,2010,0.3761904761904731,-0.5167176513072718,0.8929081274977448
M2_income_policy,TGO,2011,-0.12380952380952692,-0.8920066307681226,0.7681971069585957
M2_income_policy,TGO,2012,-0.6238095238095269,-1.3582269442203916,0.7344174204108647
M2_income_policy,TGO,2013,-1.0238095238095255,-1.7369742782836348,0.7131647544741093
M2_income_policy,TGO,2014,-1.3238095238095298,-1.725948474007187,0.40213895019765733
M2_income_policy,TGO,2015,-1.5238095238095255,-1.8310469223210515,0.307237398511526
M2_income_policy,TGO,2016,-1.7238095238095283,-1.9720696099930126,0.24826008618348427
M2_income_policy,TGO,2017,-1.8238095238095298,-1.5936337623894392,-0.23017576142009055
M2_income_policy,TGO,2018,-1.923809523809524,-1.3805591098619876,-0.5432504139475365
M2_income_policy,TGO,2019,-1.923809523809524,-0.9567664101135882,-0.9670431136959359
M2_income_policy,TGO,2020,-1.923809523809524,-0.6588530773714827,-1.2649564464380414
M2_income_policy,TGO,2021,-1.8238095238095298,-0.28978624051862306,-1.5340232832909066
M2_income_policy,TGO,2022,-1.623809523809527,0.2244061595900566,-1.8482156833995835
M2_income_policy,TGO,2023,-1.123809523809527,0.8739783353752673,-1.9977878591847942
M2_income_policy,TZA,2003,3.3619047619047606,3.837309027406893,-0.47540426550213244
M2_income_policy,TZA,2004,2.961904761904762,3.3078884846085446,-0.3459837227037825
M2_income_policy,TZA,2005,2.3619047619047606,2.7882060611891206,-0.42630129928436
M2_income_policy,TZA,2006,1.6619047619047578,2.2069443180150508,-0.545039556110293
M2_income_policy,TZA,2007,0.961904761904762,1.6370788195494654,-0.6751740576447034
M2_income_policy,TZA,2008,0.2619047619047592,1.0230332567167866,-0.7611284948120274
M2_income_policy,TZA,2009,-0.43809523809523654,0.5102619587684409,-0.9483571968636775
M2_income_policy,TZA,2010,-0.9380952380952365,0.010025538537065448,-0.948120776632302
M2_income_policy,TZA,2011,-1.2380952380952408,-0.566202662689135,-0.6718925754061058
M2_income_policy,TZA,2012,-1.4380952380952365,-1.094533025962377,-0.34356221213285965
M2_income_policy,TZA,2013,-1.3380952380952422,-1.4923042227005279,0.15420898460528565
M2_income_policy,TZA,2014,-1.2380952380952408,-2.1865479898207276,0.9484527517254868
M2_income_policy,TZA,2015,-1.1380952380952394,-2.0883452659515616,0.9502500278563222
M2_income_policy,TZA,2016,-1.038095238095238,-1.9894283423783774,0.9513331042831394
M2_income_policy,TZA,2017,-0.9380952380952365,-1.8200531728995024,0.8819579348042659
M2_income_policy,TZA,2018,-0.8380952380952422,-1.625660460487654,0.7875652223924117
M2_income_policy,TZA,2019,-0.7380952380952408,-1.199142702215606,0.46104746412036524
M2_income_policy,TZA,2020,-0.6380952380952394,-0.9301859348254631,0.2920906967302237
M2_income_policy,TZA,2021,-0.3380952380952422,-0.6063732624666112,0.26827802437136894
M2_income_policy,TZA,2022,0.06190476190476346,-0.1609954835871551,0.22290024549191856
M2_income_policy,TZA,2023,0.6619047619047578,0.43902506119336154,0.22287970071139623
M2_income_policy,UGA,2003,4.819047619047616,4.316458992907846,0.5025886261397705
M2_income_policy,UGA,2004,3.9190476190476176,3.7781772517241494,0.14087036732346814
M2_income_policy,UGA,2005,3.119047619047617,3.237122024310631,-0.11807440526301427
M2_income_policy,UGA,2006,2.119047619047617,2.509557285684272,-0.390509666636655
M2_income_policy,UGA,2007,1.2190476190476147,1.974090596306906,-0.7550429772592913
M2_income_policy,UGA,2008,0.31904761904761614,1.1858761769503712,-0.866828557902755
M2_income_policy,UGA,2009,-0.4809523809523846,0.4631015408555483,-0.9440539218079329
M2_income_policy,UGA,2010,-1.1809523809523839,-0.05508285698584775,-1.1258695239665362
M2_income_policy,UGA,2011,-1.6809523809523839,-0.3625012059097047,-1.318451175042679
M2_income_policy,UGA,2012,-1.8809523809523832,-1.140839720260791,-0.7401126606915922
M2_income_policy,UGA,2013,-1.9809523809523846,-1.597730252208609,-0.3832221287437756
M2_income_policy,UGA,2014,-1.8809523809523832,-2.093284653756479,0.21233227280409572
M2_income_policy,UGA,2015,-1.6809523809523839,-2.0116943706528816,0.33074198970049773
M2_income_policy,UGA,2016,-1.4809523809523846,-1.9542835480211136,0.473331167068729
M2_income_policy,UGA,2017,-1.3809523809523832,-1.8603396663590204,0.4793872854066372
M2_income_policy,UGA,2018,-1.1809523809523839,-1.65637333457183,0.47542095361944603
M2_income_policy,UGA,2019,-0.9809523809523846,-1.459558980576078,0.47860659962369345
M2_income_policy,UGA,2020,-0.6809523809523839,-0.9466814817905783,0.26572910083819445
M2_income_policy,UGA,2021,-0.2809523809523853,-0.8805737960954554,0.5996214151430701
M2_income_policy,UGA,2022,0.21904761904761472,-0.9072653245805121,1.1263129436281267
M2_income_policy,UGA,2023,1.0190476190476154,-0.5381746769707813,1.5572222960183968
M2_income_policy,ZAF,2003,2.7619047619047628,4.251193893548325,-1.4892891316435621
M2_income_policy,ZAF,2004,2.1619047619047613,3.7042672398482797,-1.5423624779435183
M2_income_policy,ZAF,2005,1.461904761904762,2.9603235342741048,-1.4984187723693427
M2_income_policy,ZAF,2006,0.7619047619047628,2.1777349871759744,-1.4158302252712116
M2_income_policy,ZAF,2007,0.06190476190475991,1.6190229831328897,-1.5571182212281298
M2_income_policy,ZAF,2008,-0.538095238095238,0.9819752719880631,-1.520070510083301
M2_income_policy,ZAF,2009,-1.1380952380952394,0.345369221171938,-1.4834644592671773
M2_income_policy,ZAF,2010,-1.6380952380952394,-0.41900079287916114,-1.2190944452160783
M2_income_policy,ZAF,2011,-1.8380952380952387,-0.825168229065611,-1.0129270090296276
M2_income_policy,ZAF,2012,-1.93809523809524,-1.1402717388775656,-0.7978234992176745
M2_income_policy,ZAF,2013,-1.8380952380952387,-1.3667942213926618,-0.47130101670257685
M2_income_policy,ZAF,2014,-1.7380952380952372,-1.449695610432813,-0.28839962766242433
M2_income_policy,ZAF,2015,-1.43809523809524,-1.4336023236735038,-0.0044929144217362715
M2_income_policy,ZAF,2016,-1.1380952380952394,-1.6431970970558174,0.505101858960578
M2_income_policy,ZAF,2017,-0.7380952380952372,-1.5420143708361542,0.803919132740917
M2_income_policy,ZAF,2018,-0.33809523809523867,-1.408982305658305,1.0708870675630664
M2_income_policy,ZAF,2019,0.16190476190476133,-1.536972905816595,1.6988776677213564
M2_income_policy,ZAF,2020,0.6619047619047613,-1.4298581219530535,2.0917628838578146
M2_income_policy,ZAF,2021,1.3619047619047606,-1.0718234982314772,2.4337282601362378
M2_income_policy,ZAF,2022,2.06190476190476,-0.6553284957388095,2.7172332576435694
M2_income_policy,ZAF,2023,2.8619047619047606,-0.11717741952809307,2.9790821814328536
M2_income_policy,ZMB,2003,5.18571428571428,3.833544870835844,1.3521694148784356
M2_income_policy,ZMB,2004,4.18571428571428,3.2989452371140398,0.88676904860024
M2_income_policy,ZMB,2005,3.285714285714281,2.7702704577909274,0.5154438279233537
M2_income_policy,ZMB,2006,2.3857142857142826,2.2060007487646414,0.1797135369496412
M2_income_policy,ZMB,2007,1.5857142857142819,1.6536569225377322,-0.06794263682345036
M2_income_policy,ZMB,2008,0.7857142857142811,1.0616222608806665,-0.2759079751663853
M2_income_policy,ZMB,2009,0.08571428571428186,-0.04271396665733322,0.1284282523716151
M2_income_policy,ZMB,2010,-0.41428571428571814,-0.4871637221232349,0.07287800783751675
M2_income_policy,ZMB,2011,-0.9142857142857181,-1.0984316172167803,0.18414590293106214
M2_income_policy,ZMB,2012,-1.2142857142857189,-1.341666083540921,0.12738036925520224
M2_income_policy,ZMB,2013,-1.4142857142857181,-1.3267973965904054,-0.08748831769531273
M2_income_policy,ZMB,2014,-1.4142857142857181,-1.801187122649889,0.38690140836417086
M2_income_policy,ZMB,2015,-1.5142857142857196,-1.5526706843245734,0.03838497003885388
M2_income_policy,ZMB,2016,-1.5142857142857196,-1.7284718033062885,0.2141860890205689
M2_income_policy,ZMB,2017,-1.6142857142857174,-1.6203695737817818,0.006083859496064381
M2_income_policy,ZMB,2018,-1.5142857142857196,-1.4579209498141004,-0.0563647644716192
M2_income_policy,ZMB,2019,-1.5142857142857196,-0.9229680399356758,-0.5913176743500438
M2_income_policy,ZMB,2020,-1.5142857142857196,-0.9664324858815941,-0.5478532284041254
M2_income_policy,ZMB,2021,-1.3142857142857203,-0.5999631495266347,-0.7143225647590856
M2_income_policy,ZMB,2022,-1.0142857142857196,-0.13725214089042143,-0.8770335733952981
M2_income_policy,ZMB,2023,-0.6142857142857174,0.25996823831578264,-0.8742539526015001
M2_income_policy,ZWE,2003,4.0238095238095255,4.148912203531398,-0.1251026797218726
M2_income_policy,ZWE,2004,3.5238095238095255,3.359191010224822,0.16461851358470359
M2_income_policy,ZWE,2005,3.123809523809527,2.581043252647334,0.542766271162193
M2_income_policy,ZWE,2006,2.623809523809527,1.8076549035983691,0.8161546202111578
M2_income_policy,ZWE,2007,2.123809523809527,1.034473513474016,1.089336010335511
M2_income_policy,ZWE,2008,1.5238095238095255,-0.11747484684671716,1.6412843706562428
M2_income_policy,ZWE,2009,1.0238095238095255,-0.4393779658108441,1.4631874896203696
M2_income_policy,ZWE,2010,0.5238095238095255,-0.6478823583445863,1.1716918821541118
M2_income_policy,ZWE,2011,-0.2761904761904752,-0.8200130644212023,0.543822588230727
M2_income_policy,ZWE,2012,-1.076190476190476,-0.8232580012457001,-0.2529324749447758
M2_income_policy,ZWE,2013,-1.576190476190476,-1.0402677843136252,-0.5359226918768507
M2_income_policy,ZWE,2014,-1.9761904761904745,-1.0818653480579195,-0.894325128132555
M2_income_policy,ZWE,2015,-2.276190476190475,-1.0250948075405955,-1.2510956686498798
M2_income_policy,ZWE,2016,-2.4761904761904745,-1.005665211291725,-1.4705252648987495
M2_income_policy,ZWE,2017,-2.576190476190476,-1.059212733742453,-1.5169777424480229
M2_income_policy,ZWE,2018,-2.276190476190475,-0.8410722369469368,-1.4351182392435384
M2_income_policy,ZWE,2019,-1.876190476190473,-1.3561020483516717,-0.5200884278388014
M2_income_policy,ZWE,2020,-1.4761904761904745,-1.5177436501613886,0.04155317397091407
M2_income_policy,ZWE,2021,-0.8761904761904731,-1.0837124754234457,0.20752199923297265
M2_income_policy,ZWE,2022,-0.2761904761904752,-0.35189822707902996,0.07570775088855475
M2_income_policy,ZWE,2023,0.5238095238095255,0.2793658761018708,0.2444436477076547
M2t_income_team_composite,AGO,2003,5.295238095238091,3.252771612578174,2.0424664826599166
M2t_income_team_composite,AGO,2004,4.795238095238091,2.8039788403758656,1.991259254862225
M2t_income_team_composite,AGO,2005,4.195238095238089,2.372609938713139,1.8226281565249502
M2t_income_team_composite,AGO,2006,3.595238095238095,1.8818968785626562,1.7133412166754387
M2t_income_team_composite,AGO,2007,2.895238095238092,1.4653215441753353,1.4299165510627567
M2t_income_team_composite,AGO,2008,2.095238095238095,0.9575147926535399,1.137723302584555
M2t_income_team_composite,AGO,2009,1.1952380952380892,0.39908876884274025,0.796149326395349
M2t_income_team_composite,AGO,2010,0.39523809523809206,-0.1269404939686528,0.5221785892067449
M2t_income_team_composite,AGO,2011,-0.3047619047619108,-0.9016848005293205,0.5969228957674098
M2t_income_team_composite,AGO,2012,-0.9047619047619051,-1.092996730886822,0.18823482612491693
M2t_income_team_composite,AGO,2013,-1.3047619047619108,-1.1839402005623012,-0.12082170419960958
M2t_income_team_composite,AGO,2014,-1.604761904761908,-1.1426996217783802,-0.4620622829835277
M2t_income_team_composite,AGO,2015,-1.904761904761905,-1.312760176356002,-0.5920017284059031
M2t_income_team_composite,AGO,2016,-2.0047619047619065,-1.2996924094331714,-0.7050694953287351
M2t_income_team_composite,AGO,2017,-2.104761904761908,-1.2358298092089164,-0.8689320955529916
M2t_income_team_composite,AGO,2018,-2.2047619047619094,-1.1361952333437666,-1.0685666714181428
M2t_income_team_composite,AGO,2019,-2.404761904761905,-1.1497942279333777,-1.2549676768285274
M2t_income_team_composite,AGO,2020,-2.5047619047619065,-1.0460192844025946,-1.458742620359312
M2t_income_team_composite,AGO,2021,-2.5047619047619065,-0.9826076719159809,-1.5221542328459257
M2t_income_team_composite,AGO,2022,-2.404761904761905,-0.5352573793916282,-1.869504525370277
M2t_income_team_composite,AGO,2023,-2.304761904761911,0.013235663809437526,-2.3179975685713483
M2t_income_team_composite,BDI,2003,-0.1904761904761898,4.183806193245215,-4.374282383721405
M2t_income_team_composite,BDI,2004,-0.9904761904761905,3.5985772185402407,-4.589053409016431
M2t_income_team_composite,BDI,2005,-1.7904761904761912,2.8844647103180545,-4.674940900794246
M2t_income_team_composite,BDI,2006,-2.4904761904761905,2.0917078902277426,-4.582184080703933
M2t_income_team_composite,BDI,2007,-3.090476190476192,1.469161279237283,-4.559637469713475
M2t_income_team_composite,BDI,2008,-3.69047619047619,0.8186712527427324,-4.5091474432189225
M2t_income_team_composite,BDI,2009,-4.090476190476192,0.24392270541648162,-4.334398895892673
M2t_income_team_composite,BDI,2010,-4.19047619047619,-0.3363704884197748,-3.854105702056415
M2t_income_team_composite,BDI,2011,-3.9904761904761905,-0.7556690815292788,-3.234807108946912
M2t_income_team_composite,BDI,2012,-3.4904761904761905,-1.0560073460460193,-2.434468844430171
M2t_income_team_composite,BDI,2013,-2.790476190476191,-1.1787836924798165,-1.6116924979963747
M2t_income_team_composite,BDI,2014,-1.8904761904761926,-1.3554592001998904,-0.5350169902763022
M2t_income_team_composite,BDI,2015,-0.8904761904761926,-1.3867228205980509,0.4962466301218582
M2t_income_team_composite,BDI,2016,0.20952380952380878,-1.3038297131633854,1.5133535226871941
M2t_income_team_composite,BDI,2017,1.3095238095238102,-1.5157990672932091,2.8253228768170193
M2t_income_team_composite,BDI,2018,2.30952380952381,-1.6619359173831452,3.9714597269069554
M2t_income_team_composite,BDI,2019,3.4095238095238116,-1.5843770139728874,4.993900823496699
M2t_income_team_composite,BDI,2020,4.609523809523807,-1.3702297113275803,5.9797535208513874
M2t_income_team_composite,BDI,2021,5.80952380952381,-0.9242713888620046,6.733795198385815
M2t_income_team_composite,BDI,2022,7.209523809523809,-0.7107588157576489,7.920282625281458
M2t_income_team_composite,BDI,2023,8.709523809523809,-0.15009699269504329,8.859620802218853
M2t_income_team_composite,BEN,2003,6.190476190476183,3.9121828738870748,2.278293316589108
M2t_income_team_composite,BEN,2004,5.49047619047618,3.339768676170758,2.150707514305422
M2t_income_team_composite,BEN,2005,4.790476190476177,2.6731227894171994,2.1173534010589776
M2t_income_team_composite,BEN,2006,3.99047619047618,2.0409448479518026,1.9495313425243772
M2t_income_team_composite,BEN,2007,3.1904761904761827,1.5051927007013508,1.6852834897748319
M2t_income_team_composite,BEN,2008,2.1904761904761827,0.89782490063655,1.2926512898396327
M2t_income_team_composite,BEN,2009,1.1904761904761827,0.3583304962778161,0.8321456941983666
M2t_income_team_composite,BEN,2010,0.290476190476177,-0.2195227390467126,0.5099989295228896
M2t_income_team_composite,BEN,2011,-0.6095238095238216,-0.615992030835637,0.0064682213118154586
M2t_income_team_composite,BEN,2012,-1.3095238095238173,-1.395439605425686,0.0859157959018686
M2t_income_team_composite,BEN,2013,-1.9095238095238187,-1.4228758608933942,-0.4866479486304245
M2t_income_team_composite,BEN,2014,-2.3095238095238173,-1.5142244006015746,-0.7952994089222427
M2t_income_team_composite,BEN,2015,-2.50952380952382,-1.6493610854057634,-0.8601627241180567
M2t_income_team_composite,BEN,2016,-2.6095238095238216,-1.5582511769457894,-1.0512726325780322
M2t_income_team_composite,BEN,2017,-2.709523809523823,-1.3664387915009573,-1.3430850180228657
M2t_income_team_composite,BEN,2018,-2.6095238095238216,-1.2908393627273753,-1.3186844467964463
M2t_income_team_composite,BEN,2019,-2.50952380952382,-1.484521977623452,-1.0250018319003682
M2t_income_team_composite,BEN,2020,-2.4095238095238187,-1.1718135058931884,-1.2377103036306303
M2t_income_team_composite,BEN,2021,-2.3095238095238173,-0.9629666338054648,-1.3465571757183525
M2t_income_team_composite,BEN,2022,-2.00952380952382,-0.45380333270280104,-1.555720476821019
M2t_income_team_composite,BEN,2023,-1.5095238095238201,0.3786832183652701,-1.8882070278890901
M2t_income_team_composite,BFA,2003,6.442857142857143,3.8703688085320707,2.5724883343250724
M2t_income_team_composite,BFA,2004,5.842857142857149,3.291341405988936,2.551515736868213
M2t_income_team_composite,BFA,2005,5.0428571428571445,2.7803650192038543,2.26249212365329
M2t_income_team_composite,BFA,2006,4.242857142857147,2.19590908912402,2.0469480537331273
M2t_income_team_composite,BFA,2007,3.442857142857143,1.4465133665292271,1.996343776327916
M2t_income_team_composite,BFA,2008,2.5428571428571445,0.8534246507579792,1.6894324920991652
M2t_income_team_composite,BFA,2009,1.7428571428571473,0.3189936881505251,1.4238634547066222
M2t_income_team_composite,BFA,2010,0.9428571428571431,-0.126138844308761,1.068995987165904
M2t_income_team_composite,BFA,2011,0.1428571428571459,-0.45052344083788887,0.5933805836950348
M2t_income_team_composite,BFA,2012,-0.4571428571428555,-0.8355417030547565,0.378398845911901
M2t_income_team_composite,BFA,2013,-0.9571428571428555,-1.4007585284826105,0.443615671339755
M2t_income_team_composite,BFA,2014,-1.357142857142854,-1.534810876076648,0.1776680189337938
M2t_income_team_composite,BFA,2015,-1.6571428571428513,-1.9488587445309484,0.2917158873880972
M2t_income_team_composite,BFA,2016,-2.357142857142854,-1.9624825336162965,-0.39466032352655755
M2t_income_team_composite,BFA,2017,-2.857142857142854,-1.7548439395469775,-1.1022989175958766
M2t_income_team_composite,BFA,2018,-3.1571428571428513,-1.6609429190272926,-1.4961999381155586
M2t_income_team_composite,BFA,2019,-3.4571428571428555,-1.335039216708188,-2.1221036404346676
M2t_income_team_composite,BFA,2020,-3.6571428571428513,-1.043758153915399,-2.613384703227452
M2t_income_team_composite,BFA,2021,-3.7571428571428527,-0.6497745118383337,-3.107368345304519
M2t_income_team_composite,BFA,2022,-3.6571428571428513,-0.23623132778822148,-3.4209115293546297
M2t_income_team_composite,BFA,2023,-3.057142857142857,0.18278871144567532,-3.239931568588532
M2t_income_team_composite,BWA,2003,2.352380952380951,3.6237767961796985,-1.2713958437987474
M2t_income_team_composite,BWA,2004,1.7523809523809533,3.0413287313461064,-1.2889477789651531
M2t_income_team_composite,BWA,2005,1.2523809523809533,2.463639742292324,-1.211258789911371
M2t_income_team_composite,BWA,2006,0.6523809523809518,1.9466321970122697,-1.294251244631318
M2t_income_team_composite,BWA,2007,0.05238095238095397,1.4236736019382388,-1.3712926495572848
M2t_income_team_composite,BWA,2008,-0.44761904761904603,0.7905406490336053,-1.2381596966526514
M2t_income_team_composite,BWA,2009,-0.8476190476190482,-0.1302375247038695,-0.7173815229151786
M2t_income_team_composite,BWA,2010,-1.2476190476190467,-0.5333160889343629,-0.7143029586846839
M2t_income_team_composite,BWA,2011,-1.447619047619046,-0.8423543094029984,-0.6052647382160476
M2t_income_team_composite,BWA,2012,-1.5476190476190474,-1.1842778666412528,-0.36334118097779466
M2t_income_team_composite,BWA,2013,-1.447619047619046,-1.6414046303381364,0.1937855827190904
M2t_income_team_composite,BWA,2014,-1.3476190476190482,-1.5500958417942077,0.2024767941751595
M2t_income_team_composite,BWA,2015,-1.1476190476190489,-1.6332092020293911,0.48559015441034226
M2t_income_team_composite,BWA,2016,-0.947619047619046,-1.437622415059326,0.49000336744027995
M2t_income_team_composite,BWA,2017,-0.6476190476190489,-1.25759045917071,0.6099714115516612
M2t_income_team_composite,BWA,2018,-0.34761904761904816,-1.2066965060168624,0.8590774583978142
M2t_income_team_composite,BWA,2019,0.05238095238095397,-1.1033310159076637,1.1557119682886177
M2t_income_team_composite,BWA,2020,0.45238095238095255,-1.0558830146058418,1.5082639669867943
M2t_income_team_composite,BWA,2021,0.9523809523809526,-0.558580942082044,1.5109618944629966
M2t_income_team_composite,BWA,2022,1.552380952380954,0.12208203236724932,1.4302989200137046
M2t_income_team_composite,BWA,2023,2.352380952380951,0.7229260665171405,1.6294548858638107
M2t_income_team_composite,CAF,2003,4.271428571428565,3.5794920347414334,0.6919365366871317
M2t_income_team_composite,CAF,2004,3.8714285714285666,3.053818748152206,0.8176098232763604
M2t_income_team_composite,CAF,2005,3.3714285714285666,2.3894634661834866,0.98196510524508
M2t_income_team_composite,CAF,2006,2.8714285714285666,1.7938756281017147,1.0775529433268518
M2t_income_team_composite,CAF,2007,2.271428571428565,1.251573189465127,1.0198553819634382
M2t_income_team_composite,CAF,2008,1.5714285714285623,0.603811667560497,0.9676169038680653
M2t_income_team_composite,CAF,2009,0.971428571428568,0.2660478252784455,0.7053807461501225
M2t_income_team_composite,CAF,2010,0.37142857142856656,-0.1790662789362969,0.5504948503648635
M2t_income_team_composite,CAF,2011,-0.22857142857143486,-0.5189233805376098,0.2903519519661749
M2t_income_team_composite,CAF,2012,-0.7285714285714349,-0.7187493455431473,-0.009822083028287576
M2t_income_team_composite,CAF,2013,-1.028571428571432,-1.799644631778611,0.771073203207179
M2t_income_team_composite,CAF,2014,-1.3285714285714363,-1.7637592645044937,0.43518783593305743
M2t_income_team_composite,CAF,2015,-1.528571428571432,-1.6005971017290315,0.07202567315759945
M2t_income_team_composite,CAF,2016,-1.7285714285714349,-1.6341199796378025,-0.09445144893363233
M2t_income_team_composite,CAF,2017,-1.9285714285714377,-1.4311463137111717,-0.49742511486026597
M2t_income_team_composite,CAF,2018,-2.028571428571432,-1.2060738967600095,-0.8224975318114225
M2t_income_team_composite,CAF,2019,-2.028571428571432,-1.0948666966774139,-0.9337047318940181
M2t_income_team_composite,CAF,2020,-2.028571428571432,-0.8260680301811774,-1.2025033983902547
M2t_income_team_composite,CAF,2021,-1.9285714285714377,-0.5477827584056454,-1.3807886701657923
M2t_income_team_composite,CAF,2022,-1.7285714285714349,-0.09446613654954322,-1.6341052920218917
M2t_income_team_composite,CAF,2023,-1.3285714285714363,0.4771812554690499,-1.805752684040486
M2t_income_team_composite,CIV,2003,2.980952380952381,4.130395266858485,-1.1494428859061037
M2t_income_team_composite,CIV,2004,2.5809523809523824,3.3514877218908374,-0.770535340938455
M2t_income_team_composite,CIV,2005,2.180952380952384,2.6767376342094478,-0.4957852532570639
M2t_income_team_composite,CIV,2006,1.6809523809523839,2.0298532280009756,-0.3489008470485917
M2t_income_team_composite,CIV,2007,1.2809523809523853,1.3941435976917498,-0.1131912167393645
M2t_income_team_composite,CIV,2008,0.7809523809523853,0.4208666939773784,0.36008568697500687
M2t_income_team_composite,CIV,2009,0.18095238095238386,-0.07696535204758376,0.2579177329999676
M2t_income_team_composite,CIV,2010,-0.21904761904761472,-1.1011409448680944,0.8820933258204797
M2t_income_team_composite,CIV,2011,-0.6190476190476204,-1.6822702038876256,1.0632225848400052
M2t_income_team_composite,CIV,2012,-0.9190476190476176,-1.8536403181531158,0.9345926991054982
M2t_income_team_composite,CIV,2013,-1.1190476190476204,-1.9684235428853438,0.8493759238377234
M2t_income_team_composite,CIV,2014,-1.3190476190476161,-1.801078409257348,0.48203079020973183
M2t_income_team_composite,CIV,2015,-1.3190476190476161,-1.6388841819676314,0.3198365629200153
M2t_income_team_composite,CIV,2016,-1.3190476190476161,-1.4605923785609995,0.1415447595133834
M2t_income_team_composite,CIV,2017,-1.3190476190476161,-1.2252019749650191,-0.09384564408259699
M2t_income_team_composite,CIV,2018,-1.2190476190476147,-0.8174752319700862,-0.4015723870775285
M2t_income_team_composite,CIV,2019,-1.1190476190476204,-0.8418539000573515,-0.2771937189902689
M2t_income_team_composite,CIV,2020,-0.9190476190476176,-0.5947374311738249,-0.3243101878737926
M2t_income_team_composite,CIV,2021,-0.6190476190476204,-0.20907225889802594,-0.40997536014959446
M2t_income_team_composite,CIV,2022,-0.1190476190476204,0.30280056225839924,-0.42184818130601964
M2t_income_team_composite,CIV,2023,0.480952380952381,0.9650514238047143,-0.4840990428523333
M2t_income_team_composite,CMR,2003,4.628571428571433,3.9025150410493104,0.7260563875221231
M2t_income_team_composite,CMR,2004,3.9285714285714306,3.392353413271313,0.5362180153001175
M2t_income_team_composite,CMR,2005,3.1285714285714334,2.74905527430261,0.37951615426882324
M2t_income_team_composite,CMR,2006,2.3285714285714363,2.1227824920432554,0.20578893652818087
M2t_income_team_composite,CMR,2007,1.6285714285714334,1.5544341314280101,0.07413729714342332
M2t_income_team_composite,CMR,2008,0.8285714285714363,0.9034496022096048,-0.07487817363816851
M2t_income_team_composite,CMR,2009,0.028571428571432023,0.18911638939508124,-0.16054496082364922
M2t_income_team_composite,CMR,2010,-0.5714285714285694,-0.37415492622298663,-0.19727364520558277
M2t_income_team_composite,CMR,2011,-1.0714285714285694,-0.7649397644703457,-0.30648880695822367
M2t_income_team_composite,CMR,2012,-1.471428571428568,-1.0177034088594992,-0.4537251625690688
M2t_income_team_composite,CMR,2013,-1.6714285714285637,-1.094083562563881,-0.5773450088646828
M2t_income_team_composite,CMR,2014,-1.7714285714285651,-1.9319165420765283,0.16048797064796316
M2t_income_team_composite,CMR,2015,-1.7714285714285651,-1.6314731467785255,-0.13995542465003963
M2t_income_team_composite,CMR,2016,-1.6714285714285637,-1.699444320615417,0.028015749186853345
M2t_income_team_composite,CMR,2017,-1.5714285714285694,-1.5536632750485426,-0.017765296380026774
M2t_income_team_composite,CMR,2018,-1.471428571428568,-1.5367309194503047,0.06530234802173673
M2t_income_team_composite,CMR,2019,-1.2714285714285651,-1.2699157100076433,-0.001512861420921885
M2t_income_team_composite,CMR,2020,-1.0714285714285694,-1.039075697784857,-0.03235287364371242
M2t_income_team_composite,CMR,2021,-0.7714285714285651,-0.7387691062401737,-0.03265946518839147
M2t_income_team_composite,CMR,2022,-0.37142857142856656,-0.286011429667147,-0.08541714176141957
M2t_income_team_composite,CMR,2023,0.028571428571432023,0.12417546608671937,-0.09560403751528734
M2t_income_team_composite,COD,2003,8.180952380952377,3.1756733358372813,5.0052790451150955
M2t_income_team_composite,COD,2004,7.580952380952375,2.6579582279107488,4.922994153041627
M2t_income_team_composite,COD,2005,6.88095238095238,2.0845854399490094,4.79636694100337
M2t_income_team_composite,COD,2006,6.080952380952375,1.01137486939211,5.069577511560265
M2t_income_team_composite,COD,2007,5.080952380952375,0.3308605773434541,4.750091803608921
M2t_income_team_composite,COD,2008,3.980952380952374,-0.18909691158735176,4.1700492925397254
M2t_income_team_composite,COD,2009,2.780952380952378,-0.5155334535242371,3.2964858344766155
M2t_income_team_composite,COD,2010,1.5809523809523753,-0.9270940748180878,2.5080464557704634
M2t_income_team_composite,COD,2011,0.3809523809523796,-1.3994904602521459,1.7804428412045255
M2t_income_team_composite,COD,2012,-0.6190476190476204,-1.5221495341056173,0.9031019150579969
M2t_income_team_composite,COD,2013,-1.519047619047626,-1.2405968839990886,-0.27845073504853746
M2t_income_team_composite,COD,2014,-2.4190476190476247,-1.3072656390874007,-1.111781979960224
M2t_income_team_composite,COD,2015,-3.019047619047626,-1.1232374347836598,-1.8958101842639663
M2t_income_team_composite,COD,2016,-3.6190476190476204,-1.0809398000447568,-2.538107819002864
M2t_income_team_composite,COD,2017,-4.019047619047626,-0.8964928708257409,-3.1225547482218854
M2t_income_team_composite,COD,2018,-4.319047619047623,-0.6223348027331755,-3.696712816314448
M2t_income_team_composite,COD,2019,-4.61904761904762,-0.3933502136654877,-4.225697405382133
M2t_income_team_composite,COD,2020,-4.719047619047622,-0.14686041657155152,-4.57218720247607
M2t_income_team_composite,COD,2021,-4.719047619047622,0.22368052634613977,-4.942728145393762
M2t_income_team_composite,COD,2022,-4.61904761904762,0.5816600884228776,-5.200707707470498
M2t_income_team_composite,COD,2023,-4.319047619047623,1.2986494307967251,-5.617697049844349
M2t_income_team_composite,COG,2003,5.195238095238089,4.053642727065773,1.1415953681723163
M2t_income_team_composite,COG,2004,4.795238095238091,3.458856716985191,1.3363813782528995
M2t_income_team_composite,COG,2005,4.495238095238086,3.066528578397007,1.4287095168410793
M2t_income_team_composite,COG,2006,3.9952380952380864,2.4925003401637467,1.5027377550743397
M2t_income_team_composite,COG,2007,3.4952380952380864,1.535810255443533,1.9594278397945535
M2t_income_team_composite,COG,2008,2.7952380952380906,0.9404194835809561,1.8548186116571346
M2t_income_team_composite,COG,2009,2.095238095238088,0.5334397346756382,1.5617983605624497
M2t_income_team_composite,COG,2010,1.395238095238092,0.07709491942299462,1.3181431758150974
M2t_income_team_composite,COG,2011,0.6952380952380892,-0.5049007737951936,1.2001388690332828
M2t_income_team_composite,COG,2012,0.0952380952380878,-0.6707078367770029,0.7659459320150906
M2t_income_team_composite,COG,2013,-0.5047619047619136,-1.0142188114981727,0.5094569067362591
M2t_income_team_composite,COG,2014,-1.104761904761908,-0.9243704770962866,-0.18039142766562133
M2t_income_team_composite,COG,2015,-1.5047619047619136,-1.0577129040945508,-0.44704900066736286
M2t_income_team_composite,COG,2016,-2.0047619047619136,-1.676509187974342,-0.32825271678757173
M2t_income_team_composite,COG,2017,-2.404761904761912,-1.6861392287206662,-0.718622676041246
M2t_income_team_composite,COG,2018,-2.804761904761911,-1.7579140185940367,-1.046847886167874
M2t_income_team_composite,COG,2019,-3.2047619047619094,-2.1921974632034074,-1.012564441558502
M2t_income_team_composite,COG,2020,-3.604761904761908,-1.7373849893670026,-1.8673769153949054
M2t_income_team_composite,COG,2021,-3.804761904761911,-1.4594619764111845,-2.3452999283507263
M2t_income_team_composite,COG,2022,-4.004761904761914,-1.0285060093436549,-2.9762558954182587
M2t_income_team_composite,COG,2023,-4.104761904761908,-0.4482690788593431,-3.656492825902565
M2t_income_team_composite,COM,2003,2.442857142857143,3.6613179934235185,-1.2184608505663754
M2t_income_team_composite,COM,2004,1.8428571428571452,3.082978756530198,-1.2401216136730526
M2t_income_team_composite,COM,2005,1.1428571428571423,2.52828765560357,-1.3854305127464275
M2t_income_team_composite,COM,2006,0.5428571428571445,1.7877265995839187,-1.2448694567267742
M2t_income_team_composite,COM,2007,0.04285714285714448,1.1517394122967919,-1.1088822694396474
M2t_income_team_composite,COM,2008,-0.4571428571428555,0.532780061963156,-0.9899229191060115
M2t_income_team_composite,COM,2009,-0.8571428571428577,0.01961920819248579,-0.8767620653353434
M2t_income_team_composite,COM,2010,-1.1571428571428548,-0.5154684305625862,-0.6416744265802686
M2t_income_team_composite,COM,2011,-1.4571428571428555,-0.8811516700436647,-0.5759911870991908
M2t_income_team_composite,COM,2012,-1.4571428571428555,-1.1616748967286508,-0.29546796041420476
M2t_income_team_composite,COM,2013,-1.4571428571428555,-1.4174588231187253,-0.03968403402413023
M2t_income_team_composite,COM,2014,-1.3571428571428577,-1.4221548300711335,0.06501197292827587
M2t_income_team_composite,COM,2015,-1.1571428571428548,-1.5585262662650918,0.401383409122237
M2t_income_team_composite,COM,2016,-0.7571428571428562,-1.4654688803612972,0.708326023218441
M2t_income_team_composite,COM,2017,-0.5571428571428569,-1.4747450783335645,0.9176022211907076
M2t_income_team_composite,COM,2018,-0.25714285714285623,-1.1043717346528648,0.8472288775100085
M2t_income_team_composite,COM,2019,0.04285714285714448,-1.2078243841494702,1.2506815270066147
M2t_income_team_composite,COM,2020,0.3428571428571452,-0.6297754031059338,0.972632545963079
M2t_income_team_composite,COM,2021,0.8428571428571452,-0.5189118170040903,1.3617689598612355
M2t_income_team_composite,COM,2022,1.5428571428571445,-0.08781282850831391,1.6306699713654584
M2t_income_team_composite,COM,2023,2.1428571428571423,0.680895355311762,1.4619617875453803
M2t_income_team_composite,CPV,2003,5.223809523809521,3.356927481598952,1.8668820422105692
M2t_income_team_composite,CPV,2004,4.723809523809521,2.94778437469117,1.7760251491183512
M2t_income_team_composite,CPV,2005,4.123809523809527,2.0728303138632773,2.0509792099462496
M2t_income_team_composite,CPV,2006,3.5238095238095255,1.5710726454030652,1.9527368784064603
M2t_income_team_composite,CPV,2007,2.8238095238095227,1.2761502152846242,1.5476593085248984
M2t_income_team_composite,CPV,2008,2.123809523809527,0.7579936298569248,1.3658158939526022
M2t_income_team_composite,CPV,2009,1.3238095238095227,0.17386871843308688,1.1499408053764357
M2t_income_team_composite,CPV,2010,0.6238095238095269,-0.5479491694260556,1.1717586932355826
M2t_income_team_composite,CPV,2011,0.0238095238095255,-0.6839433368806436,0.7077528606901691
M2t_income_team_composite,CPV,2012,-0.4761904761904745,-0.9506079846014317,0.4744175084109572
M2t_income_team_composite,CPV,2013,-0.9761904761904745,-1.0522805268718944,0.07609005068141994
M2t_income_team_composite,CPV,2014,-1.376190476190473,-1.0192190900188254,-0.3569713861716477
M2t_income_team_composite,CPV,2015,-1.6761904761904773,-0.9247071330684458,-0.7514833431220316
M2t_income_team_composite,CPV,2016,-1.9761904761904745,-0.7372746622781825,-1.238915813912292
M2t_income_team_composite,CPV,2017,-2.1761904761904773,-0.8620383904557118,-1.3141520857347655
M2t_income_team_composite,CPV,2018,-2.4761904761904745,-1.328285905439518,-1.1479045707509565
M2t_income_team_composite,CPV,2019,-2.6761904761904773,-1.4597203872220583,-1.216470088968419
M2t_income_team_composite,CPV,2020,-2.7761904761904788,-1.5332121723410568,-1.242978303849422
M2t_income_team_composite,CPV,2021,-2.7761904761904788,-1.0907933248332773,-1.6853971513572015
M2t_income_team_composite,CPV,2022,-2.6761904761904773,-0.3229523730846592,-2.3532381031058183
M2t_income_team_composite,CPV,2023,-2.4761904761904745,0.3563570773905832,-2.832547553581058
M2t_income_team_composite,DJI,2013,-1.827272727272728,-0.2680524410446907,-1.5592202862280373
M2t_income_team_composite,DJI,2014,-1.5272727272727273,-0.1490974168972175,-1.3781753103755099
M2t_income_team_composite,DJI,2015,-1.2272727272727266,0.029089106272142673,-1.2563618335448692
M2t_income_team_composite,DJI,2016,-0.827272727272728,-0.7008115616233414,-0.1264611656493867
M2t_income_team_composite,DJI,2017,-0.42727272727272947,-0.4932189053500947,0.06594617807736525
M2t_income_team_composite,DJI,2018,-0.12727272727272876,-0.4393507592283654,0.31207803195563666
M2t_income_team_composite,DJI,2019,0.17272727272727195,-0.28647863438905913,0.4592059071163311
M2t_income_team_composite,DJI,2020,0.5727272727272705,-0.013759093804020822,0.5864863665312914
M2t_income_team_composite,DJI,2021,1.0727272727272705,0.1475202114574632,0.9252070612698073
M2t_income_team_composite,DJI,2022,1.672727272727272,0.65357377551573,1.019153497211542
M2t_income_team_composite,DJI,2023,2.4727272727272727,1.520585719091471,0.9521415536358016
M2t_income_team_composite,ERI,2003,2.099999999999987,2.6813689587331693,-0.5813689587331821
M2t_income_team_composite,ERI,2004,1.499999999999993,2.0169972062815327,-0.5169972062815398
M2t_income_team_composite,ERI,2005,0.9999999999999929,1.3816854280864685,-0.38168542808647565
M2t_income_team_composite,ERI,2006,0.3999999999999915,0.6699130919742278,-0.2699130919742363
M2t_income_team_composite,ERI,2007,-0.20000000000000995,0.06529555224275643,-0.26529555224276635
M2t_income_team_composite,ERI,2008,-0.70000000000001,-0.8855433699111313,0.1855433699111213
M2t_income_team_composite,ERI,2009,-1.1000000000000085,-1.752307406135572,0.6523074061355634
M2t_income_team_composite,ERI,2010,-1.4000000000000092,-1.9579146611004687,0.5579146611004595
M2t_income_team_composite,ERI,2011,-1.6000000000000085,-2.2194948001709838,0.6194948001709752
M2t_income_team_composite,ETH,2003,3.5809523809523824,3.17408663035176,0.40686575060062236
M2t_income_team_composite,ETH,2004,2.6809523809523803,2.585737842840465,0.09521453811191538
M2t_income_team_composite,ETH,2005,1.7809523809523817,2.3089447291409497,-0.527992348188568
M2t_income_team_composite,ETH,2006,0.8809523809523832,1.8124322097647578,-0.9314798288123747
M2t_income_team_composite,ETH,2007,0.08095238095238244,1.1873412513003743,-1.1063888703479918
M2t_income_team_composite,ETH,2008,-0.7190476190476183,0.31185147900482196,-1.0308990980524402
M2t_income_team_composite,ETH,2009,-1.3190476190476197,0.0811028293248609,-1.4001504483724805
M2t_income_team_composite,ETH,2010,-1.8190476190476197,-0.30147773421657575,-1.517569884831044
M2t_income_team_composite,ETH,2011,-2.019047619047619,-0.927726430415908,-1.091321188631711
M2t_income_team_composite,ETH,2012,-2.119047619047617,-1.3005437909366124,-0.8185038281110044
M2t_income_team_composite,ETH,2013,-2.019047619047619,-1.6565801784972831,-0.36246744055033586
M2t_income_team_composite,ETH,2014,-1.8190476190476197,-1.3163924846991586,-0.5026551343484611
M2t_income_team_composite,ETH,2015,-1.4190476190476176,-1.1148451821300465,-0.3042024369175711
M2t_income_team_composite,ETH,2016,-1.1190476190476168,-1.095162716726077,-0.023884902321539947
M2t_income_team_composite,ETH,2017,-0.7190476190476183,-0.4627137607008074,-0.2563338583468109
M2t_income_team_composite,ETH,2018,-0.41904761904761756,-0.3998902190769221,-0.019157399970695432
M2t_income_team_composite,ETH,2019,-0.01904761904761898,-0.605798553205472,0.5867509341578531
M2t_income_team_composite,ETH,2020,0.480952380952381,-1.2223745789873255,1.7033269599397065
M2t_income_team_composite,ETH,2021,1.1809523809523803,-0.8851177868972226,2.066070167849603
M2t_income_team_composite,ETH,2022,1.980952380952381,-0.40762282544464057,2.3885752063970216
M2t_income_team_composite,ETH,2023,2.880952380952383,0.2347492702060362,2.646203110746347
M2t_income_team_composite,GAB,2003,2.657142857142844,4.07593396047953,-1.4187911033366856
M2t_income_team_composite,GAB,2004,2.35714285714284,3.417214570822447,-1.0600717136796072
M2t_income_team_composite,GAB,2005,2.157142857142844,2.765689130318458,-0.6085462731756137
M2t_income_team_composite,GAB,2006,1.7571428571428385,1.9741681689384354,-0.21702531179559692
M2t_income_team_composite,GAB,2007,1.4571428571428413,1.2435893122590869,0.21355354488375444
M2t_income_team_composite,GAB,2008,1.0571428571428427,0.43449740638532885,0.6226454507575139
M2t_income_team_composite,GAB,2009,0.6571428571428442,-0.17229815550383176,0.8294410126466759
M2t_income_team_composite,GAB,2010,0.25714285714283847,-0.6638344679294657,0.9209773250723041
M2t_income_team_composite,GAB,2011,-0.1428571428571601,-0.9932683040001677,0.8504111611430076
M2t_income_team_composite,GAB,2012,-0.5428571428571587,-1.4322114349622606,0.8893542921051019
M2t_income_team_composite,GAB,2013,-0.8428571428571558,-1.506714061472571,0.6638569186154151
M2t_income_team_composite,GAB,2014,-1.0428571428571587,-1.4729512849217967,0.43009414206463803
M2t_income_team_composite,GAB,2015,-1.1428571428571601,-1.3882803203136944,0.2454231774565343
M2t_income_team_composite,GAB,2016,-1.2428571428571615,-1.3207039473466853,0.07784680448952375
M2t_income_team_composite,GAB,2017,-1.3428571428571558,-1.2345438040555263,-0.10831333880162952
M2t_income_team_composite,GAB,2018,-1.2428571428571615,-1.0996864434869562,-0.14317069937020532
M2t_income_team_composite,GAB,2019,-1.1428571428571601,-0.9956236690462457,-0.14723347381091445
M2t_income_team_composite,GAB,2020,-1.1428571428571601,-0.9822294649039954,-0.16062767795316468
M2t_income_team_composite,GAB,2021,-1.0428571428571587,-0.7116314761768149,-0.3312256666803438
M2t_income_team_composite,GAB,2022,-0.8428571428571558,-0.26146651214244765,-0.5813906307147082
M2t_income_team_composite,GAB,2023,-0.6428571428571601,0.32435079705914344,-0.9672079399163036
M2t_income_team_composite,GHA,2003,5.461904761904755,3.5487279103833163,1.9131768515214387
M2t_income_team_composite,GHA,2004,5.261904761904759,3.1815531116315765,2.0803516502731827
M2t_income_team_composite,GHA,2005,5.061904761904756,2.609115923948063,2.4527888379566933
M2t_income_team_composite,GHA,2006,4.661904761904758,2.0373086264437736,2.624596135460984
M2t_income_team_composite,GHA,2007,4.261904761904759,1.4643672311320786,2.7975375307726806
M2t_income_team_composite,GHA,2008,3.6619047619047578,0.785873621399896,2.8760311405048617
M2t_income_team_composite,GHA,2009,2.8619047619047606,-0.23020325448922851,3.092108016393989
M2t_income_team_composite,GHA,2010,2.0619047619047564,-1.029536507183761,3.0914412690885174
M2t_income_team_composite,GHA,2011,1.2619047619047592,-0.9551170392091063,2.2170218011138654
M2t_income_team_composite,GHA,2012,0.46190476190475493,-1.0652278901541479,1.5271326520589028
M2t_income_team_composite,GHA,2013,-0.2380952380952408,-1.9696029752301154,1.7315077371348746
M2t_income_team_composite,GHA,2014,-1.038095238095245,-2.1211479436381566,1.0830527055429116
M2t_income_team_composite,GHA,2015,-1.7380952380952408,-1.8642080210400938,0.12611278294485295
M2t_income_team_composite,GHA,2016,-2.4380952380952436,-1.7442058985509106,-0.6938893395443331
M2t_income_team_composite,GHA,2017,-3.038095238095245,-1.6314101480940784,-1.4066850900011667
M2t_income_team_composite,GHA,2018,-3.6380952380952394,-0.7873675710434829,-2.8507276670517565
M2t_income_team_composite,GHA,2019,-4.038095238095245,-0.7739257909016585,-3.2641694471935865
M2t_income_team_composite,GHA,2020,-4.438095238095244,-0.6751023109232768,-3.762992927171967
M2t_income_team_composite,GHA,2021,-4.738095238095241,-0.11815123038422759,-4.619944007711013
M2t_income_team_composite,GHA,2022,-4.838095238095242,0.3623836493766551,-5.200478887471897
M2t_income_team_composite,GHA,2023,-4.838095238095242,0.9758765065268677,-5.81397174462211
M2t_income_team_composite,GIN,2003,3.585714285714282,4.266607275176685,-0.6808929894624027
M2t_income_team_composite,GIN,2004,3.2857142857142847,3.476044325100992,-0.19033003938670712
M2t_income_team_composite,GIN,2005,2.9857142857142875,2.8533439080298537,0.13237037768443383
M2t_income_team_composite,GIN,2006,2.4857142857142875,2.174267149018148,0.31144713669613955
M2t_income_team_composite,GIN,2007,1.9857142857142875,1.667119810568163,0.3185944751461245
M2t_income_team_composite,GIN,2008,1.4857142857142875,0.8642601097487361,0.6214541759655514
M2t_income_team_composite,GIN,2009,0.8857142857142861,-0.1130627908621975,0.9987770765764836
M2t_income_team_composite,GIN,2010,0.2857142857142847,-0.8090774491989254,1.0947917349132101
M2t_income_team_composite,GIN,2011,-0.2142857142857153,-1.1434907126740108,0.9292049983882955
M2t_income_team_composite,GIN,2012,-0.6142857142857139,-1.5410321101207176,0.9267463958350037
M2t_income_team_composite,GIN,2013,-1.0142857142857125,-1.6258574299682882,0.6115717156825757
M2t_income_team_composite,GIN,2014,-1.2142857142857153,-1.4047558151262962,0.1904701008405809
M2t_income_team_composite,GIN,2015,-1.4142857142857181,-1.6693976868426332,0.2551119725569151
M2t_income_team_composite,GIN,2016,-1.5142857142857125,-1.7689834101314854,0.25469769584577295
M2t_income_team_composite,GIN,2017,-1.7142857142857153,-1.4628522737816376,-0.2514334405040777
M2t_income_team_composite,GIN,2018,-1.7142857142857153,-1.567308386364374,-0.14697732792134133
M2t_income_team_composite,GIN,2019,-1.8142857142857167,-1.422787541240034,-0.3914981730456828
M2t_income_team_composite,GIN,2020,-1.7142857142857153,-0.9001131401757018,-0.8141725741100135
M2t_income_team_composite,GIN,2021,-1.6142857142857139,-0.5429953214984552,-1.0712903927872586
M2t_income_team_composite,GIN,2022,-1.4142857142857181,-0.07811658130644816,-1.33616913297927
M2t_income_team_composite,GIN,2023,-1.0142857142857125,0.7481880716485668,-1.7624737859342794
M2t_income_team_composite,GMB,2003,6.666666666666671,4.2836774891247575,2.382989177541914
M2t_income_team_composite,GMB,2004,6.166666666666671,3.92178007977401,2.2448865868926613
M2t_income_team_composite,GMB,2005,5.666666666666671,3.1920183524073944,2.474648314259277
M2t_income_team_composite,GMB,2006,4.966666666666669,2.478289832708705,2.4883768339579637
M2t_income_team_composite,GMB,2007,4.366666666666667,1.8756898459572,2.4909768207094674
M2t_income_team_composite,GMB,2008,3.56666666666667,1.2846656993054588,2.282000967361211
M2t_income_team_composite,GMB,2009,2.866666666666667,0.34577689086472413,2.520889775801943
M2t_income_team_composite,GMB,2010,2.06666666666667,-0.15719127245141112,2.2238579391180813
M2t_income_team_composite,GMB,2011,1.3666666666666671,-0.7856224818478088,2.152289148514476
M2t_income_team_composite,GMB,2012,0.6666666666666714,-1.0356792946108881,1.7023459612775595
M2t_income_team_composite,GMB,2013,-0.03333333333333144,-1.633305871832343,1.5999725384990116
M2t_income_team_composite,GMB,2014,-0.7333333333333272,-2.178862745942906,1.445529412609579
M2t_income_team_composite,GMB,2015,-1.43333333333333,-2.085218729861112,0.6518853965277818
M2t_income_team_composite,GMB,2016,-2.133333333333333,-2.0139685980062856,-0.11936473532704728
M2t_income_team_composite,GMB,2017,-2.93333333333333,-1.8332073192239702,-1.1001260141093598
M2t_income_team_composite,GMB,2018,-3.5333333333333314,-1.564970845362359,-1.9683624879709725
M2t_income_team_composite,GMB,2019,-4.333333333333329,-1.0792058155630548,-3.2541275177702738
M2t_income_team_composite,GMB,2020,-5.033333333333331,-0.8196674245711955,-4.213665908762136
M2t_income_team_composite,GMB,2021,-5.733333333333327,-0.7675365858772766,-4.965796747456051
M2t_income_team_composite,GMB,2022,-6.133333333333333,-0.8858735721887729,-5.24745976114456
M2t_income_team_composite,GMB,2023,-6.333333333333329,-0.5415876328028508,-5.791745700530478
M2t_income_team_composite,GNB,2003,4.480952380952381,3.8473191737287573,0.6336332072236237
M2t_income_team_composite,GNB,2004,3.980952380952381,3.216081202266072,0.7648711786863092
M2t_income_team_composite,GNB,2005,3.480952380952381,2.667592620292731,0.8133597606596501
M2t_income_team_composite,GNB,2006,2.8809523809523796,2.019546017840391,0.8614063631119886
M2t_income_team_composite,GNB,2007,2.2809523809523853,1.0485150826005092,1.232437298351876
M2t_income_team_composite,GNB,2008,1.5809523809523824,0.44039063358649827,1.1405617473658842
M2t_income_team_composite,GNB,2009,0.8809523809523796,-0.0887543060050433,0.9697066869574229
M2t_income_team_composite,GNB,2010,0.18095238095238386,-0.5851736678490178,0.7661260488014017
M2t_income_team_composite,GNB,2011,-0.41904761904761756,-0.8677853689330932,0.44873774988547566
M2t_income_team_composite,GNB,2012,-0.8190476190476161,-1.2560354600834904,0.4369878410358743
M2t_income_team_composite,GNB,2013,-1.2190476190476147,-1.3583486623606429,0.13930104331302817
M2t_income_team_composite,GNB,2014,-1.519047619047619,-1.3769995053566186,-0.14204811369100034
M2t_income_team_composite,GNB,2015,-1.7190476190476147,-1.228099871455913,-0.4909477475917017
M2t_income_team_composite,GNB,2016,-1.8190476190476161,-1.0773018454262782,-0.741745773621338
M2t_income_team_composite,GNB,2017,-1.9190476190476176,-1.6317787819684142,-0.28726883707920337
M2t_income_team_composite,GNB,2018,-1.9190476190476176,-1.4247179191639798,-0.49432969988363773
M2t_income_team_composite,GNB,2019,-1.9190476190476176,-1.285847012442936,-0.6332006066046816
M2t_income_team_composite,GNB,2020,-1.9190476190476176,-0.9819480138639949,-0.9370996051836227
M2t_income_team_composite,GNB,2021,-1.8190476190476161,-0.6316502556684115,-1.1873973633792048
M2t_income_team_composite,GNB,2022,-1.519047619047619,-0.13043586773503635,-1.3886117513125826
M2t_income_team_composite,GNB,2023,-1.2190476190476147,0.6854318079979356,-1.9044794270455503
M2t_income_team_composite,GNQ,2003,4.980952380952374,3.106437618331541,1.8745147626208327
M2t_income_team_composite,GNQ,2004,4.3809523809523725,2.9737987901651133,1.4071535907872592
M2t_income_team_composite,GNQ,2005,3.8809523809523725,2.5267458368504068,1.3542065441019657
M2t_income_team_composite,GNQ,2006,3.280952380952371,1.940413348363286,1.3405390325890851
M2t_income_team_composite,GNQ,2007,2.6809523809523697,1.5215343386670568,1.1594180422853129
M2t_income_team_composite,GNQ,2008,1.980952380952374,1.0903328618834105,0.8906195190689634
M2t_income_team_composite,GNQ,2009,1.280952380952371,0.5123874960994677,0.7685648848529034
M2t_income_team_composite,GNQ,2010,0.5809523809523753,-0.27188163635197554,0.8528340173043509
M2t_income_team_composite,GNQ,2011,-0.019047619047626085,-0.621395298418169,0.6023476793705429
M2t_income_team_composite,GNQ,2012,-0.5190476190476261,-0.83019780584672,0.3111501867990939
M2t_income_team_composite,GNQ,2013,-1.019047619047626,-1.0731513268369166,0.05410370778929052
M2t_income_team_composite,GNQ,2014,-1.3190476190476303,-1.1002471540572238,-0.2188004649904065
M2t_income_team_composite,GNQ,2015,-1.6190476190476275,-1.2486963975146754,-0.3703512215329521
M2t_income_team_composite,GNQ,2016,-1.9190476190476247,-1.3647335001608132,-0.5543141188868115
M2t_income_team_composite,GNQ,2017,-2.1190476190476275,-1.3756398770868996,-0.7434077419607279
M2t_income_team_composite,GNQ,2018,-2.219047619047629,-1.3565208375900735,-0.8625267814575555
M2t_income_team_composite,GNQ,2019,-2.4190476190476247,-1.4274198572428078,-0.9916277618048168
M2t_income_team_composite,GNQ,2020,-2.519047619047626,-1.290452233597808,-1.2285953854498182
M2t_income_team_composite,GNQ,2021,-2.519047619047626,-1.0156748946935266,-1.5033727243540995
M2t_income_team_composite,GNQ,2022,-2.519047619047626,-0.554140138093816,-1.96490748095381
M2t_income_team_composite,GNQ,2023,-2.3190476190476303,-0.14149933286874872,-2.1775482861788817
M2t_income_team_composite,KEN,2003,2.7952380952380977,4.466618597222847,-1.671380501984749
M2t_income_team_composite,KEN,2004,1.9952380952381006,3.9114097308410964,-1.9161716356029959
M2t_income_team_composite,KEN,2005,1.2952380952380977,3.3356149593084266,-2.040376864070329
M2t_income_team_composite,KEN,2006,0.4952380952381006,2.760947482775065,-2.2657093875369645
M2t_income_team_composite,KEN,2007,-0.10476190476190084,2.24405899957649,-2.3488209043383907
M2t_income_team_composite,KEN,2008,-0.8047619047619001,1.1415831238813339,-1.946345028643234
M2t_income_team_composite,KEN,2009,-1.3047619047619001,0.6229933673971837,-1.9277552721590838
M2t_income_team_composite,KEN,2010,-1.6047619047619008,-0.4282040454863997,-1.1765578592755013
M2t_income_team_composite,KEN,2011,-1.9047619047619015,-0.9739323833864106,-0.9308295213754909
M2t_income_team_composite,KEN,2012,-1.9047619047619015,-1.8185203197197515,-0.08624158504215007
M2t_income_team_composite,KEN,2013,-1.8047619047619001,-1.9059727094724228,0.10121080471052268
M2t_income_team_composite,KEN,2014,-1.6047619047619008,-2.0268918728112544,0.42212996804935354
M2t_income_team_composite,KEN,2015,-1.3047619047619001,-2.295343498784245,0.9905815940223448
M2t_income_team_composite,KEN,2016,-1.0047619047618994,-2.1641017880454125,1.1593398832835131
M2t_income_team_composite,KEN,2017,-0.6047619047619008,-1.9928993094375151,1.3881374046756143
M2t_income_team_composite,KEN,2018,-0.20476190476190226,-1.9386209698041759,1.7338590650422736
M2t_income_team_composite,KEN,2019,0.19523809523809987,-1.214678959984274,1.4099170552223739
M2t_income_team_composite,KEN,2020,0.6952380952380999,-0.9866186520078055,1.6818567472459054
M2t_income_team_composite,KEN,2021,1.3952380952380992,-0.7862549930028735,2.1814930882409724
M2t_income_team_composite,KEN,2022,2.1952380952381,-0.29929173813761945,2.4945298333757195
M2t_income_team_composite,KEN,2023,3.095238095238102,0.3481049790777426,2.7471331161603594
M2t_income_team_composite,LBR,2003,6.852380952380955,3.759433621555077,3.0929473308258775
M2t_income_team_composite,LBR,2004,5.752380952380953,3.198109572611566,2.5542713797693875
M2t_income_team_composite,LBR,2005,4.752380952380953,2.585474737428672,2.1669062149522813
M2t_income_team_composite,LBR,2006,3.7523809523809533,1.9893210433784605,1.7630599090024928
M2t_income_team_composite,LBR,2007,2.7523809523809533,1.4889668171191262,1.263414135261827
M2t_income_team_composite,LBR,2008,1.6523809523809518,0.9106398757364478,0.7417410766445041
M2t_income_team_composite,LBR,2009,0.5523809523809575,0.4378914392861948,0.11448951309476274
M2t_income_team_composite,LBR,2010,-0.4476190476190425,-0.04897245182487797,-0.3986465957941645
M2t_income_team_composite,LBR,2011,-1.2476190476190467,-0.7219713079114869,-0.5256477397075598
M2t_income_team_composite,LBR,2012,-1.8476190476190482,-0.913069964664352,-0.9345490829546962
M2t_income_team_composite,LBR,2013,-2.347619047619048,-0.8883742828503046,-1.4592447647687434
M2t_income_team_composite,LBR,2014,-2.6476190476190453,-1.0857818354180004,-1.5618372122010449
M2t_income_team_composite,LBR,2015,-2.7476190476190467,-1.063016740145179,-1.6846023074738676
M2t_income_team_composite,LBR,2016,-2.847619047619048,-1.2414494054893965,-1.6061696421296516
M2t_income_team_composite,LBR,2017,-2.7476190476190467,-1.4656677067380368,-1.28195134088101
M2t_income_team_composite,LBR,2018,-2.547619047619044,-1.311639970484694,-1.23597907713435
M2t_income_team_composite,LBR,2019,-2.2476190476190467,-1.5286337775725127,-0.718985270046534
M2t_income_team_composite,LBR,2020,-1.9476190476190425,-1.7266127383526537,-0.22100630926638876
M2t_income_team_composite,LBR,2021,-1.4476190476190425,-1.1989005518833895,-0.24871849573565297
M2t_income_team_composite,LBR,2022,-0.8476190476190482,-0.8999672326059724,0.052348184986924284
M2t_income_team_composite,LBR,2023,-0.14761904761904532,-0.2757791411746475,0.1281600935556022
M2t_income_team_composite,LSO,2003,2.2095238095238017,3.52728095405204,-1.3177571445282381
M2t_income_team_composite,LSO,2004,1.309523809523803,2.8160292939695224,-1.5065054844457193
M2t_income_team_composite,LSO,2005,0.5095238095238024,2.451840680761819,-1.9423168712380168
M2t_income_team_composite,LSO,2006,-0.39047619047619975,1.90871016003125,-2.2991863505074495
M2t_income_team_composite,LSO,2007,-1.190476190476197,1.2242424366205649,-2.4147186270967618
M2t_income_team_composite,LSO,2008,-1.8904761904761997,0.6745253961743825,-2.565001586650582
M2t_income_team_composite,LSO,2009,-2.4904761904761976,-0.07843131246323454,-2.412044878012963
M2t_income_team_composite,LSO,2010,-2.9904761904761976,-0.5488122010162403,-2.441663989459957
M2t_income_team_composite,LSO,2011,-3.190476190476197,-0.7161541983552123,-2.4743219921209847
M2t_income_team_composite,LSO,2012,-3.190476190476197,-0.9015478930121585,-2.2889282974640386
M2t_income_team_composite,LSO,2013,-3.090476190476199,-1.1961630478664813,-1.8943131426097177
M2t_income_team_composite,LSO,2014,-2.7904761904761983,-1.0318257569686287,-1.7586504335075697
M2t_income_team_composite,LSO,2015,-2.2904761904761983,-1.1053831943486356,-1.1850929961275627
M2t_income_team_composite,LSO,2016,-1.4904761904761976,-0.9991276696459261,-0.4913485208302715
M2t_income_team_composite,LSO,2017,-0.6904761904761969,-1.1693368183761217,0.4788606278999248
M2t_income_team_composite,LSO,2018,0.3095238095238031,-1.0922997772115046,1.4018235867353077
M2t_income_team_composite,LSO,2019,1.409523809523801,-1.2678538857571438,2.6773776952809447
M2t_income_team_composite,LSO,2020,2.7095238095238017,-1.2314905159126195,3.941014325436421
M2t_income_team_composite,LSO,2021,4.1095238095238,-0.7820336441490976,4.891557453672898
M2t_income_team_composite,LSO,2022,5.709523809523802,-0.35486943041638774,6.064393239940189
M2t_income_team_composite,LSO,2023,7.4095238095238045,-0.12729957611028653,7.536823385634091
M2t_income_team_composite,MDG,2003,1.3190476190476232,3.9971298659434784,-2.678082246895855
M2t_income_team_composite,MDG,2004,0.8190476190476232,3.4379944354531844,-2.618946816405561
M2t_income_team_composite,MDG,2005,0.31904761904762324,2.8385813945612552,-2.519533775513632
M2t_income_team_composite,MDG,2006,-0.2809523809523711,2.234194119302035,-2.515146500254406
M2t_income_team_composite,MDG,2007,-0.7809523809523711,1.3565918088083813,-2.137544189760752
M2t_income_team_composite,MDG,2008,-1.280952380952371,0.7734490791300938,-2.054401460082465
M2t_income_team_composite,MDG,2009,-1.6809523809523768,0.05729294443818211,-1.7382453253905588
M2t_income_team_composite,MDG,2010,-1.8809523809523725,-0.5828134925278914,-1.298138888424481
M2t_income_team_composite,MDG,2011,-1.8809523809523725,-1.2033012909085714,-0.6776510900438011
M2t_income_team_composite,MDG,2012,-1.780952380952371,-1.3505713819988032,-0.43038099895356785
M2t_income_team_composite,MDG,2013,-1.480952380952374,-1.5133846608539894,0.03243227990161546
M2t_income_team_composite,MDG,2014,-1.0809523809523753,-1.5179778713734038,0.43702549042102845
M2t_income_team_composite,MDG,2015,-0.6809523809523768,-1.6237063900823012,0.9427540091299245
M2t_income_team_composite,MDG,2016,-0.18095238095237676,-1.7008844985056986,1.5199321175533218
M2t_income_team_composite,MDG,2017,0.31904761904762324,-1.5627263673838312,1.8817739864314544
M2t_income_team_composite,MDG,2018,0.6190476190476275,-1.3929489454023525,2.01199656444998
M2t_income_team_composite,MDG,2019,0.9190476190476247,-1.117413248032175,2.0364608670798
M2t_income_team_composite,MDG,2020,1.3190476190476232,-0.9063962264545239,2.2254438455021472
M2t_income_team_composite,MDG,2021,1.719047619047629,-0.5779969384492384,2.2970445574968674
M2t_income_team_composite,MDG,2022,2.4190476190476247,-0.12479659535809601,2.5438442144057207
M2t_income_team_composite,MDG,2023,3.219047619047629,0.47968425969426676,2.739363359353362
M2t_income_team_composite,MLI,2003,4.952380952380949,4.184533432404658,0.7678475199762911
M2t_income_team_composite,MLI,2004,4.352380952380955,3.5437488773537344,0.8086320750272202
M2t_income_team_composite,MLI,2005,3.652380952380952,2.894106091942608,0.7582748604383438
M2t_income_team_composite,MLI,2006,2.8523809523809547,2.2540861779362715,0.5982947744446832
M2t_income_team_composite,MLI,2007,2.0523809523809504,1.6230595379703165,0.4293214144106339
M2t_income_team_composite,MLI,2008,1.1523809523809518,0.9829604861757884,0.1694204662051635
M2t_income_team_composite,MLI,2009,0.3523809523809547,0.3204891448147564,0.031891807566198305
M2t_income_team_composite,MLI,2010,-0.4476190476190496,-0.18973818441558554,-0.25788086320346404
M2t_income_team_composite,MLI,2011,-1.1476190476190453,-0.593785052986787,-0.5538339946322584
M2t_income_team_composite,MLI,2012,-1.7476190476190467,-0.9671225951242084,-0.7804964524948383
M2t_income_team_composite,MLI,2013,-2.1476190476190453,-1.077240057231554,-1.0703789903874914
M2t_income_team_composite,MLI,2014,-2.4476190476190496,-1.5372101606438817,-0.9104088869751679
M2t_income_team_composite,MLI,2015,-2.547619047619051,-1.5856690187553486,-0.9619500288637024
M2t_income_team_composite,MLI,2016,-2.4476190476190496,-1.6267570385002323,-0.8208620091188172
M2t_income_team_composite,MLI,2017,-2.1476190476190453,-1.8180480702229302,-0.3295709773961151
M2t_income_team_composite,MLI,2018,-1.8476190476190482,-1.6122950260751963,-0.2353240215438519
M2t_income_team_composite,MLI,2019,-1.547619047619051,-1.5020611367223835,-0.0455579108966675
M2t_income_team_composite,MLI,2020,-1.047619047619051,-1.4984026261547387,0.45078357853568773
M2t_income_team_composite,MLI,2021,-0.547619047619051,-1.0339684115481087,0.4863493639290577
M2t_income_team_composite,MLI,2022,0.05238095238095042,-0.7763942504639947,0.8287752028449451
M2t_income_team_composite,MLI,2023,0.6523809523809518,0.015707880246805916,0.6366730721341459
M2t_income_team_composite,MOZ,2003,2.4476190476190425,3.509341499926494,-1.0617224523074515
M2t_income_team_composite,MOZ,2004,2.047619047619044,3.0257278861795576,-0.9781088385605137
M2t_income_team_composite,MOZ,2005,1.547619047619044,2.471229544659396,-0.923610497040352
M2t_income_team_composite,MOZ,2006,1.1476190476190382,1.9700752681199352,-0.822456220500897
M2t_income_team_composite,MOZ,2007,0.5476190476190439,1.4793727882468497,-0.9317537406278058
M2t_income_team_composite,MOZ,2008,0.0476190476190439,0.9174128431894718,-0.8697937955704279
M2t_income_team_composite,MOZ,2009,-0.3523809523809618,0.45493603309616004,-0.8073169854771218
M2t_income_team_composite,MOZ,2010,-0.8523809523809618,-0.024856653605851542,-0.8275242987751102
M2t_income_team_composite,MOZ,2011,-0.9523809523809561,-0.34179783306939626,-0.6105831193115598
M2t_income_team_composite,MOZ,2012,-1.0523809523809575,-0.5311396856944491,-0.5212412666865084
M2t_income_team_composite,MOZ,2013,-1.0523809523809575,-0.5766992571780195,-0.475681695202938
M2t_income_team_composite,MOZ,2014,-0.9523809523809561,-1.4043873046546973,0.4520063522737412
M2t_income_team_composite,MOZ,2015,-0.8523809523809618,-1.996327723797231,1.1439467714162692
M2t_income_team_composite,MOZ,2016,-0.652380952380959,-1.8758801236938196,1.2234991713128607
M2t_income_team_composite,MOZ,2017,-0.5523809523809575,-2.123537642586834,1.5711566902058767
M2t_income_team_composite,MOZ,2018,-0.5523809523809575,-1.557664517445116,1.0052835650641585
M2t_income_team_composite,MOZ,2019,-0.4523809523809561,-1.498831047326925,1.046450094945969
M2t_income_team_composite,MOZ,2020,-0.4523809523809561,-1.1144664057811005,0.6620854534001444
M2t_income_team_composite,MOZ,2021,-0.15238095238095895,-0.8396075437325259,0.6872265913515669
M2t_income_team_composite,MOZ,2022,0.24761904761903963,-0.3785710163438766,0.6261900639629162
M2t_income_team_composite,MOZ,2023,0.847619047619041,0.435670891491924,0.41194815612711705
M2t_income_team_composite,MRT,2003,2.509523809523806,4.082898725980695,-1.5733749164568893
M2t_income_team_composite,MRT,2004,2.2095238095238017,3.5237873303687985,-1.3142635208449969
M2t_income_team_composite,MRT,2005,1.9095238095238045,3.0126212588163406,-1.103097449292536
M2t_income_team_composite,MRT,2006,1.509523809523806,2.6823375071239832,-1.1728136976001773
M2t_income_team_composite,MRT,2007,1.009523809523806,1.6049178316228871,-0.5953940220990812
M2t_income_team_composite,MRT,2008,0.6095238095238074,0.6883609018970237,-0.07883709237321634
M2t_income_team_composite,MRT,2009,0.10952380952380736,-0.09596020477706961,0.20548401430087698
M2t_income_team_composite,MRT,2010,-0.2904761904761983,-0.6788986025340212,0.3884224120578229
M2t_income_team_composite,MRT,2011,-0.6904761904761969,-1.0640429117459742,0.3735667212697773
M2t_income_team_composite,MRT,2012,-1.0904761904761955,-1.3300365731095198,0.23956038263332435
M2t_income_team_composite,MRT,2013,-1.2904761904761983,-1.7965107167128203,0.5060345262366219
M2t_income_team_composite,MRT,2014,-1.3904761904761926,-1.9404167773440433,0.5499405868678506
M2t_income_team_composite,MRT,2015,-1.3904761904761926,-2.005350868549317,0.6148746780731242
M2t_income_team_composite,MRT,2016,-1.2904761904761983,-1.9640238675199675,0.6735476770437692
M2t_income_team_composite,MRT,2017,-1.190476190476197,-1.7612230288315307,0.5707468383553338
M2t_income_team_composite,MRT,2018,-0.9904761904761941,-1.5508906027231677,0.5604144122469736
M2t_income_team_composite,MRT,2019,-0.7904761904761983,-0.9273458610079981,0.13686967053179977
M2t_income_team_composite,MRT,2020,-0.49047619047619406,-0.7159857259527348,0.22550953547654073
M2t_income_team_composite,MRT,2021,-0.1904761904761969,-0.4798971672866078,0.2894209768104109
M2t_income_team_composite,MRT,2022,0.3095238095238031,0.03019201083287322,0.2793317986909299
M2t_income_team_composite,MRT,2023,0.9095238095238045,0.6854673414521346,0.2240564680716699
M2t_income_team_composite,MUS,2003,-4.580952380952379,3.506453415675213,-8.087405796627593
M2t_income_team_composite,MUS,2004,-4.480952380952381,2.9591883057845667,-7.440140686736948
M2t_income_team_composite,MUS,2005,-4.38095238095238,2.357655709034585,-6.738608089986965
M2t_income_team_composite,MUS,2006,-4.280952380952382,1.758651210914154,-6.039603591866536
M2t_income_team_composite,MUS,2007,-4.18095238095238,1.2002257420043365,-5.381178122956717
M2t_income_team_composite,MUS,2008,-3.980952380952381,0.5795503715868353,-4.560502752539216
M2t_income_team_composite,MUS,2009,-3.7809523809523817,0.0289047256086499,-3.8098571065610316
M2t_income_team_composite,MUS,2010,-3.480952380952381,-0.49825421800421077,-2.98269816294817
M2t_income_team_composite,MUS,2011,-3.080952380952379,-0.891288620776841,-2.189663760175538
M2t_income_team_composite,MUS,2012,-2.3809523809523796,-1.291246697382185,-1.0897056835701946
M2t_income_team_composite,MUS,2013,-1.6809523809523803,-1.45533456310466,-0.2256178178477204
M2t_income_team_composite,MUS,2014,-0.7809523809523817,-1.3825856944072403,0.6016333134548586
M2t_income_team_composite,MUS,2015,0.21904761904761827,-1.3344626730481248,1.553510292095743
M2t_income_team_composite,MUS,2016,1.2190476190476183,-1.2731728736508465,2.492220492698465
M2t_income_team_composite,MUS,2017,2.2190476190476183,-1.1574185831887225,3.3764662022363408
M2t_income_team_composite,MUS,2018,3.2190476190476183,-0.9874173669419617,4.20646498598958
M2t_income_team_composite,MUS,2019,4.31904761904762,-0.9701028980653155,5.289150517112935
M2t_income_team_composite,MUS,2020,5.419047619047621,-0.9336662801650519,6.352713899212673
M2t_income_team_composite,MUS,2021,6.719047619047618,-0.6194252217861149,7.338472840833733
M2t_income_team_composite,MUS,2022,8.11904761904762,-0.1081211301254113,8.227168749173032
M2t_income_team_composite,MUS,2023,9.619047619047617,0.5118673400383149,9.107180279009302
M2t_income_team_composite,MWI,2003,2.9142857142857146,3.7778922898524376,-0.863606575566723
M2t_income_team_composite,MWI,2004,2.2142857142857153,3.2381858991823984,-1.023900184896683
M2t_income_team_composite,MWI,2005,1.514285714285716,2.6140164275479356,-1.0997307132622196
M2t_income_team_composite,MWI,2006,0.7142857142857153,1.8091024994269223,-1.094816785141207
M2t_income_team_composite,MWI,2007,-0.08571428571428541,1.3600942359281885,-1.4458085216424739
M2t_income_team_composite,MWI,2008,-0.8857142857142861,0.6180573700954554,-1.5037716558097416
M2t_income_team_composite,MWI,2009,-1.5857142857142854,0.6119744610792027,-2.1976887467934882
M2t_income_team_composite,MWI,2010,-2.0857142857142854,-0.06495147577158933,-2.020762809942696
M2t_income_team_composite,MWI,2011,-2.2857142857142847,-0.4220722938901761,-1.8636419918241085
M2t_income_team_composite,MWI,2012,-2.385714285714286,-0.7337760315463037,-1.6519382541679826
M2t_income_team_composite,MWI,2013,-2.1857142857142833,-0.995386155683663,-1.1903281300306203
M2t_income_team_composite,MWI,2014,-1.8857142857142861,-1.1154602894988326,-0.7702539962154535
M2t_income_team_composite,MWI,2015,-1.485714285714284,-0.6489004648868679,-0.8368138208274161
M2t_income_team_composite,MWI,2016,-0.985714285714284,-0.7692198382221638,-0.2164944474921202
M2t_income_team_composite,MWI,2017,-0.5857142857142854,-1.4028207040488265,0.8171064183345411
M2t_income_team_composite,MWI,2018,-0.08571428571428541,-1.7908569632943343,1.705142677580049
M2t_income_team_composite,MWI,2019,0.3142857142857167,-1.6620863540673294,1.9763720683530461
M2t_income_team_composite,MWI,2020,0.9142857142857146,-1.42562467262883,2.3399103869145446
M2t_income_team_composite,MWI,2021,1.7142857142857153,-1.3065109812716569,3.0207966955573724
M2t_income_team_composite,MWI,2022,2.614285714285714,-1.1216159756563144,3.735901689942028
M2t_income_team_composite,MWI,2023,3.614285714285714,-0.570040982645599,4.184326696931313
M2t_income_team_composite,NAM,2003,2.5047619047619065,3.7281185196584348,-1.2233566148965282
M2t_income_team_composite,NAM,2004,1.8047619047619072,3.3726437251930608,-1.5678818204311535
M2t_income_team_composite,NAM,2005,1.104761904761908,2.7634427497179272,-1.6586808449560193
M2t_income_team_composite,NAM,2006,0.40476190476190865,2.2434398387767187,-1.83867793401481
M2t_income_team_composite,NAM,2007,-0.19523809523809277,1.7329493787724441,-1.928187474010537
M2t_income_team_composite,NAM,2008,-0.7952380952380906,1.1047673862213663,-1.900005481459457
M2t_income_team_composite,NAM,2009,-1.2952380952380906,0.1718563603948513,-1.467094455632942
M2t_income_team_composite,NAM,2010,-1.6952380952380928,0.07868261306292434,-1.7739207083010171
M2t_income_team_composite,NAM,2011,-1.895238095238092,-0.4391787898423949,-1.4560593053956972
M2t_income_team_composite,NAM,2012,-1.9952380952380935,-0.6710054837184516,-1.3242326115196419
M2t_income_team_composite,NAM,2013,-1.9952380952380935,-1.100568668471933,-0.8946694267661606
M2t_income_team_composite,NAM,2014,-1.895238095238092,-1.1979457168096128,-0.6972923784284792
M2t_income_team_composite,NAM,2015,-1.5952380952380913,-1.4729009433253173,-0.12233715191277406
M2t_income_team_composite,NAM,2016,-1.2952380952380906,-1.835626659167478,0.5403885639293873
M2t_income_team_composite,NAM,2017,-0.8952380952380921,-1.8019017413604839,0.9066636461223918
M2t_income_team_composite,NAM,2018,-0.39523809523809206,-1.6786548444394285,1.2834167492013364
M2t_income_team_composite,NAM,2019,0.30476190476190723,-1.523506832906804,1.8282687376687112
M2t_income_team_composite,NAM,2020,1.0047619047619065,-1.3293141515043603,2.334076056266267
M2t_income_team_composite,NAM,2021,1.9047619047619087,-1.2320640178262505,3.136825922588159
M2t_income_team_composite,NAM,2022,2.9047619047619087,-0.7579318790248128,3.6626937837867217
M2t_income_team_composite,NAM,2023,4.0047619047619065,-0.15530084340047434,4.160062748162381
M2t_income_team_composite,NER,2003,3.3714285714285666,4.167124251308538,-0.7956956798799713
M2t_income_team_composite,NER,2004,2.771428571428565,3.492326742373259,-0.720898170944694
M2t_income_team_composite,NER,2005,2.0714285714285623,2.9351519351143693,-0.863723363685807
M2t_income_team_composite,NER,2006,1.4714285714285609,2.3299008237133734,-0.8584722522848125
M2t_income_team_composite,NER,2007,0.8714285714285666,1.7160844333748497,-0.8446558619462832
M2t_income_team_composite,NER,2008,0.27142857142856514,1.1471223596043552,-0.87569378817579
M2t_income_team_composite,NER,2009,-0.3285714285714363,0.39341861520250454,-0.7219900437739408
M2t_income_team_composite,NER,2010,-0.9285714285714377,-0.06812629227534628,-0.8604451362960914
M2t_income_team_composite,NER,2011,-1.2285714285714349,-1.062520007506032,-0.16605142106540294
M2t_income_team_composite,NER,2012,-1.4285714285714377,-1.2160005115487627,-0.21257091702267505
M2t_income_team_composite,NER,2013,-1.5285714285714391,-1.3045206519263859,-0.22405077664505324
M2t_income_team_composite,NER,2014,-1.5285714285714391,-1.2290141615254673,-0.29955726704597185
M2t_income_team_composite,NER,2015,-1.5285714285714391,-2.0790121817084355,0.5504407531369964
M2t_income_team_composite,NER,2016,-1.3285714285714363,-1.9849815072953683,0.656410078723932
M2t_income_team_composite,NER,2017,-1.1285714285714334,-2.184922737011276,1.0563513084398424
M2t_income_team_composite,NER,2018,-0.9285714285714377,-1.938993572183365,1.0104221436119274
M2t_income_team_composite,NER,2019,-0.6285714285714334,-1.4410454536006967,0.8124740250292632
M2t_income_team_composite,NER,2020,-0.3285714285714363,-1.1337320082596434,0.8051605796882071
M2t_income_team_composite,NER,2021,0.07142857142856229,-0.8971829260555809,0.9686114974841432
M2t_income_team_composite,NER,2022,0.6714285714285637,-0.09947926574659188,0.7709078371751557
M2t_income_team_composite,NER,2023,1.2714285714285651,0.45840211595167146,0.8130264554768937
M2t_income_team_composite,NGA,2003,5.899999999999999,3.9534696846968505,1.9465303153031481
M2t_income_team_composite,NGA,2004,5.5,3.475815004633215,2.024184995366785
M2t_income_team_composite,NGA,2005,5.0,2.9160510747720467,2.0839489252279533
M2t_income_team_composite,NGA,2006,4.5,2.3274924605491623,2.1725075394508377
M2t_income_team_composite,NGA,2007,3.8999999999999986,1.6352871679521581,2.2647128320478407
M2t_income_team_composite,NGA,2008,3.1999999999999957,0.7341374134215579,2.465862586578438
M2t_income_team_composite,NGA,2009,2.3999999999999986,0.30060852217647493,2.0993914778235236
M2t_income_team_composite,NGA,2010,1.6999999999999957,-0.16019714387666306,1.860197143876659
M2t_income_team_composite,NGA,2011,1.0,-0.6767560777285131,1.676756077728513
M2t_income_team_composite,NGA,2012,0.29999999999999716,-1.101531410174943,1.40153141017494
M2t_income_team_composite,NGA,2013,-0.30000000000000426,-1.3122949962087103,1.012294996208706
M2t_income_team_composite,NGA,2014,-0.9000000000000057,-1.3945420390559875,0.4945420390559818
M2t_income_team_composite,NGA,2015,-1.4000000000000057,-1.1637996264662998,-0.23620037353370593
M2t_income_team_composite,NGA,2016,-2.0,-1.1632318457003645,-0.8367681542996355
M2t_income_team_composite,NGA,2017,-2.5,-1.3867793173179277,-1.1132206826820723
M2t_income_team_composite,NGA,2018,-3.1000000000000014,-1.8619544134345198,-1.2380455865654816
M2t_income_team_composite,NGA,2019,-3.700000000000003,-1.6058512954607458,-2.094148704539257
M2t_income_team_composite,NGA,2020,-4.300000000000004,-1.489203136012619,-2.8107968639873855
M2t_income_team_composite,NGA,2021,-4.800000000000004,-0.8815613748852084,-3.918438625114796
M2t_income_team_composite,NGA,2022,-5.100000000000001,-1.040694117203184,-4.059305882796817
M2t_income_team_composite,NGA,2023,-5.300000000000004,-0.10446453467570127,-5.195535465324303
M2t_income_team_composite,RWA,2003,3.333333333333334,3.5084667184774085,-0.17513338514407462
M2t_income_team_composite,RWA,2004,2.633333333333331,3.007836831432269,-0.3745034980989379
M2t_income_team_composite,RWA,2005,1.9333333333333318,2.511268295002213,-0.5779349616688814
M2t_income_team_composite,RWA,2006,1.2333333333333325,1.9948995873363384,-0.7615662540030059
M2t_income_team_composite,RWA,2007,0.6333333333333329,1.4955921327628432,-0.8622587994295103
M2t_income_team_composite,RWA,2008,0.033333333333333215,0.6479704982895367,-0.6146371649562035
M2t_income_team_composite,RWA,2009,-0.4666666666666668,0.191010707276276,-0.6576773739429428
M2t_income_team_composite,RWA,2010,-0.8666666666666671,-0.45910022503702874,-0.4075664416296384
M2t_income_team_composite,RWA,2011,-1.0666666666666682,-0.9362655198016124,-0.13040114686505577
M2t_income_team_composite,RWA,2012,-1.1666666666666679,-1.1059062820756616,-0.0607603845910063
M2t_income_team_composite,RWA,2013,-1.1666666666666679,-1.18287385378243,0.01620718711576208
M2t_income_team_composite,RWA,2014,-1.0666666666666682,-1.289129276750769,0.22246261008410073
M2t_income_team_composite,RWA,2015,-0.9666666666666668,-1.641373057719934,0.6747063910532671
M2t_income_team_composite,RWA,2016,-0.8666666666666671,-1.6736861150499087,0.8070194483832416
M2t_income_team_composite,RWA,2017,-0.8666666666666671,-1.489745343910383,0.6230786772437158
M2t_income_team_composite,RWA,2018,-0.7666666666666675,-1.1979386645273307,0.43127199786066317
M2t_income_team_composite,RWA,2019,-0.6666666666666679,-0.9828664902886115,0.31619982362194365
M2t_income_team_composite,RWA,2020,-0.5666666666666682,-0.8071304407234695,0.2404637740568013
M2t_income_team_composite,RWA,2021,-0.2666666666666675,-0.5764669589710884,0.30980029230442085
M2t_income_team_composite,RWA,2022,0.13333333333333286,-0.1743459169192334,0.30767925025256626
M2t_income_team_composite,RWA,2023,0.8333333333333339,0.15978337498058737,0.6735499583527466
M2t_income_team_composite,SDN,2003,2.4476190476190496,4.685225998768365,-2.2376069511493153
M2t_income_team_composite,SDN,2004,2.1476190476190453,4.125739313534756,-1.9781202659157104
M2t_income_team_composite,SDN,2005,1.8476190476190482,3.5434321257748493,-1.6958130781558012
M2t_income_team_composite,SDN,2006,1.4476190476190496,2.7756696169644046,-1.328050569345355
M2t_income_team_composite,SDN,2007,1.047619047619044,2.2328037363601023,-1.1851846887410584
M2t_income_team_composite,SDN,2008,0.6476190476190453,1.5861443620844704,-0.9385253144654251
M2t_income_team_composite,SDN,2009,0.14761904761904532,0.7072815895881497,-0.5596625419691044
M2t_income_team_composite,SDN,2010,-0.3523809523809547,-0.040502005541563024,-0.31187894683939166
M2t_income_team_composite,SDN,2011,-0.6523809523809518,-0.4924198626834837,-0.15996108969746814
M2t_income_team_composite,SDN,2012,-0.9523809523809561,-1.1771626178441685,0.22478166546321243
M2t_income_team_composite,SDN,2013,-1.1523809523809518,-1.3045928800045545,0.1522119276236027
M2t_income_team_composite,SDN,2014,-1.2523809523809533,-1.6266332889843187,0.37425233660336543
M2t_income_team_composite,SDN,2015,-1.2523809523809533,-1.586937004041909,0.3345560516609558
M2t_income_team_composite,SDN,2016,-1.2523809523809533,-1.2998429321661673,0.04746197978521405
M2t_income_team_composite,SDN,2017,-1.1523809523809518,-1.6252817975272023,0.4729008451462504
M2t_income_team_composite,SDN,2018,-0.9523809523809561,-1.6166768070279494,0.6642958546469933
M2t_income_team_composite,SDN,2019,-0.8523809523809547,-1.878746702042466,1.0263657496615113
M2t_income_team_composite,SDN,2020,-0.5523809523809504,-1.745205289965145,1.1928243375841945
M2t_income_team_composite,SDN,2021,-0.25238095238095326,-1.9723443551891557,1.7199634028082025
M2t_income_team_composite,SDN,2022,0.14761904761904532,-1.4520961722268992,1.5997152198459446
M2t_income_team_composite,SDN,2023,0.7476190476190467,-1.837855027830122,2.5854740754491687
M2t_income_team_composite,SEN,2003,7.385714285714286,4.342717501823603,3.0429967838906835
M2t_income_team_composite,SEN,2004,6.9857142857142875,3.6083468961888854,3.377367389525402
M2t_income_team_composite,SEN,2005,6.4857142857142875,2.8378401548076475,3.64787413090664
M2t_income_team_composite,SEN,2006,5.885714285714286,2.3557180423457647,3.5299962433685215
M2t_income_team_composite,SEN,2007,5.185714285714283,1.7616135918667983,3.424100693847485
M2t_income_team_composite,SEN,2008,4.285714285714285,1.1394020028962655,3.1463122828180192
M2t_income_team_composite,SEN,2009,3.385714285714286,0.2705793624647092,3.115134923249577
M2t_income_team_composite,SEN,2010,2.2857142857142847,-0.6142872266229455,2.90000151233723
M2t_income_team_composite,SEN,2011,1.2857142857142847,-1.0389454617177325,2.324659747432017
M2t_income_team_composite,SEN,2012,0.3857142857142861,-1.6436969007081679,2.029411186422454
M2t_income_team_composite,SEN,2013,-0.5142857142857125,-2.118034091762817,1.6037483774771046
M2t_income_team_composite,SEN,2014,-1.4142857142857181,-2.0301728663091,0.6158871520233817
M2t_income_team_composite,SEN,2015,-2.2142857142857153,-1.7043655126146229,-0.5099202016710924
M2t_income_team_composite,SEN,2016,-2.914285714285718,-2.236264579548017,-0.6780211347377012
M2t_income_team_composite,SEN,2017,-3.614285714285714,-1.8194977990620123,-1.7947879152237016
M2t_income_team_composite,SEN,2018,-4.314285714285717,-1.5583927495587238,-2.7558929647269927
M2t_income_team_composite,SEN,2019,-4.914285714285718,-1.078166579218193,-3.836119135067525
M2t_income_team_composite,SEN,2020,-5.5142857142857125,-0.8004018707890819,-4.713883843496631
M2t_income_team_composite,SEN,2021,-5.914285714285718,-0.4128676210495651,-5.501418093236153
M2t_income_team_composite,SEN,2022,-6.114285714285714,0.0568734727622211,-6.171159187047935
M2t_income_team_composite,SEN,2023,-6.114285714285714,0.6820022338050697,-6.796287948090784
M2t_income_team_composite,SLE,2003,5.51428571428572,4.185334441601042,1.3289512726846775
M2t_income_team_composite,SLE,2004,5.01428571428572,3.6442525021400174,1.3700332121457022
M2t_income_team_composite,SLE,2005,4.314285714285717,3.0472112960633657,1.267074418222351
M2t_income_team_composite,SLE,2006,3.7142857142857153,2.4374398602614895,1.2768458540242258
M2t_income_team_composite,SLE,2007,3.0142857142857196,1.6962714297708645,1.318014284514855
M2t_income_team_composite,SLE,2008,2.2142857142857153,1.2381549131871343,0.976130801098581
M2t_income_team_composite,SLE,2009,1.3142857142857167,0.6827155202725592,0.6315701940131575
M2t_income_team_composite,SLE,2010,0.5142857142857196,0.1968653529374238,0.31742036134829577
M2t_income_team_composite,SLE,2011,-0.18571428571428328,-0.43223071413234704,0.24651642841806376
M2t_income_team_composite,SLE,2012,-0.885714285714279,-0.555145534993333,-0.33056875072094605
M2t_income_team_composite,SLE,2013,-1.385714285714279,-0.9428147085766504,-0.4428995771376286
M2t_income_team_composite,SLE,2014,-1.7857142857142847,-0.9960769490250443,-0.7896373366892404
M2t_income_team_composite,SLE,2015,-2.085714285714282,-1.2491792430382502,-0.8365350426760316
M2t_income_team_composite,SLE,2016,-2.2857142857142847,-1.2536289356593386,-1.032085350054946
M2t_income_team_composite,SLE,2017,-2.385714285714279,-1.7896611552157449,-0.5960531304985341
M2t_income_team_composite,SLE,2018,-2.585714285714282,-2.456396599735616,-0.12931768597866578
M2t_income_team_composite,SLE,2019,-2.585714285714282,-2.4816156063098016,-0.10409867940448025
M2t_income_team_composite,SLE,2020,-2.585714285714282,-2.1001430391581826,-0.4855712465560993
M2t_income_team_composite,SLE,2021,-2.585714285714282,-1.7316944099939027,-0.8540198757203792
M2t_income_team_composite,SLE,2022,-2.2857142857142847,-0.8957630107606426,-1.389951274953642
M2t_income_team_composite,SLE,2023,-1.9857142857142804,-0.2438954096350645,-1.741818876079216
M2t_income_team_composite,SOM,2003,0.34761904761904816,3.3705876596226667,-3.0229686120036185
M2t_income_team_composite,SOM,2004,-0.052380952380957524,2.833552011279916,-2.8859329636608737
M2t_income_team_composite,SOM,2005,-0.3523809523809547,2.2650375998695815,-2.617418552250536
M2t_income_team_composite,SOM,2006,-0.6523809523809518,1.6736886367427148,-2.3260695891236667
M2t_income_team_composite,SOM,2007,-0.9523809523809561,1.13157356748677,-2.083954519867726
M2t_income_team_composite,SOM,2008,-1.2523809523809533,0.5391135371872953,-1.7914944895682485
M2t_income_team_composite,SOM,2009,-1.452380952380956,-0.10207733036620598,-1.3503036220147502
M2t_income_team_composite,SOM,2010,-1.7523809523809533,-0.5908241945830082,-1.161556757797945
M2t_income_team_composite,SOM,2011,-1.6523809523809518,-0.8984844218740102,-0.7538965305069416
M2t_income_team_composite,SOM,2012,-1.452380952380956,-1.102542754018267,-0.34983819836268903
M2t_income_team_composite,SOM,2013,-1.1523809523809518,-1.4493051391707406,0.2969241867897887
M2t_income_team_composite,SOM,2014,-0.7523809523809533,-1.3623233418634448,0.6099423894824916
M2t_income_team_composite,SOM,2015,-0.25238095238095326,-1.5300671582666807,1.2776862058857275
M2t_income_team_composite,SOM,2016,0.24761904761904674,-1.5754146428488132,1.82303369046786
M2t_income_team_composite,SOM,2017,0.6476190476190453,-1.4441508099600866,2.091769857579132
M2t_income_team_composite,SOM,2018,0.9476190476190425,-1.3035749762323947,2.251194023851437
M2t_income_team_composite,SOM,2019,1.1476190476190453,-1.0731753195260592,2.2207943671451043
M2t_income_team_composite,SOM,2020,1.4476190476190425,-0.42220369697096394,1.8698227445900064
M2t_income_team_composite,SOM,2021,1.8476190476190482,0.03155412749964137,1.8160649201194068
M2t_income_team_composite,SOM,2022,2.2476190476190467,0.29217742984647177,1.9554416177725749
M2t_income_team_composite,SOM,2023,2.847619047619048,0.7168592161456208,2.1307598314734273
M2t_income_team_composite,SSD,2008,0.5,2.2995653884005023,-1.7995653884005023
M2t_income_team_composite,SSD,2009,0.0,1.7707954871093172,-1.7707954871093172
M2t_income_team_composite,SSD,2010,-0.3000000000000007,1.1920572755951624,-1.492057275595163
M2t_income_team_composite,SSD,2011,-0.5,0.5156445170703617,-1.0156445170703616
M2t_income_team_composite,SSD,2012,-0.40000000000000213,-1.4879640367037203,1.0879640367037182
M2t_income_team_composite,SSD,2013,-0.10000000000000142,-1.4048541356286943,1.304854135628693
M2t_income_team_composite,SSD,2014,0.1999999999999993,-1.338624076160817,1.5386240761608163
M2t_income_team_composite,SSD,2015,0.5999999999999979,-1.5466204196821094,2.1466204196821073
M2t_income_team_composite,STP,2003,5.519047619047626,3.2592216710263284,2.2598259480212977
M2t_income_team_composite,STP,2004,4.919047619047625,2.6772941201778484,2.2417534988697763
M2t_income_team_composite,STP,2005,4.219047619047629,2.1311405670011783,2.0879070520464507
M2t_income_team_composite,STP,2006,3.6190476190476275,1.6182424922439629,2.0008051268036646
M2t_income_team_composite,STP,2007,2.8190476190476232,1.050300624426868,1.7687469946207552
M2t_income_team_composite,STP,2008,2.019047619047626,0.4898854334171956,1.5291621856304305
M2t_income_team_composite,STP,2009,1.219047619047629,-0.006086413870852958,1.2251340329184819
M2t_income_team_composite,STP,2010,0.5190476190476261,-0.5828726013830567,1.1019202204306828
M2t_income_team_composite,STP,2011,-0.18095238095237676,-0.9768945145280692,0.7959421335756924
M2t_income_team_composite,STP,2012,-0.6809523809523768,-1.238295492241219,0.5573431112888423
M2t_income_team_composite,STP,2013,-1.1809523809523768,-1.269638660036288,0.08868627908391113
M2t_income_team_composite,STP,2014,-1.480952380952374,-1.3701811558647357,-0.11077122508763826
M2t_income_team_composite,STP,2015,-1.780952380952371,-1.492107907446071,-0.28884447350630005
M2t_income_team_composite,STP,2016,-1.980952380952374,-1.3153019436820221,-0.6656504372703518
M2t_income_team_composite,STP,2017,-2.280952380952371,-1.306986153867909,-0.973966227084462
M2t_income_team_composite,STP,2018,-2.480952380952374,-1.0556654262886642,-1.4252869546637097
M2t_income_team_composite,STP,2019,-2.5809523809523753,-0.9710656217352085,-1.6098867592171668
M2t_income_team_composite,STP,2020,-2.6809523809523768,-0.4607749248867555,-2.2201774560656213
M2t_income_team_composite,STP,2021,-2.6809523809523768,-0.17229599281992375,-2.508656388132453
M2t_income_team_composite,STP,2022,-2.5809523809523753,0.22452064633777957,-2.805473027290155
M2t_income_team_composite,STP,2023,-2.280952380952371,0.7675612540195234,-3.0485136349718944
M2t_income_team_composite,SWZ,2003,2.2857142857142847,3.4104451056139506,-1.124730819899666
M2t_income_team_composite,SWZ,2004,1.6857142857142833,2.8731294786368378,-1.1874151929225545
M2t_income_team_composite,SWZ,2005,1.1857142857142833,2.3516173956357043,-1.165903109921421
M2t_income_team_composite,SWZ,2006,0.6857142857142833,1.8274797561314071,-1.1417654704171238
M2t_income_team_composite,SWZ,2007,0.18571428571428328,1.301334084662931,-1.1156197989486478
M2t_income_team_composite,SWZ,2008,-0.11428571428571743,0.6559984159655994,-0.7702841302513168
M2t_income_team_composite,SWZ,2009,-0.514285714285716,0.1354139697617914,-0.6496996840475074
M2t_income_team_composite,SWZ,2010,-0.9142857142857181,-0.3636374799300633,-0.5506482343556549
M2t_income_team_composite,SWZ,2011,-1.2142857142857153,-1.094384493053707,-0.1199012212320083
M2t_income_team_composite,SWZ,2012,-1.514285714285716,-1.3148502399754216,-0.1994354743102944
M2t_income_team_composite,SWZ,2013,-1.6142857142857174,-1.368830156914769,-0.24545555737094849
M2t_income_team_composite,SWZ,2014,-1.6142857142857174,-1.3314579021487873,-0.2828278121369301
M2t_income_team_composite,SWZ,2015,-1.6142857142857174,-1.2436318394600323,-0.3706538748256851
M2t_income_team_composite,SWZ,2016,-1.4142857142857181,-1.4684661179038103,0.05418040361809218
M2t_income_team_composite,SWZ,2017,-1.1142857142857174,-1.1106757305925004,-0.003609983693217078
M2t_income_team_composite,SWZ,2018,-0.7142857142857153,-1.139825825597236,0.4255401113115207
M2t_income_team_composite,SWZ,2019,-0.2142857142857153,-1.1339786756544894,0.9196929613687741
M2t_income_team_composite,SWZ,2020,0.38571428571428257,-0.947772609609935,1.3334868953242176
M2t_income_team_composite,SWZ,2021,1.1857142857142833,-0.6071684597672923,1.7928827454815757
M2t_income_team_composite,SWZ,2022,1.985714285714284,-0.02446215067086205,2.010176436385146
M2t_income_team_composite,SWZ,2023,2.985714285714284,0.5937234748707033,2.3919908108435806
M2t_income_team_composite,SYC,2003,0.7095238095238123,3.11461008925162,-2.405086279727808
M2t_income_team_composite,SYC,2004,0.4095238095238116,2.4599472987824456,-2.050423489258634
M2t_income_team_composite,SYC,2005,0.10952380952381091,1.9900974503274576,-1.8805736408036466
M2t_income_team_composite,SYC,2006,-0.29047619047618767,1.4746960717839115,-1.7651722622600992
M2t_income_team_composite,SYC,2007,-0.6904761904761862,1.0257903787224316,-1.7162665691986179
M2t_income_team_composite,SYC,2008,-0.990476190476187,0.259730752437065,-1.2502069429132519
M2t_income_team_composite,SYC,2009,-1.1904761904761862,-0.34929610278716794,-0.8411800876890183
M2t_income_team_composite,SYC,2010,-1.2904761904761877,-0.8914543887975975,-0.39902180167859014
M2t_income_team_composite,SYC,2011,-1.2904761904761877,-1.0758259987703935,-0.21465019170579414
M2t_income_team_composite,SYC,2012,-1.2904761904761877,-1.3425980480037958,0.05212185752760812
M2t_income_team_composite,SYC,2013,-1.1904761904761862,-1.501182930756321,0.3107067402801347
M2t_income_team_composite,SYC,2014,-0.990476190476187,-1.46501150304448,0.47453531256829296
M2t_income_team_composite,SYC,2015,-0.6904761904761862,-1.2900666074703828,0.5995904169941966
M2t_income_team_composite,SYC,2016,-0.29047619047618767,-1.0268469110202438,0.7363707205440562
M2t_income_team_composite,SYC,2017,-0.09047619047618838,-0.8001481502015212,0.7096719597253328
M2t_income_team_composite,SYC,2018,0.30952380952381375,-0.5656164239163387,0.8751402334401525
M2t_income_team_composite,SYC,2019,0.6095238095238109,-0.3989897826112875,1.0085135921350985
M2t_income_team_composite,SYC,2020,1.109523809523811,-0.3968077410442017,1.5063315505680126
M2t_income_team_composite,SYC,2021,1.7095238095238123,-0.12059584720786187,1.8301196567316742
M2t_income_team_composite,SYC,2022,2.3095238095238138,0.11365719995283602,2.195866609570978
M2t_income_team_composite,SYC,2023,3.009523809523813,0.7859111943737491,2.223612615150064
M2t_income_team_composite,TCD,2003,5.885714285714286,3.131782982514621,2.753931303199665
M2t_income_team_composite,TCD,2004,5.4857142857142875,3.0218413973767064,2.463872888337581
M2t_income_team_composite,TCD,2005,4.9857142857142875,2.627697333676811,2.3580169520374765
M2t_income_team_composite,TCD,2006,4.385714285714286,1.8996278400085282,2.486086445705758
M2t_income_team_composite,TCD,2007,3.885714285714286,1.316751842610472,2.568962443103814
M2t_income_team_composite,TCD,2008,3.1857142857142904,0.6649940091841472,2.520720276530143
M2t_income_team_composite,TCD,2009,2.585714285714289,0.03992277184383686,2.5457915138704523
M2t_income_team_composite,TCD,2010,1.9857142857142875,-0.3277939905883717,2.313508276302659
M2t_income_team_composite,TCD,2011,0.9857142857142875,-0.6927602268203291,1.6784745125346165
M2t_income_team_composite,TCD,2012,0.08571428571428896,-0.8624643428501834,0.9481786285644723
M2t_income_team_composite,TCD,2013,-0.7142857142857153,-0.9766687174100297,0.2623830031243144
M2t_income_team_composite,TCD,2014,-1.5142857142857125,-0.9697541457831479,-0.5445315685025646
M2t_income_team_composite,TCD,2015,-2.2142857142857153,-0.8810040893211527,-1.3332816249645627
M2t_income_team_composite,TCD,2016,-2.914285714285711,-0.9179047510040936,-1.9963809632816174
M2t_income_team_composite,TCD,2017,-3.5142857142857125,-1.6171999961240986,-1.8970857181616139
M2t_income_team_composite,TCD,2018,-3.7142857142857153,-1.3859514010451681,-2.328334313240547
M2t_income_team_composite,TCD,2019,-3.8142857142857096,-1.2669466805892051,-2.5473390336965043
M2t_income_team_composite,TCD,2020,-3.914285714285711,-1.2457747151691652,-2.668510999116546
M2t_income_team_composite,TCD,2021,-3.914285714285711,-1.011265810393956,-2.903019903891755
M2t_income_team_composite,TCD,2022,-3.7142857142857153,-0.5594077275761,-3.1548779867096153
M2t_income_team_composite,TCD,2023,-3.5142857142857125,0.01227841745989422,-3.526564131745607
M2t_income_team_composite,TGO,2003,3.9761904761904745,4.132677103563315,-0.15648662737284091
M2t_income_team_composite,TGO,2004,3.576190476190476,3.442507648367535,0.13368282782294072
M2t_income_team_composite,TGO,2005,3.1761904761904702,2.630915908259616,0.5452745679308544
M2t_income_team_composite,TGO,2006,2.6761904761904702,1.9677602506344196,0.7084302255560506
M2t_income_team_composite,TGO,2007,2.1761904761904702,1.2596431087805515,0.9165473674099187
M2t_income_team_composite,TGO,2008,1.576190476190476,0.6205014591151017,0.9556890170753742
M2t_income_team_composite,TGO,2009,0.9761904761904745,0.1387822914996118,0.8374081846908628
M2t_income_team_composite,TGO,2010,0.3761904761904731,-0.36789570807659816,0.7440861842670712
M2t_income_team_composite,TGO,2011,-0.12380952380952692,-0.7033068507873037,0.5794973269777768
M2t_income_team_composite,TGO,2012,-0.6238095238095269,-1.2694578811326866,0.6456483573231597
M2t_income_team_composite,TGO,2013,-1.0238095238095255,-1.4877542484622783,0.4639447246527528
M2t_income_team_composite,TGO,2014,-1.3238095238095298,-1.5742306456243902,0.2504211218148604
M2t_income_team_composite,TGO,2015,-1.5238095238095255,-1.7883873600055322,0.2645778361960067
M2t_income_team_composite,TGO,2016,-1.7238095238095283,-2.0122945021807066,0.28848497837117826
M2t_income_team_composite,TGO,2017,-1.8238095238095298,-1.825370521475468,0.001560997665938313
M2t_income_team_composite,TGO,2018,-1.923809523809524,-1.581320153065884,-0.34248937074364005
M2t_income_team_composite,TGO,2019,-1.923809523809524,-1.262690448194194,-0.66111907561533
M2t_income_team_composite,TGO,2020,-1.923809523809524,-0.9688018356918365,-0.9550076881176875
M2t_income_team_composite,TGO,2021,-1.8238095238095298,-0.42489280882809344,-1.3989167149814363
M2t_income_team_composite,TGO,2022,-1.623809523809527,0.2930776880697253,-1.9168872118792522
M2t_income_team_composite,TGO,2023,-1.123809523809527,0.7805375052350984,-1.9043470290446254
M2t_income_team_composite,TZA,2003,3.3619047619047606,4.293572515310297,-0.9316677534055362
M2t_income_team_composite,TZA,2004,2.961904761904762,3.788724621918822,-0.8268198600140599
M2t_income_team_composite,TZA,2005,2.3619047619047606,3.456455420071648,-1.0945506581668876
M2t_income_team_composite,TZA,2006,1.6619047619047578,2.887729871956953,-1.2258251100521953
M2t_income_team_composite,TZA,2007,0.961904761904762,2.379989787027131,-1.4180850251223691
M2t_income_team_composite,TZA,2008,0.2619047619047592,1.5934095574560403,-1.331504795551281
M2t_income_team_composite,TZA,2009,-0.43809523809523654,0.9305827720077748,-1.3686780101030114
M2t_income_team_composite,TZA,2010,-0.9380952380952365,0.4527786081487961,-1.3908738462440327
M2t_income_team_composite,TZA,2011,-1.2380952380952408,-0.46050810645952567,-0.7775871316357151
M2t_income_team_composite,TZA,2012,-1.4380952380952365,-0.7094086691970841,-0.7286865688981524
M2t_income_team_composite,TZA,2013,-1.3380952380952422,-1.1527560590190071,-0.1853391790762351
M2t_income_team_composite,TZA,2014,-1.2380952380952408,-2.9118316159650046,1.6737363778697638
M2t_income_team_composite,TZA,2015,-1.1380952380952394,-2.772172322009083,1.6340770839138434
M2t_income_team_composite,TZA,2016,-1.038095238095238,-2.807627902648018,1.7695326645527802
M2t_income_team_composite,TZA,2017,-0.9380952380952365,-2.1733382480592094,1.2352430099639728
M2t_income_team_composite,TZA,2018,-0.8380952380952422,-2.144159848822988,1.3060646107277458
M2t_income_team_composite,TZA,2019,-0.7380952380952408,-1.6019118866982835,0.8638166486030427
M2t_income_team_composite,TZA,2020,-0.6380952380952394,-1.337919220369837,0.6998239822745975
M2t_income_team_composite,TZA,2021,-0.3380952380952422,-1.0216392037579145,0.6835439656626723
M2t_income_team_composite,TZA,2022,0.06190476190476346,-0.34485601041461955,0.406760772319383
M2t_income_team_composite,TZA,2023,0.6619047619047578,-0.345114060476841,1.0070188223815988
M2t_income_team_composite,UGA,2003,4.819047619047616,4.257923499611463,0.5611241194361529
M2t_income_team_composite,UGA,2004,3.9190476190476176,3.742248183631628,0.17679943541598941
M2t_income_team_composite,UGA,2005,3.119047619047617,3.5645028098865192,-0.4454551908389024
M2t_income_team_composite,UGA,2006,2.119047619047617,2.8939164120836285,-0.7748687930360116
M2t_income_team_composite,UGA,2007,1.2190476190476147,2.4163492789460124,-1.1973016598983977
M2t_income_team_composite,UGA,2008,0.31904761904761614,1.3186421542336877,-0.9995945351860716
M2t_income_team_composite,UGA,2009,-0.4809523809523846,0.4966053933447274,-0.977557774297112
M2t_income_team_composite,UGA,2010,-1.1809523809523839,-0.3881647280534038,-0.7927876528989801
M2t_income_team_composite,UGA,2011,-1.6809523809523839,-0.6497149038115068,-1.031237477140877
M2t_income_team_composite,UGA,2012,-1.8809523809523832,-1.3039356833349278,-0.5770166976174553
M2t_income_team_composite,UGA,2013,-1.9809523809523846,-1.788590538038692,-0.19236184291369263
M2t_income_team_composite,UGA,2014,-1.8809523809523832,-2.8753856848754236,0.9944333039230404
M2t_income_team_composite,UGA,2015,-1.6809523809523839,-2.5714918288619337,0.8905394479095499
M2t_income_team_composite,UGA,2016,-1.4809523809523846,-2.0724496699304265,0.5914972889780419
M2t_income_team_composite,UGA,2017,-1.3809523809523832,-1.9436905334366859,0.5627381524843027
M2t_income_team_composite,UGA,2018,-1.1809523809523839,-1.897687347038314,0.7167349660859301
M2t_income_team_composite,UGA,2019,-0.9809523809523846,-1.1901201095588672,0.20916772860648258
M2t_income_team_composite,UGA,2020,-0.6809523809523839,-0.5325100648419874,-0.1484423161103965
M2t_income_team_composite,UGA,2021,-0.2809523809523853,-0.43363941809312284,0.15268703714073756
M2t_income_team_composite,UGA,2022,0.21904761904761472,-0.7373697361194325,0.9564173551670472
M2t_income_team_composite,UGA,2023,1.0190476190476154,-0.30543748574288854,1.324485104790504
M2t_income_team_composite,ZAF,2003,2.7619047619047628,4.40626712257565,-1.644362360670887
M2t_income_team_composite,ZAF,2004,2.1619047619047613,3.8812783320205178,-1.7193735701157564
M2t_income_team_composite,ZAF,2005,1.461904761904762,3.5316465618436306,-2.0697417999388685
M2t_income_team_composite,ZAF,2006,0.7619047619047628,2.6046777364774742,-1.8427729745727115
M2t_income_team_composite,ZAF,2007,0.06190476190475991,1.7239085609450044,-1.6620037990402445
M2t_income_team_composite,ZAF,2008,-0.538095238095238,1.1156999214165475,-1.6537951595117855
M2t_income_team_composite,ZAF,2009,-1.1380952380952394,0.5227124299963093,-1.6608076680915487
M2t_income_team_composite,ZAF,2010,-1.6380952380952394,-0.1920508328552546,-1.4460444052399848
M2t_income_team_composite,ZAF,2011,-1.8380952380952387,-0.7445250094267659,-1.0935702286684728
M2t_income_team_composite,ZAF,2012,-1.93809523809524,-1.3989295645660194,-0.5391656735292207
M2t_income_team_composite,ZAF,2013,-1.8380952380952387,-1.8834598664235207,0.04536462832828203
M2t_income_team_composite,ZAF,2014,-1.7380952380952372,-1.8779610961359716,0.13986585804073437
M2t_income_team_composite,ZAF,2015,-1.43809523809524,-1.6417155905076481,0.20362035241240806
M2t_income_team_composite,ZAF,2016,-1.1380952380952394,-1.948825348022606,0.8107301099273667
M2t_income_team_composite,ZAF,2017,-0.7380952380952372,-1.808930737175964,1.0708354990807267
M2t_income_team_composite,ZAF,2018,-0.33809523809523867,-1.8328547814180136,1.494759543322775
M2t_income_team_composite,ZAF,2019,0.16190476190476133,-1.4259801159311485,1.5878848778359098
M2t_income_team_composite,ZAF,2020,0.6619047619047613,-1.3314639154740076,1.9933686773787689
M2t_income_team_composite,ZAF,2021,1.3619047619047606,-0.9789794198344125,2.340884181739173
M2t_income_team_composite,ZAF,2022,2.06190476190476,-0.5428708004446641,2.604775562349424
M2t_income_team_composite,ZAF,2023,2.8619047619047606,-0.17764358705918548,3.039548348963946
M2t_income_team_composite,ZMB,2003,5.18571428571428,3.568355259154825,1.6173590265594546
M2t_income_team_composite,ZMB,2004,4.18571428571428,3.0551727953975867,1.130541490316693
M2t_income_team_composite,ZMB,2005,3.285714285714281,2.6920977141687947,0.5936165715454864
M2t_income_team_composite,ZMB,2006,2.3857142857142826,2.323149411750462,0.06256487396382049
M2t_income_team_composite,ZMB,2007,1.5857142857142819,1.8267347568197418,-0.24102047110546
M2t_income_team_composite,ZMB,2008,0.7857142857142811,1.2652637405489766,-0.47954945483469547
M2t_income_team_composite,ZMB,2009,0.08571428571428186,-0.0607307177621131,0.14644500347639494
M2t_income_team_composite,ZMB,2010,-0.41428571428571814,-0.48324497879505435,0.0689592645093362
M2t_income_team_composite,ZMB,2011,-0.9142857142857181,-1.388416436884715,0.4741307225989968
M2t_income_team_composite,ZMB,2012,-1.2142857142857189,-1.5886249451565708,0.37433923087085197
M2t_income_team_composite,ZMB,2013,-1.4142857142857181,-1.669615426747518,0.2553297124617999
M2t_income_team_composite,ZMB,2014,-1.4142857142857181,-1.8101042629025508,0.39581854861683263
M2t_income_team_composite,ZMB,2015,-1.5142857142857196,-1.378385429965841,-0.13590028431987866
M2t_income_team_composite,ZMB,2016,-1.5142857142857196,-1.647946799177801,0.1336610848920814
M2t_income_team_composite,ZMB,2017,-1.6142857142857174,-1.5020616621348384,-0.11222405215087905
M2t_income_team_composite,ZMB,2018,-1.5142857142857196,-1.3061930036655798,-0.2080927106201398
M2t_income_team_composite,ZMB,2019,-1.5142857142857196,-0.7146922149501227,-0.7995934993355969
M2t_income_team_composite,ZMB,2020,-1.5142857142857196,-0.9201319792075255,-0.594153735078194
M2t_income_team_composite,ZMB,2021,-1.3142857142857203,-0.5589584888164268,-0.7553272254692934
M2t_income_team_composite,ZMB,2022,-1.0142857142857196,-0.07499139850827338,-0.9392943157774462
M2t_income_team_composite,ZMB,2023,-0.6142857142857174,0.37332406683456254,-0.98760978112028
M2t_income_team_composite,ZWE,2003,4.0238095238095255,4.126779095659334,-0.10296957184980826
M2t_income_team_composite,ZWE,2004,3.5238095238095255,3.349852158980191,0.17395736482933444
M2t_income_team_composite,ZWE,2005,3.123809523809527,2.544037378851601,0.5797721449579258
M2t_income_team_composite,ZWE,2006,2.623809523809527,1.7731720213662021,0.8506375024433248
M2t_income_team_composite,ZWE,2007,2.123809523809527,1.046605127680068,1.0772043961294588
M2t_income_team_composite,ZWE,2008,1.5238095238095255,-0.09896738060264143,1.622776904412167
M2t_income_team_composite,ZWE,2009,1.0238095238095255,-0.3682652244655643,1.39207474827509
M2t_income_team_composite,ZWE,2010,0.5238095238095255,-0.549857362363267,1.0736668861727925
M2t_income_team_composite,ZWE,2011,-0.2761904761904752,-0.6744659505599653,0.39827547436949007
M2t_income_team_composite,ZWE,2012,-1.076190476190476,-0.8147630252906285,-0.2614274508998474
M2t_income_team_composite,ZWE,2013,-1.576190476190476,-1.1004911853839927,-0.4756992908064832
M2t_income_team_composite,ZWE,2014,-1.9761904761904745,-1.058766639242509,-0.9174238369479655
M2t_income_team_composite,ZWE,2015,-2.276190476190475,-1.3438870197455888,-0.9323034564448864
M2t_income_team_composite,ZWE,2016,-2.4761904761904745,-1.271049488815946,-1.2051409873745285
M2t_income_team_composite,ZWE,2017,-2.576190476190476,-1.0596278721448216,-1.5165626040456543
M2t_income_team_composite,ZWE,2018,-2.276190476190475,-0.8098760786433825,-1.4663143975470927
M2t_income_team_composite,ZWE,2019,-1.876190476190473,-1.3061908560928597,-0.5699996200976134
M2t_income_team_composite,ZWE,2020,-1.4761904761904745,-1.435034236463537,-0.041156239726937605
M2t_income_team_composite,ZWE,2021,-0.8761904761904731,-1.0057123596214943,0.12952188343102122
M2t_income_team_composite,ZWE,2022,-0.2761904761904752,-0.29732496189487906,0.02113448570440385
M2t_income_team_composite,ZWE,2023,0.5238095238095255,0.35383385879365353,0.16997566501587197
M3_income_all_exposures,AGO,2003,5.295238095238091,3.706099559799857,1.5891385354382335
M3_income_all_exposures,AGO,2004,4.795238095238091,3.146434566737013,1.6488035285010776
M3_income_all_exposures,AGO,2005,4.195238095238089,2.7073484621906045,1.4878896330474847
M3_income_all_exposures,AGO,2006,3.595238095238095,2.0473174546603508,1.5479206405777441
M3_income_all_exposures,AGO,2007,2.895238095238092,1.5310985689749042,1.364139526263188
M3_income_all_exposures,AGO,2008,2.095238095238095,0.8011583819650283,1.2940797132730666
M3_income_all_exposures,AGO,2009,1.1952380952380892,0.1824588667436764,1.0127792284944128
M3_income_all_exposures,AGO,2010,0.39523809523809206,-0.3487767204186605,0.7440148156567525
M3_income_all_exposures,AGO,2011,-0.3047619047619108,-1.7547750812307594,1.4500131764688486
M3_income_all_exposures,AGO,2012,-0.9047619047619051,-2.119164348932875,1.21440244417097
M3_income_all_exposures,AGO,2013,-1.3047619047619108,-2.2194201420595188,0.914658237297608
M3_income_all_exposures,AGO,2014,-1.604761904761908,-1.9268417852109012,0.32207988044899327
M3_income_all_exposures,AGO,2015,-1.904761904761905,-0.9097332847455838,-0.9950286200163213
M3_income_all_exposures,AGO,2016,-2.0047619047619065,-0.7208378286151684,-1.283924076146738
M3_income_all_exposures,AGO,2017,-2.104761904761908,-0.8595339829291885,-1.2452279218327194
M3_income_all_exposures,AGO,2018,-2.2047619047619094,-0.6035522804412804,-1.6012096243206289
M3_income_all_exposures,AGO,2019,-2.404761904761905,-0.991335730369039,-1.4134261743928662
M3_income_all_exposures,AGO,2020,-2.5047619047619065,-0.9876150068922233,-1.5171468978696834
M3_income_all_exposures,AGO,2021,-2.5047619047619065,-0.9015384623458875,-1.603223442416019
M3_income_all_exposures,AGO,2022,-2.404761904761905,-0.08701717608637294,-2.317744728675532
M3_income_all_exposures,AGO,2023,-2.304761904761911,0.3082259692060195,-2.6129878739679304
M3_income_all_exposures,BDI,2003,-0.1904761904761898,3.4606858902509563,-3.651162080727146
M3_income_all_exposures,BDI,2004,-0.9904761904761905,2.8243262759367678,-3.8148024664129583
M3_income_all_exposures,BDI,2005,-1.7904761904761912,2.083789824540337,-3.874266015016528
M3_income_all_exposures,BDI,2006,-2.4904761904761905,2.393198919415376,-4.883675109891566
M3_income_all_exposures,BDI,2007,-3.090476190476192,1.7673526440257916,-4.8578288345019836
M3_income_all_exposures,BDI,2008,-3.69047619047619,1.1545478362981463,-4.845024026774336
M3_income_all_exposures,BDI,2009,-4.090476190476192,0.5404775428267842,-4.630953733302976
M3_income_all_exposures,BDI,2010,-4.19047619047619,-0.004599901384128802,-4.185876289092061
M3_income_all_exposures,BDI,2011,-3.9904761904761905,-0.42901994380053554,-3.5614562466756547
M3_income_all_exposures,BDI,2012,-3.4904761904761905,-0.8550946535417373,-2.635381536934453
M3_income_all_exposures,BDI,2013,-2.790476190476191,-0.9861372822538884,-1.8043389082223027
M3_income_all_exposures,BDI,2014,-1.8904761904761926,-1.40867834209573,-0.4817978483804626
M3_income_all_exposures,BDI,2015,-0.8904761904761926,-1.1809960849505632,0.29051989447437054
M3_income_all_exposures,BDI,2016,0.20952380952380878,-1.019016783385741,1.2285405929095499
M3_income_all_exposures,BDI,2017,1.3095238095238102,-1.312870936950349,2.6223947464741593
M3_income_all_exposures,BDI,2018,2.30952380952381,-1.6176171230588352,3.9271409325826454
M3_income_all_exposures,BDI,2019,3.4095238095238116,-1.4768485587794453,4.886372368303257
M3_income_all_exposures,BDI,2020,4.609523809523807,-1.4227314415934793,6.032255251117286
M3_income_all_exposures,BDI,2021,5.80952380952381,-1.2236426999776358,7.033166509501446
M3_income_all_exposures,BDI,2022,7.209523809523809,-0.9172029249927903,8.126726734516598
M3_income_all_exposures,BDI,2023,8.709523809523809,-0.369922256529286,9.079446066053094
M3_income_all_exposures,BEN,2003,6.190476190476183,3.861019563190557,2.3294566272856256
M3_income_all_exposures,BEN,2004,5.49047619047618,3.2449917877761614,2.2454844027000185
M3_income_all_exposures,BEN,2005,4.790476190476177,2.5350399803030643,2.2554362101731127
M3_income_all_exposures,BEN,2006,3.99047619047618,1.9801547054247934,2.0103214850513864
M3_income_all_exposures,BEN,2007,3.1904761904761827,1.406378596637035,1.7840975938391477
M3_income_all_exposures,BEN,2008,2.1904761904761827,0.7849660258118382,1.4055101646643444
M3_income_all_exposures,BEN,2009,1.1904761904761827,0.1693167792087643,1.0211594112674183
M3_income_all_exposures,BEN,2010,0.290476190476177,-0.39786460349570485,0.6883407939718819
M3_income_all_exposures,BEN,2011,-0.6095238095238216,-0.826605898756161,0.2170820892323394
M3_income_all_exposures,BEN,2012,-1.3095238095238173,-1.0915873684321737,-0.21793644109164356
M3_income_all_exposures,BEN,2013,-1.9095238095238187,-1.1645635156212961,-0.7449602939025226
M3_income_all_exposures,BEN,2014,-2.3095238095238173,-1.3904535783013703,-0.919070231222447
M3_income_all_exposures,BEN,2015,-2.50952380952382,-1.571418981382522,-0.9381048281412983
M3_income_all_exposures,BEN,2016,-2.6095238095238216,-1.5167176245249525,-1.092806184998869
M3_income_all_exposures,BEN,2017,-2.709523809523823,-1.1045432478032022,-1.6049805617206208
M3_income_all_exposures,BEN,2018,-2.6095238095238216,-1.2240795882387294,-1.3854442212850921
M3_income_all_exposures,BEN,2019,-2.50952380952382,-1.241940081064574,-1.2675837284592462
M3_income_all_exposures,BEN,2020,-2.4095238095238187,-1.1364717794211507,-1.273052030102668
M3_income_all_exposures,BEN,2021,-2.3095238095238173,-0.9177952555855424,-1.3917285539382749
M3_income_all_exposures,BEN,2022,-2.00952380952382,-0.565408471858232,-1.4441153376655882
M3_income_all_exposures,BEN,2023,-1.5095238095238201,0.1675825561334492,-1.6771063656572693
M3_income_all_exposures,BFA,2003,6.442857142857143,4.0473086157460205,2.3955485271111225
M3_income_all_exposures,BFA,2004,5.842857142857149,3.421295146818669,2.4215619960384798
M3_income_all_exposures,BFA,2005,5.0428571428571445,2.8082265528269286,2.234630590030216
M3_income_all_exposures,BFA,2006,4.242857142857147,2.120772382635801,2.1220847602213464
M3_income_all_exposures,BFA,2007,3.442857142857143,1.4207329108864246,2.0221242319707184
M3_income_all_exposures,BFA,2008,2.5428571428571445,0.8211982142937257,1.7216589285634187
M3_income_all_exposures,BFA,2009,1.7428571428571473,0.39097964833350307,1.3518774945236443
M3_income_all_exposures,BFA,2010,0.9428571428571431,0.0716183273051133,0.8712388155520298
M3_income_all_exposures,BFA,2011,0.1428571428571459,-0.12404971818967436,0.26690686104682027
M3_income_all_exposures,BFA,2012,-0.4571428571428555,-0.9476389580101078,0.49049610086725226
M3_income_all_exposures,BFA,2013,-0.9571428571428555,-2.106666459736991,1.1495236025941353
M3_income_all_exposures,BFA,2014,-1.357142857142854,-1.5847225841214159,0.22757972697856177
M3_income_all_exposures,BFA,2015,-1.6571428571428513,-2.323011048808355,0.6658681916655036
M3_income_all_exposures,BFA,2016,-2.357142857142854,-1.8505538383651565,-0.5065890187776976
M3_income_all_exposures,BFA,2017,-2.857142857142854,-1.7557079525154353,-1.1014349046274188
M3_income_all_exposures,BFA,2018,-3.1571428571428513,-1.5163544747668118,-1.6407883823760394
M3_income_all_exposures,BFA,2019,-3.4571428571428555,-1.3576482642562777,-2.099494592886578
M3_income_all_exposures,BFA,2020,-3.6571428571428513,-1.0874591215313745,-2.569683735611477
M3_income_all_exposures,BFA,2021,-3.7571428571428527,-0.691622082558677,-3.0655207745841757
M3_income_all_exposures,BFA,2022,-3.6571428571428513,-0.22295427613600216,-3.434188581006849
M3_income_all_exposures,BFA,2023,-3.057142857142857,0.46625698015007755,-3.5233998372929345
M3_income_all_exposures,BWA,2003,2.352380952380951,3.8117203249520855,-1.4593393725711343
M3_income_all_exposures,BWA,2004,1.7523809523809533,3.189828637273714,-1.4374476848927609
M3_income_all_exposures,BWA,2005,1.2523809523809533,2.5280501327659737,-1.2756691803850204
M3_income_all_exposures,BWA,2006,0.6523809523809518,2.016801364545875,-1.364420412164923
M3_income_all_exposures,BWA,2007,0.05238095238095397,1.4613032048479442,-1.4089222524669902
M3_income_all_exposures,BWA,2008,-0.44761904761904603,0.9858734988452236,-1.4334925464642696
M3_income_all_exposures,BWA,2009,-0.8476190476190482,0.1776468700909168,-1.025265917709965
M3_income_all_exposures,BWA,2010,-1.2476190476190467,-0.2934945865776922,-0.9541244610413546
M3_income_all_exposures,BWA,2011,-1.447619047619046,-0.6698304848532224,-0.7777885627658236
M3_income_all_exposures,BWA,2012,-1.5476190476190474,-1.2755910675069513,-0.27202798011209617
M3_income_all_exposures,BWA,2013,-1.447619047619046,-1.5759168166634514,0.12829776904440537
M3_income_all_exposures,BWA,2014,-1.3476190476190482,-1.2633489151093875,-0.08427013250966064
M3_income_all_exposures,BWA,2015,-1.1476190476190489,-1.3809377661226616,0.23331871850361274
M3_income_all_exposures,BWA,2016,-0.947619047619046,-1.2739586512570393,0.3263396036379933
M3_income_all_exposures,BWA,2017,-0.6476190476190489,-1.2071233777681347,0.5595043301490858
M3_income_all_exposures,BWA,2018,-0.34761904761904816,-1.6136287797439122,1.266009732124864
M3_income_all_exposures,BWA,2019,0.05238095238095397,-1.5534798184839138,1.6058607708648678
M3_income_all_exposures,BWA,2020,0.45238095238095255,-1.5886403201632933,2.0410212725442456
M3_income_all_exposures,BWA,2021,0.9523809523809526,-1.0607161676070174,2.01309711998797
M3_income_all_exposures,BWA,2022,1.552380952380954,0.007025470984431181,1.545355481396523
M3_income_all_exposures,BWA,2023,2.352380952380951,0.5784172475504851,1.7739637048304662
M3_income_all_exposures,CAF,2003,4.271428571428565,3.6114416466068735,0.6599869248216916
M3_income_all_exposures,CAF,2004,3.8714285714285666,3.0137416222098503,0.8576869492187162
M3_income_all_exposures,CAF,2005,3.3714285714285666,2.3089530819286153,1.0624754894999513
M3_income_all_exposures,CAF,2006,2.8714285714285666,1.6077633427284037,1.2636652287001628
M3_income_all_exposures,CAF,2007,2.271428571428565,1.0486995458581279,1.2227290255704373
M3_income_all_exposures,CAF,2008,1.5714285714285623,0.4204080225919973,1.151020548836565
M3_income_all_exposures,CAF,2009,0.971428571428568,0.25060676428532647,0.7208218071432415
M3_income_all_exposures,CAF,2010,0.37142857142856656,-0.23803157346580398,0.6094601448943705
M3_income_all_exposures,CAF,2011,-0.22857142857143486,-0.6146850642333298,0.38611363566189494
M3_income_all_exposures,CAF,2012,-0.7285714285714349,-0.9606915817971463,0.23212015322571145
M3_income_all_exposures,CAF,2013,-1.028571428571432,-1.5655257083039773,0.5369542797325453
M3_income_all_exposures,CAF,2014,-1.3285714285714363,-1.4252744868501384,0.09670305827870207
M3_income_all_exposures,CAF,2015,-1.528571428571432,-1.2384034680474605,-0.29016796052397154
M3_income_all_exposures,CAF,2016,-1.7285714285714349,-1.27560951728515,-0.4529619112862848
M3_income_all_exposures,CAF,2017,-1.9285714285714377,-1.18010563698158,-0.7484657915898576
M3_income_all_exposures,CAF,2018,-2.028571428571432,-1.0281820897687608,-1.0003893388026712
M3_income_all_exposures,CAF,2019,-2.028571428571432,-1.5300300218169152,-0.49854140675451686
M3_income_all_exposures,CAF,2020,-2.028571428571432,-1.4470293221146568,-0.5815421064567752
M3_income_all_exposures,CAF,2021,-1.9285714285714377,-0.43595341164332824,-1.4926180169281094
M3_income_all_exposures,CAF,2022,-1.7285714285714349,0.059115848131362,-1.787687276702797
M3_income_all_exposures,CAF,2023,-1.3285714285714363,0.6187920079676834,-1.9473634365391197
M3_income_all_exposures,CIV,2003,2.980952380952381,4.445759918054489,-1.464807537102108
M3_income_all_exposures,CIV,2004,2.5809523809523824,4.840687241789077,-2.2597348608366943
M3_income_all_exposures,CIV,2005,2.180952380952384,4.123538645138465,-1.9425862641860814
M3_income_all_exposures,CIV,2006,1.6809523809523839,3.3883826929379173,-1.7074303119855334
M3_income_all_exposures,CIV,2007,1.2809523809523853,2.7728285367412027,-1.4918761557888174
M3_income_all_exposures,CIV,2008,0.7809523809523853,1.7123914463788785,-0.9314390654264932
M3_income_all_exposures,CIV,2009,0.18095238095238386,1.1230987411471864,-0.9421463601948026
M3_income_all_exposures,CIV,2010,-0.21904761904761472,0.21894656044194993,-0.43799417948956465
M3_income_all_exposures,CIV,2011,-0.6190476190476204,-1.6108154803592512,0.9917678613116307
M3_income_all_exposures,CIV,2012,-0.9190476190476176,-1.695111113530631,0.7760634944830134
M3_income_all_exposures,CIV,2013,-1.1190476190476204,-2.3703974092799447,1.2513497902323243
M3_income_all_exposures,CIV,2014,-1.3190476190476161,-2.44910042199135,1.1300528029437338
M3_income_all_exposures,CIV,2015,-1.3190476190476161,-2.4380633762548216,1.1190157572072055
M3_income_all_exposures,CIV,2016,-1.3190476190476161,-2.3369588223793167,1.0179112033317006
M3_income_all_exposures,CIV,2017,-1.3190476190476161,-2.399461718212944,1.0804140991653277
M3_income_all_exposures,CIV,2018,-1.2190476190476147,-1.937567980282923,0.7185203612353084
M3_income_all_exposures,CIV,2019,-1.1190476190476204,-1.9593879296402377,0.8403403105926173
M3_income_all_exposures,CIV,2020,-0.9190476190476176,-1.5787133813890126,0.6596657623413951
M3_income_all_exposures,CIV,2021,-0.6190476190476204,-1.1104212250710734,0.49137360602345304
M3_income_all_exposures,CIV,2022,-0.1190476190476204,-0.5883407559920655,0.4692931369444451
M3_income_all_exposures,CIV,2023,0.480952380952381,-0.15129416824564812,0.6322465491980291
M3_income_all_exposures,CMR,2003,4.628571428571433,4.384723237436563,0.24384819113487044
M3_income_all_exposures,CMR,2004,3.9285714285714306,3.7999725923604264,0.1285988362110042
M3_income_all_exposures,CMR,2005,3.1285714285714334,3.107345042131632,0.02122638643980146
M3_income_all_exposures,CMR,2006,2.3285714285714363,2.3899722008354822,-0.061400772264045944
M3_income_all_exposures,CMR,2007,1.6285714285714334,1.8143615886628472,-0.1857901600914138
M3_income_all_exposures,CMR,2008,0.8285714285714363,1.3412471265661283,-0.512675697994692
M3_income_all_exposures,CMR,2009,0.028571428571432023,0.6052696926299963,-0.5766982640585643
M3_income_all_exposures,CMR,2010,-0.5714285714285694,-0.21684667415019832,-0.3545818972783711
M3_income_all_exposures,CMR,2011,-1.0714285714285694,-0.6276542023150303,-0.44377436911353907
M3_income_all_exposures,CMR,2012,-1.471428571428568,-1.0293283529709605,-0.4421002184576075
M3_income_all_exposures,CMR,2013,-1.6714285714285637,-1.1280520112551415,-0.5433765601734222
M3_income_all_exposures,CMR,2014,-1.7714285714285651,-2.1014033911999674,0.3299748197714023
M3_income_all_exposures,CMR,2015,-1.7714285714285651,-1.9760542037711102,0.20462563234254505
M3_income_all_exposures,CMR,2016,-1.6714285714285637,-2.0397840813070047,0.368355509878441
M3_income_all_exposures,CMR,2017,-1.5714285714285694,-1.820330170417035,0.24890159898846553
M3_income_all_exposures,CMR,2018,-1.471428571428568,-1.7209143183085929,0.2494857468800249
M3_income_all_exposures,CMR,2019,-1.2714285714285651,-1.249380803934186,-0.02204776749437909
M3_income_all_exposures,CMR,2020,-1.0714285714285694,-1.3480428497044152,0.27661427827584584
M3_income_all_exposures,CMR,2021,-0.7714285714285651,-1.2878086506432886,0.5163800792147235
M3_income_all_exposures,CMR,2022,-0.37142857142856656,-0.7971658333387681,0.42573726191020156
M3_income_all_exposures,CMR,2023,0.028571428571432023,-0.10012593730736519,0.1286973658787972
M3_income_all_exposures,COD,2003,8.180952380952377,3.372549866304596,4.808402514647781
M3_income_all_exposures,COD,2004,7.580952380952375,2.7924045916757994,4.788547789276576
M3_income_all_exposures,COD,2005,6.88095238095238,2.3036237530079555,4.577328627944424
M3_income_all_exposures,COD,2006,6.080952380952375,1.0795095644752306,5.0014428164771445
M3_income_all_exposures,COD,2007,5.080952380952375,0.27728292860898196,4.803669452343393
M3_income_all_exposures,COD,2008,3.980952380952374,-0.25437158302539964,4.235323963977773
M3_income_all_exposures,COD,2009,2.780952380952378,-0.3656388229781312,3.1465912039305093
M3_income_all_exposures,COD,2010,1.5809523809523753,-0.8006065449845772,2.3815589259369525
M3_income_all_exposures,COD,2011,0.3809523809523796,-1.237674312020854,1.6186266929732336
M3_income_all_exposures,COD,2012,-0.6190476190476204,-1.4619665924715497,0.8429189734239293
M3_income_all_exposures,COD,2013,-1.519047619047626,-1.277164157854204,-0.2418834611934222
M3_income_all_exposures,COD,2014,-2.4190476190476247,-1.5150065261761434,-0.9040410928714813
M3_income_all_exposures,COD,2015,-3.019047619047626,-1.4308820581488149,-1.5881655608988112
M3_income_all_exposures,COD,2016,-3.6190476190476204,-1.2482153957212232,-2.3708322233263974
M3_income_all_exposures,COD,2017,-4.019047619047626,-1.1316998328801202,-2.887347786167506
M3_income_all_exposures,COD,2018,-4.319047619047623,-0.9146812593896719,-3.4043663596579514
M3_income_all_exposures,COD,2019,-4.61904761904762,0.335276459320184,-4.954324078367804
M3_income_all_exposures,COD,2020,-4.719047619047622,0.43414146283331423,-5.153189081880936
M3_income_all_exposures,COD,2021,-4.719047619047622,0.15000750985648603,-4.869055128904108
M3_income_all_exposures,COD,2022,-4.61904761904762,0.11422059046536806,-4.733268209512988
M3_income_all_exposures,COD,2023,-4.319047619047623,0.7788903591028125,-5.097937978150435
M3_income_all_exposures,COG,2003,5.195238095238089,4.318547667197234,0.8766904280408552
M3_income_all_exposures,COG,2004,4.795238095238091,3.6894049234678192,1.1058331717702714
M3_income_all_exposures,COG,2005,4.495238095238086,4.16570786144813,0.3295302337899564
M3_income_all_exposures,COG,2006,3.9952380952380864,3.4799338465704026,0.5153042486676838
M3_income_all_exposures,COG,2007,3.4952380952380864,1.988999260773228,1.5062388344648583
M3_income_all_exposures,COG,2008,2.7952380952380906,1.3777538175386606,1.41748427769943
M3_income_all_exposures,COG,2009,2.095238095238088,0.8445963614215691,1.2506417338165186
M3_income_all_exposures,COG,2010,1.395238095238092,0.34682807331329657,1.0484100219247954
M3_income_all_exposures,COG,2011,0.6952380952380892,-0.21038357567634203,0.9056216709144312
M3_income_all_exposures,COG,2012,0.0952380952380878,0.006120042837473694,0.0891180524006141
M3_income_all_exposures,COG,2013,-0.5047619047619136,-0.43574438489577405,-0.06901751986613958
M3_income_all_exposures,COG,2014,-1.104761904761908,-0.81411605894983,-0.290645845812078
M3_income_all_exposures,COG,2015,-1.5047619047619136,-0.8346586050517539,-0.6701032997101597
M3_income_all_exposures,COG,2016,-2.0047619047619136,-1.287263691423809,-0.7174982133381047
M3_income_all_exposures,COG,2017,-2.404761904761912,-2.1409060738125727,-0.2638558309493395
M3_income_all_exposures,COG,2018,-2.804761904761911,-2.5681338086265546,-0.23662809613535618
M3_income_all_exposures,COG,2019,-3.2047619047619094,-3.237053113076028,0.03229120831411869
M3_income_all_exposures,COG,2020,-3.604761904761908,-2.7937367751462476,-0.8110251296156603
M3_income_all_exposures,COG,2021,-3.804761904761911,-2.3682297557483265,-1.4365321490135843
M3_income_all_exposures,COG,2022,-4.004761904761914,-2.0481648110043,-1.9565970937576136
M3_income_all_exposures,COG,2023,-4.104761904761908,-1.4795012011562862,-2.6252607036056217
M3_income_all_exposures,COM,2003,2.442857142857143,3.514512925759882,-1.0716557829027389
M3_income_all_exposures,COM,2004,1.8428571428571452,2.8920021723718654,-1.0491450295147202
M3_income_all_exposures,COM,2005,1.1428571428571423,2.246460574797684,-1.1036034319405417
M3_income_all_exposures,COM,2006,0.5428571428571445,1.4679010566304131,-0.9250439137732687
M3_income_all_exposures,COM,2007,0.04285714285714448,0.8526561432293427,-0.8097990003721982
M3_income_all_exposures,COM,2008,-0.4571428571428555,0.229444335417619,-0.6865871925604745
M3_income_all_exposures,COM,2009,-0.8571428571428577,-0.3669249674430448,-0.49021788969981284
M3_income_all_exposures,COM,2010,-1.1571428571428548,-0.9122765342592187,-0.24486632288363608
M3_income_all_exposures,COM,2011,-1.4571428571428555,-1.1466829344761449,-0.31045992266671063
M3_income_all_exposures,COM,2012,-1.4571428571428555,-1.7170330604125745,0.259890203269719
M3_income_all_exposures,COM,2013,-1.4571428571428555,-1.9492392887682728,0.4920964316254173
M3_income_all_exposures,COM,2014,-1.3571428571428577,-1.8375161526412505,0.4803732954983928
M3_income_all_exposures,COM,2015,-1.1571428571428548,-0.9675605397005751,-0.1895823174422797
M3_income_all_exposures,COM,2016,-0.7571428571428562,-1.0826675839874988,0.3255247268446426
M3_income_all_exposures,COM,2017,-0.5571428571428569,-1.1448096726410137,0.5876668154981568
M3_income_all_exposures,COM,2018,-0.25714285714285623,-0.722448789294826,0.4653059321519698
M3_income_all_exposures,COM,2019,0.04285714285714448,-1.0560498601961368,1.0989070030532813
M3_income_all_exposures,COM,2020,0.3428571428571452,0.7588293423240065,-0.41597219946686126
M3_income_all_exposures,COM,2021,0.8428571428571452,-0.17940825915616165,1.0222654020133068
M3_income_all_exposures,COM,2022,1.5428571428571445,0.29577781316679874,1.2470793296903457
M3_income_all_exposures,COM,2023,2.1428571428571423,0.8250332792791257,1.3178238635780166
M3_income_all_exposures,CPV,2003,5.223809523809521,4.088023200957499,1.135786322852022
M3_income_all_exposures,CPV,2004,4.723809523809521,3.558109899834119,1.165699623975402
M3_income_all_exposures,CPV,2005,4.123809523809527,1.737028908499901,2.386780615309626
M3_income_all_exposures,CPV,2006,3.5238095238095255,1.0791840717414192,2.4446254520681063
M3_income_all_exposures,CPV,2007,2.8238095238095227,0.8240841331995659,1.9997253906099568
M3_income_all_exposures,CPV,2008,2.123809523809527,0.4211650288922342,1.7026444949172928
M3_income_all_exposures,CPV,2009,1.3238095238095227,-0.21911433022775784,1.5429238540372805
M3_income_all_exposures,CPV,2010,0.6238095238095269,-0.7230235463024007,1.3468330701119275
M3_income_all_exposures,CPV,2011,0.0238095238095255,-0.968385014652349,0.9921945384618746
M3_income_all_exposures,CPV,2012,-0.4761904761904745,-1.3758148473610565,0.899624371170582
M3_income_all_exposures,CPV,2013,-0.9761904761904745,-1.4862183616959495,0.510027885505475
M3_income_all_exposures,CPV,2014,-1.376190476190473,-1.342437766635282,-0.03375270955519105
M3_income_all_exposures,CPV,2015,-1.6761904761904773,-1.3731726493086502,-0.3030178268818271
M3_income_all_exposures,CPV,2016,-1.9761904761904745,-1.2679574539155165,-0.708233022274958
M3_income_all_exposures,CPV,2017,-2.1761904761904773,-0.6291695599396222,-1.547020916250855
M3_income_all_exposures,CPV,2018,-2.4761904761904745,-0.9602969435060963,-1.515893532684378
M3_income_all_exposures,CPV,2019,-2.6761904761904773,-0.9128298023480789,-1.7633606738423984
M3_income_all_exposures,CPV,2020,-2.7761904761904788,-1.0539721249721938,-1.722218351218285
M3_income_all_exposures,CPV,2021,-2.7761904761904788,-0.4470613369133114,-2.3291291392771676
M3_income_all_exposures,CPV,2022,-2.6761904761904773,0.21688127036259164,-2.893071746553069
M3_income_all_exposures,CPV,2023,-2.4761904761904745,0.8349772242908914,-3.311167700481366
M3_income_all_exposures,DJI,2013,-1.827272727272728,-0.7718801758288221,-1.055392551443906
M3_income_all_exposures,DJI,2014,-1.5272727272727273,-0.2699724454005531,-1.2573002818721744
M3_income_all_exposures,DJI,2015,-1.2272727272727266,-0.08185771565591471,-1.1454150116168118
M3_income_all_exposures,DJI,2016,-0.827272727272728,0.09159024340663124,-0.9188629706793593
M3_income_all_exposures,DJI,2017,-0.42727272727272947,0.1817349611291319,-0.6090076884018614
M3_income_all_exposures,DJI,2018,-0.12727272727272876,-0.24577232604438434,0.11849959877165558
M3_income_all_exposures,DJI,2019,0.17272727272727195,-0.2862166694322775,0.4589439421595495
M3_income_all_exposures,DJI,2020,0.5727272727272705,-0.20419679281172395,0.7769240655389945
M3_income_all_exposures,DJI,2021,1.0727272727272705,-0.06531423297745687,1.1380415057047273
M3_income_all_exposures,DJI,2022,1.672727272727272,0.45245295272272823,1.2202743200045436
M3_income_all_exposures,DJI,2023,2.4727272727272727,1.1994322008926415,1.2732950718346312
M3_income_all_exposures,ERI,2003,2.099999999999987,2.469249542227306,-0.369249542227319
M3_income_all_exposures,ERI,2004,1.499999999999993,2.12240486466391,-0.6224048646639173
M3_income_all_exposures,ERI,2005,0.9999999999999929,1.431644693025502,-0.4316446930255091
M3_income_all_exposures,ERI,2006,0.3999999999999915,0.6657882749854592,-0.26578827498546775
M3_income_all_exposures,ERI,2007,-0.20000000000000995,0.0693836921148617,-0.2693836921148717
M3_income_all_exposures,ERI,2008,-0.70000000000001,-0.7343103909389348,0.03431039093892485
M3_income_all_exposures,ERI,2009,-1.1000000000000085,-1.9149759043250771,0.8149759043250686
M3_income_all_exposures,ERI,2010,-1.4000000000000092,-1.883194072972629,0.48319407297261985
M3_income_all_exposures,ERI,2011,-1.6000000000000085,-2.2259906987803935,0.6259906987803849
M3_income_all_exposures,ETH,2003,3.5809523809523824,2.7860996779944376,0.7948527029579449
M3_income_all_exposures,ETH,2004,2.6809523809523803,2.120138840016314,0.5608135409360662
M3_income_all_exposures,ETH,2005,1.7809523809523817,1.9892915800184687,-0.208339199066087
M3_income_all_exposures,ETH,2006,0.8809523809523832,1.501171227287925,-0.6202188463355418
M3_income_all_exposures,ETH,2007,0.08095238095238244,0.8507698931969232,-0.7698175122445408
M3_income_all_exposures,ETH,2008,-0.7190476190476183,0.6991447229948761,-1.4181923420424942
M3_income_all_exposures,ETH,2009,-1.3190476190476197,0.46776351481986,-1.7868111338674797
M3_income_all_exposures,ETH,2010,-1.8190476190476197,0.004078219217271917,-1.8231258382648916
M3_income_all_exposures,ETH,2011,-2.019047619047619,-0.7709868255866382,-1.2480607934609806
M3_income_all_exposures,ETH,2012,-2.119047619047617,-1.4588962888146448,-0.660151330232972
M3_income_all_exposures,ETH,2013,-2.019047619047619,-1.793629408066033,-0.22541821098158588
M3_income_all_exposures,ETH,2014,-1.8190476190476197,-1.453190006724274,-0.3658576123233457
M3_income_all_exposures,ETH,2015,-1.4190476190476176,-1.265180356567011,-0.15386726248060656
M3_income_all_exposures,ETH,2016,-1.1190476190476168,-1.1113648808924217,-0.007682738155195157
M3_income_all_exposures,ETH,2017,-0.7190476190476183,-0.39753731450933927,-0.321510304538279
M3_income_all_exposures,ETH,2018,-0.41904761904761756,-0.3769209229429429,-0.04212669610467468
M3_income_all_exposures,ETH,2019,-0.01904761904761898,-0.762550085316883,0.743502466269264
M3_income_all_exposures,ETH,2020,0.480952380952381,-1.347619918626933,1.828572299579314
M3_income_all_exposures,ETH,2021,1.1809523809523803,-0.4774123427890262,1.6583647237414065
M3_income_all_exposures,ETH,2022,1.980952380952381,0.021522467242656163,1.9594299137097249
M3_income_all_exposures,ETH,2023,2.880952380952383,0.7753082080474019,2.1056441729049813
M3_income_all_exposures,GAB,2003,2.657142857142844,4.813001335476808,-2.155858478333964
M3_income_all_exposures,GAB,2004,2.35714285714284,4.142101967593394,-1.7849591104505542
M3_income_all_exposures,GAB,2005,2.157142857142844,3.440824262928574,-1.28368140578573
M3_income_all_exposures,GAB,2006,1.7571428571428385,2.6217852301583475,-0.8646423730155091
M3_income_all_exposures,GAB,2007,1.4571428571428413,1.085445715442953,0.3716971416998882
M3_income_all_exposures,GAB,2008,1.0571428571428427,0.35551756698310805,0.7016252901597346
M3_income_all_exposures,GAB,2009,0.6571428571428442,-0.29428005299901056,0.9514229101418548
M3_income_all_exposures,GAB,2010,0.25714285714283847,-0.8040038186316336,1.061146675774472
M3_income_all_exposures,GAB,2011,-0.1428571428571601,-1.17894607334917,1.0360889304920098
M3_income_all_exposures,GAB,2012,-0.5428571428571587,-1.8741082894777845,1.3312511466206258
M3_income_all_exposures,GAB,2013,-0.8428571428571558,-1.9709720456340933,1.1281149027769375
M3_income_all_exposures,GAB,2014,-1.0428571428571587,-1.8283776191081524,0.7855204762509937
M3_income_all_exposures,GAB,2015,-1.1428571428571601,-1.8577658040937604,0.7149086612366002
M3_income_all_exposures,GAB,2016,-1.2428571428571615,-1.8146263444481372,0.5717692015909757
M3_income_all_exposures,GAB,2017,-1.3428571428571558,-1.7944215108619366,0.4515643680047807
M3_income_all_exposures,GAB,2018,-1.2428571428571615,-1.6947435087347194,0.4518863658775578
M3_income_all_exposures,GAB,2019,-1.1428571428571601,-1.824097966708891,0.6812408238517309
M3_income_all_exposures,GAB,2020,-1.1428571428571601,-0.7727373869640812,-0.3701197558930789
M3_income_all_exposures,GAB,2021,-1.0428571428571587,-0.09966122254728815,-0.9431959203098705
M3_income_all_exposures,GAB,2022,-0.8428571428571558,0.3909030026281941,-1.23376014548535
M3_income_all_exposures,GAB,2023,-0.6428571428571601,0.9591625623472742,-1.6020197052044343
M3_income_all_exposures,GHA,2003,5.461904761904755,3.5858083994093004,1.8760963624954545
M3_income_all_exposures,GHA,2004,5.261904761904759,4.348598066010262,0.9133066958944971
M3_income_all_exposures,GHA,2005,5.061904761904756,3.81831430019957,1.2435904617051863
M3_income_all_exposures,GHA,2006,4.661904761904758,3.2671912039236335,1.3947135579811243
M3_income_all_exposures,GHA,2007,4.261904761904759,2.708408207825866,1.553496554078893
M3_income_all_exposures,GHA,2008,3.6619047619047578,0.823197106688325,2.8387076552164325
M3_income_all_exposures,GHA,2009,2.8619047619047606,-0.7913146108840974,3.653219372788858
M3_income_all_exposures,GHA,2010,2.0619047619047564,-1.2488309244209401,3.3107356863256965
M3_income_all_exposures,GHA,2011,1.2619047619047592,-1.1408089191815962,2.4027136810863556
M3_income_all_exposures,GHA,2012,0.46190476190475493,-1.1690933257727887,1.6309980876775436
M3_income_all_exposures,GHA,2013,-0.2380952380952408,-2.2967335130209423,2.0586382749257015
M3_income_all_exposures,GHA,2014,-1.038095238095245,-2.8436726802557404,1.8055774421604953
M3_income_all_exposures,GHA,2015,-1.7380952380952408,-2.615565709250878,0.8774704711556374
M3_income_all_exposures,GHA,2016,-2.4380952380952436,-2.526741695932574,0.0886464578373305
M3_income_all_exposures,GHA,2017,-3.038095238095245,-1.975641727457365,-1.06245351063788
M3_income_all_exposures,GHA,2018,-3.6380952380952394,-0.9120890072224257,-2.7260062308728137
M3_income_all_exposures,GHA,2019,-4.038095238095245,-0.7196042083507688,-3.318491029744476
M3_income_all_exposures,GHA,2020,-4.438095238095244,-0.5013627246843512,-3.9367325134108926
M3_income_all_exposures,GHA,2021,-4.738095238095241,-0.43395066857701725,-4.304144569518224
M3_income_all_exposures,GHA,2022,-4.838095238095242,-0.04640150018989797,-4.791693737905344
M3_income_all_exposures,GHA,2023,-4.838095238095242,0.6702939311444011,-5.508389169239643
M3_income_all_exposures,GIN,2003,3.585714285714282,5.060725629267168,-1.475011343552886
M3_income_all_exposures,GIN,2004,3.2857142857142847,4.286941559065896,-1.0012272733516117
M3_income_all_exposures,GIN,2005,2.9857142857142875,3.5996218570650775,-0.61390757135079
M3_income_all_exposures,GIN,2006,2.4857142857142875,2.8501789908980175,-0.36446470518373
M3_income_all_exposures,GIN,2007,1.9857142857142875,2.3051560173449444,-0.3194417316306568
M3_income_all_exposures,GIN,2008,1.4857142857142875,1.0973802902288368,0.3883339954854508
M3_income_all_exposures,GIN,2009,0.8857142857142861,-0.1420661216775284,1.0277804073918144
M3_income_all_exposures,GIN,2010,0.2857142857142847,-0.8115972073426307,1.0973114930569154
M3_income_all_exposures,GIN,2011,-0.2142857142857153,-1.1890156256219506,0.9747299113362353
M3_income_all_exposures,GIN,2012,-0.6142857142857139,-1.7653915586967126,1.1511058444109987
M3_income_all_exposures,GIN,2013,-1.0142857142857125,-1.7072473829323336,0.6929616686466211
M3_income_all_exposures,GIN,2014,-1.2142857142857153,-1.5167691683265458,0.30248345404083055
M3_income_all_exposures,GIN,2015,-1.4142857142857181,-1.864035044017648,0.44974932973192994
M3_income_all_exposures,GIN,2016,-1.5142857142857125,-2.046885552838974,0.5325998385532618
M3_income_all_exposures,GIN,2017,-1.7142857142857153,-1.649475172473618,-0.06481054181209722
M3_income_all_exposures,GIN,2018,-1.7142857142857153,-1.583500346190497,-0.13078536809521824
M3_income_all_exposures,GIN,2019,-1.8142857142857167,-1.2935022146560788,-0.5207834996296379
M3_income_all_exposures,GIN,2020,-1.7142857142857153,-1.1824887695343156,-0.5317969447513997
M3_income_all_exposures,GIN,2021,-1.6142857142857139,-1.3921419555969312,-0.22214375868878267
M3_income_all_exposures,GIN,2022,-1.4142857142857181,-0.892192192727127,-0.5220935215585911
M3_income_all_exposures,GIN,2023,-1.0142857142857125,-0.163696031237069,-0.8505896830486435
M3_income_all_exposures,GMB,2003,6.666666666666671,4.853692592418967,1.8129740742477045
M3_income_all_exposures,GMB,2004,6.166666666666671,4.4543170386134925,1.712349628053179
M3_income_all_exposures,GMB,2005,5.666666666666671,3.7090847820890227,1.9575818845776487
M3_income_all_exposures,GMB,2006,4.966666666666669,2.9428596396504343,2.0238070270162343
M3_income_all_exposures,GMB,2007,4.366666666666667,2.3245917409198453,2.042074925746822
M3_income_all_exposures,GMB,2008,3.56666666666667,1.733320107367213,1.833346559299457
M3_income_all_exposures,GMB,2009,2.866666666666667,0.44654515232591135,2.4201215143407557
M3_income_all_exposures,GMB,2010,2.06666666666667,0.07997197953799728,1.9866946871286726
M3_income_all_exposures,GMB,2011,1.3666666666666671,-0.4790960680167775,1.8457627346834447
M3_income_all_exposures,GMB,2012,0.6666666666666714,-0.9626080043309677,1.6292746709976391
M3_income_all_exposures,GMB,2013,-0.03333333333333144,-1.4228659820115377,1.3895326486782063
M3_income_all_exposures,GMB,2014,-0.7333333333333272,-2.4322472547281766,1.6989139213948494
M3_income_all_exposures,GMB,2015,-1.43333333333333,-2.560898331081961,1.1275649977486308
M3_income_all_exposures,GMB,2016,-2.133333333333333,-2.503296751448703,0.36996341811537015
M3_income_all_exposures,GMB,2017,-2.93333333333333,-2.391831022600037,-0.5415023107332928
M3_income_all_exposures,GMB,2018,-3.5333333333333314,-2.1909885516940495,-1.342344781639282
M3_income_all_exposures,GMB,2019,-4.333333333333329,-1.1079208917887526,-3.225412441544576
M3_income_all_exposures,GMB,2020,-5.033333333333331,-1.1421036264312954,-3.891229706902036
M3_income_all_exposures,GMB,2021,-5.733333333333327,-0.8681277706383057,-4.865205562695022
M3_income_all_exposures,GMB,2022,-6.133333333333333,-1.2733185377497622,-4.86001479558357
M3_income_all_exposures,GMB,2023,-6.333333333333329,-1.2090802404025451,-5.1242530929307835
M3_income_all_exposures,GNB,2003,4.480952380952381,4.6566170382665755,-0.17566465731419445
M3_income_all_exposures,GNB,2004,3.980952380952381,4.004423387764742,-0.02347100681236114
M3_income_all_exposures,GNB,2005,3.480952380952381,3.3635413245823313,0.11741105637004967
M3_income_all_exposures,GNB,2006,2.8809523809523796,2.6300075543288894,0.25094482662349016
M3_income_all_exposures,GNB,2007,2.2809523809523853,0.8685795511373902,1.4123728298149951
M3_income_all_exposures,GNB,2008,1.5809523809523824,0.2557110132049197,1.3252413677474628
M3_income_all_exposures,GNB,2009,0.8809523809523796,-0.345286011990624,1.2262383929430036
M3_income_all_exposures,GNB,2010,0.18095238095238386,-0.8551857781717516,1.0361381591241354
M3_income_all_exposures,GNB,2011,-0.41904761904761756,-1.2035214384129724,0.7844738193653549
M3_income_all_exposures,GNB,2012,-0.8190476190476161,-1.1890646706086652,0.370017051561049
M3_income_all_exposures,GNB,2013,-1.2190476190476147,-1.2988413600439868,0.07979374099637204
M3_income_all_exposures,GNB,2014,-1.519047619047619,-1.6736101874648515,0.15456256841723248
M3_income_all_exposures,GNB,2015,-1.7190476190476147,-1.6600891825241557,-0.058958436523459
M3_income_all_exposures,GNB,2016,-1.8190476190476161,-1.5666745117333856,-0.25237310731423057
M3_income_all_exposures,GNB,2017,-1.9190476190476176,-1.462652701712365,-0.4563949173352526
M3_income_all_exposures,GNB,2018,-1.9190476190476176,-1.3177895887847666,-0.601258030262851
M3_income_all_exposures,GNB,2019,-1.9190476190476176,-1.4828465200510885,-0.43620109899652904
M3_income_all_exposures,GNB,2020,-1.9190476190476176,-1.3729218274465416,-0.546125791601076
M3_income_all_exposures,GNB,2021,-1.8190476190476161,-0.8089194383110923,-1.0101281807365239
M3_income_all_exposures,GNB,2022,-1.519047619047619,-0.1365097222755703,-1.3825378967720487
M3_income_all_exposures,GNB,2023,-1.2190476190476147,0.5950330702470006,-1.8140806892946153
M3_income_all_exposures,GNQ,2003,4.980952380952374,3.7267290049852537,1.2542233759671202
M3_income_all_exposures,GNQ,2004,4.3809523809523725,3.2868866817562274,1.094065699196145
M3_income_all_exposures,GNQ,2005,3.8809523809523725,2.6774783100828534,1.203474070869519
M3_income_all_exposures,GNQ,2006,3.280952380952371,1.9814742438263855,1.2994781371259856
M3_income_all_exposures,GNQ,2007,2.6809523809523697,1.4721119494565826,1.208840431495787
M3_income_all_exposures,GNQ,2008,1.980952380952374,0.9383947305251812,1.0425576504271927
M3_income_all_exposures,GNQ,2009,1.280952380952371,0.3264886335116203,0.9544637474407508
M3_income_all_exposures,GNQ,2010,0.5809523809523753,-0.29597967071044273,0.8769320516628181
M3_income_all_exposures,GNQ,2011,-0.019047619047626085,-0.6750312219119401,0.655983602864314
M3_income_all_exposures,GNQ,2012,-0.5190476190476261,-1.1947606823168655,0.6757130632692394
M3_income_all_exposures,GNQ,2013,-1.019047619047626,-1.3508284830776387,0.3317808640300126
M3_income_all_exposures,GNQ,2014,-1.3190476190476303,-1.2304322276340354,-0.08861539141359498
M3_income_all_exposures,GNQ,2015,-1.6190476190476275,-1.3356545578793508,-0.28339306116827667
M3_income_all_exposures,GNQ,2016,-1.9190476190476247,-1.342467824130936,-0.5765797949166886
M3_income_all_exposures,GNQ,2017,-2.1190476190476275,-1.3330379113354225,-0.786009707712205
M3_income_all_exposures,GNQ,2018,-2.219047619047629,-1.2599769436739883,-0.9590706753736407
M3_income_all_exposures,GNQ,2019,-2.4190476190476247,-1.6790886991765452,-0.7399589198710794
M3_income_all_exposures,GNQ,2020,-2.519047619047626,-1.654323521004117,-0.8647240980435091
M3_income_all_exposures,GNQ,2021,-2.519047619047626,-0.9602632082845504,-1.5587844107630757
M3_income_all_exposures,GNQ,2022,-2.519047619047626,-0.4562476531339998,-2.0627999659136265
M3_income_all_exposures,GNQ,2023,-2.3190476190476303,0.3585290501257802,-2.6775766691734106
M3_income_all_exposures,KEN,2003,2.7952380952380977,4.702238044574397,-1.9069999493362992
M3_income_all_exposures,KEN,2004,1.9952380952381006,4.102838537457071,-2.1076004422189705
M3_income_all_exposures,KEN,2005,1.2952380952380977,3.4460661484476125,-2.1508280532095148
M3_income_all_exposures,KEN,2006,0.4952380952381006,2.7546715891510463,-2.2594334939129457
M3_income_all_exposures,KEN,2007,-0.10476190476190084,2.207077707179679,-2.31183961194158
M3_income_all_exposures,KEN,2008,-0.8047619047619001,0.8792731926058373,-1.6840350973677374
M3_income_all_exposures,KEN,2009,-1.3047619047619001,0.4164398645766514,-1.7212017693385515
M3_income_all_exposures,KEN,2010,-1.6047619047619008,-0.5339092513978453,-1.0708526533640557
M3_income_all_exposures,KEN,2011,-1.9047619047619015,-0.8039697207195924,-1.1007921840423092
M3_income_all_exposures,KEN,2012,-1.9047619047619015,-2.0711954924582305,0.166433587696329
M3_income_all_exposures,KEN,2013,-1.8047619047619001,-2.159715609596156,0.3549537048342559
M3_income_all_exposures,KEN,2014,-1.6047619047619008,-2.347694709410482,0.7429328046485812
M3_income_all_exposures,KEN,2015,-1.3047619047619001,-2.5521376940357436,1.2473757892738435
M3_income_all_exposures,KEN,2016,-1.0047619047618994,-2.567274642810391,1.5625127380484916
M3_income_all_exposures,KEN,2017,-0.6047619047619008,-2.3532701547947465,1.7485082500328457
M3_income_all_exposures,KEN,2018,-0.20476190476190226,-1.8176288396040636,1.6128669348421614
M3_income_all_exposures,KEN,2019,0.19523809523809987,-0.7398119832674225,0.9350500785055224
M3_income_all_exposures,KEN,2020,0.6952380952380999,-0.6775378182850308,1.3727759135231308
M3_income_all_exposures,KEN,2021,1.3952380952380992,-0.4469435788483973,1.8421816740864965
M3_income_all_exposures,KEN,2022,2.1952380952381,-0.09335950618691269,2.2885976014250127
M3_income_all_exposures,KEN,2023,3.095238095238102,0.6558439174227275,2.4393941778153745
M3_income_all_exposures,LBR,2003,6.852380952380955,3.7783639305368117,3.074017021844143
M3_income_all_exposures,LBR,2004,5.752380952380953,3.1698112412286203,2.582569711152333
M3_income_all_exposures,LBR,2005,4.752380952380953,2.489505281086962,2.2628756712939913
M3_income_all_exposures,LBR,2006,3.7523809523809533,1.786638316196625,1.9657426361843282
M3_income_all_exposures,LBR,2007,2.7523809523809533,1.2366387027971035,1.5157422495838497
M3_income_all_exposures,LBR,2008,1.6523809523809518,0.6392566251009042,1.0131243272800476
M3_income_all_exposures,LBR,2009,0.5523809523809575,0.06531992656763497,0.48706102581332256
M3_income_all_exposures,LBR,2010,-0.4476190476190425,-0.12449418376908838,-0.3231248638499541
M3_income_all_exposures,LBR,2011,-1.2476190476190467,-0.11307242864916955,-1.1345466189698772
M3_income_all_exposures,LBR,2012,-1.8476190476190482,-0.6300059529986124,-1.2176130946204358
M3_income_all_exposures,LBR,2013,-2.347619047619048,-0.6711901512853713,-1.6764288963336769
M3_income_all_exposures,LBR,2014,-2.6476190476190453,-0.5463153983769806,-2.1013036492420647
M3_income_all_exposures,LBR,2015,-2.7476190476190467,-0.7667190351674508,-1.9809000124515959
M3_income_all_exposures,LBR,2016,-2.847619047619048,-1.3311159679656417,-1.5165030796534065
M3_income_all_exposures,LBR,2017,-2.7476190476190467,-1.547967159702241,-1.1996518879168057
M3_income_all_exposures,LBR,2018,-2.547619047619044,-1.4360688246943083,-1.1115502229247356
M3_income_all_exposures,LBR,2019,-2.2476190476190467,-1.4537508722648647,-0.7938681753541821
M3_income_all_exposures,LBR,2020,-1.9476190476190425,-1.8722059792880508,-0.0754130683309917
M3_income_all_exposures,LBR,2021,-1.4476190476190425,-1.2264364860538115,-0.22118256156523097
M3_income_all_exposures,LBR,2022,-0.8476190476190482,-1.0153129659892595,0.1676939183702113
M3_income_all_exposures,LBR,2023,-0.14761904761904532,-0.4308786173097854,0.28325956969074007
M3_income_all_exposures,LSO,2003,2.2095238095238017,3.4472548672322225,-1.2377310577084208
M3_income_all_exposures,LSO,2004,1.309523809523803,2.579858028589431,-1.270334219065628
M3_income_all_exposures,LSO,2005,0.5095238095238024,2.197586401739647,-1.6880625922158448
M3_income_all_exposures,LSO,2006,-0.39047619047619975,1.5265791711595642,-1.917055361635764
M3_income_all_exposures,LSO,2007,-1.190476190476197,0.8827131425830805,-2.073189333059277
M3_income_all_exposures,LSO,2008,-1.8904761904761997,0.3124834957313727,-2.2029596862075724
M3_income_all_exposures,LSO,2009,-2.4904761904761976,0.605307564661618,-3.0957837551378153
M3_income_all_exposures,LSO,2010,-2.9904761904761976,0.10434896466843802,-3.0948251551446355
M3_income_all_exposures,LSO,2011,-3.190476190476197,-0.19152789984188923,-2.9989482906343077
M3_income_all_exposures,LSO,2012,-3.190476190476197,-0.6782903559386415,-2.512185834537555
M3_income_all_exposures,LSO,2013,-3.090476190476199,-1.0815419364175431,-2.008934254058656
M3_income_all_exposures,LSO,2014,-2.7904761904761983,-0.75399067554876,-2.0364855149274383
M3_income_all_exposures,LSO,2015,-2.2904761904761983,-1.0863709564011388,-1.2041052340750595
M3_income_all_exposures,LSO,2016,-1.4904761904761976,-0.8620836489869841,-0.6283925414892135
M3_income_all_exposures,LSO,2017,-0.6904761904761969,-1.0547260871372761,0.3642498966610792
M3_income_all_exposures,LSO,2018,0.3095238095238031,-1.001698072801617,1.31122188232542
M3_income_all_exposures,LSO,2019,1.409523809523801,-1.287897799904082,2.6974216094278827
M3_income_all_exposures,LSO,2020,2.7095238095238017,-1.3541038873854407,4.063627696909243
M3_income_all_exposures,LSO,2021,4.1095238095238,-1.1435516025838848,5.253075412107685
M3_income_all_exposures,LSO,2022,5.709523809523802,-0.6784778862506617,6.388001695774463
M3_income_all_exposures,LSO,2023,7.4095238095238045,-0.4818708271675094,7.891394636691314
M3_income_all_exposures,MDG,2003,1.3190476190476232,3.0016729884855415,-1.6826253694379183
M3_income_all_exposures,MDG,2004,0.8190476190476232,2.393271214911966,-1.5742235958643427
M3_income_all_exposures,MDG,2005,0.31904761904762324,1.724782277112501,-1.4057346580648777
M3_income_all_exposures,MDG,2006,-0.2809523809523711,1.0220134425461818,-1.3029658234985528
M3_income_all_exposures,MDG,2007,-0.7809523809523711,1.2669488173560084,-2.0479011983083795
M3_income_all_exposures,MDG,2008,-1.280952380952371,0.6607691265534634,-1.9417215075058345
M3_income_all_exposures,MDG,2009,-1.6809523809523768,-0.049065244914241135,-1.6318871360381357
M3_income_all_exposures,MDG,2010,-1.8809523809523725,-0.6537490790006046,-1.2272033019517679
M3_income_all_exposures,MDG,2011,-1.8809523809523725,-1.3972437073824309,-0.4837086735699416
M3_income_all_exposures,MDG,2012,-1.780952380952371,-0.9817933964219066,-0.7991589845304645
M3_income_all_exposures,MDG,2013,-1.480952380952374,-1.132669604007885,-0.34828277694448895
M3_income_all_exposures,MDG,2014,-1.0809523809523753,-1.5834115125265074,0.502459131574132
M3_income_all_exposures,MDG,2015,-0.6809523809523768,-1.9839100400725953,1.3029576591202185
M3_income_all_exposures,MDG,2016,-0.18095238095237676,-2.2215136915513773,2.0405613105990006
M3_income_all_exposures,MDG,2017,0.31904761904762324,-2.0172080864589015,2.3362557055065247
M3_income_all_exposures,MDG,2018,0.6190476190476275,-1.4338256229511261,2.0528732419987534
M3_income_all_exposures,MDG,2019,0.9190476190476247,-0.03604685272398722,0.9550944717716119
M3_income_all_exposures,MDG,2020,1.3190476190476232,0.3729610670665502,0.946086551981073
M3_income_all_exposures,MDG,2021,1.719047619047629,0.552802735689931,1.166244883357698
M3_income_all_exposures,MDG,2022,2.4190476190476247,1.0381305525585742,1.3809170664890504
M3_income_all_exposures,MDG,2023,3.219047619047629,1.4570846157308344,1.7619630033167946
M3_income_all_exposures,MLI,2003,4.952380952380949,3.485861023562468,1.4665199288184811
M3_income_all_exposures,MLI,2004,4.352380952380955,2.8345979716714313,1.5177829807095233
M3_income_all_exposures,MLI,2005,3.652380952380952,2.1426913612079255,1.5096895911730264
M3_income_all_exposures,MLI,2006,2.8523809523809547,1.4149169249275437,1.437464027453411
M3_income_all_exposures,MLI,2007,2.0523809523809504,0.8128885897767523,1.239492362604198
M3_income_all_exposures,MLI,2008,1.1523809523809518,0.3458247213168104,0.8065562310641414
M3_income_all_exposures,MLI,2009,0.3523809523809547,1.001057303967564,-0.6486763515866094
M3_income_all_exposures,MLI,2010,-0.4476190476190496,0.482517263669876,-0.9301363112889256
M3_income_all_exposures,MLI,2011,-1.1476190476190453,0.06855342769158335,-1.2161724753106287
M3_income_all_exposures,MLI,2012,-1.7476190476190467,0.4259324751110356,-2.173551522730082
M3_income_all_exposures,MLI,2013,-2.1476190476190453,0.31945048580863245,-2.4670695334276775
M3_income_all_exposures,MLI,2014,-2.4476190476190496,-1.5061397990029108,-0.9414792486161387
M3_income_all_exposures,MLI,2015,-2.547619047619051,-1.7442041855070385,-0.8034148621120125
M3_income_all_exposures,MLI,2016,-2.4476190476190496,-1.6750010283160293,-0.7726180193030203
M3_income_all_exposures,MLI,2017,-2.1476190476190453,-1.9117167806685365,-0.23590226695050887
M3_income_all_exposures,MLI,2018,-1.8476190476190482,-1.5900409059726193,-0.2575781416464289
M3_income_all_exposures,MLI,2019,-1.547619047619051,-1.2765287503773486,-0.2710902972417024
M3_income_all_exposures,MLI,2020,-1.047619047619051,-1.3956637293094327,0.3480446816903817
M3_income_all_exposures,MLI,2021,-0.547619047619051,-1.2634978643856565,0.7158788167666055
M3_income_all_exposures,MLI,2022,0.05238095238095042,-0.7701652841062541,0.8225462364872045
M3_income_all_exposures,MLI,2023,0.6523809523809518,-0.20133322106580043,0.8537141734467523
M3_income_all_exposures,MOZ,2003,2.4476190476190425,4.000549047011235,-1.5529299993921928
M3_income_all_exposures,MOZ,2004,2.047619047619044,3.4231363565016064,-1.3755173088825625
M3_income_all_exposures,MOZ,2005,1.547619047619044,2.7745238393445515,-1.2269047917255076
M3_income_all_exposures,MOZ,2006,1.1476190476190382,2.121346498365181,-0.9737274507461429
M3_income_all_exposures,MOZ,2007,0.5476190476190439,1.5932841117607655,-1.0456650641417216
M3_income_all_exposures,MOZ,2008,0.0476190476190439,1.005728238489225,-0.9581091908701811
M3_income_all_exposures,MOZ,2009,-0.3523809523809618,0.6130744689943011,-0.9654554213752629
M3_income_all_exposures,MOZ,2010,-0.8523809523809618,0.16113017441675237,-1.0135111267977142
M3_income_all_exposures,MOZ,2011,-0.9523809523809561,-0.02942899016409206,-0.922951962216864
M3_income_all_exposures,MOZ,2012,-1.0523809523809575,-0.5247182971710147,-0.5276626552099428
M3_income_all_exposures,MOZ,2013,-1.0523809523809575,-0.9671217183561629,-0.08525923402479463
M3_income_all_exposures,MOZ,2014,-0.9523809523809561,-1.0701180607959042,0.11773710841494811
M3_income_all_exposures,MOZ,2015,-0.8523809523809618,-2.1322686256359695,1.2798876732550077
M3_income_all_exposures,MOZ,2016,-0.652380952380959,-2.0616150643879383,1.4092341120069793
M3_income_all_exposures,MOZ,2017,-0.5523809523809575,-2.07384279782635,1.5214618454453923
M3_income_all_exposures,MOZ,2018,-0.5523809523809575,-2.002223787021136,1.4498428346401786
M3_income_all_exposures,MOZ,2019,-0.4523809523809561,-1.765252752906815,1.3128718005258588
M3_income_all_exposures,MOZ,2020,-0.4523809523809561,-1.3632098213253832,0.910828868944427
M3_income_all_exposures,MOZ,2021,-0.15238095238095895,-1.2895385905238321,1.1371576381428732
M3_income_all_exposures,MOZ,2022,0.24761904761903963,-0.6173452758785849,0.8649643234976245
M3_income_all_exposures,MOZ,2023,0.847619047619041,0.20391104710954533,0.6437080005094957
M3_income_all_exposures,MRT,2003,2.509523809523806,4.690678156577784,-2.181154347053978
M3_income_all_exposures,MRT,2004,2.2095238095238017,4.073209902024823,-1.8636860925010215
M3_income_all_exposures,MRT,2005,1.9095238095238045,3.441755749655698,-1.5322319401318936
M3_income_all_exposures,MRT,2006,1.509523809523806,2.8756724424761813,-1.3661486329523753
M3_income_all_exposures,MRT,2007,1.009523809523806,1.9542569806566588,-0.9447331711328528
M3_income_all_exposures,MRT,2008,0.6095238095238074,1.1366162643303668,-0.5270924548065594
M3_income_all_exposures,MRT,2009,0.10952380952380736,0.3574479109347601,-0.24792410141095272
M3_income_all_exposures,MRT,2010,-0.2904761904761983,-0.21120909004108884,-0.07926710043510948
M3_income_all_exposures,MRT,2011,-0.6904761904761969,-0.626096487389737,-0.0643797030864599
M3_income_all_exposures,MRT,2012,-1.0904761904761955,-0.6132377556351719,-0.4772384348410236
M3_income_all_exposures,MRT,2013,-1.2904761904761983,-1.1583110201644857,-0.1321651703117126
M3_income_all_exposures,MRT,2014,-1.3904761904761926,-2.1815880409809285,0.7911118505047359
M3_income_all_exposures,MRT,2015,-1.3904761904761926,-2.4854025948470366,1.094926404370844
M3_income_all_exposures,MRT,2016,-1.2904761904761983,-2.459135671861329,1.1686594813851308
M3_income_all_exposures,MRT,2017,-1.190476190476197,-2.375968997937714,1.1854928074615172
M3_income_all_exposures,MRT,2018,-0.9904761904761941,-2.239465754341764,1.2489895638655701
M3_income_all_exposures,MRT,2019,-0.7904761904761983,-1.2666262916980586,0.4761501012218603
M3_income_all_exposures,MRT,2020,-0.49047619047619406,-1.2195489222656892,0.7290727317894952
M3_income_all_exposures,MRT,2021,-0.1904761904761969,-1.1687511566343722,0.9782749661581753
M3_income_all_exposures,MRT,2022,0.3095238095238031,-0.64728646704593,0.956810276569733
M3_income_all_exposures,MRT,2023,0.9095238095238045,0.12299084418702755,0.786532965336777
M3_income_all_exposures,MUS,2003,-4.580952380952379,3.027734629019575,-7.608687009971954
M3_income_all_exposures,MUS,2004,-4.480952380952381,2.4243328143640643,-6.905285195316445
M3_income_all_exposures,MUS,2005,-4.38095238095238,1.7648019106328299,-6.1457542915852095
M3_income_all_exposures,MUS,2006,-4.280952380952382,1.0729328116742862,-5.353885192626668
M3_income_all_exposures,MUS,2007,-4.18095238095238,0.47911588407063,-4.6600682650230105
M3_income_all_exposures,MUS,2008,-3.980952380952381,-0.1661519401391971,-3.814800440813184
M3_income_all_exposures,MUS,2009,-3.7809523809523817,-0.7892533762987259,-2.991699004653656
M3_income_all_exposures,MUS,2010,-3.480952380952381,-1.3538399091887314,-2.12711247176365
M3_income_all_exposures,MUS,2011,-3.080952380952379,-1.65349014131617,-1.4274622396362089
M3_income_all_exposures,MUS,2012,-2.3809523809523796,-1.0628196149367681,-1.3181327660156115
M3_income_all_exposures,MUS,2013,-1.6809523809523803,-1.2323538183914837,-0.4485985625608966
M3_income_all_exposures,MUS,2014,-0.7809523809523817,-0.1957341799830281,-0.5852182009693536
M3_income_all_exposures,MUS,2015,0.21904761904761827,-0.11222441914706982,0.3312720381946881
M3_income_all_exposures,MUS,2016,1.2190476190476183,0.04156186623650315,1.1774857528111151
M3_income_all_exposures,MUS,2017,2.2190476190476183,0.06685653729258334,2.152191081755035
M3_income_all_exposures,MUS,2018,3.2190476190476183,0.02124928569184359,3.1977983333557747
M3_income_all_exposures,MUS,2019,4.31904761904762,-1.2441006018938963,5.563148220941516
M3_income_all_exposures,MUS,2020,5.419047619047621,-1.248057642291477,6.667105261339098
M3_income_all_exposures,MUS,2021,6.719047619047618,-0.5064230222152708,7.2254706412628895
M3_income_all_exposures,MUS,2022,8.11904761904762,-0.018552724713505553,8.137600343761125
M3_income_all_exposures,MUS,2023,9.619047619047617,0.6844156515329874,8.93463196751463
M3_income_all_exposures,MWI,2003,2.9142857142857146,3.543722115012069,-0.6294364007263544
M3_income_all_exposures,MWI,2004,2.2142857142857153,2.9447297026713004,-0.7304439883855851
M3_income_all_exposures,MWI,2005,1.514285714285716,2.2589424154911297,-0.7446567012054137
M3_income_all_exposures,MWI,2006,0.7142857142857153,2.630315539633351,-1.9160298253476356
M3_income_all_exposures,MWI,2007,-0.08571428571428541,2.1111809466827074,-2.196895232396993
M3_income_all_exposures,MWI,2008,-0.8857142857142861,0.9460617500821974,-1.8317760357964836
M3_income_all_exposures,MWI,2009,-1.5857142857142854,1.067849696106888,-2.6535639818211734
M3_income_all_exposures,MWI,2010,-2.0857142857142854,0.23702025838154805,-2.3227345440958334
M3_income_all_exposures,MWI,2011,-2.2857142857142847,0.02365658816142946,-2.3093708738757144
M3_income_all_exposures,MWI,2012,-2.385714285714286,-0.766789072124109,-1.618925213590177
M3_income_all_exposures,MWI,2013,-2.1857142857142833,-1.1891882997136842,-0.996525986000599
M3_income_all_exposures,MWI,2014,-1.8857142857142861,-1.1661687782893047,-0.7195455074249815
M3_income_all_exposures,MWI,2015,-1.485714285714284,-0.6021566923590002,-0.8835575933552838
M3_income_all_exposures,MWI,2016,-0.985714285714284,-0.8760191020751034,-0.10969518363918063
M3_income_all_exposures,MWI,2017,-0.5857142857142854,-1.9706264063089884,1.384912120594703
M3_income_all_exposures,MWI,2018,-0.08571428571428541,-2.360850351600534,2.2751360658862487
M3_income_all_exposures,MWI,2019,0.3142857142857167,-2.0076713644763977,2.3219570787621144
M3_income_all_exposures,MWI,2020,0.9142857142857146,-1.7428926280626404,2.657178342348355
M3_income_all_exposures,MWI,2021,1.7142857142857153,-1.564469736991417,3.2787554512771324
M3_income_all_exposures,MWI,2022,2.614285714285714,-1.1280026190748218,3.742288333360536
M3_income_all_exposures,MWI,2023,3.614285714285714,-0.3886439611466088,4.0029296754323225
M3_income_all_exposures,NAM,2003,2.5047619047619065,3.5933231666662784,-1.0885612619043719
M3_income_all_exposures,NAM,2004,1.8047619047619072,3.1039886513254222,-1.299226746563515
M3_income_all_exposures,NAM,2005,1.104761904761908,2.43073551168233,-1.3259736069204222
M3_income_all_exposures,NAM,2006,0.40476190476190865,1.9368414033162087,-1.5320794985543
M3_income_all_exposures,NAM,2007,-0.19523809523809277,1.3999659908228028,-1.5952040860608956
M3_income_all_exposures,NAM,2008,-0.7952380952380906,0.775087277278634,-1.5703253725167245
M3_income_all_exposures,NAM,2009,-1.2952380952380906,-0.4895310330210648,-0.8057070622170258
M3_income_all_exposures,NAM,2010,-1.6952380952380928,-0.1895159698130804,-1.5057221254250124
M3_income_all_exposures,NAM,2011,-1.895238095238092,-0.740927133627963,-1.154310961610129
M3_income_all_exposures,NAM,2012,-1.9952380952380935,-1.2897615260951596,-0.7054765691429339
M3_income_all_exposures,NAM,2013,-1.9952380952380935,-1.8611579098311517,-0.13408018540694178
M3_income_all_exposures,NAM,2014,-1.895238095238092,-0.664626819411062,-1.23061127582703
M3_income_all_exposures,NAM,2015,-1.5952380952380913,-1.0529499543170506,-0.5422881409210407
M3_income_all_exposures,NAM,2016,-1.2952380952380906,-1.695867699104797,0.4006296038667063
M3_income_all_exposures,NAM,2017,-0.8952380952380921,-1.547812904191271,0.6525748089531789
M3_income_all_exposures,NAM,2018,-0.39523809523809206,-1.4614703406186338,1.0662322453805417
M3_income_all_exposures,NAM,2019,0.30476190476190723,-1.2390226173095504,1.5437845220714577
M3_income_all_exposures,NAM,2020,1.0047619047619065,0.07968714928000642,0.9250747554819001
M3_income_all_exposures,NAM,2021,1.9047619047619087,-0.7806535483443705,2.685415453106279
M3_income_all_exposures,NAM,2022,2.9047619047619087,-0.43904707118922937,3.343808975951138
M3_income_all_exposures,NAM,2023,4.0047619047619065,0.13271537650268672,3.8720465282592196
M3_income_all_exposures,NER,2003,3.3714285714285666,4.527577123999363,-1.1561485525707962
M3_income_all_exposures,NER,2004,2.771428571428565,3.8505127807131143,-1.0790842092845492
M3_income_all_exposures,NER,2005,2.0714285714285623,3.2057235899751353,-1.134295018546573
M3_income_all_exposures,NER,2006,1.4714285714285609,2.4973346556235776,-1.0259060841950167
M3_income_all_exposures,NER,2007,0.8714285714285666,1.9082797903879025,-1.036851218959336
M3_income_all_exposures,NER,2008,0.27142857142856514,1.3223995699520978,-1.0509709985235327
M3_income_all_exposures,NER,2009,-0.3285714285714363,1.6725724102258592,-2.0011438387972955
M3_income_all_exposures,NER,2010,-0.9285714285714377,1.184186288160196,-2.112757716731634
M3_income_all_exposures,NER,2011,-1.2285714285714349,-1.1493532010502747,-0.07921822752116014
M3_income_all_exposures,NER,2012,-1.4285714285714377,-1.6374137694211053,0.20884234084966757
M3_income_all_exposures,NER,2013,-1.5285714285714391,-1.741586512814067,0.21301508424262794
M3_income_all_exposures,NER,2014,-1.5285714285714391,-1.5782731401876309,0.049701711616191746
M3_income_all_exposures,NER,2015,-1.5285714285714391,-2.4560208228280516,0.9274493942566124
M3_income_all_exposures,NER,2016,-1.3285714285714363,-2.303856176971686,0.9752847484002496
M3_income_all_exposures,NER,2017,-1.1285714285714334,-2.502222884983888,1.3736514564124547
M3_income_all_exposures,NER,2018,-0.9285714285714377,-2.1754877905059096,1.2469163619344719
M3_income_all_exposures,NER,2019,-0.6285714285714334,-1.8178383946506183,1.1892669660791848
M3_income_all_exposures,NER,2020,-0.3285714285714363,-1.3844370058159203,1.055865577244484
M3_income_all_exposures,NER,2021,0.07142857142856229,-1.2427061521521683,1.3141347235807306
M3_income_all_exposures,NER,2022,0.6714285714285637,-0.3643079111882699,1.0357364826168336
M3_income_all_exposures,NER,2023,1.2714285714285651,0.18491755353231953,1.0865110178962456
M3_income_all_exposures,NGA,2003,5.899999999999999,3.1777843404943273,2.7222156595056712
M3_income_all_exposures,NGA,2004,5.5,2.6023785606023813,2.8976214393976187
M3_income_all_exposures,NGA,2005,5.0,1.9549631122243554,3.0450368877756446
M3_income_all_exposures,NGA,2006,4.5,1.2509779262775083,3.2490220737224917
M3_income_all_exposures,NGA,2007,3.8999999999999986,1.7283025565624586,2.17169744343754
M3_income_all_exposures,NGA,2008,3.1999999999999957,0.9519604690664599,2.2480395309335357
M3_income_all_exposures,NGA,2009,2.3999999999999986,0.3964530382878929,2.0035469617121056
M3_income_all_exposures,NGA,2010,1.6999999999999957,0.06288497905808033,1.6371150209419154
M3_income_all_exposures,NGA,2011,1.0,-0.16007714277226281,1.1600771427722627
M3_income_all_exposures,NGA,2012,0.29999999999999716,-0.6465576148535278,0.946557614853525
M3_income_all_exposures,NGA,2013,-0.30000000000000426,-0.8573463927779459,0.5573463927779416
M3_income_all_exposures,NGA,2014,-0.9000000000000057,-1.3246755400342296,0.4246755400342239
M3_income_all_exposures,NGA,2015,-1.4000000000000057,-1.07895824633823,-0.3210417536617758
M3_income_all_exposures,NGA,2016,-2.0,-0.9103456064602282,-1.0896543935397718
M3_income_all_exposures,NGA,2017,-2.5,-1.1025458300189723,-1.3974541699810277
M3_income_all_exposures,NGA,2018,-3.1000000000000014,-1.4552786891878229,-1.6447213108121785
M3_income_all_exposures,NGA,2019,-3.700000000000003,-1.6493832117319864,-2.0506167882680164
M3_income_all_exposures,NGA,2020,-4.300000000000004,-1.6427663186884378,-2.6572336813115665
M3_income_all_exposures,NGA,2021,-4.800000000000004,-0.7977629923045401,-4.002237007695464
M3_income_all_exposures,NGA,2022,-5.100000000000001,-0.5002975456198722,-4.599702454380129
M3_income_all_exposures,NGA,2023,-5.300000000000004,0.0002901482146266954,-5.300290148214631
M3_income_all_exposures,RWA,2003,3.333333333333334,3.024892357616064,0.30844097571727014
M3_income_all_exposures,RWA,2004,2.633333333333331,2.6073158917979207,0.026017441535410413
M3_income_all_exposures,RWA,2005,1.9333333333333318,1.9967930952975288,-0.063459761964197
M3_income_all_exposures,RWA,2006,1.2333333333333325,1.3409568196870423,-0.10762348635370977
M3_income_all_exposures,RWA,2007,0.6333333333333329,0.8034571720849477,-0.17012383875161485
M3_income_all_exposures,RWA,2008,0.033333333333333215,0.12105209082045798,-0.08771875748712477
M3_income_all_exposures,RWA,2009,-0.4666666666666668,-0.11854142523521027,-0.3481252414314565
M3_income_all_exposures,RWA,2010,-0.8666666666666671,-0.9032536686117504,0.03658700194508324
M3_income_all_exposures,RWA,2011,-1.0666666666666682,-1.0696780684294556,0.003011401762787358
M3_income_all_exposures,RWA,2012,-1.1666666666666679,-1.4132272773936507,0.24656061072698288
M3_income_all_exposures,RWA,2013,-1.1666666666666679,-1.5140017810779018,0.347335114411234
M3_income_all_exposures,RWA,2014,-1.0666666666666682,-1.1972581516426506,0.13059148497598239
M3_income_all_exposures,RWA,2015,-0.9666666666666668,-1.4585384640912107,0.4918717974245439
M3_income_all_exposures,RWA,2016,-0.8666666666666671,-0.9655264954106214,0.09885982874395427
M3_income_all_exposures,RWA,2017,-0.8666666666666671,-0.8863387667403216,0.019672100073654497
M3_income_all_exposures,RWA,2018,-0.7666666666666675,-0.37654770851223596,-0.39011895815443154
M3_income_all_exposures,RWA,2019,-0.6666666666666679,-0.6151200338431085,-0.05154663282355931
M3_income_all_exposures,RWA,2020,-0.5666666666666682,-0.5802367650448136,0.013570098378145379
M3_income_all_exposures,RWA,2021,-0.2666666666666675,0.29256831150696616,-0.5592349781736337
M3_income_all_exposures,RWA,2022,0.13333333333333286,0.14716253994485973,-0.013829206611526867
M3_income_all_exposures,RWA,2023,0.8333333333333339,0.7640703272771554,0.06926300605617852
M3_income_all_exposures,SDN,2003,2.4476190476190496,5.099596087236522,-2.6519770396174724
M3_income_all_exposures,SDN,2004,2.1476190476190453,4.481156372114519,-2.333537324495474
M3_income_all_exposures,SDN,2005,1.8476190476190482,3.8118320609738845,-1.9642130133548363
M3_income_all_exposures,SDN,2006,1.4476190476190496,2.996821793725139,-1.5492027461060895
M3_income_all_exposures,SDN,2007,1.047619047619044,2.4243483803601036,-1.3767293327410597
M3_income_all_exposures,SDN,2008,0.6476190476190453,1.7766544326616778,-1.1290353850426325
M3_income_all_exposures,SDN,2009,0.14761904761904532,0.9488656976875303,-0.801246650068485
M3_income_all_exposures,SDN,2010,-0.3523809523809547,-0.198913989845714,-0.15346696253524067
M3_income_all_exposures,SDN,2011,-0.6523809523809518,-0.8711259652617813,0.21874501288082948
M3_income_all_exposures,SDN,2012,-0.9523809523809561,-0.44375092881935474,-0.5086300235616014
M3_income_all_exposures,SDN,2013,-1.1523809523809518,-0.5826409416037432,-0.5697400107772086
M3_income_all_exposures,SDN,2014,-1.2523809523809533,-2.143516501789453,0.8911355494084998
M3_income_all_exposures,SDN,2015,-1.2523809523809533,-2.2197357556108326,0.9673548032298793
M3_income_all_exposures,SDN,2016,-1.2523809523809533,-1.9714184523250216,0.7190374999440683
M3_income_all_exposures,SDN,2017,-1.1523809523809518,-2.2530186987719176,1.1006377463909658
M3_income_all_exposures,SDN,2018,-0.9523809523809561,-2.056299487623381,1.1039185352424248
M3_income_all_exposures,SDN,2019,-0.8523809523809547,-2.0166429741221217,1.164262021741167
M3_income_all_exposures,SDN,2020,-0.5523809523809504,-1.8837737763336078,1.3313928239526573
M3_income_all_exposures,SDN,2021,-0.25238095238095326,-1.8674915292045748,1.6151105768236216
M3_income_all_exposures,SDN,2022,0.14761904761904532,-1.4983459226890123,1.6459649703080577
M3_income_all_exposures,SDN,2023,0.7476190476190467,-1.532599900758893,2.28021894837794
M3_income_all_exposures,SEN,2003,7.385714285714286,4.161001419518754,3.2247128661955324
M3_income_all_exposures,SEN,2004,6.9857142857142875,3.4220801145689186,3.563634171145369
M3_income_all_exposures,SEN,2005,6.4857142857142875,2.7840624509947984,3.701651834719489
M3_income_all_exposures,SEN,2006,5.885714285714286,3.1172964351031336,2.7684178506111525
M3_income_all_exposures,SEN,2007,5.185714285714283,2.5406220761113394,2.645092209602944
M3_income_all_exposures,SEN,2008,4.285714285714285,2.2985563753473803,1.9871579103669044
M3_income_all_exposures,SEN,2009,3.385714285714286,0.5161073963820888,2.8696068893321973
M3_income_all_exposures,SEN,2010,2.2857142857142847,-0.8306338107635496,3.116348096477834
M3_income_all_exposures,SEN,2011,1.2857142857142847,-1.0591691030052042,2.344883388719489
M3_income_all_exposures,SEN,2012,0.3857142857142861,-2.0286020145508767,2.414316300265163
M3_income_all_exposures,SEN,2013,-0.5142857142857125,-2.627910971709512,2.1136252574237995
M3_income_all_exposures,SEN,2014,-1.4142857142857181,-2.410442636868728,0.99615692258301
M3_income_all_exposures,SEN,2015,-2.2142857142857153,-2.265410706464479,0.05112499217876376
M3_income_all_exposures,SEN,2016,-2.914285714285718,-3.0753481685139037,0.16106245422818555
M3_income_all_exposures,SEN,2017,-3.614285714285714,-2.4355675900944846,-1.1787181241912292
M3_income_all_exposures,SEN,2018,-4.314285714285717,-1.879443159816852,-2.4348425544688648
M3_income_all_exposures,SEN,2019,-4.914285714285718,-0.7990230089584651,-4.115262705327253
M3_income_all_exposures,SEN,2020,-5.5142857142857125,-0.4978362252752706,-5.016449489010442
M3_income_all_exposures,SEN,2021,-5.914285714285718,-0.04696677560676865,-5.86731893867895
M3_income_all_exposures,SEN,2022,-6.114285714285714,0.26366922829739137,-6.377954942583106
M3_income_all_exposures,SEN,2023,-6.114285714285714,0.8529586753042777,-6.967244389589991
M3_income_all_exposures,SLE,2003,5.51428571428572,4.1025726330115955,1.411713081274124
M3_income_all_exposures,SLE,2004,5.01428571428572,3.4971242915599055,1.5171614227258141
M3_income_all_exposures,SLE,2005,4.314285714285717,2.996562118112804,1.3177235961729128
M3_income_all_exposures,SLE,2006,3.7142857142857153,2.2807692643291286,1.4335164499565867
M3_income_all_exposures,SLE,2007,3.0142857142857196,1.4011794548236003,1.6131062594621193
M3_income_all_exposures,SLE,2008,2.2142857142857153,1.0588496336216628,1.1554360806640525
M3_income_all_exposures,SLE,2009,1.3142857142857167,0.43260231405013916,0.8816834002355776
M3_income_all_exposures,SLE,2010,0.5142857142857196,-0.6627873440405665,1.177073058326286
M3_income_all_exposures,SLE,2011,-0.18571428571428328,-1.2667936200336993,1.081079334319416
M3_income_all_exposures,SLE,2012,-0.885714285714279,-0.42202161996615484,-0.4636926657481242
M3_income_all_exposures,SLE,2013,-1.385714285714279,-0.42235946002588265,-0.9633548256883964
M3_income_all_exposures,SLE,2014,-1.7857142857142847,0.20315767410100216,-1.9888719598152869
M3_income_all_exposures,SLE,2015,-2.085714285714282,-0.47268809463446493,-1.613026191079817
M3_income_all_exposures,SLE,2016,-2.2857142857142847,-0.672622790493409,-1.6130914952208757
M3_income_all_exposures,SLE,2017,-2.385714285714279,-1.60874247816184,-0.776971807552439
M3_income_all_exposures,SLE,2018,-2.585714285714282,-2.1754790156651227,-0.41023527004915916
M3_income_all_exposures,SLE,2019,-2.585714285714282,-2.767293023041808,0.18157873732752616
M3_income_all_exposures,SLE,2020,-2.585714285714282,-2.253387276043413,-0.3323270096708688
M3_income_all_exposures,SLE,2021,-2.585714285714282,-1.895553534428214,-0.6901607512860679
M3_income_all_exposures,SLE,2022,-2.2857142857142847,-1.1502877390351014,-1.1354265466791833
M3_income_all_exposures,SLE,2023,-1.9857142857142804,-0.20280138804015557,-1.7829128976741249
M3_income_all_exposures,SOM,2003,0.34761904761904816,4.253496609808255,-3.9058775621892066
M3_income_all_exposures,SOM,2004,-0.052380952380957524,3.6469612565774674,-3.699342208958425
M3_income_all_exposures,SOM,2005,-0.3523809523809547,2.982475944736762,-3.334856897117717
M3_income_all_exposures,SOM,2006,-0.6523809523809518,2.2762222556443827,-2.9286032080253346
M3_income_all_exposures,SOM,2007,-0.9523809523809561,1.7294021998041358,-2.681783152185092
M3_income_all_exposures,SOM,2008,-1.2523809523809533,1.1111680742148808,-2.363549026595834
M3_income_all_exposures,SOM,2009,-1.452380952380956,0.200272453433053,-1.652653405814009
M3_income_all_exposures,SOM,2010,-1.7523809523809533,-0.3261778880314149,-1.4262030643495383
M3_income_all_exposures,SOM,2011,-1.6523809523809518,-0.7024240265352976,-0.9499569258456543
M3_income_all_exposures,SOM,2012,-1.452380952380956,-1.2292353059743502,-0.22314564640660595
M3_income_all_exposures,SOM,2013,-1.1523809523809518,-0.5308670969517422,-0.6215138554292097
M3_income_all_exposures,SOM,2014,-0.7523809523809533,-1.4725027627812926,0.7201218104003393
M3_income_all_exposures,SOM,2015,-0.25238095238095326,-1.7135961001604532,1.4612151477795
M3_income_all_exposures,SOM,2016,0.24761904761904674,-2.198859609543856,2.4464786571629027
M3_income_all_exposures,SOM,2017,0.6476190476190453,-2.369626655495466,3.0172457031145115
M3_income_all_exposures,SOM,2018,0.9476190476190425,-2.28662141414667,3.2342404617657126
M3_income_all_exposures,SOM,2019,1.1476190476190453,-1.7352537448750867,2.882872792494132
M3_income_all_exposures,SOM,2020,1.4476190476190425,-0.9326191008668588,2.380238148485901
M3_income_all_exposures,SOM,2021,1.8476190476190482,0.22759641006218811,1.62002263755686
M3_income_all_exposures,SOM,2022,2.2476190476190467,-0.48126410712600176,2.7288831547450485
M3_income_all_exposures,SOM,2023,2.847619047619048,-0.44854739179261727,3.2961664394116656
M3_income_all_exposures,SSD,2008,0.5,2.0586035679556365,-1.5586035679556365
M3_income_all_exposures,SSD,2009,0.0,1.4576759233864385,-1.4576759233864385
M3_income_all_exposures,SSD,2010,-0.3000000000000007,0.8920263922466982,-1.192026392246699
M3_income_all_exposures,SSD,2011,-0.5,0.3096432161584132,-0.8096432161584133
M3_income_all_exposures,SSD,2012,-0.40000000000000213,-1.2802707661804318,0.8802707661804297
M3_income_all_exposures,SSD,2013,-0.10000000000000142,-1.2882852266797689,1.1882852266797674
M3_income_all_exposures,SSD,2014,0.1999999999999993,-1.1332087097528594,1.3332087097528587
M3_income_all_exposures,SSD,2015,0.5999999999999979,-1.0161843971341231,1.616184397134121
M3_income_all_exposures,STP,2003,5.519047619047626,2.983601838942792,2.5354457801048342
M3_income_all_exposures,STP,2004,4.919047619047625,2.3576140434872723,2.5614335755603523
M3_income_all_exposures,STP,2005,4.219047619047629,1.8844283799671937,2.3346192390804354
M3_income_all_exposures,STP,2006,3.6190476190476275,1.2162534737774697,2.4027941452701578
M3_income_all_exposures,STP,2007,2.8190476190476232,0.6454757935738504,2.173571825473773
M3_income_all_exposures,STP,2008,2.019047619047626,0.05791106441162808,1.961136554635998
M3_income_all_exposures,STP,2009,1.219047619047629,-0.527370474051277,1.746418093098906
M3_income_all_exposures,STP,2010,0.5190476190476261,-1.0782355571476923,1.5972831761953183
M3_income_all_exposures,STP,2011,-0.18095238095237676,-1.4868040574419725,1.3058516764895958
M3_income_all_exposures,STP,2012,-0.6809523809523768,-2.061971573547029,1.3810191925946524
M3_income_all_exposures,STP,2013,-1.1809523809523768,-1.958090615273841,0.7771382343214643
M3_income_all_exposures,STP,2014,-1.480952380952374,-1.9134026148623242,0.4324502339099503
M3_income_all_exposures,STP,2015,-1.780952380952371,-0.47406231497857276,-1.3068900659737983
M3_income_all_exposures,STP,2016,-1.980952380952374,-0.8056644784990581,-1.1752879024533158
M3_income_all_exposures,STP,2017,-2.280952380952371,-0.8625275231731926,-1.4184248577791785
M3_income_all_exposures,STP,2018,-2.480952380952374,-0.6896790596007032,-1.7912733213516707
M3_income_all_exposures,STP,2019,-2.5809523809523753,-0.6044656137352664,-1.976486767217109
M3_income_all_exposures,STP,2020,-2.6809523809523768,0.3117230456567406,-2.992675426609117
M3_income_all_exposures,STP,2021,-2.6809523809523768,0.5099177564756261,-3.1908701374280026
M3_income_all_exposures,STP,2022,-2.5809523809523753,0.9753197007078043,-3.55627208166018
M3_income_all_exposures,STP,2023,-2.280952380952371,1.520028785310506,-3.800981166262877
M3_income_all_exposures,SWZ,2003,2.2857142857142847,3.437984527177725,-1.1522702414634405
M3_income_all_exposures,SWZ,2004,1.6857142857142833,2.8344861470330653,-1.148771861318782
M3_income_all_exposures,SWZ,2005,1.1857142857142833,2.200220479917973,-1.01450619420369
M3_income_all_exposures,SWZ,2006,0.6857142857142833,1.5349172351658908,-0.8492029494516076
M3_income_all_exposures,SWZ,2007,0.18571428571428328,0.9758278948943003,-0.790113609180017
M3_income_all_exposures,SWZ,2008,-0.11428571428571743,0.6797058978453872,-0.7939916121311046
M3_income_all_exposures,SWZ,2009,-0.514285714285716,0.07710669487302452,-0.5913924091587406
M3_income_all_exposures,SWZ,2010,-0.9142857142857181,-0.44720945131900264,-0.4670762629667155
M3_income_all_exposures,SWZ,2011,-1.2142857142857153,-0.5069653291853236,-0.7073203851003917
M3_income_all_exposures,SWZ,2012,-1.514285714285716,-1.0328482487154143,-0.48143746557030176
M3_income_all_exposures,SWZ,2013,-1.6142857142857174,-1.1280690930357633,-0.48621662124995413
M3_income_all_exposures,SWZ,2014,-1.6142857142857174,-1.0051555346985048,-0.6091301795872126
M3_income_all_exposures,SWZ,2015,-1.6142857142857174,-1.0296175036267052,-0.5846682106590122
M3_income_all_exposures,SWZ,2016,-1.4142857142857181,-1.3666117567081781,-0.047673957577540005
M3_income_all_exposures,SWZ,2017,-1.1142857142857174,-1.1743901097545,0.060104395468782545
M3_income_all_exposures,SWZ,2018,-0.7142857142857153,-1.192505537524955,0.4782198232392396
M3_income_all_exposures,SWZ,2019,-0.2142857142857153,-1.0719240792987428,0.8576383650130275
M3_income_all_exposures,SWZ,2020,0.38571428571428257,-1.0388607438026,1.4245750295168826
M3_income_all_exposures,SWZ,2021,1.1857142857142833,-0.724621964479774,1.9103362501940573
M3_income_all_exposures,SWZ,2022,1.985714285714284,-0.2983950230371341,2.284109308751418
M3_income_all_exposures,SWZ,2023,2.985714285714284,0.276925498279256,2.708788787435028
M3_income_all_exposures,SYC,2003,0.7095238095238123,3.708672388142908,-2.9991485786190957
M3_income_all_exposures,SYC,2004,0.4095238095238116,3.0504513228360945,-2.640927513312283
M3_income_all_exposures,SYC,2005,0.10952380952381091,2.4515358734559807,-2.3420120639321698
M3_income_all_exposures,SYC,2006,-0.29047619047618767,1.776352241605611,-2.066828432081799
M3_income_all_exposures,SYC,2007,-0.6904761904761862,1.2660985867619077,-1.956574777238094
M3_income_all_exposures,SYC,2008,-0.990476190476187,0.5748363341555704,-1.5653125246317574
M3_income_all_exposures,SYC,2009,-1.1904761904761862,0.06338987557550485,-1.2538660660516912
M3_income_all_exposures,SYC,2010,-1.2904761904761877,-0.46072006412347566,-0.829756126352712
M3_income_all_exposures,SYC,2011,-1.2904761904761877,-0.629235688926822,-0.6612405015493656
M3_income_all_exposures,SYC,2012,-1.2904761904761877,-1.1746756573011536,-0.11580053317503403
M3_income_all_exposures,SYC,2013,-1.1904761904761862,-1.192188454250021,0.0017122637738347102
M3_income_all_exposures,SYC,2014,-0.990476190476187,-1.9563096035686605,0.9658334130924735
M3_income_all_exposures,SYC,2015,-0.6904761904761862,-1.9506954866319317,1.2602192961557455
M3_income_all_exposures,SYC,2016,-0.29047619047618767,-1.6871405292841137,1.396664338807926
M3_income_all_exposures,SYC,2017,-0.09047619047618838,-1.4685624836118552,1.3780862931356668
M3_income_all_exposures,SYC,2018,0.30952380952381375,-1.1830391186570264,1.4925629281808401
M3_income_all_exposures,SYC,2019,0.6095238095238109,-0.43559800573207186,1.0451218152558828
M3_income_all_exposures,SYC,2020,1.109523809523811,-0.4831859206739666,1.5927097301977775
M3_income_all_exposures,SYC,2021,1.7095238095238123,-0.7286829821137404,2.438206791637553
M3_income_all_exposures,SYC,2022,2.3095238095238138,-0.07362970701673,2.3831535165405437
M3_income_all_exposures,SYC,2023,3.009523809523813,0.5323270793579403,2.477196730165873
M3_income_all_exposures,TCD,2003,5.885714285714286,3.913596480664442,1.972117805049844
M3_income_all_exposures,TCD,2004,5.4857142857142875,3.563818152826568,1.9218961328877193
M3_income_all_exposures,TCD,2005,4.9857142857142875,3.024544412141963,1.9611698735723246
M3_income_all_exposures,TCD,2006,4.385714285714286,2.2541764992329174,2.1315377864813687
M3_income_all_exposures,TCD,2007,3.885714285714286,1.6754487804908798,2.2102655052234064
M3_income_all_exposures,TCD,2008,3.1857142857142904,1.0468487113539515,2.138865574360339
M3_income_all_exposures,TCD,2009,2.585714285714289,0.40248192651003467,2.183232359204254
M3_income_all_exposures,TCD,2010,1.9857142857142875,-0.02484254226573046,2.010556827980018
M3_income_all_exposures,TCD,2011,0.9857142857142875,-0.4014448483581611,1.3871591340724487
M3_income_all_exposures,TCD,2012,0.08571428571428896,-0.7240601773491058,0.8097744630633947
M3_income_all_exposures,TCD,2013,-0.7142857142857153,-0.8388712195453172,0.12458550525960188
M3_income_all_exposures,TCD,2014,-1.5142857142857125,-0.7151713615068187,-0.7991143527788938
M3_income_all_exposures,TCD,2015,-2.2142857142857153,-0.714389063037759,-1.4998966512479563
M3_income_all_exposures,TCD,2016,-2.914285714285711,-1.2913497444611943,-1.6229359698245167
M3_income_all_exposures,TCD,2017,-3.5142857142857125,-2.3648707109071068,-1.1494150033786057
M3_income_all_exposures,TCD,2018,-3.7142857142857153,-2.0555060394487428,-1.6587796748369725
M3_income_all_exposures,TCD,2019,-3.8142857142857096,-2.2074008098606503,-1.6068849044250593
M3_income_all_exposures,TCD,2020,-3.914285714285711,-1.9911793131843025,-1.9231064011014085
M3_income_all_exposures,TCD,2021,-3.914285714285711,-1.3642223083945721,-2.550063405891139
M3_income_all_exposures,TCD,2022,-3.7142857142857153,-0.8749569692099075,-2.839328745075808
M3_income_all_exposures,TCD,2023,-3.5142857142857125,-0.3126498556913879,-3.2016358585943245
M3_income_all_exposures,TGO,2003,3.9761904761904745,3.7142576181406417,0.2619328580498328
M3_income_all_exposures,TGO,2004,3.576190476190476,3.0256785750197066,0.5505119011707693
M3_income_all_exposures,TGO,2005,3.1761904761904702,2.2364692270142625,0.9397212491762077
M3_income_all_exposures,TGO,2006,2.6761904761904702,1.490938016086419,1.1852524601040513
M3_income_all_exposures,TGO,2007,2.1761904761904702,0.8339631272788424,1.3422273489116279
M3_income_all_exposures,TGO,2008,1.576190476190476,0.19907592311607658,1.3771145530743993
M3_income_all_exposures,TGO,2009,0.9761904761904745,-0.217895249355747,1.1940857255462216
M3_income_all_exposures,TGO,2010,0.3761904761904731,-0.7363969690388356,1.1125874452293085
M3_income_all_exposures,TGO,2011,-0.12380952380952692,-1.1174864252340222,0.9936769014244953
M3_income_all_exposures,TGO,2012,-0.6238095238095269,-0.13317242070285795,-0.49063710310666897
M3_income_all_exposures,TGO,2013,-1.0238095238095255,-0.4984064505579896,-0.5254030732515359
M3_income_all_exposures,TGO,2014,-1.3238095238095298,-1.0009507474251766,-0.3228587763843531
M3_income_all_exposures,TGO,2015,-1.5238095238095255,-1.2469339709801117,-0.2768755528294138
M3_income_all_exposures,TGO,2016,-1.7238095238095283,-1.5957780737488025,-0.1280314500607258
M3_income_all_exposures,TGO,2017,-1.8238095238095298,-1.4964190887509379,-0.3273904350585919
M3_income_all_exposures,TGO,2018,-1.923809523809524,-1.3328428019243923,-0.5909667218851318
M3_income_all_exposures,TGO,2019,-1.923809523809524,-1.5775608904680825,-0.3462486333414416
M3_income_all_exposures,TGO,2020,-1.923809523809524,-1.1497129560957313,-0.7740965677137928
M3_income_all_exposures,TGO,2021,-1.8238095238095298,-0.40344620988704094,-1.420363313922489
M3_income_all_exposures,TGO,2022,-1.623809523809527,0.25978783345284606,-1.883597357262373
M3_income_all_exposures,TGO,2023,-1.123809523809527,0.7468319340609298,-1.8706414578704567
M3_income_all_exposures,TZA,2003,3.3619047619047606,3.519818519088952,-0.15791375718419154
M3_income_all_exposures,TZA,2004,2.961904761904762,3.103154135066603,-0.14124937316184116
M3_income_all_exposures,TZA,2005,2.3619047619047606,2.780487497468518,-0.41858273556375725
M3_income_all_exposures,TZA,2006,1.6619047619047578,2.0963088366746847,-0.43440407476992693
M3_income_all_exposures,TZA,2007,0.961904761904762,1.7209173222853689,-0.7590125603806068
M3_income_all_exposures,TZA,2008,0.2619047619047592,1.1373346222421186,-0.8754298603373594
M3_income_all_exposures,TZA,2009,-0.43809523809523654,0.5910679209797187,-1.0291631590749553
M3_income_all_exposures,TZA,2010,-0.9380952380952365,0.08072139807258139,-1.018816636167818
M3_income_all_exposures,TZA,2011,-1.2380952380952408,0.33707409584664183,-1.5751693339418826
M3_income_all_exposures,TZA,2012,-1.4380952380952365,-0.6249713750939507,-0.8131238630012858
M3_income_all_exposures,TZA,2013,-1.3380952380952422,-0.9832660038721353,-0.35482923422310697
M3_income_all_exposures,TZA,2014,-1.2380952380952408,-2.791297811121996,1.5532025730267551
M3_income_all_exposures,TZA,2015,-1.1380952380952394,-2.786217965702447,1.6481227276072077
M3_income_all_exposures,TZA,2016,-1.038095238095238,-2.5026154630374933,1.4645202249422553
M3_income_all_exposures,TZA,2017,-0.9380952380952365,-1.8924138822968968,0.9543186442016602
M3_income_all_exposures,TZA,2018,-0.8380952380952422,-1.8887696543123158,1.0506744162170736
M3_income_all_exposures,TZA,2019,-0.7380952380952408,-0.8713308509502714,0.1332356128550306
M3_income_all_exposures,TZA,2020,-0.6380952380952394,-0.7864545204840304,0.14835928238879104
M3_income_all_exposures,TZA,2021,-0.3380952380952422,-0.5019818369263835,0.16388659883114132
M3_income_all_exposures,TZA,2022,0.06190476190476346,0.14995858353319713,-0.08805382162843367
M3_income_all_exposures,TZA,2023,0.6619047619047578,0.11247643253954553,0.5494283293652122
M3_income_all_exposures,UGA,2003,4.819047619047616,2.2614254316398856,2.5576221874077305
M3_income_all_exposures,UGA,2004,3.9190476190476176,1.6714822226286903,2.2475653964189273
M3_income_all_exposures,UGA,2005,3.119047619047617,1.6531358588432932,1.4659117602043237
M3_income_all_exposures,UGA,2006,2.119047619047617,2.0287636726044167,0.09028394644320015
M3_income_all_exposures,UGA,2007,1.2190476190476147,1.6806482748472051,-0.4616006557995904
M3_income_all_exposures,UGA,2008,0.31904761904761614,0.4139072062785405,-0.09485958723092436
M3_income_all_exposures,UGA,2009,-0.4809523809523846,-0.556071306248898,0.07511892529651343
M3_income_all_exposures,UGA,2010,-1.1809523809523839,-1.4383171891031254,0.2573648081507416
M3_income_all_exposures,UGA,2011,-1.6809523809523839,-1.6110503510296779,-0.069902029922706
M3_income_all_exposures,UGA,2012,-1.8809523809523832,-1.8463804050141075,-0.034571975938275656
M3_income_all_exposures,UGA,2013,-1.9809523809523846,-1.4882114210931456,-0.49274095985923894
M3_income_all_exposures,UGA,2014,-1.8809523809523832,-2.0804855460052574,0.19953316505287422
M3_income_all_exposures,UGA,2015,-1.6809523809523839,-1.7503404229705692,0.06938804201818538
M3_income_all_exposures,UGA,2016,-1.4809523809523846,-1.3343557647189392,-0.14659661623344533
M3_income_all_exposures,UGA,2017,-1.3809523809523832,-0.9435186413945242,-0.4374337395578589
M3_income_all_exposures,UGA,2018,-1.1809523809523839,-0.9390560418449077,-0.2418963391074762
M3_income_all_exposures,UGA,2019,-0.9809523809523846,0.16568937680258222,-1.1466417577549668
M3_income_all_exposures,UGA,2020,-0.6809523809523839,0.20334805079366625,-0.8843004317460501
M3_income_all_exposures,UGA,2021,-0.2809523809523853,0.7664205071225234,-1.0473728880749087
M3_income_all_exposures,UGA,2022,0.21904761904761472,1.0683412351455277,-0.849293616097913
M3_income_all_exposures,UGA,2023,1.0190476190476154,2.074625252716829,-1.0555776336692135
M3_income_all_exposures,ZAF,2003,2.7619047619047628,3.3616852164797173,-0.5997804545749545
M3_income_all_exposures,ZAF,2004,2.1619047619047613,2.9006687177097,-0.7387639558049388
M3_income_all_exposures,ZAF,2005,1.461904761904762,3.747897520034182,-2.28599275812942
M3_income_all_exposures,ZAF,2006,0.7619047619047628,2.230595833183049,-1.4686910712782861
M3_income_all_exposures,ZAF,2007,0.06190476190475991,1.407894042341387,-1.3459892804366271
M3_income_all_exposures,ZAF,2008,-0.538095238095238,0.8009855125977554,-1.3390807506929934
M3_income_all_exposures,ZAF,2009,-1.1380952380952394,0.17378763124335306,-1.3118828693385924
M3_income_all_exposures,ZAF,2010,-1.6380952380952394,-0.515156043217804,-1.1229391948774354
M3_income_all_exposures,ZAF,2011,-1.8380952380952387,-1.1978797605384397,-0.640215477556799
M3_income_all_exposures,ZAF,2012,-1.93809523809524,-2.217556167794015,0.2794609296987751
M3_income_all_exposures,ZAF,2013,-1.8380952380952387,-2.528088507376511,0.6899932692812722
M3_income_all_exposures,ZAF,2014,-1.7380952380952372,-2.2705696089817895,0.5324743708865523
M3_income_all_exposures,ZAF,2015,-1.43809523809524,-1.7626508019265574,0.32455556383131734
M3_income_all_exposures,ZAF,2016,-1.1380952380952394,-1.5068597541691968,0.36876451607395744
M3_income_all_exposures,ZAF,2017,-0.7380952380952372,-1.1947323086789061,0.45663707058366887
M3_income_all_exposures,ZAF,2018,-0.33809523809523867,-0.9770620154885712,0.6389667773933325
M3_income_all_exposures,ZAF,2019,0.16190476190476133,-0.17952450621606197,0.3414292681208233
M3_income_all_exposures,ZAF,2020,0.6619047619047613,-0.1883342194370774,0.8502389813418387
M3_income_all_exposures,ZAF,2021,1.3619047619047606,-0.43225345714088315,1.7941582190456438
M3_income_all_exposures,ZAF,2022,2.06190476190476,0.04403824052254035,2.01786652138222
M3_income_all_exposures,ZAF,2023,2.8619047619047606,0.30311443685410033,2.5587903250506603
M3_income_all_exposures,ZMB,2003,5.18571428571428,3.5519970156196012,1.6337172700946785
M3_income_all_exposures,ZMB,2004,4.18571428571428,2.9682424442952167,1.217471841419063
M3_income_all_exposures,ZMB,2005,3.285714285714281,2.4833251285581315,0.8023891571561497
M3_income_all_exposures,ZMB,2006,2.3857142857142826,2.10806084394327,0.2776534417710126
M3_income_all_exposures,ZMB,2007,1.5857142857142819,1.5769352049693808,0.00877908074490108
M3_income_all_exposures,ZMB,2008,0.7857142857142811,0.8355341814464294,-0.04981989573214829
M3_income_all_exposures,ZMB,2009,0.08571428571428186,-0.06868547054172228,0.15439975625600413
M3_income_all_exposures,ZMB,2010,-0.41428571428571814,-0.3838341497056702,-0.03045156458004794
M3_income_all_exposures,ZMB,2011,-0.9142857142857181,-1.1564280878128375,0.24214237352711931
M3_income_all_exposures,ZMB,2012,-1.2142857142857189,-1.198344017748885,-0.01594169653683375
M3_income_all_exposures,ZMB,2013,-1.4142857142857181,-1.4774869852048786,0.0632012709191605
M3_income_all_exposures,ZMB,2014,-1.4142857142857181,-1.371058395836916,-0.04322731844880212
M3_income_all_exposures,ZMB,2015,-1.5142857142857196,-1.2079782845629392,-0.30630742972278036
M3_income_all_exposures,ZMB,2016,-1.5142857142857196,-1.1848056581013493,-0.32948005618437026
M3_income_all_exposures,ZMB,2017,-1.6142857142857174,-1.1249170327239901,-0.4893686815617273
M3_income_all_exposures,ZMB,2018,-1.5142857142857196,-0.9935669610266764,-0.5207187532590432
M3_income_all_exposures,ZMB,2019,-1.5142857142857196,-1.252540447179523,-0.2617452671061966
M3_income_all_exposures,ZMB,2020,-1.5142857142857196,-1.6352804749991874,0.12099476071346782
M3_income_all_exposures,ZMB,2021,-1.3142857142857203,-0.726810666166254,-0.5874750481194663
M3_income_all_exposures,ZMB,2022,-1.0142857142857196,-0.21813939424939532,-0.7961463200363242
M3_income_all_exposures,ZMB,2023,-0.6142857142857174,0.47578120702817306,-1.0900669213138905
M3_income_all_exposures,ZWE,2003,4.0238095238095255,3.4167988840123966,0.6070106397971289
M3_income_all_exposures,ZWE,2004,3.5238095238095255,2.6764077998483202,0.8474017239612053
M3_income_all_exposures,ZWE,2005,3.123809523809527,2.377909007244112,0.7459005165654151
M3_income_all_exposures,ZWE,2006,2.623809523809527,1.5732154344666949,1.050594089342832
M3_income_all_exposures,ZWE,2007,2.123809523809527,0.9062955908563698,1.2175139329531572
M3_income_all_exposures,ZWE,2008,1.5238095238095255,0.1524015110397754,1.37140801276975
M3_income_all_exposures,ZWE,2009,1.0238095238095255,-0.13835924075240225,1.1621687645619279
M3_income_all_exposures,ZWE,2010,0.5238095238095255,-0.30797739046054873,0.8317869142700742
M3_income_all_exposures,ZWE,2011,-0.2761904761904752,-0.5610039185831587,0.28481344239268347
M3_income_all_exposures,ZWE,2012,-1.076190476190476,-0.8460171249655335,-0.23017335122494242
M3_income_all_exposures,ZWE,2013,-1.576190476190476,-1.0840663745715196,-0.49212410161895637
M3_income_all_exposures,ZWE,2014,-1.9761904761904745,-1.1554886594338922,-0.8207018167565823
M3_income_all_exposures,ZWE,2015,-2.276190476190475,-1.4284172892358677,-0.8477731869546075
M3_income_all_exposures,ZWE,2016,-2.4761904761904745,-1.378326614976436,-1.0978638612140386
M3_income_all_exposures,ZWE,2017,-2.576190476190476,-0.1762314704394039,-2.399959005751072
M3_income_all_exposures,ZWE,2018,-2.276190476190475,-0.01210697220708723,-2.2640835039833878
M3_income_all_exposures,ZWE,2019,-1.876190476190473,-1.183660888879479,-0.692529587310994
M3_income_all_exposures,ZWE,2020,-1.4761904761904745,-1.389231545519489,-0.08695893067098548
M3_income_all_exposures,ZWE,2021,-0.8761904761904731,-1.1337696622665396,0.25757918607606656
M3_income_all_exposures,ZWE,2022,-0.2761904761904752,-0.4537987465256309,0.1776082703351557
M3_income_all_exposures,ZWE,2023,0.5238095238095255,0.14542767134930001,0.3783818524602255
