iso3,indicator,year,value,lower,upper
AGO,Infant mortality rate,2000,108.322752937004,95.3581284385448,122.966735474921
AGO,Infant mortality rate,2001,103.775612392397,91.0719251882766,118.634075261146
AGO,Infant mortality rate,2002,98.4400670788058,86.2221386082797,113.073666303052
AGO,Infant mortality rate,2003,92.4549322393192,80.6266895848593,106.480078691841
AGO,Infant mortality rate,2004,85.8441459408687,74.4679893396472,99.0328207944008
AGO,Infant mortality rate,2005,78.9232081619222,67.9944098102079,91.452818676669
AGO,Infant mortality rate,2006,72.2176268403911,61.6000414610737,84.1476286076968
AGO,Infant mortality rate,2007,65.9850188462117,55.3952779391994,77.538736295963
AGO,Infant mortality rate,2008,60.3111962687055,49.863421051265,71.8115833721043
AGO,Infant mortality rate,2009,55.4399513204515,45.0329549935378,66.7988722305924
AGO,Infant mortality rate,2010,51.144844359391,41.2122053553192,62.2965875851236
AGO,Infant mortality rate,2011,47.5584840925343,37.9746642050679,58.2115548739118
AGO,Infant mortality rate,2012,44.5681576975903,35.5117349316858,54.9127930611822
AGO,Infant mortality rate,2013,42.1998717422874,33.7467795863823,52.1577132616666
AGO,Infant mortality rate,2014,40.2994941910145,32.3639534582665,49.7648476714301
AGO,Infant mortality rate,2015,38.7650177969986,31.3423495579519,47.8084081599874
AGO,Infant mortality rate,2016,37.6285132981631,30.4463984252981,46.2791084474822
AGO,Infant mortality rate,2017,36.7169984745258,29.6541366827575,45.4025550456827
AGO,Infant mortality rate,2018,35.9894124304547,28.8606710908814,44.8639258179294
AGO,Infant mortality rate,2019,35.4516982142562,27.9312773801601,44.9834679494728
AGO,Infant mortality rate,2020,34.9118527254169,26.746921673136,45.5739548747761
AGO,Infant mortality rate,2021,34.4180092575293,25.4549789696636,46.5954827660185
AGO,Infant mortality rate,2022,33.73310306593,24.2311095144314,47.6722753490036
AGO,Infant mortality rate,2023,32.9976750307159,23.0361459337675,48.7283480489478
AGO,Infant mortality rate,2024,32.1294328718826,21.8651233631278,49.715910514865
BDI,Infant mortality rate,2000,88.4476314578497,80.1818162124831,97.9174619996981
BDI,Infant mortality rate,2001,86.0895142320834,77.7912928424579,95.5466423280348
BDI,Infant mortality rate,2002,83.543602501304,75.1965728942001,93.0498356107159
BDI,Infant mortality rate,2003,80.6307546845899,72.3848794220854,90.178729173522
BDI,Infant mortality rate,2004,77.3895346756892,69.1762471092667,86.9008771151085
BDI,Infant mortality rate,2005,73.8032561844284,65.7606845341791,82.9696226936176
BDI,Infant mortality rate,2006,69.8859027840232,62.0482289339105,78.7658310081685
BDI,Infant mortality rate,2007,65.9572480706719,58.3405275878402,74.5627520568526
BDI,Infant mortality rate,2008,62.1468902245085,54.5648346071334,70.7148240833743
BDI,Infant mortality rate,2009,58.4481992046319,50.9351563720019,67.231488332773
BDI,Infant mortality rate,2010,55.1188210783669,47.5232555027026,64.0148004983592
BDI,Infant mortality rate,2011,52.0042229297512,44.3100377056999,61.1189546149105
BDI,Infant mortality rate,2012,49.0954811506362,40.9252526969202,58.8982682727399
BDI,Infant mortality rate,2013,46.4084673755814,37.5830577926436,57.1145125379676
BDI,Infant mortality rate,2014,43.9367556934922,34.3686572696031,55.8729594533465
BDI,Infant mortality rate,2015,41.8449353398554,31.7464228855814,54.8907702385996
BDI,Infant mortality rate,2016,40.0000201956211,29.3190132228465,54.0531504247475
BDI,Infant mortality rate,2017,38.3643374153383,27.2154633494859,53.6178190044188
BDI,Infant mortality rate,2018,37.0095064272868,25.3389800781559,53.4021693128105
BDI,Infant mortality rate,2019,35.7178883658276,23.637687755751,53.1350108363846
BDI,Infant mortality rate,2020,34.6203098823896,21.9604195598935,53.0227834433651
BDI,Infant mortality rate,2021,33.4871147541243,20.4966082503527,53.0035371388744
BDI,Infant mortality rate,2022,32.3500124605404,19.2789791756654,52.8826861608449
BDI,Infant mortality rate,2023,31.4159299009932,18.2437946198305,53.1683168712052
BDI,Infant mortality rate,2024,30.498936211752,17.2731654215705,52.831139035583
BEN,Infant mortality rate,2000,79.6943623961151,74.4082370312873,85.2886725864059
BEN,Infant mortality rate,2001,77.8201282102252,72.6095889018993,83.3588966810975
BEN,Infant mortality rate,2002,76.0239876295865,70.8444046081127,81.5158226172821
BEN,Infant mortality rate,2003,74.2680965280793,69.1111933926793,79.7124235937321
BEN,Infant mortality rate,2004,72.5833048299837,67.4057145833783,78.0382954155104
BEN,Infant mortality rate,2005,70.9749762531195,65.8038326879611,76.4248519771542
BEN,Infant mortality rate,2006,69.3987711253363,64.2808337425057,74.8224590699045
BEN,Infant mortality rate,2007,67.9065994987542,62.7964875422858,73.4079671169546
BEN,Infant mortality rate,2008,66.5252646223799,61.3555056722318,72.0708068425406
BEN,Infant mortality rate,2009,65.1426512172874,59.8936723989161,70.7397177930143
BEN,Infant mortality rate,2010,63.7613448958231,58.4534331182241,69.3978494916791
BEN,Infant mortality rate,2011,62.4295642881258,57.0302740715661,68.2133903864352
BEN,Infant mortality rate,2012,61.1254596186975,55.5677429914858,67.0647307072641
BEN,Infant mortality rate,2013,59.7763247079179,54.1014319088392,65.9478414873291
BEN,Infant mortality rate,2014,58.3933208713627,52.6043977761771,64.7176323060134
BEN,Infant mortality rate,2015,57.0490430698371,51.0469615131347,63.6778058399319
BEN,Infant mortality rate,2016,55.7764779037354,49.5324432608424,62.7012695281701
BEN,Infant mortality rate,2017,54.4259837040981,47.8931075599661,61.6543018002731
BEN,Infant mortality rate,2018,53.140715737322,46.0910237590824,60.9626489755207
BEN,Infant mortality rate,2019,51.8081194318144,44.0352966044242,60.6575463784973
BEN,Infant mortality rate,2020,50.4200570187512,41.9754781837605,60.4094065831999
BEN,Infant mortality rate,2021,49.1281878030905,39.7421287551894,60.5581019693685
BEN,Infant mortality rate,2022,47.7867374991129,37.5694789169636,60.899881848303
BEN,Infant mortality rate,2023,46.4802711736647,35.4716608110704,61.1875981311883
BEN,Infant mortality rate,2024,45.1851786369849,33.3313041298766,61.6916965579636
BFA,Infant mortality rate,2000,92.4092912334951,85.8646372196567,99.6194111906902
BFA,Infant mortality rate,2001,90.3869404580594,83.8828614801624,97.6491826163561
BFA,Infant mortality rate,2002,88.2193105837713,81.7548538385948,95.4673981259937
BFA,Infant mortality rate,2003,85.8096885185882,79.3140914409429,93.0320819458575
BFA,Infant mortality rate,2004,83.1454541942427,76.712946963067,90.303274948931
BFA,Infant mortality rate,2005,80.221080189711,73.8154366058991,87.306633606139
BFA,Infant mortality rate,2006,77.1385949744609,70.7515697728264,84.2070798320229
BFA,Infant mortality rate,2007,74.0972413940138,67.728962644585,81.04338580687
BFA,Infant mortality rate,2008,71.2257084226902,64.7953227103725,78.1491275501489
BFA,Infant mortality rate,2009,68.5329899447522,61.9405420577185,75.5768555301736
BFA,Infant mortality rate,2010,66.0421429829472,59.177384889008,73.4008114254216
BFA,Infant mortality rate,2011,63.8145228903608,56.5965434784021,71.5589936881293
BFA,Infant mortality rate,2012,61.7411722643981,54.0899697655253,70.1794059165541
BFA,Infant mortality rate,2013,59.8067635631243,51.6082474466753,69.1851343978874
BFA,Infant mortality rate,2014,57.9945161414645,49.1891980387485,68.6409037036136
BFA,Infant mortality rate,2015,56.3139461911337,46.7011627166314,68.3125268638041
BFA,Infant mortality rate,2016,54.7186884131725,44.2672375776906,67.9559293966748
BFA,Infant mortality rate,2017,53.132869058619,41.9248351119401,67.7386626304511
BFA,Infant mortality rate,2018,51.665189740907,39.5864206732605,67.9202466666333
BFA,Infant mortality rate,2019,50.245215491707,37.2481650424523,67.8839035380562
BFA,Infant mortality rate,2020,48.7387311538495,34.9594735804348,67.7603725134812
BFA,Infant mortality rate,2021,47.4025521782851,32.8842279959556,68.2261927050105
BFA,Infant mortality rate,2022,46.088009986122,30.8811139843584,68.7171817484572
BFA,Infant mortality rate,2023,44.8655239109236,28.9703478011613,69.0102867066889
BFA,Infant mortality rate,2024,43.6343403495522,27.2684235175669,69.3746702089135
BWA,Infant mortality rate,2000,39.4369500728144,28.905339659586,58.3602789556567
BWA,Infant mortality rate,2001,39.043178127902,28.6709673630519,54.8521818418522
BWA,Infant mortality rate,2002,39.6821242489482,29.803300536082,52.2343753020383
BWA,Infant mortality rate,2003,41.4491349162484,32.0676138030288,52.0086238535801
BWA,Infant mortality rate,2004,43.9670212607411,34.3343809632208,54.471019185736
BWA,Infant mortality rate,2005,43.6099696514276,33.5427139878117,55.3174519171433
BWA,Infant mortality rate,2006,45.7767565234159,34.1150988231581,61.0510819188255
BWA,Infant mortality rate,2007,50.3033812912445,36.4550611227445,70.2595186099682
BWA,Infant mortality rate,2008,52.801490294289,37.6331370074975,76.8219507171507
BWA,Infant mortality rate,2009,52.4902734303977,37.3658659754002,78.7462236353385
BWA,Infant mortality rate,2010,53.2765992331884,38.0928502831352,81.6268490962474
BWA,Infant mortality rate,2011,54.3214387618298,38.75594621,85.4577182756311
BWA,Infant mortality rate,2012,49.4985416133452,34.9709430558938,82.6752974252453
BWA,Infant mortality rate,2013,47.0004994082741,31.6764666792972,85.6021179939555
BWA,Infant mortality rate,2014,46.2100127018913,28.3293660449994,91.8619856854128
BWA,Infant mortality rate,2015,44.1593657443522,24.0638219585747,94.7148912780392
BWA,Infant mortality rate,2016,42.8471526285618,20.9186725214616,99.1196506310698
BWA,Infant mortality rate,2017,39.9999994126231,17.6315489378949,100.370883752305
BWA,Infant mortality rate,2018,38.6561375392187,15.5848085264513,102.263168477639
BWA,Infant mortality rate,2019,37.4033008520456,13.8552176396498,103.855019239635
BWA,Infant mortality rate,2020,36.5199542773067,12.6476129402643,105.938416256777
BWA,Infant mortality rate,2021,35.3555894445552,11.5514991140823,106.092510135612
BWA,Infant mortality rate,2022,34.3004071444756,10.6219016269429,105.848480134954
BWA,Infant mortality rate,2023,33.2928207763087,9.93025595414223,106.963592628811
BWA,Infant mortality rate,2024,32.1017157962863,9.24289776816066,106.92409684278
CAF,Infant mortality rate,2000,99.5952967175451,90.2295176384936,110.8210373606
CAF,Infant mortality rate,2001,97.9494758938826,88.6517428288571,109.216879191739
CAF,Infant mortality rate,2002,96.1397750594924,86.9045018631547,107.479767360426
CAF,Infant mortality rate,2003,94.3233235982021,84.9798674118721,105.582877903533
CAF,Infant mortality rate,2004,92.1767558173988,82.9288097412186,103.055303155454
CAF,Infant mortality rate,2005,89.9739970310673,80.7054200190919,100.617811203625
CAF,Infant mortality rate,2006,87.4202480606768,78.1112026615633,97.6760248961078
CAF,Infant mortality rate,2007,85.3257863255012,76.0555602168793,95.501861932655
CAF,Infant mortality rate,2008,83.3503858311429,74.0099297877943,93.6530790467843
CAF,Infant mortality rate,2009,239.852511476219,212.063663194923,270.865485674076
CAF,Infant mortality rate,2010,88.4940416062364,77.8339141326849,100.459554504399
CAF,Infant mortality rate,2011,77.7413352140025,68.0772853195694,88.6613345670112
CAF,Infant mortality rate,2012,76.1164516932148,66.2242752136054,87.2397111813618
CAF,Infant mortality rate,2013,81.0336726233861,70.1454301426568,93.2751295004689
CAF,Infant mortality rate,2014,101.670969909632,87.4634080657499,117.798842749566
CAF,Infant mortality rate,2015,71.9991322800414,61.513299456111,84.1363111921674
CAF,Infant mortality rate,2016,77.0649373506758,65.1770698482698,90.8485826290234
CAF,Infant mortality rate,2017,88.4033040304211,74.0071344256245,105.440832555512
CAF,Infant mortality rate,2018,73.9009174879692,61.2377261697868,89.1369513446126
CAF,Infant mortality rate,2019,128.933517246654,105.623987018594,157.606892635451
CAF,Infant mortality rate,2020,74.7211271527644,60.2232544965804,93.0960039943415
CAF,Infant mortality rate,2021,96.3094781602755,76.1637797226151,122.611257175326
CAF,Infant mortality rate,2022,206.777973417731,159.740913094752,269.384821056319
CAF,Infant mortality rate,2023,60.7576837563865,45.3888880408113,81.1628288742754
CAF,Infant mortality rate,2024,58.8258720471144,42.5121901092247,80.674305439698
CIV,Infant mortality rate,2000,91.3981184134166,84.874754633274,98.8984749516533
CIV,Infant mortality rate,2001,89.2958993073209,82.7612341379177,96.7423618559522
CIV,Infant mortality rate,2002,87.1212396511447,80.6849724770639,94.3942898848645
CIV,Infant mortality rate,2003,84.8142175055686,78.3753047187306,91.9686589200988
CIV,Infant mortality rate,2004,82.4957933775616,76.1742212157182,89.4802332832915
CIV,Infant mortality rate,2005,79.9507052198584,73.7898415672286,86.8344961191927
CIV,Infant mortality rate,2006,77.7929406892336,71.6907671708168,84.5172227659015
CIV,Infant mortality rate,2007,75.3134595388729,69.2606905637627,81.8591775804288
CIV,Infant mortality rate,2008,72.5836691151592,66.6341581625702,78.9917788591332
CIV,Infant mortality rate,2009,70.4822015311192,64.6028915815478,76.8316580405469
CIV,Infant mortality rate,2010,68.4269933216612,62.5299961373499,74.7218259708712
CIV,Infant mortality rate,2011,66.5504136761199,60.6030905717224,72.8260641111493
CIV,Infant mortality rate,2012,64.4987522256585,58.5700898000254,70.8131502277381
CIV,Infant mortality rate,2013,62.38016346922,56.4721892007702,68.6950805489634
CIV,Infant mortality rate,2014,60.3020882501272,54.4103838022886,66.6148426451523
CIV,Infant mortality rate,2015,58.3795056001332,52.5834804305303,64.8635490321332
CIV,Infant mortality rate,2016,56.8631421723117,50.9098483363977,63.4802290422668
CIV,Infant mortality rate,2017,55.1994226716678,49.0953605867073,62.1767917848161
CIV,Infant mortality rate,2018,53.5406444090107,47.0981537233503,60.8964349947877
CIV,Infant mortality rate,2019,51.7992796614361,44.9483667581995,59.7063441609378
CIV,Infant mortality rate,2020,50.2958428314739,43.0309369833219,58.8740568589157
CIV,Infant mortality rate,2021,48.7333218063977,41.1012482391399,57.9507888979415
CIV,Infant mortality rate,2022,47.4415679641996,39.1206875066427,57.3734211966311
CIV,Infant mortality rate,2023,46.1536584018152,37.2520520985481,57.1402213536711
CIV,Infant mortality rate,2024,44.8228161543207,35.1461638340447,56.8380814070577
CMR,Infant mortality rate,2000,83.0515497126306,76.7009633466459,90.2195092427764
CMR,Infant mortality rate,2001,81.164784650271,74.8260632037742,88.0749379800182
CMR,Infant mortality rate,2002,79.0975622023193,72.826001187193,85.936122918256
CMR,Infant mortality rate,2003,77.1715280209289,70.9153575918519,83.9601886555298
CMR,Infant mortality rate,2004,75.2315026925017,68.9728130536818,82.0085261690366
CMR,Infant mortality rate,2005,73.5023640096451,67.2002197823322,80.429905677191
CMR,Infant mortality rate,2006,71.5634561915058,65.2633896180805,78.5238489598117
CMR,Infant mortality rate,2007,69.9128526784995,63.7294086283685,76.7955827891065
CMR,Infant mortality rate,2008,67.9589201405095,61.9144880611908,74.7689174198385
CMR,Infant mortality rate,2009,66.3371462692253,60.3911929201923,73.0527470062449
CMR,Infant mortality rate,2010,63.8574159101695,58.0442441213129,70.3910012745786
CMR,Infant mortality rate,2011,61.8356405715935,56.1421097970601,68.227405728063
CMR,Infant mortality rate,2012,59.6289301241989,53.9704513273354,65.8591128171668
CMR,Infant mortality rate,2013,57.2849851678729,51.7110107870198,63.4380167941736
CMR,Infant mortality rate,2014,55.3149005766088,49.8468695492568,61.5665678618076
CMR,Infant mortality rate,2015,53.2523051535846,47.7823592514751,59.6068344480612
CMR,Infant mortality rate,2016,51.4200668871626,45.8166013529028,58.0869527608057
CMR,Infant mortality rate,2017,49.6384328309738,43.5657007373699,56.9368934646494
CMR,Infant mortality rate,2018,48.0227197941673,41.2566788427854,56.1969680183268
CMR,Infant mortality rate,2019,46.8858076090943,39.2389867349317,56.1249266431026
CMR,Infant mortality rate,2020,45.5499857836779,36.8860831867596,55.9614055688418
CMR,Infant mortality rate,2021,44.101449208555,34.6059625617888,55.7713056655435
CMR,Infant mortality rate,2022,42.7422837880036,32.5180611674683,55.4898204478023
CMR,Infant mortality rate,2023,41.3289679120009,30.3027692317053,55.3048215605763
CMR,Infant mortality rate,2024,40.2498923502596,28.603380483237,55.7427485896212
COD,Infant mortality rate,2000,104.988995409188,95.3181321782679,115.754369005727
COD,Infant mortality rate,2001,101.805152998718,92.3803698524476,112.357767192903
COD,Infant mortality rate,2002,98.4999592672315,89.3651350636381,108.673869373171
COD,Infant mortality rate,2003,95.1720513097126,86.3114940457731,104.815190735566
COD,Infant mortality rate,2004,91.6967831585576,83.1501739766018,101.058346567736
COD,Infant mortality rate,2005,71.9816807038081,65.1563907138822,79.4440884307066
COD,Infant mortality rate,2006,69.010638016867,62.3610751117182,76.4856079439465
COD,Infant mortality rate,2007,66.2229683170625,59.5941409597629,73.7475074680534
COD,Infant mortality rate,2008,63.6770988617505,56.8601643070417,71.2420996319106
COD,Infant mortality rate,2009,61.4195423420756,54.5357475258613,69.0898677185709
COD,Infant mortality rate,2010,59.4979066767909,52.4214039733029,67.2223607876644
COD,Infant mortality rate,2011,57.93970880989,50.7420907763874,65.7806259083153
COD,Infant mortality rate,2012,56.7242609074767,49.547388546426,64.6450560500717
COD,Infant mortality rate,2013,55.8412354386479,48.5923403007926,63.7887105460009
COD,Infant mortality rate,2014,55.3102793173468,48.0608628159085,63.2565339731862
COD,Infant mortality rate,2015,55.1139697085604,47.8729831375839,63.0815900167124
COD,Infant mortality rate,2016,55.1189104810202,47.8806791522836,63.205539075584
COD,Infant mortality rate,2017,55.3729895649387,48.0978528319121,63.6526369906167
COD,Infant mortality rate,2018,55.8438914492725,48.4212004765895,64.4456472928982
COD,Infant mortality rate,2019,56.4948043136013,48.5956241992365,65.6968135109326
COD,Infant mortality rate,2020,57.1588966338024,48.5734874596,67.2724459072481
COD,Infant mortality rate,2021,57.6067861594916,48.1946162356408,69.213702707383
COD,Infant mortality rate,2022,57.6229873005093,47.345797840915,70.7090587772187
COD,Infant mortality rate,2023,57.1712089821429,45.9275829991854,72.130113344657
COD,Infant mortality rate,2024,56.4237508923435,44.2778263641958,73.4481708303267
COG,Infant mortality rate,2000,73.0210570569024,65.1995130758729,81.947083618445
COG,Infant mortality rate,2001,71.1365861555318,63.5433485160119,79.9158490873674
COG,Infant mortality rate,2002,68.1751501960308,61.0483903934567,76.5680151711845
COG,Infant mortality rate,2003,64.5754758584802,57.7569889674665,72.4425240037202
COG,Infant mortality rate,2004,60.3466808520255,53.9970402221941,67.8436836016632
COG,Infant mortality rate,2005,56.1219538128518,50.0257401103958,63.2208107484298
COG,Infant mortality rate,2006,52.125621396504,46.1273736894391,58.903570651509
COG,Infant mortality rate,2007,48.536394299827,42.6975449254139,55.1469176765073
COG,Infant mortality rate,2008,45.508172177597,39.7979304270173,52.1139224569426
COG,Infant mortality rate,2009,43.0750859560312,37.2603040137434,49.6692749058132
COG,Infant mortality rate,2010,41.2293026118172,35.0537953482313,47.9887114097746
COG,Infant mortality rate,2011,39.7406739529907,32.7017506352767,47.3234169365117
COG,Infant mortality rate,2012,38.4968525589461,30.3374731612883,47.444176040619
COG,Infant mortality rate,2013,37.4201690615206,28.1184303900388,48.0948278357618
COG,Infant mortality rate,2014,36.3822197444383,26.102621482791,49.0302174862402
COG,Infant mortality rate,2015,35.2931376220975,24.3030178330281,49.6670705275846
COG,Infant mortality rate,2016,34.2493967351165,22.6970095777336,50.4612517374403
COG,Infant mortality rate,2017,33.2499730987889,21.2684786406712,51.1533732640077
COG,Infant mortality rate,2018,32.2043992876546,20.0130220295561,51.8871792338459
COG,Infant mortality rate,2019,33.210933506478,19.9248441039701,55.3889873433777
COG,Infant mortality rate,2020,30.3129302768871,17.6505676851611,52.4221616563452
COG,Infant mortality rate,2021,29.3647308830845,16.5888296363022,52.9054939205296
COG,Infant mortality rate,2022,28.470971898464,15.6226009954604,52.7779983938486
COG,Infant mortality rate,2023,27.7110288744166,14.7499433306606,52.7450783071505
COG,Infant mortality rate,2024,26.9816357267923,13.940953446552,52.7058995527805
COM,Infant mortality rate,2000,65.227999287792,54.206039732894,76.0073232712901
COM,Infant mortality rate,2001,63.0094782010492,51.9700285738303,73.8128722325337
COM,Infant mortality rate,2002,60.8706732819483,49.6987688048013,71.6220093304852
COM,Infant mortality rate,2003,58.8773335591151,47.6798278330077,69.5381599493321
COM,Infant mortality rate,2004,56.9172447040839,45.8518362446765,67.5351723123633
COM,Infant mortality rate,2005,55.080979995145,44.0301954443761,65.4765255211046
COM,Infant mortality rate,2006,53.3089777906324,42.4255718834248,63.520538340583
COM,Infant mortality rate,2007,51.7271251637889,41.0193002279328,61.6330033235969
COM,Infant mortality rate,2008,50.2336977142858,39.7494522715191,59.8263928672405
COM,Infant mortality rate,2009,48.8564974206588,38.826345334005,58.1356919713435
COM,Infant mortality rate,2010,47.5559918997322,37.9594418826004,56.6025448096571
COM,Infant mortality rate,2011,46.4333520517499,37.2664034745886,55.0266460459369
COM,Infant mortality rate,2012,45.3828109976123,36.7197309896506,53.6780063780933
COM,Infant mortality rate,2013,44.4079305893961,36.110227361294,52.3884712781316
COM,Infant mortality rate,2014,43.5541748267892,35.5782571151545,51.2229731269611
COM,Infant mortality rate,2015,42.7553637846108,34.9709121125508,50.1917760793066
COM,Infant mortality rate,2016,42.0004104692941,34.3638120616261,49.2774457909107
COM,Infant mortality rate,2017,41.2996017257116,33.6784940128317,48.5753636477052
COM,Infant mortality rate,2018,40.5552791347525,32.7421426837517,48.0497226282542
COM,Infant mortality rate,2019,39.7986752748894,31.8658617925179,47.723976542062
COM,Infant mortality rate,2020,38.9364356607838,30.7977581506211,47.6004711500387
COM,Infant mortality rate,2021,38.0275154817469,29.6959806862309,47.4309257846199
COM,Infant mortality rate,2022,37.0183648392542,28.3739273783516,47.2875434766657
COM,Infant mortality rate,2023,36.0354135843,27.049637193057,47.2504174571736
COM,Infant mortality rate,2024,35.018498436283,25.7019739946883,47.2345441965298
CPV,Infant mortality rate,2000,29.3555471322418,28.4664302344544,30.24204649184
CPV,Infant mortality rate,2001,26.9643199593205,26.0892696714018,27.8345438640367
CPV,Infant mortality rate,2002,25.3130510652584,24.4789327433347,26.1775804455032
CPV,Infant mortality rate,2003,24.3093768776047,23.4928705724285,25.1996067643379
CPV,Infant mortality rate,2004,23.8986704554389,23.094264443586,24.7920562536226
CPV,Infant mortality rate,2005,23.915056715041,23.0962355623099,24.7940605935362
CPV,Infant mortality rate,2006,24.1358626386212,23.2869451720635,25.0217732903618
CPV,Infant mortality rate,2007,24.3725314827379,23.5060554215776,25.2692228201181
CPV,Infant mortality rate,2008,24.4649500873173,23.589322357204,25.4066358366069
CPV,Infant mortality rate,2009,24.2847421782502,23.4149262390395,25.2261531329707
CPV,Infant mortality rate,2010,23.7878093447691,22.8945097901694,24.7239890775652
CPV,Infant mortality rate,2011,22.9655127569057,22.0525288708398,23.9088865146559
CPV,Infant mortality rate,2012,21.8574141474774,20.9584985737095,22.7844878396187
CPV,Infant mortality rate,2013,20.5242741361532,19.6260313519056,21.4713274891186
CPV,Infant mortality rate,2014,19.0662017946559,18.1989473902883,19.9689544375447
CPV,Infant mortality rate,2015,17.5949230078786,16.7639788209278,18.4595638804365
CPV,Infant mortality rate,2016,16.2350884952007,15.4543787183225,17.0555099354179
CPV,Infant mortality rate,2017,15.0553955986722,14.3240578633708,15.8218855416997
CPV,Infant mortality rate,2018,14.0520660777548,13.3600715101244,14.7982014656724
CPV,Infant mortality rate,2019,13.2286160314967,12.538480170315,13.9843689075403
CPV,Infant mortality rate,2020,12.5442186085045,11.8079464309643,13.3745693046776
CPV,Infant mortality rate,2021,11.9705224695332,11.1071737888988,12.9588283789261
CPV,Infant mortality rate,2022,11.4768164715365,10.4268702460561,12.6702744173551
CPV,Infant mortality rate,2023,11.0363365710582,9.77529676054251,12.4963161865205
CPV,Infant mortality rate,2024,10.6273012075794,9.13051484348319,12.3773702315584
DJI,Infant mortality rate,2000,80.3320361777637,68.7128805155283,95.1655726558727
DJI,Infant mortality rate,2001,79.0176535499022,67.2650424916102,94.0210793555507
DJI,Infant mortality rate,2002,77.5014829994862,65.6821923926797,92.634577704839
DJI,Infant mortality rate,2003,75.9169458636243,64.0093349123085,91.1408200749072
DJI,Infant mortality rate,2004,74.3655405983835,62.3558778257166,89.7123882728976
DJI,Infant mortality rate,2005,72.6867422891864,60.4529535214169,88.405036860789
DJI,Infant mortality rate,2006,71.09494242974,58.7536635830307,87.1186164415505
DJI,Infant mortality rate,2007,69.469380517387,56.9081441064756,85.9675618291732
DJI,Infant mortality rate,2008,67.7874923489408,54.8879510039597,85.1631595101729
DJI,Infant mortality rate,2009,66.1559671927652,52.5998499144873,84.6183557158986
DJI,Infant mortality rate,2010,64.6295259668908,50.1965923426551,84.1869538754776
DJI,Infant mortality rate,2011,63.06711071688,47.677781534965,83.8604281065405
DJI,Infant mortality rate,2012,61.4636270009812,45.2703751759005,83.2703435943729
DJI,Infant mortality rate,2013,59.7773253323181,42.8719924379472,82.7288011820376
DJI,Infant mortality rate,2014,58.1718023725199,40.5939821365648,82.4718067336128
DJI,Infant mortality rate,2015,56.5519270021697,38.3148880322975,82.4150461783116
DJI,Infant mortality rate,2016,54.9845019176112,36.1872398486706,82.3961891969764
DJI,Infant mortality rate,2017,53.3085985561204,33.9405490964673,82.1559139171726
DJI,Infant mortality rate,2018,51.8022818991213,31.9715860417291,82.1209090879071
DJI,Infant mortality rate,2019,50.2307061897645,30.2567790972606,82.4036157816702
DJI,Infant mortality rate,2020,48.7077975638375,28.5339894636725,82.284564638528
DJI,Infant mortality rate,2021,47.3438869240046,26.6955780254578,81.6929035824282
DJI,Infant mortality rate,2022,45.7846135981595,25.1647550877758,81.7088297195955
DJI,Infant mortality rate,2023,44.3974950651098,23.8043237573772,81.4545738149687
DJI,Infant mortality rate,2024,42.9985741529108,22.3478812025855,81.4876588492173
ERI,Infant mortality rate,2000,50.8476943979337,45.8351361338356,56.5360656223999
ERI,Infant mortality rate,2001,49.0601509114239,44.0620271424241,54.6236029428616
ERI,Infant mortality rate,2002,47.4157739024587,42.424005064531,52.9117170029897
ERI,Infant mortality rate,2003,45.9166092423134,40.892074665315,51.4611321156906
ERI,Infant mortality rate,2004,44.5307552739041,39.4935828404007,50.0382436558568
ERI,Infant mortality rate,2005,43.2319220200609,38.2024080553785,48.8189088719253
ERI,Infant mortality rate,2006,42.000207509336,36.9256401347153,47.6140478534708
ERI,Infant mortality rate,2007,40.8147789840745,35.5842909856088,46.6005941312333
ERI,Infant mortality rate,2008,39.683011619948,34.236275849877,45.7441796538221
ERI,Infant mortality rate,2009,38.537146183368,32.7402857589223,45.1029183139748
ERI,Infant mortality rate,2010,37.4603980068098,31.1036690028628,45.0221115782392
ERI,Infant mortality rate,2011,36.4175893129482,29.3824860302963,45.0815325412048
ERI,Infant mortality rate,2012,35.3828423096561,27.6774109689797,45.2354884539322
ERI,Infant mortality rate,2013,34.3613603274244,26.0033387510576,45.6246188223739
ERI,Infant mortality rate,2014,33.3923194403865,24.2898323368554,45.8713679846665
ERI,Infant mortality rate,2015,32.3603792959229,22.6612357428932,46.3355433901904
ERI,Infant mortality rate,2016,31.3386162082488,21.26215934659,46.6254329566181
ERI,Infant mortality rate,2017,30.463239314916,19.9422258724105,46.8167967514683
ERI,Infant mortality rate,2018,29.5783590460671,18.7421494269902,47.1286849267482
ERI,Infant mortality rate,2019,28.6924947921349,17.6660417739923,47.1755165497465
ERI,Infant mortality rate,2020,27.8142479838396,16.7321230699757,47.319098973618
ERI,Infant mortality rate,2021,26.9916158389992,15.8206107722185,47.2617701114047
ERI,Infant mortality rate,2022,26.198946427103,14.9332842847962,47.1761517058777
ERI,Infant mortality rate,2023,25.4315244269652,14.1189385407147,47.4157099691598
ERI,Infant mortality rate,2024,24.7023925144713,13.3246750550724,46.9784078599271
ETH,Infant mortality rate,2000,92.3160822685157,85.9728730901253,99.1912382124199
ETH,Infant mortality rate,2001,88.8511719770457,82.7824396601615,95.5396919543952
ETH,Infant mortality rate,2002,85.3186151750762,79.5100355635569,91.8262950893306
ETH,Infant mortality rate,2003,81.7031197043203,76.0549174748217,87.8775353634781
ETH,Infant mortality rate,2004,77.9912420846463,72.6341101085141,83.9046456689589
ETH,Infant mortality rate,2005,74.3658185194381,69.1203341121678,80.1948343565482
ETH,Infant mortality rate,2006,70.923572474992,65.8063779957148,76.6247438864059
ETH,Infant mortality rate,2007,67.6986929712731,62.6596346849794,73.177398983622
ETH,Infant mortality rate,2008,64.6809355975319,59.6568061855617,70.0377209416599
ETH,Infant mortality rate,2009,61.8366025012686,56.9321279838099,67.073997050573
ETH,Infant mortality rate,2010,59.1984469635986,54.3871291414166,64.4428833401243
ETH,Infant mortality rate,2011,56.7525189079943,52.0035147116608,61.9852408755228
ETH,Infant mortality rate,2012,54.4159849284412,49.598828444185,59.6781960702902
ETH,Infant mortality rate,2013,52.1918540430752,47.2366350512356,57.5891731995899
ETH,Infant mortality rate,2014,50.0031155564932,44.8795056192179,55.6685920058528
ETH,Infant mortality rate,2015,47.920610604044,42.466122214294,54.0330447376633
ETH,Infant mortality rate,2016,45.9113567787678,40.1450556542433,52.6332107675057
ETH,Infant mortality rate,2017,44.0284891348943,37.8025857029099,51.3257332080955
ETH,Infant mortality rate,2018,42.333337725647,35.640965947139,50.3284136939191
ETH,Infant mortality rate,2019,40.8211924054073,33.4398525912416,49.7255426132368
ETH,Infant mortality rate,2020,39.41136071263,31.3499417736101,49.2996734135024
ETH,Infant mortality rate,2021,49.8561888734991,38.5201376181742,64.174583067062
ETH,Infant mortality rate,2022,48.3196663898435,36.0918607672092,64.2962273578864
ETH,Infant mortality rate,2023,38.6666375996567,28.0677732596146,52.9688958379924
ETH,Infant mortality rate,2024,34.4908411549248,24.2892464377147,49.1117198142024
GAB,Infant mortality rate,2000,50.6705492676604,44.7913896737774,57.5225254290587
GAB,Infant mortality rate,2001,49.4090919146005,43.6044291765469,56.0513813164861
GAB,Infant mortality rate,2002,48.1377373724516,42.4228076782472,54.5722212487187
GAB,Infant mortality rate,2003,46.8291510005982,41.1615184074406,53.1252262164213
GAB,Infant mortality rate,2004,45.5109713265898,39.9228728172824,51.5543091871546
GAB,Infant mortality rate,2005,44.3118730815223,38.7963507627594,50.2326004049198
GAB,Infant mortality rate,2006,43.2384932455425,37.8216434761907,49.0838873449715
GAB,Infant mortality rate,2007,41.8675274127613,36.6466881744235,47.6153732466872
GAB,Infant mortality rate,2008,40.7767801469767,35.6554412963619,46.4836938487854
GAB,Infant mortality rate,2009,39.9963417800551,34.9445123480762,45.6706806581817
GAB,Infant mortality rate,2010,38.7704689255204,33.7473298174902,44.3950323035056
GAB,Infant mortality rate,2011,37.5415917166963,32.5428594649401,43.2236664099542
GAB,Infant mortality rate,2012,36.4438399675743,31.39017003707,42.2596528824889
GAB,Infant mortality rate,2013,35.328945246367,30.2067896728415,41.4028991420073
GAB,Infant mortality rate,2014,34.6829480373342,29.3968739328864,41.1326412905948
GAB,Infant mortality rate,2015,33.6944011543978,28.2200413829531,40.6591095333556
GAB,Infant mortality rate,2016,32.5928031672798,26.969750573277,40.0536515656683
GAB,Infant mortality rate,2017,32.0265117399673,26.1797273427753,40.2259742790257
GAB,Infant mortality rate,2018,31.0502317696738,25.0629035899391,39.8163133666452
GAB,Infant mortality rate,2019,30.0525171676966,23.8466766564641,39.2933403941681
GAB,Infant mortality rate,2020,28.8497352959483,22.4204069437483,38.6423161851565
GAB,Infant mortality rate,2021,28.4809675304532,21.4660933531297,39.098076335091
GAB,Infant mortality rate,2022,27.5118122301379,20.2012838456205,38.9367939218607
GAB,Infant mortality rate,2023,26.8706535035313,19.1699468692456,39.0781301122398
GAB,Infant mortality rate,2024,25.9338050518911,17.8879457863093,38.8623694841947
GHA,Infant mortality rate,2000,61.7473091191579,58.1313844161605,65.3590037211706
GHA,Infant mortality rate,2001,59.7480588092763,56.2482505495216,63.3725096399914
GHA,Infant mortality rate,2002,57.8411562123214,54.4813728759052,61.4870061610809
GHA,Infant mortality rate,2003,56.1654456178939,52.8854590989007,59.7525346755775
GHA,Infant mortality rate,2004,54.6871093858561,51.4327385118237,58.2534601586197
GHA,Infant mortality rate,2005,53.4040508767875,50.1648927961308,56.8872824705953
GHA,Infant mortality rate,2006,52.1169784725388,48.9043856040851,55.510533695826
GHA,Infant mortality rate,2007,50.7490495217293,47.5580611815819,54.0475090859929
GHA,Infant mortality rate,2008,49.2358872131195,46.0472742680583,52.5122119555493
GHA,Infant mortality rate,2009,47.5494550832731,44.3679272228628,50.8667169613415
GHA,Infant mortality rate,2010,45.7921701365031,42.6056367843887,49.0893614751571
GHA,Infant mortality rate,2011,44.0266734553767,40.8535253690215,47.3274358297026
GHA,Infant mortality rate,2012,42.3138804663937,39.1320647688481,45.6669910809644
GHA,Infant mortality rate,2013,40.745997051878,37.5369336616489,44.1502762700871
GHA,Infant mortality rate,2014,39.2791792566406,36.0534418057664,42.698231309143
GHA,Infant mortality rate,2015,37.9095670620972,34.6651575095962,41.3683735825042
GHA,Infant mortality rate,2016,36.6057512316555,33.2402263203991,40.198314760407
GHA,Infant mortality rate,2017,35.3594947737575,31.8280771257969,39.1771214482254
GHA,Infant mortality rate,2018,34.1187513036948,30.4019953536126,38.3038504301494
GHA,Infant mortality rate,2019,32.8607894021376,28.8611774367618,37.5722059934132
GHA,Infant mortality rate,2020,31.6672323914601,27.270907694418,37.0574685385012
GHA,Infant mortality rate,2021,30.4572165180162,25.5775816596465,36.56576093108
GHA,Infant mortality rate,2022,29.3773331288704,24.094574675636,36.1882332105346
GHA,Infant mortality rate,2023,28.400330338188,22.6034331887416,35.8798506355761
GHA,Infant mortality rate,2024,27.516529706122,21.1671274044594,35.7877020821892
GIN,Infant mortality rate,2000,97.2894888702199,90.1909440238344,104.856401081961
GIN,Infant mortality rate,2001,93.5861426046825,86.6160284982665,101.056418940471
GIN,Infant mortality rate,2002,90.0762431119891,83.2445176727911,97.4276660577694
GIN,Infant mortality rate,2003,86.9630056618527,80.2520709727795,94.1709361223665
GIN,Infant mortality rate,2004,84.0855232175458,77.4817632207251,91.2658803980859
GIN,Infant mortality rate,2005,81.6501057207149,75.0713640288764,88.6882196620435
GIN,Infant mortality rate,2006,79.5910388319373,73.0765529471932,86.5722440448919
GIN,Infant mortality rate,2007,77.9172744321251,71.528439845146,84.7511660315611
GIN,Infant mortality rate,2008,76.5524008893475,70.229686245427,83.2990710370646
GIN,Infant mortality rate,2009,75.3828412032786,69.0360587707549,82.2454558498295
GIN,Infant mortality rate,2010,74.4115551337786,68.0785306411555,81.3329019032496
GIN,Infant mortality rate,2011,73.6134917220436,67.1303895231162,80.7090700876249
GIN,Infant mortality rate,2012,72.8520486700459,66.1882579314111,80.1334467690503
GIN,Infant mortality rate,2013,72.0588092673072,65.2237104031308,79.6916442521078
GIN,Infant mortality rate,2014,71.9558027697709,64.7299289327648,79.9036784409852
GIN,Infant mortality rate,2015,71.2366445893718,63.694610276406,79.7022803325489
GIN,Infant mortality rate,2016,69.8801504780362,61.9283193675454,78.8279879119588
GIN,Infant mortality rate,2017,69.0484657040663,60.6015808919829,78.7723320518868
GIN,Infant mortality rate,2018,68.0799699442482,59.1513828918393,78.7253018718874
GIN,Infant mortality rate,2019,67.0017199715708,57.3380314261553,78.6303921326752
GIN,Infant mortality rate,2020,65.6900444410499,55.1565960294323,78.7651601572158
GIN,Infant mortality rate,2021,64.3536829238522,52.7675089136275,79.1431554568448
GIN,Infant mortality rate,2022,62.8899156048983,50.0403518659205,79.5917835459446
GIN,Infant mortality rate,2023,61.427032250099,47.3882359950574,80.1299549062129
GIN,Infant mortality rate,2024,59.8189059954849,44.6878970821055,80.7828288116892
GMB,Infant mortality rate,2000,73.3083025514663,66.8761035928741,80.2796712401793
GMB,Infant mortality rate,2001,70.8547888469955,64.5336128382436,77.7114308687655
GMB,Infant mortality rate,2002,68.474179624761,62.1970821894852,75.2481956126311
GMB,Infant mortality rate,2003,66.1160384606204,59.9425079946417,72.8319621938239
GMB,Infant mortality rate,2004,63.7866598071556,57.6807710859594,70.4012942618224
GMB,Infant mortality rate,2005,61.5495290925099,55.4923730686867,68.0391939820936
GMB,Infant mortality rate,2006,59.409976258951,53.3263573680062,65.7804575727531
GMB,Infant mortality rate,2007,57.3212582631602,51.2653519393235,63.7232017671473
GMB,Infant mortality rate,2008,55.2811557262387,49.2446040622968,61.670119021326
GMB,Infant mortality rate,2009,53.3642139788749,47.4064032163195,59.7307062870842
GMB,Infant mortality rate,2010,51.5164018003753,45.5957314671724,57.8738487411081
GMB,Infant mortality rate,2011,49.7705089698298,43.9065594261954,56.0701477547762
GMB,Infant mortality rate,2012,48.1072911405479,42.2719662471589,54.4668941246594
GMB,Infant mortality rate,2013,46.5136542721554,40.7004714483615,52.9041097675333
GMB,Infant mortality rate,2014,45.0005816426698,39.0947766837213,51.4791909726874
GMB,Infant mortality rate,2015,43.5316639929701,37.5158745655593,50.1969807838824
GMB,Infant mortality rate,2016,42.0868486341164,35.9676147627039,48.985256857044
GMB,Infant mortality rate,2017,40.7034505787962,34.355442358262,47.9181740374294
GMB,Infant mortality rate,2018,39.4220835389745,32.7505696751953,46.9709964444473
GMB,Infant mortality rate,2019,38.1596605736007,31.2037132757414,46.2335302724203
GMB,Infant mortality rate,2020,36.9798008376176,29.4956205497411,45.8742190236937
GMB,Infant mortality rate,2021,35.8614311949283,27.8184872997697,45.6621906979801
GMB,Infant mortality rate,2022,34.7327397672113,26.1554000198967,45.4235884053449
GMB,Infant mortality rate,2023,33.705782033108,24.6983860879413,45.451541820704
GMB,Infant mortality rate,2024,32.6967380188195,23.1398163959079,45.5817682431751
GNB,Infant mortality rate,2000,100.728963208681,90.3366064417067,112.10651672444
GNB,Infant mortality rate,2001,97.8568546192073,87.558316654516,109.210531226422
GNB,Infant mortality rate,2002,94.8410876680211,84.6646486835079,106.156569608228
GNB,Infant mortality rate,2003,91.7843476698722,81.7419919527524,103.292389631966
GNB,Infant mortality rate,2004,88.529681440404,78.477225898043,100.006248509241
GNB,Infant mortality rate,2005,85.0706592823267,74.973028017426,96.4382989072104
GNB,Infant mortality rate,2006,81.6657275365042,71.4703275121551,93.1331124666819
GNB,Infant mortality rate,2007,78.2123753277693,67.7725038261333,89.8989286061453
GNB,Infant mortality rate,2008,74.6809785399089,63.9196720307172,87.1577326911215
GNB,Infant mortality rate,2009,71.1704896510397,60.1014601799331,84.6001093074139
GNB,Infant mortality rate,2010,67.9017951013823,56.1499973907814,82.2933095631068
GNB,Infant mortality rate,2011,64.620087988429,52.1584073284331,80.2530186581842
GNB,Infant mortality rate,2012,61.823707638333,48.5453571955742,78.3833892388852
GNB,Infant mortality rate,2013,59.3162335141401,45.306486903758,76.8535364391422
GNB,Infant mortality rate,2014,57.1204872850697,42.3340392446458,75.7731101369638
GNB,Infant mortality rate,2015,55.1886402993178,39.5755243733601,74.7870318003217
GNB,Infant mortality rate,2016,53.3932532447412,37.0993083127032,74.4338567602874
GNB,Infant mortality rate,2017,51.6993754830892,34.8741550077789,73.9951497986176
GNB,Infant mortality rate,2018,50.1295160352793,32.6450519948151,73.8570493502862
GNB,Infant mortality rate,2019,48.6445938501456,30.7393910682954,73.5240693963878
GNB,Infant mortality rate,2020,47.2161131982774,28.8698096646477,73.7264555547076
GNB,Infant mortality rate,2021,45.9110207320169,27.3004866774927,73.7157509571171
GNB,Infant mortality rate,2022,44.6630824683273,25.7018809814103,73.8289506556102
GNB,Infant mortality rate,2023,43.3813865737641,24.2877947044855,73.5611331134047
GNB,Infant mortality rate,2024,42.07277796645,22.9818914046402,73.4414771394088
GNQ,Infant mortality rate,2000,106.238079646524,94.687661611204,122.313962619439
GNQ,Infant mortality rate,2001,103.293086301363,91.5726994096159,119.305361605008
GNQ,Infant mortality rate,2002,100.284282123911,88.30308374739,116.262972616951
GNQ,Infant mortality rate,2003,97.1604433802667,84.9894648293251,113.265780896007
GNQ,Infant mortality rate,2004,93.9656574821237,81.5594589015076,109.75928461867
GNQ,Infant mortality rate,2005,90.6735391678489,77.9457660719978,106.346592894817
GNQ,Infant mortality rate,2006,87.1537819668251,74.1854941742243,103.286736063519
GNQ,Infant mortality rate,2007,83.644922566207,70.3384558963308,100.384646488611
GNQ,Infant mortality rate,2008,80.2929743438727,66.2297943434826,97.6980800162768
GNQ,Infant mortality rate,2009,77.0831674141004,62.1492204494978,95.5910959164326
GNQ,Infant mortality rate,2010,74.2579088431907,58.2162349614805,93.8061069104005
GNQ,Infant mortality rate,2011,71.7066287274034,54.7721487176867,92.2989990489606
GNQ,Infant mortality rate,2012,69.3189332008276,51.4802058484771,91.3901833234557
GNQ,Infant mortality rate,2013,67.0954937106984,48.1799878521739,90.5191487219263
GNQ,Infant mortality rate,2014,64.9971900800897,45.1650055639822,90.1350002476408
GNQ,Infant mortality rate,2015,62.9470359978209,42.4357177245911,90.2108934532153
GNQ,Infant mortality rate,2016,60.9135176110948,39.908402115304,89.7600432021926
GNQ,Infant mortality rate,2017,59.1080740797739,37.4264474235869,89.7183412406139
GNQ,Infant mortality rate,2018,57.23571193755,35.0414304243927,89.6591153890616
GNQ,Infant mortality rate,2019,55.6603763005981,32.9798126696626,89.6601231008269
GNQ,Infant mortality rate,2020,53.9098325895397,31.2156688445773,89.8087407453932
GNQ,Infant mortality rate,2021,52.1596315789521,29.3931149499855,89.5175827733684
GNQ,Infant mortality rate,2022,50.671062867686,27.6952090328409,89.4676772006913
GNQ,Infant mortality rate,2023,49.1786522663411,26.1417185711964,89.7929066832496
GNQ,Infant mortality rate,2024,47.6026400261267,24.518186437842,89.713834902282
KEN,Infant mortality rate,2000,63.7310982703352,59.237186899459,68.6494223643974
KEN,Infant mortality rate,2001,61.1604561096622,56.8085150189566,65.8541791775818
KEN,Infant mortality rate,2002,58.3475319581094,54.0859439621862,62.7768981581113
KEN,Infant mortality rate,2003,55.5108640996168,51.3402919084682,59.8036950003694
KEN,Infant mortality rate,2004,52.6318523570081,48.4970606427614,56.8918194973471
KEN,Infant mortality rate,2005,49.5299121707823,45.4939657517039,53.7312129661958
KEN,Infant mortality rate,2006,47.018060448909,43.0128161439309,51.1125219576715
KEN,Infant mortality rate,2007,45.0132400976114,41.1540090725018,49.0218110783426
KEN,Infant mortality rate,2008,42.5942810892806,38.9648861814217,46.4101075312485
KEN,Infant mortality rate,2009,42.0957641202008,38.5482956271458,45.8843404504483
KEN,Infant mortality rate,2010,41.4966794586121,38.0195581375842,45.2480349078429
KEN,Infant mortality rate,2011,40.9884352964077,37.5217776169118,44.7701307231501
KEN,Infant mortality rate,2012,41.1304783348269,37.6203234773546,45.053944565851
KEN,Infant mortality rate,2013,40.6937909140194,37.1520277143006,44.7252844876503
KEN,Infant mortality rate,2014,40.0124352588525,36.4750506087518,44.0165470430777
KEN,Infant mortality rate,2015,38.9447768847374,35.4618034428006,42.9052323886249
KEN,Infant mortality rate,2016,38.4358171207178,34.9546639792205,42.5045450940351
KEN,Infant mortality rate,2017,38.2439578063491,34.7096533473773,42.3734522248996
KEN,Infant mortality rate,2018,37.4818672141986,33.9230362798526,41.701654774497
KEN,Infant mortality rate,2019,36.9542429844478,33.2050809249573,41.4335539574504
KEN,Infant mortality rate,2020,36.5353380035968,32.4155656101928,41.4272917391993
KEN,Infant mortality rate,2021,36.0407088675293,31.5113036575045,41.46916286111
KEN,Infant mortality rate,2022,35.4752585712847,30.3539872458113,41.5478600356171
KEN,Infant mortality rate,2023,34.6985702693178,28.9752660252355,41.5741602215402
KEN,Infant mortality rate,2024,34.1500846885122,27.8350397371806,41.8821005577472
LBR,Infant mortality rate,2000,125.47930942739,116.181035664084,135.809501830846
LBR,Infant mortality rate,2001,117.45622294208,108.653337672655,127.245700872125
LBR,Infant mortality rate,2002,109.472642851252,101.258513834824,118.634200275882
LBR,Infant mortality rate,2003,101.9788981887,94.2989949901714,110.541986958932
LBR,Infant mortality rate,2004,95.0085083554746,87.787647335163,103.103575897367
LBR,Infant mortality rate,2005,88.9607619610194,82.0107040385355,96.506956618946
LBR,Infant mortality rate,2006,83.8418003054187,77.0555692859224,91.0586079239016
LBR,Infant mortality rate,2007,79.7740476821157,73.2067769638114,86.7882936033637
LBR,Infant mortality rate,2008,76.4849504493636,70.1109276618088,83.3603824058589
LBR,Infant mortality rate,2009,73.8485889500067,67.5706019245435,80.7664573425144
LBR,Infant mortality rate,2010,71.7172762320656,65.4263120663543,78.574381522788
LBR,Infant mortality rate,2011,69.882548807267,63.6235726844164,76.8537528002969
LBR,Infant mortality rate,2012,68.3269663487078,61.9849334712338,75.5201844940061
LBR,Infant mortality rate,2013,66.9778652131617,60.5154474048229,74.5007511080942
LBR,Infant mortality rate,2014,67.9709132419701,61.2564636415039,75.9752804612096
LBR,Infant mortality rate,2015,65.1445764841123,58.3239703467378,73.0692077421453
LBR,Infant mortality rate,2016,64.2353155706373,57.2963581300126,72.3249917542661
LBR,Infant mortality rate,2017,63.7385881331176,56.6118052004729,72.1195360359294
LBR,Infant mortality rate,2018,63.4304959650354,55.8974218329431,72.0706505968744
LBR,Infant mortality rate,2019,63.3324418363907,55.0450082639873,72.3395186910667
LBR,Infant mortality rate,2020,63.3800872555278,54.2432619455115,72.8294028154387
LBR,Infant mortality rate,2021,63.4659215048365,53.1919866751498,73.787593815358
LBR,Infant mortality rate,2022,63.6384046108199,51.8329749384856,75.3757391277546
LBR,Infant mortality rate,2023,63.6246923279228,50.1818643250624,77.3439299776185
LBR,Infant mortality rate,2024,63.2455469195132,48.4033899975001,79.3470240480024
LSO,Infant mortality rate,2000,74.8044629737429,68.5474499366106,81.8779688521572
LSO,Infant mortality rate,2001,75.5309244498021,69.24121232531,82.6454098150962
LSO,Infant mortality rate,2002,76.3561651518342,69.8446505424423,83.3771643626794
LSO,Infant mortality rate,2003,77.0799476296791,70.4523457537582,84.1047678932158
LSO,Infant mortality rate,2004,77.7932847187023,71.0763160580917,84.892940365389
LSO,Infant mortality rate,2005,78.9125552785372,72.1014626430008,86.2421858002759
LSO,Infant mortality rate,2006,79.5843287091018,72.5870690653181,87.3565317769204
LSO,Infant mortality rate,2007,79.0129621815505,71.905322052271,86.9408442160907
LSO,Infant mortality rate,2008,83.9199187732418,76.1295228079134,92.6238595451071
LSO,Infant mortality rate,2009,77.5661299104421,70.2578545144076,85.8880312410771
LSO,Infant mortality rate,2010,73.5704831047068,66.4431500701074,81.751864065635
LSO,Infant mortality rate,2011,70.913330954975,63.8509838747481,79.0421446076472
LSO,Infant mortality rate,2012,70.9867818670948,63.8711788929192,79.1975353894515
LSO,Infant mortality rate,2013,71.4294745546189,64.2157444050566,79.7031877274973
LSO,Infant mortality rate,2014,70.2746578626253,63.1994022668678,78.6875969310234
LSO,Infant mortality rate,2015,68.9634373948628,61.8875115497364,77.4964815396623
LSO,Infant mortality rate,2016,68.2236621366339,60.5837235305586,77.0563445476688
LSO,Infant mortality rate,2017,67.9717407484449,59.5824473651187,77.5529817227356
LSO,Infant mortality rate,2018,65.2177127996621,56.0455628620261,75.8995166441803
LSO,Infant mortality rate,2019,63.5197567121363,53.2006205855013,75.4515928678145
LSO,Infant mortality rate,2020,62.1411333024129,50.4838444905156,76.1067682876625
LSO,Infant mortality rate,2021,61.054620255822,47.7419029774062,76.9817117817677
LSO,Infant mortality rate,2022,59.8652259572011,45.2238870207879,77.886358991852
LSO,Infant mortality rate,2023,58.4252753925252,42.6249788784761,78.569438672985
LSO,Infant mortality rate,2024,56.3375600592739,39.752081792802,77.9349675838102
MDG,Infant mortality rate,2000,65.4326102647382,60.7892204396314,70.4760728421348
MDG,Infant mortality rate,2001,62.8778597248735,58.3789074893152,67.8611347743075
MDG,Infant mortality rate,2002,60.5231610574389,56.0806729574309,65.4089431861511
MDG,Infant mortality rate,2003,58.312357517753,53.9317763716079,62.9966211342201
MDG,Infant mortality rate,2004,56.1859401106231,51.8619810492263,60.7838309508533
MDG,Infant mortality rate,2005,54.1049649861397,49.8593889581372,58.6211803082972
MDG,Infant mortality rate,2006,52.1567212290714,47.9842373116584,56.6008043423075
MDG,Infant mortality rate,2007,50.3287607398033,46.1741778807723,54.8311355282011
MDG,Infant mortality rate,2008,48.7081566019333,44.4937820913948,53.2834267789125
MDG,Infant mortality rate,2009,47.3166951544898,42.9914972855674,51.9745962354928
MDG,Infant mortality rate,2010,46.1612214496574,41.729419318744,50.8869847325341
MDG,Infant mortality rate,2011,45.2064839899655,40.7467251190903,49.9914420109245
MDG,Infant mortality rate,2012,44.5095306923554,39.991430348209,49.3380848797878
MDG,Infant mortality rate,2013,44.0648908509344,39.4697623767274,48.8715074125614
MDG,Infant mortality rate,2014,43.7919271744325,39.1376859139921,48.6671268038072
MDG,Infant mortality rate,2015,43.6445005795175,38.9861346252592,48.6116040733348
MDG,Infant mortality rate,2016,43.5580705985537,38.8544639937995,48.7956293891451
MDG,Infant mortality rate,2017,43.659170232086,38.7922562074182,49.2387946140671
MDG,Infant mortality rate,2018,43.8595592246882,38.6563961353929,49.9619907883659
MDG,Infant mortality rate,2019,44.05250546111,38.3337757416231,50.9264771581547
MDG,Infant mortality rate,2020,44.2570805485976,37.7252988159998,52.2975358113294
MDG,Infant mortality rate,2021,44.3649787762178,36.9283028827065,53.821451105442
MDG,Infant mortality rate,2022,44.1407714009892,35.8250701431553,54.8982897305515
MDG,Infant mortality rate,2023,43.6897322204431,34.5076745193857,55.8449006346873
MDG,Infant mortality rate,2024,42.9665328846013,33.0139616473557,56.4395190003794
MLI,Infant mortality rate,2000,103.078763792742,96.6777018650071,109.840632046307
MLI,Infant mortality rate,2001,99.9296250660801,93.7087903532584,106.487767681637
MLI,Infant mortality rate,2002,96.7969771447011,90.7666100585686,103.200666649053
MLI,Infant mortality rate,2003,93.7824897134856,87.8671560959088,100.09318763941
MLI,Infant mortality rate,2004,90.9809713812584,85.2604764626757,97.2193873474251
MLI,Infant mortality rate,2005,88.3155863053645,82.7155627718984,94.4177752154716
MLI,Infant mortality rate,2006,85.8188126939594,80.2959267164454,91.8430261465479
MLI,Infant mortality rate,2007,83.4101715291943,77.9097722665674,89.3581840091951
MLI,Infant mortality rate,2008,81.0980590800266,75.6929897571419,86.9997258763115
MLI,Infant mortality rate,2009,78.8971910906785,73.5498142061684,84.7041046331039
MLI,Infant mortality rate,2010,76.6989633210212,71.3619448374377,82.493880727775
MLI,Infant mortality rate,2011,74.5441305785413,69.1968425190373,80.4048223124669
MLI,Infant mortality rate,2012,72.4077715452584,67.0912093878838,78.1967751408888
MLI,Infant mortality rate,2013,70.3209897233879,64.9208278176862,76.192413827006
MLI,Infant mortality rate,2014,68.2272425142942,62.8245089711421,74.0532422828502
MLI,Infant mortality rate,2015,66.1294430123221,60.7182332803961,71.9700589120212
MLI,Infant mortality rate,2016,63.9855144543943,58.608595726856,69.8878472063347
MLI,Infant mortality rate,2017,61.8741959906679,56.4110435083754,67.8011666339236
MLI,Infant mortality rate,2018,59.726026139123,54.180233016795,65.8716569790378
MLI,Infant mortality rate,2019,57.5515874337875,51.8004175606387,63.8706218810871
MLI,Infant mortality rate,2020,55.3923225281336,49.4290160281125,62.0259689801134
MLI,Infant mortality rate,2021,53.2774747426932,46.9096677212764,60.2956511391442
MLI,Infant mortality rate,2022,51.2054201770724,44.4344155775494,58.6303605975744
MLI,Infant mortality rate,2023,49.3015912490616,42.0734497385343,57.1502656936765
MLI,Infant mortality rate,2024,47.5178864784496,39.9261283534241,55.8833095020101
MOZ,Infant mortality rate,2000,106.880695323316,98.7826263819941,115.567557470165
MOZ,Infant mortality rate,2001,100.844530739163,93.1420483248976,109.066358499673
MOZ,Infant mortality rate,2002,95.2076676864802,87.8568194031389,103.075568200796
MOZ,Infant mortality rate,2003,89.9900263144623,82.9926715117057,97.4013669665926
MOZ,Infant mortality rate,2004,85.1227229317809,78.3776591415982,92.2412244894611
MOZ,Infant mortality rate,2005,80.5410744644498,74.1309202466613,87.3281746775384
MOZ,Infant mortality rate,2006,75.9925728691977,69.913447387361,82.487917483654
MOZ,Infant mortality rate,2007,70.0528960021527,64.4088046998065,76.1998688297836
MOZ,Infant mortality rate,2008,67.3628790196914,61.8005692678952,73.2794863454279
MOZ,Infant mortality rate,2009,63.9177476706599,58.5852694410197,69.6286174384891
MOZ,Infant mortality rate,2010,63.5762204728686,58.0979415442823,69.3325561254429
MOZ,Infant mortality rate,2011,59.8301249154643,54.5575452252241,65.4396636775516
MOZ,Infant mortality rate,2012,57.1192526957759,51.9891251951344,62.7490077392316
MOZ,Infant mortality rate,2013,56.1333943239404,50.9525562615908,61.8454006083116
MOZ,Infant mortality rate,2014,55.0502820924057,49.7282451733167,61.0345116915376
MOZ,Infant mortality rate,2015,53.819414351554,48.3607426980164,60.0046726191381
MOZ,Infant mortality rate,2016,52.8069818011416,47.1682961154292,59.2722364605213
MOZ,Infant mortality rate,2017,51.3562641495307,45.5553656947606,58.0491880622115
MOZ,Infant mortality rate,2018,50.2598177651774,44.2340010305211,57.2264694649456
MOZ,Infant mortality rate,2019,49.1653700884715,42.8120139108538,56.6931775230645
MOZ,Infant mortality rate,2020,48.6034511310434,41.6585494020754,56.9839857510402
MOZ,Infant mortality rate,2021,47.0849908579086,39.6683287771649,56.2784249904315
MOZ,Infant mortality rate,2022,45.8889740971847,37.8308477867401,56.1819352189269
MOZ,Infant mortality rate,2023,44.9229591762191,36.0304750235581,56.1929856073637
MOZ,Infant mortality rate,2024,43.7201550631917,34.0760113468946,56.1095049902833
MRT,Infant mortality rate,2000,67.3192906286076,61.5174185469517,73.9578861239023
MRT,Infant mortality rate,2001,64.744608165942,59.0821256246957,71.0895260437155
MRT,Infant mortality rate,2002,61.7394255064169,56.2086409756929,67.7380003105976
MRT,Infant mortality rate,2003,58.5285730251074,53.118649216115,64.2326682682876
MRT,Infant mortality rate,2004,55.2945188273985,49.9527092807189,60.836453856759
MRT,Infant mortality rate,2005,52.1683942828778,46.7860992993948,57.6918468517991
MRT,Infant mortality rate,2006,49.437230260651,44.1229188540311,54.9962651716972
MRT,Infant mortality rate,2007,47.1560710985759,42.0166923943027,52.694586206872
MRT,Infant mortality rate,2008,45.2953366460685,40.3425572478779,50.7531222158372
MRT,Infant mortality rate,2009,43.8903708024886,39.0775644554409,49.0666680879769
MRT,Infant mortality rate,2010,42.7269637873883,38.0606022204383,47.7043994132786
MRT,Infant mortality rate,2011,41.824046638099,37.1525937710649,46.7028270106966
MRT,Infant mortality rate,2012,40.9712252258958,36.3381589011677,45.8319201659489
MRT,Infant mortality rate,2013,40.1865731973255,35.5350523243482,45.1452261034862
MRT,Infant mortality rate,2014,39.340623303323,34.672716642794,44.5309962550528
MRT,Infant mortality rate,2015,38.4986870925735,33.7848614305599,43.8381708173592
MRT,Infant mortality rate,2016,37.6236957784081,32.6631593146497,43.3300310635456
MRT,Infant mortality rate,2017,36.6939366211239,31.4018571353659,43.095430172712
MRT,Infant mortality rate,2018,35.772439867475,30.0066025403933,43.0551426237102
MRT,Infant mortality rate,2019,34.8755173279767,28.4191616663285,43.1243838098395
MRT,Infant mortality rate,2020,33.9149847796018,26.8495620239855,43.2348461601925
MRT,Infant mortality rate,2021,32.9680792803074,25.3427955965354,43.3909726601456
MRT,Infant mortality rate,2022,32.0673748542584,23.9185378961371,43.4134099398178
MRT,Infant mortality rate,2023,31.1145024591115,22.4952023902028,43.4951278018313
MRT,Infant mortality rate,2024,30.2199919975888,21.2069610479064,43.7656766947269
MUS,Infant mortality rate,2000,16.495247945779,15.6802020750745,17.3421048756607
MUS,Infant mortality rate,2001,15.3737831254007,14.6373977112613,16.1309529952894
MUS,Infant mortality rate,2002,14.5654012952904,13.85924496702,15.3320786189326
MUS,Infant mortality rate,2003,14.0611325440725,13.3383521415529,14.8357604098009
MUS,Infant mortality rate,2004,13.8190744371347,13.1409752761102,14.5297164263236
MUS,Infant mortality rate,2005,13.6839904631395,12.9209019069095,14.4745270490646
MUS,Infant mortality rate,2006,13.5255269994086,12.8079578886277,14.2708795837985
MUS,Infant mortality rate,2007,13.3322969097544,12.6310204270344,14.0916719404238
MUS,Infant mortality rate,2008,13.1686293779382,12.4091812683872,13.9769414897087
MUS,Infant mortality rate,2009,13.0613127543194,12.3251680174334,13.8131782236296
MUS,Infant mortality rate,2010,13.0403078104675,12.2251693855089,13.8906298637097
MUS,Infant mortality rate,2011,13.1135039668212,12.3473895159857,13.9343684965219
MUS,Infant mortality rate,2012,13.2086171000949,12.4304140830821,14.0416264436052
MUS,Infant mortality rate,2013,13.182825897169,12.3591263097478,14.0465267911913
MUS,Infant mortality rate,2014,13.0006208897847,12.2384803455792,13.8045742319324
MUS,Infant mortality rate,2015,12.8601886487684,12.0150947153971,13.7420977627055
MUS,Infant mortality rate,2016,12.980462076669,12.1781423644623,13.8279556777739
MUS,Infant mortality rate,2017,13.3228165480423,12.522934095123,14.1586807059612
MUS,Infant mortality rate,2018,13.6991208480129,12.8619565651772,14.5921299158306
MUS,Infant mortality rate,2019,13.9892083099024,13.1878146725223,14.8485685677165
MUS,Infant mortality rate,2020,14.123217246592,13.2416822393003,15.0781093271606
MUS,Infant mortality rate,2021,14.0792153850366,13.1902267551667,15.0004598284503
MUS,Infant mortality rate,2022,13.9173707690591,13.016503339229,14.8921793984263
MUS,Infant mortality rate,2023,13.8167053777492,12.8945654047951,14.8041075334693
MUS,Infant mortality rate,2024,13.8183237360708,12.5277991914589,15.3012027502156
MWI,Infant mortality rate,2000,98.92090772405,92.7773797945577,105.434093052674
MWI,Infant mortality rate,2001,138.50013903201,129.76468324993,147.56084631024
MWI,Infant mortality rate,2002,83.8291322901956,78.5167292423795,89.3414253987562
MWI,Infant mortality rate,2003,76.4266087507093,71.4313253036748,81.6415221826195
MWI,Infant mortality rate,2004,70.0987998392059,65.3952263825313,75.1425502816179
MWI,Infant mortality rate,2005,65.145275162415,60.6593723625546,69.8825746875899
MWI,Infant mortality rate,2006,61.5675212945444,57.4011501814488,65.9621071325588
MWI,Infant mortality rate,2007,59.072751194265,55.0506310417941,63.4583091574784
MWI,Infant mortality rate,2008,56.0149742760552,51.9432258493919,60.5637834569711
MWI,Infant mortality rate,2009,53.6867093932159,49.675300993628,58.232120891918
MWI,Infant mortality rate,2010,51.5347017225835,47.6960711669988,56.0740179021658
MWI,Infant mortality rate,2011,48.0144512078,44.3506834972045,52.1975533620205
MWI,Infant mortality rate,2012,45.1488225006428,41.5316888770618,49.180552134472
MWI,Infant mortality rate,2013,42.6278078363125,38.8588202439999,46.7115118957688
MWI,Infant mortality rate,2014,41.0970365790055,37.1311418988975,45.3925419721765
MWI,Infant mortality rate,2015,39.7403685426458,35.4883485654781,44.2625216036797
MWI,Infant mortality rate,2016,39.1090112158577,34.5093609552564,44.0380381456968
MWI,Infant mortality rate,2017,38.5098609272174,33.5818789907772,43.8440165674749
MWI,Infant mortality rate,2018,37.9998100214213,32.7845373255139,43.7718047279402
MWI,Infant mortality rate,2019,38.3084446659354,32.7259027260252,44.5744180158473
MWI,Infant mortality rate,2020,38.2007623490662,32.2237203711513,45.1153302389601
MWI,Infant mortality rate,2021,38.3380471213095,31.6522740388093,46.2433270896543
MWI,Infant mortality rate,2022,38.6160194969226,31.0106083222023,47.9865415191425
MWI,Infant mortality rate,2023,38.3709974047544,29.8185400005198,49.4876900311612
MWI,Infant mortality rate,2024,37.963502406772,28.4565880652361,50.9661482829838
NAM,Infant mortality rate,2000,48.0403801888539,42.2409618315132,54.9255057730615
NAM,Infant mortality rate,2001,46.9196799003448,41.2537757468314,53.6081459109365
NAM,Infant mortality rate,2002,46.0115231975979,40.3236754261189,52.6377751234045
NAM,Infant mortality rate,2003,45.189972050686,39.6693701804144,51.7220119780906
NAM,Infant mortality rate,2004,44.1181674455838,38.7507962562727,50.3881174653326
NAM,Infant mortality rate,2005,41.3480478195192,36.3957569211881,47.1356717312961
NAM,Infant mortality rate,2006,40.0793951847282,35.1435989476045,45.7278843348946
NAM,Infant mortality rate,2007,41.3690440096251,35.9980548133049,47.6096225158584
NAM,Infant mortality rate,2008,43.1535200492601,37.2788800942113,50.1958242386892
NAM,Infant mortality rate,2009,44.8270531475383,38.2142796046117,52.8921845653659
NAM,Infant mortality rate,2010,43.7306019054375,36.8950648563009,52.3728168133367
NAM,Infant mortality rate,2011,44.1545622088295,36.6827478882669,53.2840218303346
NAM,Infant mortality rate,2012,46.9450611757558,38.4724913515219,57.0389200649913
NAM,Infant mortality rate,2013,45.8330229488045,36.9915446855971,55.8882989167592
NAM,Infant mortality rate,2014,44.921045291241,35.7619941292696,54.5840594066629
NAM,Infant mortality rate,2015,45.3290549278798,35.7352052084087,54.7257715501564
NAM,Infant mortality rate,2016,45.2769791929855,35.6976606076535,54.7408453348679
NAM,Infant mortality rate,2017,44.3199024967464,35.0264846526579,54.1328864938966
NAM,Infant mortality rate,2018,43.801187815562,35.0217714832846,54.3114089525346
NAM,Infant mortality rate,2019,42.8210865119671,34.6120464231493,53.7417078973374
NAM,Infant mortality rate,2020,41.5976668047318,34.1598022015638,52.9954718855048
NAM,Infant mortality rate,2021,40.3936683522963,33.4929479337378,52.5554547143865
NAM,Infant mortality rate,2022,38.7906985484146,32.1417358871046,52.1654688626934
NAM,Infant mortality rate,2023,38.2913665641465,30.9034103470257,53.6651091012555
NAM,Infant mortality rate,2024,36.409773177969,28.1010941163907,53.3668116592009
NER,Infant mortality rate,2000,108.30835585272,100.063245514634,117.35908159961
NER,Infant mortality rate,2001,104.079587347476,95.9845706523584,113.115232203552
NER,Infant mortality rate,2002,99.3522448817741,91.707466528667,108.006740903753
NER,Infant mortality rate,2003,94.4294049884398,87.1373054983019,102.652380206985
NER,Infant mortality rate,2004,89.5319752898421,82.7048266432607,97.1259797719527
NER,Infant mortality rate,2005,84.925870022495,78.3749316866853,92.1514279663932
NER,Infant mortality rate,2006,80.8023870271249,74.3227779346517,87.8240097741908
NER,Infant mortality rate,2007,77.3197882044749,70.928287908767,84.2491484467408
NER,Infant mortality rate,2008,74.5383567299386,68.1507703067178,81.4627799285574
NER,Infant mortality rate,2009,72.3962166124104,65.9599679012515,79.3763876910409
NER,Infant mortality rate,2010,70.9469967988411,64.4232569155028,78.0254398582758
NER,Infant mortality rate,2011,69.9689888355519,63.2750976245716,77.1935342602676
NER,Infant mortality rate,2012,69.4776860822428,62.5523053722478,76.9180317479314
NER,Infant mortality rate,2013,69.2119509889131,62.0756377455364,76.9902826508904
NER,Infant mortality rate,2014,69.1188585629053,61.6929264413386,77.2790736499331
NER,Infant mortality rate,2015,69.1077062781512,61.3707673096193,77.8240011459361
NER,Infant mortality rate,2016,69.2110678397931,60.9805915352747,78.2199278073672
NER,Infant mortality rate,2017,69.2683378064175,60.5629165552109,78.8781549695514
NER,Infant mortality rate,2018,69.2783976191366,60.0460369235252,79.5751384967242
NER,Infant mortality rate,2019,69.2950055205514,59.2029373648014,80.7511165928811
NER,Infant mortality rate,2020,69.1196659395803,57.7232045995022,82.0973267957117
NER,Infant mortality rate,2021,68.7282312152109,56.0187972206097,83.6319916808126
NER,Infant mortality rate,2022,68.0128309611934,53.9827213511664,84.9525254718394
NER,Infant mortality rate,2023,66.8988043605367,51.5421558824432,86.2319999096223
NER,Infant mortality rate,2024,65.6222279045399,49.1074907820442,87.4591550677014
NGA,Infant mortality rate,2000,94.9016214493685,89.3813217569252,100.651384270145
NGA,Infant mortality rate,2001,91.7943544344473,86.442583640093,97.3281415485412
NGA,Infant mortality rate,2002,88.6471127668422,83.5161552470927,94.0603879929876
NGA,Infant mortality rate,2003,85.5900629961561,80.6801260573529,90.9288546292241
NGA,Infant mortality rate,2004,82.6897564009236,77.8865148091742,87.831687414312
NGA,Infant mortality rate,2005,80.0273418074592,75.3519937918204,85.0154433685776
NGA,Infant mortality rate,2006,77.6821713700235,73.0428091451395,82.5370626388517
NGA,Infant mortality rate,2007,75.5956731977769,70.9854048933958,80.4265588026395
NGA,Infant mortality rate,2008,73.7954133774095,69.2244964316401,78.6460876357312
NGA,Infant mortality rate,2009,72.3265787989872,67.6949310250249,77.0903128066919
NGA,Infant mortality rate,2010,71.0704488516532,66.3775107713869,75.8683721619163
NGA,Infant mortality rate,2011,69.9775973805441,65.2517992877467,74.9496222164117
NGA,Infant mortality rate,2012,69.1127768453563,64.3263528449369,74.1994522232903
NGA,Infant mortality rate,2013,68.4907629249059,63.6727287810041,73.6782956532664
NGA,Infant mortality rate,2014,68.1419090066473,63.194096056284,73.4522188658544
NGA,Infant mortality rate,2015,68.0010355872699,62.9512909296116,73.4783424229688
NGA,Infant mortality rate,2016,68.0733674428099,62.8896186592549,73.8035411245889
NGA,Infant mortality rate,2017,68.3195423587259,62.9363454478564,74.3095244473571
NGA,Infant mortality rate,2018,68.6726096083108,63.0865012199522,74.9509890646027
NGA,Infant mortality rate,2019,69.1159734085779,63.1789098952784,75.6898954181662
NGA,Infant mortality rate,2020,69.4905286110716,63.1001741827111,76.7431931402627
NGA,Infant mortality rate,2021,69.898323855345,62.6982774071235,77.9231868922831
NGA,Infant mortality rate,2022,70.1633027253972,62.1290770462718,79.3297155116483
NGA,Infant mortality rate,2023,70.130311353425,61.1130043189722,80.7599443319249
NGA,Infant mortality rate,2024,69.77128138635,59.6349720726351,82.1625477819559
RWA,Infant mortality rate,2000,108.092551994099,101.012281366872,115.747151424379
RWA,Infant mortality rate,2001,98.4262742639543,91.7359337511138,105.599999380124
RWA,Infant mortality rate,2002,88.6689635722073,82.392139639881,95.3834423074525
RWA,Infant mortality rate,2003,79.5444105672261,73.7233980984962,85.9454171804565
RWA,Infant mortality rate,2004,71.0778304083888,65.7402131575771,76.8788202352456
RWA,Infant mortality rate,2005,64.0343182885202,58.9034275936045,69.3733890947867
RWA,Infant mortality rate,2006,58.0876541212453,53.2399027147161,63.2393139697957
RWA,Infant mortality rate,2007,53.2148383951407,48.5758237963572,58.2481573640705
RWA,Infant mortality rate,2008,49.0542040737977,44.5273482337508,53.9133089846576
RWA,Infant mortality rate,2009,45.6527735265556,41.3217720674794,50.4344045227636
RWA,Infant mortality rate,2010,42.5521313891017,38.1647807702809,47.4086244770836
RWA,Infant mortality rate,2011,39.3265594978543,34.7190100674846,44.3232619241191
RWA,Infant mortality rate,2012,37.4252858730376,32.5244931594726,43.0117672540837
RWA,Infant mortality rate,2013,35.9219725175668,30.6792241924672,41.8714270702646
RWA,Infant mortality rate,2014,34.7403461865151,29.3417731398987,40.8718896622077
RWA,Infant mortality rate,2015,33.8600897192716,28.3146447862346,40.2036329495776
RWA,Infant mortality rate,2016,33.1801323601139,27.6037282866528,39.7860752122888
RWA,Infant mortality rate,2017,32.7372516855505,27.0481218546761,39.4147057120515
RWA,Infant mortality rate,2018,32.2459149977117,26.5051077890272,39.0960790980423
RWA,Infant mortality rate,2019,31.727825160003,26.2026385735635,38.5381433704572
RWA,Infant mortality rate,2020,31.2980122727161,25.8359445974592,38.1940944172944
RWA,Infant mortality rate,2021,30.9183653290829,25.1854688064271,37.9792622887687
RWA,Infant mortality rate,2022,30.4834063192197,23.9972551634655,38.7573739731505
RWA,Infant mortality rate,2023,30.0578236307762,22.4562724551367,39.9968283175918
RWA,Infant mortality rate,2024,29.3671085015785,20.7602511350911,41.4223663054442
SDN,Infant mortality rate,2000,70.4697053633883,64.3952465631693,77.2689560345988
SDN,Infant mortality rate,2001,68.594470383143,62.5846828288892,75.2061703473303
SDN,Infant mortality rate,2002,66.6590726800569,60.6822521913075,73.1770377411506
SDN,Infant mortality rate,2003,64.7718077317989,58.8291690338929,71.243543834942
SDN,Infant mortality rate,2004,67.8440247439833,61.412771528514,74.7734155937332
SDN,Infant mortality rate,2005,66.3906674150672,59.9039311582043,73.2859537492616
SDN,Infant mortality rate,2006,59.6949608177317,53.6975833752864,66.1267754785657
SDN,Infant mortality rate,2007,58.241556484746,52.1524766316975,64.7378613707794
SDN,Infant mortality rate,2008,56.8286051226634,50.6606572300986,63.4460437052034
SDN,Infant mortality rate,2009,55.4747393022136,49.1795246850752,62.2877473917272
SDN,Infant mortality rate,2010,54.2535075859029,47.6911721109194,61.2561323012932
SDN,Infant mortality rate,2011,53.0672449323491,46.1945427238529,60.4640560324502
SDN,Infant mortality rate,2012,51.947344998748,44.7111729090421,59.9409099123506
SDN,Infant mortality rate,2013,50.8315455862536,43.219220900623,59.3610985586875
SDN,Infant mortality rate,2014,49.6668905318023,41.6765314294926,58.8025835784329
SDN,Infant mortality rate,2015,48.4230910823309,39.9913229270265,58.3621149390199
SDN,Infant mortality rate,2016,47.1560314465703,38.1552046147486,57.9892358264121
SDN,Infant mortality rate,2017,45.8768248292104,36.2733241697078,57.9643565496329
SDN,Infant mortality rate,2018,44.5988510141051,34.4117675576466,57.9763985060514
SDN,Infant mortality rate,2019,43.390679199898,32.3410192395307,57.9166765581443
SDN,Infant mortality rate,2020,42.1624055159153,30.4404756861559,58.1111341131125
SDN,Infant mortality rate,2021,41.0059261819253,28.5990942768017,58.3858762593577
SDN,Infant mortality rate,2022,39.7819955792044,26.9508407401542,58.4625638991141
SDN,Infant mortality rate,2023,44.0278661205028,28.7844521550463,66.9990025290464
SDN,Infant mortality rate,2024,42.9130401625149,27.1848912595084,67.1021163999302
SEN,Infant mortality rate,2000,73.9503244549526,69.5266605367282,78.5915623789513
SEN,Infant mortality rate,2001,70.5898594354694,66.3976421781022,74.9251624620519
SEN,Infant mortality rate,2002,66.3964574858646,62.4258174079409,70.4723766875688
SEN,Infant mortality rate,2003,61.8975969207982,58.132217817669,65.7594178135932
SEN,Infant mortality rate,2004,57.5315612294073,54.0647419509687,61.1438568714188
SEN,Infant mortality rate,2005,53.5350192237818,50.3484984028438,57.0017122081402
SEN,Infant mortality rate,2006,50.1030733427527,47.0811408373581,53.3884050708564
SEN,Infant mortality rate,2007,47.2542969091092,44.3556483282719,50.4520753252744
SEN,Infant mortality rate,2008,44.9038029374898,42.0173753746217,48.0271569102548
SEN,Infant mortality rate,2009,43.0565611136261,40.2319993697473,46.1599987852057
SEN,Infant mortality rate,2010,41.5234323695874,38.7797265081445,44.563893132514
SEN,Infant mortality rate,2011,40.3027019308444,37.5992234741849,43.2736535246687
SEN,Infant mortality rate,2012,39.291355019403,36.5966094703367,42.2580085125511
SEN,Infant mortality rate,2013,38.4727807177871,35.7419449450114,41.4357444073385
SEN,Infant mortality rate,2014,37.8304091196075,35.0949636783815,40.8338311808702
SEN,Infant mortality rate,2015,37.3036299147058,34.4839678457921,40.4453154144661
SEN,Infant mortality rate,2016,36.8254418004679,33.8863664910079,40.1589524762779
SEN,Infant mortality rate,2017,36.3100682112275,33.133031271282,39.8921244476399
SEN,Infant mortality rate,2018,35.650016000696,32.2370533345674,39.5932083259698
SEN,Infant mortality rate,2019,34.7804675183014,31.0959531302293,38.9822177550923
SEN,Infant mortality rate,2020,33.7356891630962,29.6707454153891,38.3705628614142
SEN,Infant mortality rate,2021,32.5271952787473,27.9630115372252,37.8190684699423
SEN,Infant mortality rate,2022,31.2483546257706,26.0611297771152,37.3016692547011
SEN,Infant mortality rate,2023,30.0452396730118,24.2057689742028,36.9786328489454
SEN,Infant mortality rate,2024,28.8856218065601,22.5552632821107,36.8703416738999
SLE,Infant mortality rate,2000,123.385537339166,115.179306836314,132.091928669594
SLE,Infant mortality rate,2001,120.813211339708,112.733061053123,129.442033703691
SLE,Infant mortality rate,2002,118.210137626439,110.226732042708,126.585510162468
SLE,Infant mortality rate,2003,115.37179775257,107.534124671157,123.560076612534
SLE,Infant mortality rate,2004,112.363907795377,104.726304986226,120.369241965032
SLE,Infant mortality rate,2005,109.254604577337,101.801939952153,117.092428622742
SLE,Infant mortality rate,2006,105.880651869162,98.6063121802327,113.546015430379
SLE,Infant mortality rate,2007,102.306276991193,95.2658286568366,109.766168040055
SLE,Infant mortality rate,2008,98.5911125674586,91.6818880654432,105.893564268608
SLE,Infant mortality rate,2009,94.7232934259209,87.9824880258571,101.998915095278
SLE,Infant mortality rate,2010,90.8391035031154,84.228398700544,97.943941931772
SLE,Infant mortality rate,2011,87.0079444299022,80.5156978876658,94.1464795083916
SLE,Infant mortality rate,2012,83.4359504953164,77.0167605942259,90.6751648057102
SLE,Infant mortality rate,2013,80.0832392095451,73.6735107838003,87.4317395770696
SLE,Infant mortality rate,2014,77.7581402087954,71.0953804743392,85.3311078199798
SLE,Infant mortality rate,2015,76.9490406113259,69.7993158768766,85.02663981044
SLE,Infant mortality rate,2016,71.308232646402,64.0638587379557,79.6664351080919
SLE,Infant mortality rate,2017,68.7099674222888,60.8532787106228,77.7359032776121
SLE,Infant mortality rate,2018,66.258059130884,57.7307222431388,76.065160869144
SLE,Infant mortality rate,2019,64.041659097585,54.8708730457535,74.6638368829892
SLE,Infant mortality rate,2020,61.9240472587163,52.0450300958897,73.5284980043305
SLE,Infant mortality rate,2021,59.9366478605737,49.2270413971217,73.1125598837346
SLE,Infant mortality rate,2022,58.0631028178613,46.47486208546,72.7611076202468
SLE,Infant mortality rate,2023,56.3022898347101,43.7093436359371,72.7300606122148
SLE,Infant mortality rate,2024,54.5958521975355,41.0373446138986,72.5037880604783
SOM,Infant mortality rate,2000,103.885659175034,81.5759317875608,135.566426255353
SOM,Infant mortality rate,2001,103.885659175034,81.5759317875608,135.566426255353
SOM,Infant mortality rate,2002,103.885659175034,81.5759317875608,135.566426255353
SOM,Infant mortality rate,2003,103.885659175034,81.5759317875608,135.566426255353
SOM,Infant mortality rate,2004,103.885659175034,81.5759317875608,135.566426255353
SOM,Infant mortality rate,2005,103.859054003936,81.5543019496407,135.526937542341
SOM,Infant mortality rate,2006,103.532704542989,81.0739156043439,135.290763909255
SOM,Infant mortality rate,2007,102.47874349617,79.4334801750403,135.432143700583
SOM,Infant mortality rate,2008,100.510696034758,75.9609668312819,136.532936279145
SOM,Infant mortality rate,2009,98.3571756682913,72.0630334104121,138.011283714794
SOM,Infant mortality rate,2010,112.539688245478,79.2327587014379,164.199507260367
SOM,Infant mortality rate,2011,217.565572221845,147.879629172228,331.440554806771
SOM,Infant mortality rate,2012,112.231330317706,73.9818830144972,177.237120886874
SOM,Infant mortality rate,2013,88.4342237588945,55.9682897803473,144.703292935302
SOM,Infant mortality rate,2014,85.9924648866512,52.2684373662823,145.530654187255
SOM,Infant mortality rate,2015,83.6888801582286,49.3751174116949,146.176661226362
SOM,Infant mortality rate,2016,81.4975033054667,46.6752245411165,146.942890884644
SOM,Infant mortality rate,2017,96.4580583097508,53.7522796103954,178.886159413647
SOM,Infant mortality rate,2018,85.1156894858158,45.9471444707635,163.286303330354
SOM,Infant mortality rate,2019,74.9926985793246,39.2261591077811,148.013420366434
SOM,Infant mortality rate,2020,72.9314610663401,36.9632029686684,148.046618765117
SOM,Infant mortality rate,2021,70.9288207195294,35.0048520230599,146.683595817221
SOM,Infant mortality rate,2022,89.2427395836293,43.0953207002125,188.481868812316
SOM,Infant mortality rate,2023,67.2559206348724,31.4752781807095,145.361494354938
SOM,Infant mortality rate,2024,65.3986201603418,30.0289700988976,144.184746363232
SSD,Infant mortality rate,2000,118.20222979343,99.6080739911209,139.627987317517
SSD,Infant mortality rate,2001,113.637743308949,96.1033688644193,133.992577182034
SSD,Infant mortality rate,2002,108.980424630842,92.228743864887,128.178204188033
SSD,Infant mortality rate,2003,104.453825836189,88.3002544170322,122.994939686195
SSD,Infant mortality rate,2004,100.233339818715,84.037692340422,118.580632551485
SSD,Infant mortality rate,2005,96.1603580713805,79.6923962550315,114.973338613597
SSD,Infant mortality rate,2006,92.326934085112,75.073793158918,112.188563104779
SSD,Infant mortality rate,2007,88.5916593060709,70.1265198174522,110.018623189028
SSD,Infant mortality rate,2008,85.0233799797793,65.4057082925207,108.698154353732
SSD,Infant mortality rate,2009,81.5255842048517,60.0486426598513,107.752980495775
SSD,Infant mortality rate,2010,78.2486500240499,54.8097135535421,107.515034723244
SSD,Infant mortality rate,2011,75.3427425160153,50.0186654133742,107.737585804164
SSD,Infant mortality rate,2012,73.2405773233762,45.9683115025636,108.759190500212
SSD,Infant mortality rate,2013,72.1547972811541,42.8036604787088,112.440476952214
SSD,Infant mortality rate,2014,118.205388804258,66.0423729141789,192.628637868822
SSD,Infant mortality rate,2015,151.349688543566,78.9970653560687,257.318613124922
SSD,Infant mortality rate,2016,169.806991425253,82.5367130680837,304.803310800239
SSD,Infant mortality rate,2017,181.507213421384,81.302050957426,342.734097533409
SSD,Infant mortality rate,2018,92.9237547990117,38.8064990977277,184.21811472139
SSD,Infant mortality rate,2019,71.8696626326937,27.8303572965851,152.71164005549
SSD,Infant mortality rate,2020,71.8696626326937,25.730286484488,162.556125139868
SSD,Infant mortality rate,2021,71.8696626326937,23.7772494305855,173.483737572913
SSD,Infant mortality rate,2022,71.8696626326937,21.7121939911376,184.831355603786
SSD,Infant mortality rate,2023,71.8696626326938,19.8372771401475,196.882478043054
SSD,Infant mortality rate,2024,71.8696626326937,18.4903056912327,209.983986512461
STP,Infant mortality rate,2000,50.6632820156314,44.6391686227464,57.6011751953619
STP,Infant mortality rate,2001,47.3960045721613,41.5694192554011,54.1132737378437
STP,Infant mortality rate,2002,44.0842823809554,38.5157435317965,50.5597114154562
STP,Infant mortality rate,2003,40.8684198819154,35.5353719285901,47.0642759324482
STP,Infant mortality rate,2004,37.7584202366847,32.6554702848979,43.74051444645
STP,Infant mortality rate,2005,34.8746276893972,29.9723122462452,40.6214580876834
STP,Infant mortality rate,2006,32.1455634902625,27.4110855431457,37.7034080681649
STP,Infant mortality rate,2007,29.6043183998587,24.9725083898953,35.0740742742804
STP,Infant mortality rate,2008,27.308373645456,22.7049275450829,32.6807561631129
STP,Infant mortality rate,2009,25.1747702603461,20.5937883108268,30.5009898546895
STP,Infant mortality rate,2010,23.1727488348075,18.6334162578717,28.5656017889702
STP,Infant mortality rate,2011,21.3436959796872,16.8108025970606,26.791370996067
STP,Infant mortality rate,2012,19.6265087570649,15.1247328331433,25.2352602962953
STP,Infant mortality rate,2013,18.0630073471524,13.5308789787674,23.8996968914205
STP,Infant mortality rate,2014,16.5938162135429,12.0698190955761,22.7154598249212
STP,Infant mortality rate,2015,15.2413204396463,10.6933532328228,21.652590398653
STP,Infant mortality rate,2016,13.9877322891673,9.41687913778428,20.7707450881777
STP,Infant mortality rate,2017,12.920440602393,8.36628096497241,20.039273316197
STP,Infant mortality rate,2018,12.0486917239784,7.51336926801914,19.4424847260594
STP,Infant mortality rate,2019,11.3278099474933,6.84454247887823,18.8867053447445
STP,Infant mortality rate,2020,10.7586912262957,6.30555806146682,18.5515475582787
STP,Infant mortality rate,2021,10.2644730464641,5.86328378988807,18.1107398905107
STP,Infant mortality rate,2022,9.89212259769046,5.49480245276634,17.7277283557693
STP,Infant mortality rate,2023,9.50480961151536,5.14936506917226,17.5154527955049
STP,Infant mortality rate,2024,9.16563827311105,4.85097026542975,17.2622900075042
SWZ,Infant mortality rate,2000,71.7412044030387,63.9387850717891,80.3529235340029
SWZ,Infant mortality rate,2001,72.5867020085807,64.7235861779675,81.3325995057097
SWZ,Infant mortality rate,2002,73.0905993274569,65.0846423532231,81.8484246694116
SWZ,Infant mortality rate,2003,73.6871233634234,65.7165244214039,82.5437951522573
SWZ,Infant mortality rate,2004,73.2376261316643,65.3522983208597,82.0416891562795
SWZ,Infant mortality rate,2005,72.2108664893803,64.4193930438675,80.9116091877205
SWZ,Infant mortality rate,2006,63.0117407156136,56.1440523099682,70.7950082739097
SWZ,Infant mortality rate,2007,63.6865666207868,56.4893003893503,71.786009273762
SWZ,Infant mortality rate,2008,66.0947643309529,58.2460475076645,74.8434465636336
SWZ,Infant mortality rate,2009,63.7969095663484,55.9182617427875,72.7472375748004
SWZ,Infant mortality rate,2010,60.443850107291,52.4536485278425,69.4701300483083
SWZ,Infant mortality rate,2011,55.2605567496343,47.3140042456875,64.266225179116
SWZ,Infant mortality rate,2012,55.9545723918627,47.2423262835174,66.0039685300941
SWZ,Infant mortality rate,2013,55.4109192092591,46.2076705418244,66.5530925023664
SWZ,Infant mortality rate,2014,56.471438099019,46.2966255612769,69.3352192161438
SWZ,Infant mortality rate,2015,54.0926413209833,43.6599742064705,68.0320298736192
SWZ,Infant mortality rate,2016,51.2887843572435,40.6307934341025,66.285434458198
SWZ,Infant mortality rate,2017,51.0712831097273,39.4791288691321,68.0208785278429
SWZ,Infant mortality rate,2018,47.6569941652916,35.7736283698461,65.5933431021794
SWZ,Infant mortality rate,2019,47.5847861496173,34.7140858186321,67.6981999552544
SWZ,Infant mortality rate,2020,47.3109426371648,33.612341699487,68.9946904146845
SWZ,Infant mortality rate,2021,46.2126818322934,31.9635053113968,68.781590844022
SWZ,Infant mortality rate,2022,45.9446550576678,30.839165110448,70.194160591746
SWZ,Infant mortality rate,2023,44.6643238244896,29.080707823237,69.9300579868456
SWZ,Infant mortality rate,2024,42.2173022801074,26.7060480048439,68.0088747717002
SYC,Infant mortality rate,2000,11.8248401694438,10.6457605179576,13.1226884066057
SYC,Infant mortality rate,2001,11.8602063841185,10.6653823638886,13.1590111768212
SYC,Infant mortality rate,2002,11.9046545212699,10.7028026929259,13.1888673410765
SYC,Infant mortality rate,2003,11.9659581260479,10.740815128575,13.2485762962928
SYC,Infant mortality rate,2004,12.0341942007257,10.8230321080963,13.3366429417084
SYC,Infant mortality rate,2005,12.1052992101991,10.8898695828121,13.3990670891829
SYC,Infant mortality rate,2006,12.1793788866204,10.9773353012918,13.4853899349708
SYC,Infant mortality rate,2007,12.2726337196624,11.0682241730746,13.6103097580879
SYC,Infant mortality rate,2008,12.3639228086984,11.1513492139194,13.7254391188853
SYC,Infant mortality rate,2009,12.4619396486005,11.2536817946562,13.836128366334
SYC,Infant mortality rate,2010,12.5730483666578,11.3555598432727,13.9721395838299
SYC,Infant mortality rate,2011,12.6996424564983,11.4639353981129,14.0953304667729
SYC,Infant mortality rate,2012,12.8241144985761,11.5795010539004,14.2404921841805
SYC,Infant mortality rate,2013,12.9477438150458,11.6902826863999,14.3832494850488
SYC,Infant mortality rate,2014,13.0691784487581,11.8012365948273,14.510294705917
SYC,Infant mortality rate,2015,13.1851761143283,11.8594982673942,14.6430761059353
SYC,Infant mortality rate,2016,13.2973907736482,11.908459703277,14.8287912261932
SYC,Infant mortality rate,2017,13.3891504847392,11.9086665925761,15.0547780836391
SYC,Infant mortality rate,2018,13.491398348946,11.8419776612776,15.3581703495588
SYC,Infant mortality rate,2019,13.5674841247088,11.6953896297485,15.7383577995567
SYC,Infant mortality rate,2020,13.5942678898764,11.4553212677617,16.1741517206355
SYC,Infant mortality rate,2021,13.5202938929242,11.1056703723251,16.5445967525597
SYC,Infant mortality rate,2022,13.3662784337069,10.6804599685286,16.7961492745101
SYC,Infant mortality rate,2023,13.136735080757,10.1795359387971,16.9925204569206
SYC,Infant mortality rate,2024,12.8719337210736,9.6321474830694,17.1908830735908
TCD,Infant mortality rate,2000,101.708279575193,93.6551816855841,110.549168751678
TCD,Infant mortality rate,2001,99.8515149104883,91.8505763588872,108.710934669286
TCD,Infant mortality rate,2002,98.0079075635738,90.0917123784424,106.855684853744
TCD,Infant mortality rate,2003,96.1907454582096,88.187646430321,104.956549937394
TCD,Infant mortality rate,2004,94.2999901224734,86.2958291637467,103.07183893982
TCD,Infant mortality rate,2005,92.4198193855193,84.247786303218,101.264165838961
TCD,Infant mortality rate,2006,90.3644022318018,82.0849567365439,99.3468160957109
TCD,Infant mortality rate,2007,88.3075281432229,79.9216477127405,97.3662669470669
TCD,Infant mortality rate,2008,86.2162986669895,77.6797242857042,95.5009922412672
TCD,Infant mortality rate,2009,84.1115838787911,75.3438643589336,93.7102458216962
TCD,Infant mortality rate,2010,81.956521332799,72.9089248556025,91.8446089230686
TCD,Infant mortality rate,2011,79.8659266519264,70.4843751403278,90.0775583021912
TCD,Infant mortality rate,2012,77.835987038115,68.0455889505516,88.6598168425648
TCD,Infant mortality rate,2013,75.8965708058972,65.5009672573379,87.337011222953
TCD,Infant mortality rate,2014,73.9621700796351,63.0121891035005,86.0556087352393
TCD,Infant mortality rate,2015,72.0529563152965,60.4734623146544,84.9350971681445
TCD,Infant mortality rate,2016,70.1595655953042,58.0301443941902,84.0752323213729
TCD,Infant mortality rate,2017,68.3273800611379,55.0791425594902,83.7144653244861
TCD,Infant mortality rate,2018,66.4499286134062,52.022125302207,83.5283839654407
TCD,Infant mortality rate,2019,64.6312963514555,49.325165977918,83.4498920131407
TCD,Infant mortality rate,2020,62.9353961203138,46.510461111636,83.8677118955406
TCD,Infant mortality rate,2021,61.2923220417326,43.7075721699631,84.4825392509221
TCD,Infant mortality rate,2022,59.6204917071773,41.3814087990804,85.3061607388135
TCD,Infant mortality rate,2023,57.9651706112122,38.9718379003773,85.2721274881178
TCD,Infant mortality rate,2024,56.2625122359435,36.6044507339318,85.3722135903704
TGO,Infant mortality rate,2000,70.7612057584924,65.6774930176517,76.4141894736484
TGO,Infant mortality rate,2001,68.7600861037028,63.7262915299215,74.2418352616132
TGO,Infant mortality rate,2002,66.7061317049298,61.7765400838459,72.0330245225171
TGO,Infant mortality rate,2003,64.7572249943788,59.8257900404019,69.9836925576989
TGO,Infant mortality rate,2004,62.8756433767275,58.0158498420414,68.0734328616509
TGO,Infant mortality rate,2005,61.0814610896961,56.242507207523,66.2810597467601
TGO,Infant mortality rate,2006,59.3631888710169,54.5932835281469,64.6788678256461
TGO,Infant mortality rate,2007,57.7179302523598,52.9705727505819,63.0545068101789
TGO,Infant mortality rate,2008,56.105632270995,51.3514695359035,61.4016171265575
TGO,Infant mortality rate,2009,54.527144915964,49.731670178508,59.8606032318407
TGO,Infant mortality rate,2010,52.9721036753959,48.0937779688831,58.3972301596016
TGO,Infant mortality rate,2011,51.4020685396608,46.3821796786113,56.936832171769
TGO,Infant mortality rate,2012,49.8445289945527,44.7341754929535,55.5583815481578
TGO,Infant mortality rate,2013,48.2814759565462,43.0147874119791,54.3120106724296
TGO,Infant mortality rate,2014,46.8101402479951,41.3334163738342,53.0932537825019
TGO,Infant mortality rate,2015,45.359622731449,39.600059730623,52.0369186706877
TGO,Infant mortality rate,2016,43.987879564137,37.8333752592324,51.1475183714584
TGO,Infant mortality rate,2017,42.6445624306834,36.0379483497474,50.3881773161114
TGO,Infant mortality rate,2018,41.3703871836188,34.3401453160838,50.0090572010394
TGO,Infant mortality rate,2019,40.2029463170048,32.5243890776963,49.864285317383
TGO,Infant mortality rate,2020,39.1097278298086,30.7600324900565,49.8120292424643
TGO,Infant mortality rate,2021,38.0079520235983,28.9542573732739,49.9271161567761
TGO,Infant mortality rate,2022,36.9691095011822,27.1872485716795,50.1365917541272
TGO,Infant mortality rate,2023,35.9039767870666,25.6004337215489,50.3054396199032
TGO,Infant mortality rate,2024,34.8264582824152,24.0028710560278,50.2615430962883
TZA,Infant mortality rate,2000,85.1865435637424,79.6781067676675,90.9935066719848
TZA,Infant mortality rate,2001,80.2580979026637,75.0311560125447,85.7071266448261
TZA,Infant mortality rate,2002,75.2750696422564,70.2727909738457,80.4091577863858
TZA,Infant mortality rate,2003,70.5661370853396,65.7655862405436,75.5211912198344
TZA,Infant mortality rate,2004,66.3038490132853,61.6164424824593,71.1506814020607
TZA,Infant mortality rate,2005,62.2649160570008,57.8091828697305,67.0108431461427
TZA,Infant mortality rate,2006,58.9478929832675,54.5949330654516,63.6245824247378
TZA,Infant mortality rate,2007,55.4547062490546,51.2724047497763,59.9159095973212
TZA,Infant mortality rate,2008,53.0131619053509,48.9604236205997,57.2672926692303
TZA,Infant mortality rate,2009,50.3496012323111,46.390234650426,54.5530740313911
TZA,Infant mortality rate,2010,48.3363837085189,44.4523487854989,52.4619225807287
TZA,Infant mortality rate,2011,46.4440119187869,42.6158464044656,50.6418343559036
TZA,Infant mortality rate,2012,44.784761160824,41.0112425054595,48.9567481106995
TZA,Infant mortality rate,2013,43.4518457402343,39.6732013817895,47.7060072899972
TZA,Infant mortality rate,2014,42.0527297518226,38.2031558512484,46.3983307059262
TZA,Infant mortality rate,2015,40.7576951700502,36.8450885311021,45.1351969132102
TZA,Infant mortality rate,2016,39.2563559877379,35.2970764715323,43.6424391324703
TZA,Infant mortality rate,2017,37.4543658207593,33.4093702395198,41.9827308359293
TZA,Infant mortality rate,2018,35.8727697412674,31.6421272616624,40.6599685716911
TZA,Infant mortality rate,2019,34.4996148623644,30.0689168168232,39.6535130227285
TZA,Infant mortality rate,2020,33.2420974946767,28.4009213012276,39.0226020123887
TZA,Infant mortality rate,2021,32.084228587129,26.8084055719098,38.5011354215685
TZA,Infant mortality rate,2022,30.9312183802857,25.2920059524464,38.0607728000683
TZA,Infant mortality rate,2023,29.6896252983353,23.615889899827,37.4333662339476
TZA,Infant mortality rate,2024,28.7100205215135,22.1407969567811,37.0537553859275
UGA,Infant mortality rate,2000,89.2524466393658,83.5666264510093,95.1149883386996
UGA,Infant mortality rate,2001,85.4657033170367,79.9396538838613,91.2097213987453
UGA,Infant mortality rate,2002,81.2157190286226,75.9530118628628,86.7892955658953
UGA,Infant mortality rate,2003,76.588487706265,71.5443774513742,81.979984977169
UGA,Infant mortality rate,2004,71.8656136466177,67.0943878965348,76.9492938288904
UGA,Infant mortality rate,2005,67.2851433934779,62.7425892453268,72.0669378829113
UGA,Infant mortality rate,2006,63.0053906505614,58.696544533236,67.5768002629315
UGA,Infant mortality rate,2007,58.9317102259977,54.8802965510066,63.3121524704082
UGA,Infant mortality rate,2008,55.3428626138962,51.4332468539262,59.5314398058848
UGA,Infant mortality rate,2009,52.7414972392662,48.9810293103285,56.8212030862723
UGA,Infant mortality rate,2010,49.8991120597645,46.2004782476487,53.9122539884143
UGA,Infant mortality rate,2011,46.9767217425911,43.2356624798383,50.9489231062682
UGA,Infant mortality rate,2012,44.4480555297388,40.7103984415008,48.4719612715931
UGA,Infant mortality rate,2013,42.9442812052853,39.1897135766988,47.109012984751
UGA,Infant mortality rate,2014,41.5860446509146,37.6394082771152,45.822477257332
UGA,Infant mortality rate,2015,40.3351793000294,36.2990548616916,44.703061282797
UGA,Infant mortality rate,2016,39.1077120690976,35.0037541833091,43.6234482107942
UGA,Infant mortality rate,2017,38.1264087520874,33.8758027358451,42.8506470842506
UGA,Infant mortality rate,2018,37.3308648830917,32.9718694814911,42.1687663420827
UGA,Infant mortality rate,2019,36.9004729409239,32.3910292076043,41.9253712431599
UGA,Infant mortality rate,2020,36.6270066730032,32.0285932970029,41.8056190452679
UGA,Infant mortality rate,2021,36.3784896977287,31.5230067099709,41.7182316457678
UGA,Infant mortality rate,2022,36.4765043212964,31.236196191838,42.0772081370838
UGA,Infant mortality rate,2023,36.1859514611824,30.4322985363884,42.3213533666874
UGA,Infant mortality rate,2024,35.9460485405582,29.5356043372692,43.1553705824706
ZAF,Infant mortality rate,2000,46.5141105458671,42.9244542088585,50.1461517527614
ZAF,Infant mortality rate,2001,47.226426565525,43.9421834579766,50.6074062429779
ZAF,Infant mortality rate,2002,47.6385281453322,44.4168114824479,50.9505797406754
ZAF,Infant mortality rate,2003,48.3116230804443,45.1587070967669,51.5409844065242
ZAF,Infant mortality rate,2004,48.6795484995004,45.5162786968062,51.8473511663632
ZAF,Infant mortality rate,2005,47.7086098869528,44.739767988434,50.7215694396799
ZAF,Infant mortality rate,2006,45.9797965261183,43.237389931044,49.0011873580372
ZAF,Infant mortality rate,2007,44.0031876220747,41.3815080840213,47.0110781837605
ZAF,Infant mortality rate,2008,40.9717237242097,38.4439122595705,43.8580854655082
ZAF,Infant mortality rate,2009,38.2239362691534,35.7983975518882,41.0339506573641
ZAF,Infant mortality rate,2010,36.0441628314371,33.7546492327733,38.6925410646945
ZAF,Infant mortality rate,2011,34.5141175922908,32.2813814397418,36.9785939535174
ZAF,Infant mortality rate,2012,33.3164820917135,31.2311672918927,35.673307170286
ZAF,Infant mortality rate,2013,32.0859552633725,30.1244647626908,34.2304725758491
ZAF,Infant mortality rate,2014,30.697193059624,28.8345882048287,32.7148171718844
ZAF,Infant mortality rate,2015,29.3179370050833,27.5184981239493,31.2398608171757
ZAF,Infant mortality rate,2016,28.0442366999404,26.2377894062344,29.878786040437
ZAF,Infant mortality rate,2017,26.833967048523,24.9737175699878,28.6479333524727
ZAF,Infant mortality rate,2018,25.8444363461041,23.9944990551908,27.605981960158
ZAF,Infant mortality rate,2019,25.0648556171759,23.2285444760479,26.815592946877
ZAF,Infant mortality rate,2020,24.5409826107645,22.8481165611882,26.2543978572971
ZAF,Infant mortality rate,2021,24.3295790001666,22.6639029985115,26.1068864016903
ZAF,Infant mortality rate,2022,24.2885114446472,22.3081267892155,26.5266390756586
ZAF,Infant mortality rate,2023,24.3063152437424,21.6767331335734,27.3709424930065
ZAF,Infant mortality rate,2024,24.2124508327596,20.7904819430473,28.533047752732
ZMB,Infant mortality rate,2000,89.30473584585,83.0538906795385,96.0284215482925
ZMB,Infant mortality rate,2001,84.5862088459539,78.6718116106832,91.0699743996081
ZMB,Infant mortality rate,2002,78.6809500638738,73.3127570006672,84.6206208440402
ZMB,Infant mortality rate,2003,72.3203378744958,67.4444093070119,77.7245332126927
ZMB,Infant mortality rate,2004,65.8388693215826,61.0719742410599,70.9890162706363
ZMB,Infant mortality rate,2005,60.231970852638,55.6590020228806,65.0489187128177
ZMB,Infant mortality rate,2006,56.362013850553,51.9961662802898,60.9296022186154
ZMB,Infant mortality rate,2007,54.3457073975873,50.2379085689272,58.7007532055664
ZMB,Infant mortality rate,2008,52.083356692953,48.1315698748261,56.2837938381303
ZMB,Infant mortality rate,2009,50.1874443622077,46.2803454567608,54.4562660221848
ZMB,Infant mortality rate,2010,48.6323032192155,44.7598231537271,52.8680046988285
ZMB,Infant mortality rate,2011,47.3805622517,43.523102694026,51.6842241344293
ZMB,Infant mortality rate,2012,46.1185660715196,42.2692834078799,50.4570958973985
ZMB,Infant mortality rate,2013,44.5042052918793,40.6214136828493,48.7764494527033
ZMB,Infant mortality rate,2014,43.0172644409769,39.0702678470846,47.2954579103862
ZMB,Infant mortality rate,2015,42.3946481908193,38.3263301249611,46.7383935276844
ZMB,Infant mortality rate,2016,40.5993732416015,36.5333699911947,45.0103259724299
ZMB,Infant mortality rate,2017,38.7792723341999,34.6937650580116,43.2722168612626
ZMB,Infant mortality rate,2018,37.6912011872291,33.5161036777247,42.2930774599309
ZMB,Infant mortality rate,2019,36.0865706049871,31.9324545324602,40.7819371489661
ZMB,Infant mortality rate,2020,35.7314165386348,31.4396214891349,40.6572943610234
ZMB,Infant mortality rate,2021,35.6418003185701,30.9982399581779,41.0821833501814
ZMB,Infant mortality rate,2022,35.4063651223981,30.2458993470311,41.5390774567663
ZMB,Infant mortality rate,2023,35.022367036324,29.1169930734175,42.3644913254409
ZMB,Infant mortality rate,2024,34.6127562057072,27.8806870348002,43.4130591712327
ZWE,Infant mortality rate,2000,58.3327689276344,52.7261440656077,64.5354655328647
ZWE,Infant mortality rate,2001,58.300576541403,52.7609478588713,64.4947084785083
ZWE,Infant mortality rate,2002,58.7366630996967,53.1148028750826,64.8270664993801
ZWE,Infant mortality rate,2003,59.5136027655575,53.9304470863424,65.4673916511042
ZWE,Infant mortality rate,2004,61.7404659730481,56.088664252327,67.8047071440643
ZWE,Infant mortality rate,2005,64.4719725366363,58.6899428225574,70.6383661416549
ZWE,Infant mortality rate,2006,65.8761729474389,60.2568685674252,72.0115191827568
ZWE,Infant mortality rate,2007,68.8109152276767,62.909636184759,75.4119297118957
ZWE,Infant mortality rate,2008,69.7972247651499,63.7826184497409,76.5492528259259
ZWE,Infant mortality rate,2009,69.7704875103719,63.7771891594341,76.4054683015505
ZWE,Infant mortality rate,2010,67.4494488019051,61.5927119526408,74.0486203798482
ZWE,Infant mortality rate,2011,64.2386083190669,58.5129660569024,70.3925320773073
ZWE,Infant mortality rate,2012,58.8393062032403,53.1890403613082,64.8913215725373
ZWE,Infant mortality rate,2013,56.5733161288897,50.7896876795266,62.88418874058
ZWE,Infant mortality rate,2014,54.6937562838297,48.7370449704126,61.0797564575413
ZWE,Infant mortality rate,2015,54.6892715537195,48.4724682437952,61.6223944821466
ZWE,Infant mortality rate,2016,54.292316048054,47.8162947795813,61.6469400685294
ZWE,Infant mortality rate,2017,54.222451269804,47.1776104562628,62.3992274834045
ZWE,Infant mortality rate,2018,54.4032280102741,46.8584107022219,63.4700336526117
ZWE,Infant mortality rate,2019,55.7511982622281,47.6279186555415,65.8157417151766
ZWE,Infant mortality rate,2020,57.849591722931,48.7564271473001,68.944065818992
ZWE,Infant mortality rate,2021,59.8338650734725,49.2912542593536,72.8042853788692
ZWE,Infant mortality rate,2022,61.6004053612583,48.1157260250078,78.122924576976
ZWE,Infant mortality rate,2023,62.1961109062569,45.4985868639844,83.487259057359
ZWE,Infant mortality rate,2024,62.4358095827955,42.4587448457771,90.0255314096401
AGO,Neonatal mortality rate,2000,39.1497372557639,32.2596424973193,46.5081275379811
AGO,Neonatal mortality rate,2001,38.0644729415078,31.2683372371927,45.5536127213065
AGO,Neonatal mortality rate,2002,37.006797149226,30.434906837655,44.3809266629949
AGO,Neonatal mortality rate,2003,35.871107930303,29.6115714742059,43.064142732119
AGO,Neonatal mortality rate,2004,34.5355763692058,28.4882170214365,41.3570338061819
AGO,Neonatal mortality rate,2005,33.0284402029272,27.1243495597,39.6346182239438
AGO,Neonatal mortality rate,2006,31.4308732696547,25.5739658017753,38.0082012208448
AGO,Neonatal mortality rate,2007,29.9660851579559,24.1808243308516,36.5429496635751
AGO,Neonatal mortality rate,2008,28.6577781131623,22.8727767618686,35.2279663035909
AGO,Neonatal mortality rate,2009,27.3211525361272,21.6680206831832,34.0544104347599
AGO,Neonatal mortality rate,2010,26.0992961298509,20.47386442972,32.637710447211
AGO,Neonatal mortality rate,2011,24.8435850122518,19.4190151124817,31.2485074801323
AGO,Neonatal mortality rate,2012,23.643444707139,18.4420376992769,29.8085643355424
AGO,Neonatal mortality rate,2013,22.5408459645755,17.5568519150793,28.5131855804791
AGO,Neonatal mortality rate,2014,21.5833639172581,16.7778300446128,27.328991533182
AGO,Neonatal mortality rate,2015,20.9008767061751,16.1816090086327,26.3782335863826
AGO,Neonatal mortality rate,2016,20.3694190256436,15.7120650074954,25.8682198445906
AGO,Neonatal mortality rate,2017,19.9731532280878,15.3274093439405,25.4864172569737
AGO,Neonatal mortality rate,2018,19.6857092655634,15.067222082059,25.3027159339354
AGO,Neonatal mortality rate,2019,19.4101922244496,14.6319918690557,25.3506052448349
AGO,Neonatal mortality rate,2020,19.2271945789526,14.1833864585927,25.700383837198
AGO,Neonatal mortality rate,2021,18.9868755187656,13.5387255653469,26.4993434601598
AGO,Neonatal mortality rate,2022,18.7212329421783,12.8107803697591,27.5067234565674
AGO,Neonatal mortality rate,2023,18.4473755336387,12.1550642331087,28.3722219776371
AGO,Neonatal mortality rate,2024,18.1212461550712,11.5298499093672,29.1552650415703
BDI,Neonatal mortality rate,2000,36.3054435488597,31.3464173517769,41.6526725983335
BDI,Neonatal mortality rate,2001,35.7118671925314,30.8668467426716,41.065950472503
BDI,Neonatal mortality rate,2002,35.0777817614436,30.2523797373027,40.5634226044998
BDI,Neonatal mortality rate,2003,34.4161449432935,29.7076474978674,39.8165965676589
BDI,Neonatal mortality rate,2004,33.6913241197845,28.9293795106122,39.0669401804076
BDI,Neonatal mortality rate,2005,32.8438852740389,28.1686907234455,38.1078385272918
BDI,Neonatal mortality rate,2006,31.9199928448269,27.3597957224998,37.0796637779936
BDI,Neonatal mortality rate,2007,30.9743071325536,26.4349351953944,36.1418337618589
BDI,Neonatal mortality rate,2008,29.9594556070792,25.4327507342503,35.0985463168492
BDI,Neonatal mortality rate,2009,28.9630776005026,24.381682832045,34.1009687969509
BDI,Neonatal mortality rate,2010,27.9281158392753,23.3075154996156,33.1742736029371
BDI,Neonatal mortality rate,2011,26.918872100796,22.2271869921872,32.3652004206852
BDI,Neonatal mortality rate,2012,25.940573590393,21.0029231371239,31.7909356593583
BDI,Neonatal mortality rate,2013,25.0526156618626,19.7051233694778,31.3904422610878
BDI,Neonatal mortality rate,2014,24.2343110998515,18.4175881105856,31.257519571019
BDI,Neonatal mortality rate,2015,23.4656108621836,17.2233642407925,31.3645676051621
BDI,Neonatal mortality rate,2016,22.840234799165,16.2223573299783,31.4564790235721
BDI,Neonatal mortality rate,2017,22.3024351339937,15.340021899757,31.7572092649808
BDI,Neonatal mortality rate,2018,21.7226705566058,14.4542318152107,31.8948470051357
BDI,Neonatal mortality rate,2019,21.2383279107952,13.6572006896198,32.1442276337066
BDI,Neonatal mortality rate,2020,20.7141680430488,12.8880539191222,32.4040892326636
BDI,Neonatal mortality rate,2021,20.2655310615245,12.1644111548361,32.6839726353357
BDI,Neonatal mortality rate,2022,19.8486000516605,11.5636499888456,32.8034590582999
BDI,Neonatal mortality rate,2023,19.424180218779,11.0227422175216,33.1130113494793
BDI,Neonatal mortality rate,2024,19.0662989920529,10.5606514629457,33.4662240632735
BEN,Neonatal mortality rate,2000,38.1857345910526,34.2607488548733,42.3309893429839
BEN,Neonatal mortality rate,2001,37.4302806434271,33.5321642603438,41.5342754136116
BEN,Neonatal mortality rate,2002,36.7048827316724,32.7939066933259,40.753232823521
BEN,Neonatal mortality rate,2003,36.036593122708,32.1221468673201,40.1074025749214
BEN,Neonatal mortality rate,2004,35.4935408208719,31.5866512777351,39.5236422678129
BEN,Neonatal mortality rate,2005,35.0278020395266,31.2165654374746,39.052144272615
BEN,Neonatal mortality rate,2006,34.6508321038872,30.862844115734,38.68479589451
BEN,Neonatal mortality rate,2007,34.3276067162252,30.5425513286681,38.3693847199368
BEN,Neonatal mortality rate,2008,34.0349045507827,30.231563955935,38.1729899504492
BEN,Neonatal mortality rate,2009,33.7591339959104,29.9538237072574,37.8705654442637
BEN,Neonatal mortality rate,2010,33.4270555455551,29.5384035180807,37.5889805756833
BEN,Neonatal mortality rate,2011,33.0338081411509,29.102268590865,37.295410806275
BEN,Neonatal mortality rate,2012,32.6225550339725,28.5653948216046,36.9862394170989
BEN,Neonatal mortality rate,2013,32.2368237667397,28.090086520606,36.6871334077293
BEN,Neonatal mortality rate,2014,31.8279649671476,27.5322089414564,36.4342961958101
BEN,Neonatal mortality rate,2015,31.4401596747307,26.9273522629781,36.2609225527692
BEN,Neonatal mortality rate,2016,31.0661850814947,26.3157369603313,36.0865373119027
BEN,Neonatal mortality rate,2017,30.6462842310654,25.6145326736866,35.9292658550475
BEN,Neonatal mortality rate,2018,30.2219203701145,24.8662340908252,35.9156897446998
BEN,Neonatal mortality rate,2019,29.6937821018611,24.0338517677829,36.0743506906473
BEN,Neonatal mortality rate,2020,29.2063026122965,23.1955380544055,36.3779268201568
BEN,Neonatal mortality rate,2021,28.6917722521852,22.2056363269153,36.617568127963
BEN,Neonatal mortality rate,2022,28.2221054488599,21.19301432194,37.1424883948011
BEN,Neonatal mortality rate,2023,27.677217067337,20.198427284036,37.5945908930558
BEN,Neonatal mortality rate,2024,27.1829293409165,19.2478564091855,38.0915811927262
BFA,Neonatal mortality rate,2000,40.0602704640442,35.061641313019,45.5945486414099
BFA,Neonatal mortality rate,2001,39.291068705862,34.398755889765,44.7271556693844
BFA,Neonatal mortality rate,2002,38.5147636712467,33.7697930165033,43.8198393521024
BFA,Neonatal mortality rate,2003,37.6523175066292,32.8930688639086,43.0314929890029
BFA,Neonatal mortality rate,2004,36.5962619642615,31.8344254157261,41.9333870467094
BFA,Neonatal mortality rate,2005,35.474811502159,30.7005415566107,40.7282623108929
BFA,Neonatal mortality rate,2006,34.2711372170031,29.6239553197076,39.5059100071659
BFA,Neonatal mortality rate,2007,33.1881695982531,28.5809989234917,38.4628086403587
BFA,Neonatal mortality rate,2008,32.2635453562417,27.4051199384438,37.7912494389165
BFA,Neonatal mortality rate,2009,31.4588873039054,26.0990712974088,37.4915678188167
BFA,Neonatal mortality rate,2010,30.7811270919919,25.0219391833866,37.323675289512
BFA,Neonatal mortality rate,2011,30.1880844457732,23.989603964933,37.2679612839765
BFA,Neonatal mortality rate,2012,29.6423923520549,23.014838034163,37.1683654853848
BFA,Neonatal mortality rate,2013,29.1168894764847,22.0417136698551,37.3127857024993
BFA,Neonatal mortality rate,2014,28.6073237778273,21.087853167588,37.5448920271035
BFA,Neonatal mortality rate,2015,28.0832306756434,20.1840612168667,37.7441910598261
BFA,Neonatal mortality rate,2016,27.5700189708954,19.3277848252768,38.0042652478685
BFA,Neonatal mortality rate,2017,27.0370624119614,18.4362075094357,38.2823511578719
BFA,Neonatal mortality rate,2018,26.5619438479765,17.6915086584169,38.5737942633228
BFA,Neonatal mortality rate,2019,26.0618294891927,16.9866726431229,39.0144066548126
BFA,Neonatal mortality rate,2020,25.6095315305132,16.202017205035,39.379254944303
BFA,Neonatal mortality rate,2021,25.1275151573491,15.4945904810762,39.5564986091754
BFA,Neonatal mortality rate,2022,24.6781533466741,14.6920746018542,40.1005222208971
BFA,Neonatal mortality rate,2023,24.1671586757274,14.000835903888,40.6822020568933
BFA,Neonatal mortality rate,2024,23.7526417712169,13.3585943443153,41.007496696342
BWA,Neonatal mortality rate,2000,9.11032757976586,6.51076520960367,13.6907665075703
BWA,Neonatal mortality rate,2001,10.1595052258008,7.31177358142974,14.4958766820812
BWA,Neonatal mortality rate,2002,11.7951849509973,8.66742255431533,15.9072725607656
BWA,Neonatal mortality rate,2003,13.9747184875043,10.5029321214973,18.0729488057748
BWA,Neonatal mortality rate,2004,16.5590102120811,12.5934267954685,21.2648279152957
BWA,Neonatal mortality rate,2005,19.371378017975,14.3773192935058,25.5271159100605
BWA,Neonatal mortality rate,2006,22.0862825444941,15.8182307363144,30.3856798932474
BWA,Neonatal mortality rate,2007,23.9137560987888,16.5142859079428,34.525074406707
BWA,Neonatal mortality rate,2008,25.0153644954008,16.8724174824841,37.6256014009397
BWA,Neonatal mortality rate,2009,25.5043475785222,17.0949138081855,39.6144016133042
BWA,Neonatal mortality rate,2010,25.4907092450418,16.9898401779948,40.6564826787695
BWA,Neonatal mortality rate,2011,25.1526477964743,16.492426760401,41.0421289068954
BWA,Neonatal mortality rate,2012,24.4697406208702,15.6302127444245,41.7991474073575
BWA,Neonatal mortality rate,2013,23.4868804179646,14.409786265063,44.1124390911375
BWA,Neonatal mortality rate,2014,22.6388830169538,12.7341297811651,46.4781946322639
BWA,Neonatal mortality rate,2015,21.9851058428996,11.2590547078758,49.0849909871216
BWA,Neonatal mortality rate,2016,21.3139367955991,9.82338152504806,51.6684457716813
BWA,Neonatal mortality rate,2017,20.7415382347555,8.74889777222051,53.4280975996223
BWA,Neonatal mortality rate,2018,20.3023718379926,7.77409942801362,55.47021716177
BWA,Neonatal mortality rate,2019,19.8343333650624,7.03535945876851,56.5498548785408
BWA,Neonatal mortality rate,2020,19.3374275639026,6.39409323578929,57.8058836385738
BWA,Neonatal mortality rate,2021,18.8635104383194,5.86723589253036,58.9678535208844
BWA,Neonatal mortality rate,2022,18.4577445813177,5.49948877597781,59.3531136948845
BWA,Neonatal mortality rate,2023,18.0790742423179,5.12378548140392,59.5378481456513
BWA,Neonatal mortality rate,2024,17.641184382748,4.84366420147383,59.536622990382
CAF,Neonatal mortality rate,2000,42.8750144553211,36.7996462334669,49.7378722229315
CAF,Neonatal mortality rate,2001,42.1866427973599,35.9996197909074,48.9387197960389
CAF,Neonatal mortality rate,2002,41.508358167205,35.2970704841527,48.2622169609568
CAF,Neonatal mortality rate,2003,40.8314225326657,34.6567470973102,47.6015733327033
CAF,Neonatal mortality rate,2004,40.1318822452304,33.9737349085706,46.944232098007
CAF,Neonatal mortality rate,2005,39.4456381911183,33.3220785216285,46.1375573373929
CAF,Neonatal mortality rate,2006,38.6849728811539,32.5870062846516,45.4229833990382
CAF,Neonatal mortality rate,2007,37.9707647824495,31.7626744892274,44.7281811087238
CAF,Neonatal mortality rate,2008,37.3006025468737,31.0585403015902,44.0337330039525
CAF,Neonatal mortality rate,2009,42.5713857495308,36.2862583289422,49.3708558258848
CAF,Neonatal mortality rate,2010,36.3867680584328,30.1962718873249,43.2131130398422
CAF,Neonatal mortality rate,2011,35.5000999500061,29.2670807422964,42.3908883963745
CAF,Neonatal mortality rate,2012,34.9971634663327,28.7321581581491,42.0746085075182
CAF,Neonatal mortality rate,2013,34.8249968367398,28.5651182856244,42.0916097740929
CAF,Neonatal mortality rate,2014,35.3851131682715,28.9904663381457,42.8404716514215
CAF,Neonatal mortality rate,2015,33.8831415323016,27.3030851165081,41.6620612177658
CAF,Neonatal mortality rate,2016,33.8127586888991,26.8611225917996,42.0260236848396
CAF,Neonatal mortality rate,2017,33.9881288701373,26.6125497080062,42.7711410716935
CAF,Neonatal mortality rate,2018,33.0829652049664,25.4547739358962,42.4758175348687
CAF,Neonatal mortality rate,2019,34.968288279087,27.0694153816295,44.9419610670369
CAF,Neonatal mortality rate,2020,32.4056815377622,24.2287644709424,43.0367697370303
CAF,Neonatal mortality rate,2021,32.87092876653,24.419273770037,44.2540381615294
CAF,Neonatal mortality rate,2022,36.4530102896987,27.7721456801218,48.6228743283802
CAF,Neonatal mortality rate,2023,30.4458225528655,21.3248082063652,43.6074265638527
CAF,Neonatal mortality rate,2024,29.9329917481392,20.3829502192807,44.0179024853495
CIV,Neonatal mortality rate,2000,40.6899496512086,36.2245654945975,45.4238311108298
CIV,Neonatal mortality rate,2001,40.2255324321809,35.7510212890462,44.9024447692503
CIV,Neonatal mortality rate,2002,39.7393578003805,35.3726065721715,44.387732393609
CIV,Neonatal mortality rate,2003,39.2279105884367,34.9504918899005,43.8257384227144
CIV,Neonatal mortality rate,2004,38.69067932926,34.5521648291943,43.2187588867203
CIV,Neonatal mortality rate,2005,38.1858369780773,34.0739923195265,42.6389278214429
CIV,Neonatal mortality rate,2006,37.6828395101142,33.5596630098724,42.1066600162099
CIV,Neonatal mortality rate,2007,37.1081779227068,33.0755584666278,41.4920473342171
CIV,Neonatal mortality rate,2008,36.5160450616464,32.6003274795203,40.9002175665078
CIV,Neonatal mortality rate,2009,35.9675276370183,32.054884450619,40.3456402804018
CIV,Neonatal mortality rate,2010,35.3402940195498,31.4386437219422,39.6389448679084
CIV,Neonatal mortality rate,2011,34.7210183279016,30.7116059749842,38.9856769475044
CIV,Neonatal mortality rate,2012,34.0532700818391,30.0686815100332,38.3415148794844
CIV,Neonatal mortality rate,2013,33.4351103337235,29.4760230889192,37.7641930130046
CIV,Neonatal mortality rate,2014,32.7980555682716,28.8130221860424,37.3396447340984
CIV,Neonatal mortality rate,2015,32.2375840599542,28.1187581184367,36.8392954894911
CIV,Neonatal mortality rate,2016,31.6813888681965,27.4511979235588,36.3983605982924
CIV,Neonatal mortality rate,2017,31.1114297493151,26.7326845590821,36.0108305422475
CIV,Neonatal mortality rate,2018,30.5541614887012,25.9795701689949,35.7444015389282
CIV,Neonatal mortality rate,2019,30.0356069884825,25.0853650965223,35.6102018465045
CIV,Neonatal mortality rate,2020,29.496671988054,24.2536105935217,35.5790440969626
CIV,Neonatal mortality rate,2021,28.9760964242779,23.4156360881045,35.5532950311788
CIV,Neonatal mortality rate,2022,28.4842406166596,22.5767129098974,35.6471105541245
CIV,Neonatal mortality rate,2023,27.9338090785546,21.5645265969332,35.7128584215948
CIV,Neonatal mortality rate,2024,27.4002201584124,20.6708240158769,35.8961871790388
CMR,Neonatal mortality rate,2000,35.3518423233066,31.4757754842348,39.6403418389218
CMR,Neonatal mortality rate,2001,34.5273557036318,30.6550879456332,38.7484407962414
CMR,Neonatal mortality rate,2002,33.96480678202,30.0034635489708,38.1116076410894
CMR,Neonatal mortality rate,2003,33.6263803174847,29.678956558422,37.7842907189682
CMR,Neonatal mortality rate,2004,33.3372709797546,29.4298346945735,37.5965560483493
CMR,Neonatal mortality rate,2005,33.1214116064016,29.2958334116401,37.378731005883
CMR,Neonatal mortality rate,2006,32.8956037860021,29.0763348397431,37.1624644772349
CMR,Neonatal mortality rate,2007,32.6087769112869,28.7817089077554,36.7900840497429
CMR,Neonatal mortality rate,2008,32.2639802441448,28.4921872917957,36.4136453506844
CMR,Neonatal mortality rate,2009,31.9093109581479,28.1313155290484,36.0472610310456
CMR,Neonatal mortality rate,2010,31.5548344411953,27.7947345588021,35.7289363342312
CMR,Neonatal mortality rate,2011,31.1804725678652,27.4146455871115,35.404917368193
CMR,Neonatal mortality rate,2012,30.832841827054,27.0000195894494,35.0763738313162
CMR,Neonatal mortality rate,2013,30.4053241116281,26.5243519971763,34.7927342127841
CMR,Neonatal mortality rate,2014,29.9597349375223,26.0151829770118,34.4940653620994
CMR,Neonatal mortality rate,2015,29.4691941657817,25.4035138189984,34.2078109416962
CMR,Neonatal mortality rate,2016,28.9376318351173,24.6345917102833,34.170973250764
CMR,Neonatal mortality rate,2017,28.3901046389643,23.7728682860304,34.156960140194
CMR,Neonatal mortality rate,2018,27.825727918972,22.753702779038,34.1923510955131
CMR,Neonatal mortality rate,2019,27.3399515129936,21.8123959476757,34.3471772443619
CMR,Neonatal mortality rate,2020,26.8245519140156,20.8038945465728,34.5526636041426
CMR,Neonatal mortality rate,2021,26.2848700069622,19.774086710151,34.8296146061616
CMR,Neonatal mortality rate,2022,25.7440183411495,18.7517789602364,35.1681987135358
CMR,Neonatal mortality rate,2023,25.2120581175073,17.8478238456473,35.4392428386293
CMR,Neonatal mortality rate,2024,24.7616311050349,17.0022683610307,35.7890357567774
COD,Neonatal mortality rate,2000,34.1198648255416,29.5479420378829,39.3454846729867
COD,Neonatal mortality rate,2001,33.455925387811,28.9630404116739,38.5918613890187
COD,Neonatal mortality rate,2002,32.7619107384589,28.4815787739754,37.7071718048292
COD,Neonatal mortality rate,2003,32.0482688305063,27.8838056540157,36.8901736558357
COD,Neonatal mortality rate,2004,31.2189934711945,27.1380435727031,35.8648588276113
COD,Neonatal mortality rate,2005,29.8296166419736,25.9623715233561,34.3705523750028
COD,Neonatal mortality rate,2006,28.9317495273146,25.0336596473983,33.4137451889601
COD,Neonatal mortality rate,2007,28.1198475202808,24.185582076277,32.6319083006911
COD,Neonatal mortality rate,2008,27.3391571600103,23.3551065847434,31.8471931212316
COD,Neonatal mortality rate,2009,26.6592525623397,22.6212708809201,31.107543754209
COD,Neonatal mortality rate,2010,26.0175744829032,21.9936720511697,30.4574560976256
COD,Neonatal mortality rate,2011,25.4718882017012,21.3513168023115,29.9587507634673
COD,Neonatal mortality rate,2012,24.9707587988621,20.7714116251385,29.4734860287278
COD,Neonatal mortality rate,2013,24.5395477520946,20.3800289754139,29.0481037674413
COD,Neonatal mortality rate,2014,24.2125710016389,20.0818933681407,28.7034055310513
COD,Neonatal mortality rate,2015,23.9963992166417,19.8665912480201,28.5178876810126
COD,Neonatal mortality rate,2016,23.8716386042858,19.7050141536812,28.4573528242314
COD,Neonatal mortality rate,2017,23.8540253625758,19.6582642546674,28.4896816645036
COD,Neonatal mortality rate,2018,23.8933384482688,19.5914417320018,28.6222524451278
COD,Neonatal mortality rate,2019,23.9817240377281,19.5018874705494,28.9104560155951
COD,Neonatal mortality rate,2020,24.0507181209669,19.2794217537933,29.4554279631304
COD,Neonatal mortality rate,2021,24.1062129693525,18.8827545859346,30.0679070891306
COD,Neonatal mortality rate,2022,24.0338220973723,18.3819542083839,30.8244719505935
COD,Neonatal mortality rate,2023,23.8629143203185,17.8299701524363,31.7166650355899
COD,Neonatal mortality rate,2024,23.6186279023827,17.2703257483405,32.4049749050641
COG,Neonatal mortality rate,2000,30.9056262002828,26.5281314920163,36.1304481116203
COG,Neonatal mortality rate,2001,30.2737961180113,26.0354619748944,35.3090428125156
COG,Neonatal mortality rate,2002,29.4188006868222,25.273790223229,34.2491377445746
COG,Neonatal mortality rate,2003,28.348515931541,24.4239895774159,32.8841840703205
COG,Neonatal mortality rate,2004,27.2368029752189,23.3210468903581,31.6043041811814
COG,Neonatal mortality rate,2005,26.1129720800051,22.2066840715996,30.3929053546442
COG,Neonatal mortality rate,2006,24.989532011367,21.1504650599017,29.2678397800021
COG,Neonatal mortality rate,2007,24.0060861630216,20.202917774333,28.2261487346567
COG,Neonatal mortality rate,2008,23.1286662335584,19.3462920175523,27.3956636690387
COG,Neonatal mortality rate,2009,22.3807853037874,18.4435526496154,26.8682588622521
COG,Neonatal mortality rate,2010,21.7946187140676,17.5972561502436,26.5686363553189
COG,Neonatal mortality rate,2011,21.3154197591846,16.7044578956274,26.5218030172052
COG,Neonatal mortality rate,2012,20.9196342564117,15.7551353085108,26.7975161157697
COG,Neonatal mortality rate,2013,20.525212227631,14.7961458391498,27.4724504256933
COG,Neonatal mortality rate,2014,20.1257257639076,13.9346461224057,28.2359282784627
COG,Neonatal mortality rate,2015,19.7391670879831,13.111434254683,28.7339779283585
COG,Neonatal mortality rate,2016,19.3318830963646,12.3628366774456,29.5730703916979
COG,Neonatal mortality rate,2017,18.90859054494,11.7279330736124,30.1322457862375
COG,Neonatal mortality rate,2018,18.562929456562,11.103881857024,30.7445280558315
COG,Neonatal mortality rate,2019,18.3111224146366,10.695432346868,31.3486791732716
COG,Neonatal mortality rate,2020,17.8711237735454,10.1115802582506,31.7806042314231
COG,Neonatal mortality rate,2021,17.5505451336503,9.6124531980858,32.3219206511076
COG,Neonatal mortality rate,2022,17.1941831272172,9.17207032189943,32.7200091478653
COG,Neonatal mortality rate,2023,16.801794359478,8.71995695994294,32.8458907794982
COG,Neonatal mortality rate,2024,16.5251852729398,8.4027673107426,32.9757396577883
COM,Neonatal mortality rate,2000,34.7912224480028,26.9521693110339,43.1700002687861
COM,Neonatal mortality rate,2001,34.099518106489,26.3499877667989,42.3722082882037
COM,Neonatal mortality rate,2002,33.4976123882178,25.9116828313905,41.6777279351458
COM,Neonatal mortality rate,2003,32.9100709907945,25.3922738146744,41.0410478182135
COM,Neonatal mortality rate,2004,32.3549584607746,24.9467176391716,40.1770148535148
COM,Neonatal mortality rate,2005,31.729175272399,24.3257613237335,39.538789249105
COM,Neonatal mortality rate,2006,31.177747094234,23.8748105494889,38.7663950032022
COM,Neonatal mortality rate,2007,30.5301408060486,23.5556784429491,38.134148490985
COM,Neonatal mortality rate,2008,29.9912635170901,23.1606393696978,37.367601437657
COM,Neonatal mortality rate,2009,29.4751078542766,22.8259094824837,36.5564463224437
COM,Neonatal mortality rate,2010,28.9032261947169,22.4455488364267,35.814620036609
COM,Neonatal mortality rate,2011,28.3364701649598,22.1863339444002,35.0022073298182
COM,Neonatal mortality rate,2012,27.7650186218113,21.7781756960493,34.2048419359126
COM,Neonatal mortality rate,2013,27.2415782209992,21.4148637348123,33.4702703787111
COM,Neonatal mortality rate,2014,26.7704898725784,21.1379322090938,32.7641539993645
COM,Neonatal mortality rate,2015,26.3159006584542,20.7400643566895,32.110713420486
COM,Neonatal mortality rate,2016,25.8637215666079,20.3259935851956,31.6221737316595
COM,Neonatal mortality rate,2017,25.3653810475634,19.8520273757845,31.2416112189081
COM,Neonatal mortality rate,2018,24.9099677882222,19.2604701245346,31.022919491512
COM,Neonatal mortality rate,2019,24.4820108103055,18.6835948202821,30.9428454922661
COM,Neonatal mortality rate,2020,24.0910699586919,18.0748804826796,30.9614278800911
COM,Neonatal mortality rate,2021,23.6504690226153,17.3298510944391,31.1223080642866
COM,Neonatal mortality rate,2022,23.1813150167,16.6295163012816,31.2215684694247
COM,Neonatal mortality rate,2023,22.6897261309528,15.9520542048572,31.3923951619431
COM,Neonatal mortality rate,2024,22.1411936247105,15.2178465799698,31.5429904043869
CPV,Neonatal mortality rate,2000,18.1324373043214,15.7362188791647,20.5499772740545
CPV,Neonatal mortality rate,2001,17.0927094116098,14.9169814107764,19.2983293937989
CPV,Neonatal mortality rate,2002,16.4715219380357,14.5069992599767,18.4833573942696
CPV,Neonatal mortality rate,2003,16.1966678701993,14.3419451009916,18.1999277570927
CPV,Neonatal mortality rate,2004,16.2378999366437,14.4896787399841,18.1892748360385
CPV,Neonatal mortality rate,2005,16.4945569668559,14.7624468001512,18.4514472308672
CPV,Neonatal mortality rate,2006,16.7835831104432,15.0382712171533,18.7356038387408
CPV,Neonatal mortality rate,2007,16.9550181963478,15.2411755753154,18.8354930374955
CPV,Neonatal mortality rate,2008,16.9602473595508,15.2706038653714,18.7867243264205
CPV,Neonatal mortality rate,2009,16.7621008744774,15.2422141234857,18.3791393427829
CPV,Neonatal mortality rate,2010,16.3632259073636,14.9928899518221,17.7672047695918
CPV,Neonatal mortality rate,2011,15.7726016365346,14.4916909912337,17.0882760458277
CPV,Neonatal mortality rate,2012,15.0416171051173,13.810962353043,16.3028890884661
CPV,Neonatal mortality rate,2013,14.1943486464643,12.9516197892054,15.4263466716879
CPV,Neonatal mortality rate,2014,13.2532077374837,12.1127399609506,14.3778675746651
CPV,Neonatal mortality rate,2015,12.3132858210664,11.319829310828,13.3127237105426
CPV,Neonatal mortality rate,2016,11.46097187391,10.5705150281635,12.3665163475803
CPV,Neonatal mortality rate,2017,10.7298664553529,9.92001604772054,11.5484308522781
CPV,Neonatal mortality rate,2018,10.1221225160072,9.35172652732657,10.9192828154917
CPV,Neonatal mortality rate,2019,9.63266126768959,8.89955688717144,10.4052553001567
CPV,Neonatal mortality rate,2020,9.23993206700993,8.48818886387225,10.0258477916382
CPV,Neonatal mortality rate,2021,8.90801937704785,8.08533162871845,9.81494056117667
CPV,Neonatal mortality rate,2022,8.61268650224628,7.66368225783787,9.6986521318206
CPV,Neonatal mortality rate,2023,8.33035863896918,7.17367497260528,9.635141767777
CPV,Neonatal mortality rate,2024,8.03559606577338,6.69278538154024,9.57341610218805
DJI,Neonatal mortality rate,2000,42.5960721552479,34.4529926928552,52.1595838588361
DJI,Neonatal mortality rate,2001,42.0703771702083,33.7845136305579,51.4855780843883
DJI,Neonatal mortality rate,2002,41.5319758066268,33.2551363310533,51.0482204364383
DJI,Neonatal mortality rate,2003,41.015805842661,32.7000785579098,50.7699578198932
DJI,Neonatal mortality rate,2004,40.4727802677318,32.2103239013103,50.5107189156106
DJI,Neonatal mortality rate,2005,39.9226010318287,31.7025329666719,50.2126257543921
DJI,Neonatal mortality rate,2006,39.3738540007859,31.1633598737696,49.9049423212255
DJI,Neonatal mortality rate,2007,38.8130656497691,30.6065936618261,49.4169960088932
DJI,Neonatal mortality rate,2008,38.1680488080231,29.7641068401455,49.1505567211175
DJI,Neonatal mortality rate,2009,37.5100289163402,28.8793434574894,49.1262970518134
DJI,Neonatal mortality rate,2010,36.8279862887403,27.7168577109823,49.1923299623877
DJI,Neonatal mortality rate,2011,36.0907052119147,26.3554956484823,49.5142279290904
DJI,Neonatal mortality rate,2012,35.3734790930849,25.0816711833676,49.6744530890043
DJI,Neonatal mortality rate,2013,34.6791922676448,23.8641871529055,50.0458242781634
DJI,Neonatal mortality rate,2014,33.9611714748029,22.6897225432699,50.2982707510089
DJI,Neonatal mortality rate,2015,33.1952034751837,21.556503747459,50.7128521954199
DJI,Neonatal mortality rate,2016,32.4969548954844,20.4390920556967,51.1943026445436
DJI,Neonatal mortality rate,2017,31.8371058533658,19.4319675348957,51.4203683786751
DJI,Neonatal mortality rate,2018,31.1371262080536,18.3705042978629,51.6318697187952
DJI,Neonatal mortality rate,2019,30.5381834609745,17.4295656840281,52.2116401276171
DJI,Neonatal mortality rate,2020,29.7788853619046,16.5439075097126,52.4679835700145
DJI,Neonatal mortality rate,2021,29.057603150911,15.6698075012488,52.949720844816
DJI,Neonatal mortality rate,2022,28.3928533087978,14.8778626726994,53.1512124462448
DJI,Neonatal mortality rate,2023,27.7419807833095,14.1416852034344,53.5340239053765
DJI,Neonatal mortality rate,2024,27.0710417255712,13.4910116372343,53.6964529876426
ERI,Neonatal mortality rate,2000,26.0947026790992,22.40094651032,29.9822214707238
ERI,Neonatal mortality rate,2001,25.6108325541103,22.0731079301186,29.5225754380054
ERI,Neonatal mortality rate,2002,25.2181424228056,21.6411088575022,29.1348070922317
ERI,Neonatal mortality rate,2003,24.8273681938162,21.2488190353577,28.8102852951983
ERI,Neonatal mortality rate,2004,24.4179445985933,20.8608901333962,28.4581881698422
ERI,Neonatal mortality rate,2005,23.9584039923187,20.3934855337681,28.1273752929547
ERI,Neonatal mortality rate,2006,23.4915509893652,19.9490237128828,27.6897290613915
ERI,Neonatal mortality rate,2007,23.0373810640437,19.4099665992462,27.3520424881968
ERI,Neonatal mortality rate,2008,22.5372893163923,18.6861543199464,27.2106127975846
ERI,Neonatal mortality rate,2009,22.0515073836857,17.8617510682399,27.2090074760758
ERI,Neonatal mortality rate,2010,21.5677960526645,17.061854360941,27.2664827574119
ERI,Neonatal mortality rate,2011,21.1262118283939,16.276301559161,27.34662991306
ERI,Neonatal mortality rate,2012,20.6906805055039,15.4927192821806,27.6543926346783
ERI,Neonatal mortality rate,2013,20.2565066701772,14.6939397192263,27.9324677215002
ERI,Neonatal mortality rate,2014,19.8286305506633,13.9349497823774,28.3210462555749
ERI,Neonatal mortality rate,2015,19.4294476512657,13.2167281591471,28.7438607765956
ERI,Neonatal mortality rate,2016,19.0281065957368,12.4616706356084,29.1857843708104
ERI,Neonatal mortality rate,2017,18.6447210556599,11.7163591059628,29.5403981548759
ERI,Neonatal mortality rate,2018,18.2019626184225,11.0426876013767,29.8793870762067
ERI,Neonatal mortality rate,2019,17.8424521884332,10.5051825579641,30.1575167010391
ERI,Neonatal mortality rate,2020,17.4850976255953,10.0111475131236,30.4851425095175
ERI,Neonatal mortality rate,2021,17.0667146470852,9.57427870841665,30.9720680847492
ERI,Neonatal mortality rate,2022,16.7011850203676,9.12378145550892,31.116313896328
ERI,Neonatal mortality rate,2023,16.2037175017873,8.65411515159019,31.2212623526046
ERI,Neonatal mortality rate,2024,15.6160751035246,8.13263858499762,30.9348929216367
ETH,Neonatal mortality rate,2000,48.067310436388,43.3365485853172,53.0310972018172
ETH,Neonatal mortality rate,2001,47.0489047258187,42.5153698935527,51.7960061450179
ETH,Neonatal mortality rate,2002,46.0695389751988,41.6869124387076,50.6167059622483
ETH,Neonatal mortality rate,2003,45.1124417732363,40.9595566470004,49.5721589253446
ETH,Neonatal mortality rate,2004,44.1749312230835,40.2234702999543,48.5099692469549
ETH,Neonatal mortality rate,2005,43.2142821154748,39.3396871873804,47.4658599634481
ETH,Neonatal mortality rate,2006,42.1586800067705,38.3969379018175,46.3770026555519
ETH,Neonatal mortality rate,2007,41.0321754283787,37.3529711807943,45.2132403512806
ETH,Neonatal mortality rate,2008,39.8975924139885,36.2925384073244,44.0696204199948
ETH,Neonatal mortality rate,2009,38.7414911955042,35.1844707140243,42.9111520551899
ETH,Neonatal mortality rate,2010,37.5891649148795,33.981375067782,41.6646639863875
ETH,Neonatal mortality rate,2011,36.4206030904199,32.8691791152349,40.4854932431496
ETH,Neonatal mortality rate,2012,35.3088537799041,31.6708492867469,39.4361796926852
ETH,Neonatal mortality rate,2013,34.2717239849109,30.5858942721279,38.49070336505
ETH,Neonatal mortality rate,2014,33.2575608337986,29.4229485999764,37.7094203276651
ETH,Neonatal mortality rate,2015,32.2907738229013,28.1868369249797,37.0088955354385
ETH,Neonatal mortality rate,2016,31.3365746773232,26.934766194843,36.4383928238859
ETH,Neonatal mortality rate,2017,30.4028935037353,25.7139205683542,36.1169297860397
ETH,Neonatal mortality rate,2018,29.5459476997336,24.4607337196607,35.7284315808333
ETH,Neonatal mortality rate,2019,28.7179524649512,23.1542947480342,35.521181561656
ETH,Neonatal mortality rate,2020,27.9425807836603,21.9429334102827,35.5093856343321
ETH,Neonatal mortality rate,2021,27.5515632875827,21.0518132261018,35.8403271452344
ETH,Neonatal mortality rate,2022,26.865306796622,19.9313456781688,35.9535956969621
ETH,Neonatal mortality rate,2023,25.9388629477387,18.5915396704051,36.0124468800716
ETH,Neonatal mortality rate,2024,25.2315106843066,17.4916178822318,36.3071799718651
GAB,Neonatal mortality rate,2000,26.5474461995816,22.5782729631571,31.2205697310597
GAB,Neonatal mortality rate,2001,26.9717728855138,22.9337375379582,31.6717859706235
GAB,Neonatal mortality rate,2002,27.1953442414035,23.0707706327635,32.0851762489356
GAB,Neonatal mortality rate,2003,27.3657603080685,23.1656030126418,32.3090558417316
GAB,Neonatal mortality rate,2004,27.337930657198,23.154120172347,32.2438563886801
GAB,Neonatal mortality rate,2005,27.1026701003039,22.991022842062,31.893701125942
GAB,Neonatal mortality rate,2006,26.6038051522746,22.5919311089573,31.1681527329868
GAB,Neonatal mortality rate,2007,25.9170823300723,22.0683304671487,30.3629452744635
GAB,Neonatal mortality rate,2008,25.1394255508433,21.4620084915862,29.30930697313
GAB,Neonatal mortality rate,2009,24.3286273015742,20.7853681055373,28.4100472308398
GAB,Neonatal mortality rate,2010,23.6137135787974,20.0769769352792,27.6094578815647
GAB,Neonatal mortality rate,2011,23.0062518577648,19.4971276793871,27.0784640904453
GAB,Neonatal mortality rate,2012,22.5235268671047,18.9619589014533,26.7391522788132
GAB,Neonatal mortality rate,2013,22.068092270344,18.4694586165092,26.4325370217878
GAB,Neonatal mortality rate,2014,21.6484308912217,17.923575730426,26.1708343795489
GAB,Neonatal mortality rate,2015,21.2617225702125,17.4311587473499,26.0080692258061
GAB,Neonatal mortality rate,2016,20.8356117541542,16.8763080395887,25.9417300374779
GAB,Neonatal mortality rate,2017,20.3343699341366,16.133847121633,25.9292693338768
GAB,Neonatal mortality rate,2018,19.7444165926631,15.3757151191955,25.8841289412207
GAB,Neonatal mortality rate,2019,19.1431451411638,14.4955240114782,25.8215453875835
GAB,Neonatal mortality rate,2020,18.568469465919,13.6729748802956,25.7206878776137
GAB,Neonatal mortality rate,2021,18.0162450439587,12.8373513262708,25.6472490607867
GAB,Neonatal mortality rate,2022,17.4999673694608,12.0612647671039,25.6586358538216
GAB,Neonatal mortality rate,2023,16.9289452055494,11.3275627462294,25.509715094775
GAB,Neonatal mortality rate,2024,16.3385625668658,10.6101095059173,25.5839686226254
GHA,Neonatal mortality rate,2000,35.1850307783101,31.9896596874671,38.3956267973
GHA,Neonatal mortality rate,2001,34.4178816940833,31.3445849975478,37.5965496821475
GHA,Neonatal mortality rate,2002,33.7096554496899,30.7072775807585,36.8243672887837
GHA,Neonatal mortality rate,2003,33.0789623071205,30.1952447975024,36.103963472267
GHA,Neonatal mortality rate,2004,32.5389469928377,29.7447766464672,35.4739415262841
GHA,Neonatal mortality rate,2005,32.0661976075653,29.3383217766765,34.9594532411203
GHA,Neonatal mortality rate,2006,31.6166834414679,28.929950768873,34.5303156992863
GHA,Neonatal mortality rate,2007,31.1228076877522,28.4876451969518,33.9819960841846
GHA,Neonatal mortality rate,2008,30.5590640378271,27.8917760037313,33.4383969334282
GHA,Neonatal mortality rate,2009,29.8837343147324,27.2056663620994,32.7317508093328
GHA,Neonatal mortality rate,2010,29.0285840027179,26.3714999073089,31.8945142292942
GHA,Neonatal mortality rate,2011,28.0606625176753,25.4863853990391,30.9352096986443
GHA,Neonatal mortality rate,2012,27.0927873920564,24.5097934404918,29.9111343087025
GHA,Neonatal mortality rate,2013,26.1265614312741,23.6190780054665,28.903662000967
GHA,Neonatal mortality rate,2014,25.1896702929393,22.7017820276052,27.9677373459167
GHA,Neonatal mortality rate,2015,24.3109626504629,21.7557552332772,27.0741245364641
GHA,Neonatal mortality rate,2016,23.4424459901659,20.7803257161608,26.2946939096755
GHA,Neonatal mortality rate,2017,22.5994696849365,19.8107626074353,25.6247993967143
GHA,Neonatal mortality rate,2018,21.7859371771955,18.8288096781435,25.0417059990318
GHA,Neonatal mortality rate,2019,21.0258772337253,17.9085595219939,24.6293752632718
GHA,Neonatal mortality rate,2020,20.3529371484745,16.9472384737659,24.3502865954874
GHA,Neonatal mortality rate,2021,19.7426490285267,16.0063830406989,24.226075117156
GHA,Neonatal mortality rate,2022,19.2092235090434,15.1592339370165,24.1614133772943
GHA,Neonatal mortality rate,2023,18.6860891240603,14.3030951115375,24.1461852128483
GHA,Neonatal mortality rate,2024,18.0690279956635,13.4049989311763,24.0093655786312
GIN,Neonatal mortality rate,2000,46.1102125644813,41.0144377822873,51.71707310019
GIN,Neonatal mortality rate,2001,44.0909269828919,38.9994512006986,49.5026507882653
GIN,Neonatal mortality rate,2002,42.5518269085118,37.6674862585504,47.7624388248952
GIN,Neonatal mortality rate,2003,41.346070555339,36.6510613607442,46.5237988608464
GIN,Neonatal mortality rate,2004,40.3031747635488,35.6391959857339,45.3738780860611
GIN,Neonatal mortality rate,2005,39.3172276335521,34.6459065959474,44.271189798795
GIN,Neonatal mortality rate,2006,38.3411740523033,33.652059760351,43.4094363343321
GIN,Neonatal mortality rate,2007,37.5462795148642,32.9874612386622,42.6153020366097
GIN,Neonatal mortality rate,2008,36.9490584811412,32.4452455905788,41.9559764694103
GIN,Neonatal mortality rate,2009,36.4569022461734,32.0295286429254,41.473404028353
GIN,Neonatal mortality rate,2010,35.9950330804774,31.6016045892074,41.1313653988437
GIN,Neonatal mortality rate,2011,35.5644109442225,30.9549110078102,40.8434764053586
GIN,Neonatal mortality rate,2012,35.139721200116,30.3682957818673,40.4606030044206
GIN,Neonatal mortality rate,2013,34.6212999231441,29.7408272948601,40.0571442823156
GIN,Neonatal mortality rate,2014,34.1309681784265,29.1824927714676,39.7346076186412
GIN,Neonatal mortality rate,2015,33.653720025127,28.4680363398612,39.5608148559727
GIN,Neonatal mortality rate,2016,33.24019887039,27.5538362313277,39.7615757697987
GIN,Neonatal mortality rate,2017,32.8803787504504,26.6435573654739,39.9707949291674
GIN,Neonatal mortality rate,2018,32.5517338182968,25.913407585329,40.3852109128302
GIN,Neonatal mortality rate,2019,32.2206766983713,25.0426835894319,40.8494633480633
GIN,Neonatal mortality rate,2020,31.8022454741283,24.1387710192689,41.2431248922106
GIN,Neonatal mortality rate,2021,31.3430140107785,23.1697341260361,41.9230279629188
GIN,Neonatal mortality rate,2022,30.8176722445452,22.1246457217796,42.5282120572311
GIN,Neonatal mortality rate,2023,30.3133629099213,21.0179009069668,43.0440972198462
GIN,Neonatal mortality rate,2024,29.7988534147444,20.0078689260312,43.8109169392968
GMB,Neonatal mortality rate,2000,40.178222610035,34.5528771020848,45.795929039993
GMB,Neonatal mortality rate,2001,39.4580001512392,34.0688921756299,44.8215273271847
GMB,Neonatal mortality rate,2002,38.7677426454005,33.4728831867612,44.2161713163279
GMB,Neonatal mortality rate,2003,38.1274479595491,33.0011406774818,43.4946134679929
GMB,Neonatal mortality rate,2004,37.4667401512184,32.4528675860367,42.8533628719858
GMB,Neonatal mortality rate,2005,36.7382970617306,31.9199203090889,42.1415301505079
GMB,Neonatal mortality rate,2006,35.9365006540637,31.3048356753188,41.3355389416198
GMB,Neonatal mortality rate,2007,35.1546616352422,30.4523391916059,40.5454209829793
GMB,Neonatal mortality rate,2008,34.4021140174957,29.7689934446811,39.8398413823989
GMB,Neonatal mortality rate,2009,33.6207164316648,29.0533876135289,38.9217083972872
GMB,Neonatal mortality rate,2010,32.8404934416087,28.3002599533621,38.076797490201
GMB,Neonatal mortality rate,2011,32.0385611068877,27.5652365259532,37.2000160481222
GMB,Neonatal mortality rate,2012,31.3075361598713,26.7526694152503,36.3344843568487
GMB,Neonatal mortality rate,2013,30.551097441023,25.9964305959618,35.5580532634725
GMB,Neonatal mortality rate,2014,29.7535902154996,25.236549205018,34.8574485086177
GMB,Neonatal mortality rate,2015,28.9796423523151,24.3993087959802,34.1897235157917
GMB,Neonatal mortality rate,2016,28.2025030172796,23.5112255518732,33.5823309673656
GMB,Neonatal mortality rate,2017,27.4027478708153,22.4906772842086,33.0749831455845
GMB,Neonatal mortality rate,2018,26.663740286321,21.5023941863147,32.7345405494408
GMB,Neonatal mortality rate,2019,25.9960489695293,20.4845837598426,32.5898858060062
GMB,Neonatal mortality rate,2020,25.335788318243,19.5141131755064,32.5851222717382
GMB,Neonatal mortality rate,2021,24.7027272880499,18.4423284785662,32.5141871974652
GMB,Neonatal mortality rate,2022,24.1226256856835,17.4444565006826,32.7423493501315
GMB,Neonatal mortality rate,2023,23.5173530893325,16.4765043856743,32.8361049390381
GMB,Neonatal mortality rate,2024,22.9514096982911,15.5590845488938,33.1552543555719
GNB,Neonatal mortality rate,2000,55.1934979305122,47.0056204822823,63.8854813305426
GNB,Neonatal mortality rate,2001,54.1736871286935,46.1471960793147,62.6775799137455
GNB,Neonatal mortality rate,2002,53.3287975002371,45.3310266064097,61.7258164396054
GNB,Neonatal mortality rate,2003,52.585974136321,44.7873566323544,61.03812338285
GNB,Neonatal mortality rate,2004,51.8287532668976,44.2805188380296,60.4414416958038
GNB,Neonatal mortality rate,2005,51.0352515726669,43.4733812427486,60.0636488503015
GNB,Neonatal mortality rate,2006,50.0687829056036,42.4766661905904,59.1367316764091
GNB,Neonatal mortality rate,2007,49.0380324333943,41.2142780420195,58.2911924265737
GNB,Neonatal mortality rate,2008,47.7891589414896,39.7784982468797,57.5008673690291
GNB,Neonatal mortality rate,2009,46.4616948838052,38.1175873142244,56.7503749800468
GNB,Neonatal mortality rate,2010,45.1075516588826,36.3121465842842,55.9030993385341
GNB,Neonatal mortality rate,2011,43.7309867891731,34.4073628167976,55.4962463990697
GNB,Neonatal mortality rate,2012,42.376460417921,32.3531589913017,55.1652693931569
GNB,Neonatal mortality rate,2013,41.2653959194338,30.6152649258711,55.2037694912244
GNB,Neonatal mortality rate,2014,40.1551387232579,28.8458618073181,55.2698739289588
GNB,Neonatal mortality rate,2015,39.1026218248829,27.1620374665863,55.2851814872895
GNB,Neonatal mortality rate,2016,38.1829098632922,25.7998157848879,55.4851616839984
GNB,Neonatal mortality rate,2017,37.2724302522793,24.3597484788198,55.6782818939948
GNB,Neonatal mortality rate,2018,36.4939310379765,23.1149795114843,56.2270815568331
GNB,Neonatal mortality rate,2019,35.6983896680453,21.8866081421145,56.6184598630765
GNB,Neonatal mortality rate,2020,34.9331408497888,20.7479771184126,56.7665064344668
GNB,Neonatal mortality rate,2021,34.1517580563708,19.5244179430028,57.3865068460817
GNB,Neonatal mortality rate,2022,33.4563754569862,18.4790994013463,57.7277851022409
GNB,Neonatal mortality rate,2023,32.6881535316008,17.5981707940775,58.2150153962624
GNB,Neonatal mortality rate,2024,31.9810118917783,16.7362198463075,58.8100768306707
GNQ,Neonatal mortality rate,2000,46.0862233024713,36.7611050482535,57.9513378965965
GNQ,Neonatal mortality rate,2001,45.584717020485,36.553081583275,57.4380189894163
GNQ,Neonatal mortality rate,2002,44.9289839058381,35.9276971855327,56.7917476681641
GNQ,Neonatal mortality rate,2003,44.0829540873409,35.2193971185999,55.9690204072235
GNQ,Neonatal mortality rate,2004,43.0487461304308,34.1406765653636,54.5977397308
GNQ,Neonatal mortality rate,2005,41.7936034011525,32.6239538764209,53.2732595689608
GNQ,Neonatal mortality rate,2006,40.3844928741635,31.2402262515049,51.5965275999196
GNQ,Neonatal mortality rate,2007,38.7950753747257,29.4439384124237,50.1223230418712
GNQ,Neonatal mortality rate,2008,37.4021136257101,27.9924672612668,48.8649322816022
GNQ,Neonatal mortality rate,2009,36.1149814918083,26.2944486397178,48.0415404463181
GNQ,Neonatal mortality rate,2010,35.035212711613,24.5033386671247,48.2418531182969
GNQ,Neonatal mortality rate,2011,34.1249269183725,22.8489214209994,48.7546299724055
GNQ,Neonatal mortality rate,2012,33.4988873801179,21.3785578352522,49.198123261976
GNQ,Neonatal mortality rate,2013,32.811437250428,20.1519627511372,49.5937910353962
GNQ,Neonatal mortality rate,2014,32.0590664967389,19.0653293401379,50.1504464603283
GNQ,Neonatal mortality rate,2015,31.5343055944117,18.0042129236933,50.8945276562463
GNQ,Neonatal mortality rate,2016,30.9395024457542,17.1359270100083,51.5357446107391
GNQ,Neonatal mortality rate,2017,30.4776581983469,16.2043276961776,51.9896434312656
GNQ,Neonatal mortality rate,2018,29.8441768103548,15.1931019635928,52.6402170084458
GNQ,Neonatal mortality rate,2019,29.1833788531376,14.3835319826787,52.7084974042488
GNQ,Neonatal mortality rate,2020,28.5683635398786,13.6574750249599,53.4087869545606
GNQ,Neonatal mortality rate,2021,28.0405693686829,13.0044084843499,54.1015133349122
GNQ,Neonatal mortality rate,2022,27.3732838325389,12.3489882456585,54.6350286008061
GNQ,Neonatal mortality rate,2023,26.744466307853,11.8895863617042,55.0054622909273
GNQ,Neonatal mortality rate,2024,26.2864378800793,11.3588772191528,55.6549868022849
KEN,Neonatal mortality rate,2000,26.3479014711247,23.7469563595661,29.0517419390591
KEN,Neonatal mortality rate,2001,26.1173905882658,23.560772382661,28.7875453349667
KEN,Neonatal mortality rate,2002,25.8252834537938,23.3154053909058,28.4679213410302
KEN,Neonatal mortality rate,2003,25.4621841330426,22.9677684088256,28.1339974096397
KEN,Neonatal mortality rate,2004,25.0631685775042,22.6140141849055,27.7202052481854
KEN,Neonatal mortality rate,2005,24.6827317785996,22.2407878965782,27.367590493455
KEN,Neonatal mortality rate,2006,24.3254469363959,21.8912044343408,26.9704236812702
KEN,Neonatal mortality rate,2007,23.9972840834556,21.5614213671133,26.6232228358042
KEN,Neonatal mortality rate,2008,23.7111180984465,21.2897299905073,26.3290049494061
KEN,Neonatal mortality rate,2009,23.5170525681254,21.1247028163529,26.071446763092
KEN,Neonatal mortality rate,2010,23.3680472586702,21.0334959156375,25.904930358689
KEN,Neonatal mortality rate,2011,23.3045571422786,20.9813211377848,25.8474297749088
KEN,Neonatal mortality rate,2012,23.2979012212058,20.9733291438511,25.9171183221007
KEN,Neonatal mortality rate,2013,23.328488779146,20.9209764146243,26.0048340251597
KEN,Neonatal mortality rate,2014,23.3212024790738,20.8614536420751,26.092090318951
KEN,Neonatal mortality rate,2015,23.2383502736337,20.7332858535971,26.0562399941937
KEN,Neonatal mortality rate,2016,23.0799992475309,20.5680455239794,25.9661144362105
KEN,Neonatal mortality rate,2017,22.8365373630385,20.2759193542179,25.8069879840085
KEN,Neonatal mortality rate,2018,22.5842856674128,19.9261035915911,25.6791595730136
KEN,Neonatal mortality rate,2019,22.3032415171692,19.5485307794321,25.5493691902475
KEN,Neonatal mortality rate,2020,22.0137737752031,19.0354823042395,25.5273902225407
KEN,Neonatal mortality rate,2021,21.7308022910192,18.4789586969312,25.6592411069203
KEN,Neonatal mortality rate,2022,21.4209827028919,17.8263379513045,25.8473693447887
KEN,Neonatal mortality rate,2023,21.1043341447586,17.1240063927997,26.0321811228226
KEN,Neonatal mortality rate,2024,20.6990626052317,16.4110851869388,26.138376779955
LBR,Neonatal mortality rate,2000,49.5555068382684,43.5672293693624,56.3106303891944
LBR,Neonatal mortality rate,2001,47.574861692475,41.7920613177297,54.0448744591496
LBR,Neonatal mortality rate,2002,45.4984543140872,39.9462987520771,51.4889246746391
LBR,Neonatal mortality rate,2003,43.3654742493134,38.1429978967073,49.1205765585364
LBR,Neonatal mortality rate,2004,41.5664047643333,36.5463842052476,47.1018033197286
LBR,Neonatal mortality rate,2005,39.9433819486136,35.2351412900083,45.2490628930363
LBR,Neonatal mortality rate,2006,38.5395958255353,33.8287202061006,43.6846892006099
LBR,Neonatal mortality rate,2007,37.3142455650215,32.5855099480732,42.3713224278822
LBR,Neonatal mortality rate,2008,36.2538317237121,31.5949110320992,41.2419856093332
LBR,Neonatal mortality rate,2009,35.4166829320024,30.8314624391817,40.3553295910419
LBR,Neonatal mortality rate,2010,34.8081316169581,30.333652766452,39.6919447947625
LBR,Neonatal mortality rate,2011,34.409714290834,29.9994272277886,39.4070580283579
LBR,Neonatal mortality rate,2012,34.2056997937103,29.7656415485467,39.3122931238251
LBR,Neonatal mortality rate,2013,34.1210914640849,29.5710309431758,39.378458019168
LBR,Neonatal mortality rate,2014,34.1145688207624,29.5407665455169,39.5912557022833
LBR,Neonatal mortality rate,2015,34.005973813028,29.3335975577203,39.657279837315
LBR,Neonatal mortality rate,2016,33.9331551820186,29.1664127988277,39.8118049715175
LBR,Neonatal mortality rate,2017,33.832714709259,28.839976965297,39.9269617899577
LBR,Neonatal mortality rate,2018,33.6827526160567,28.4180218376059,39.9383262337445
LBR,Neonatal mortality rate,2019,33.5208274466904,27.9380086493099,40.0953896976082
LBR,Neonatal mortality rate,2020,33.446074418363,27.479064442601,40.4349568688145
LBR,Neonatal mortality rate,2021,33.3762262725515,26.9291675972948,40.8758802258203
LBR,Neonatal mortality rate,2022,33.2398686301066,26.2266183336373,41.5717224773463
LBR,Neonatal mortality rate,2023,33.0966640925464,25.2625963758051,42.7018124676676
LBR,Neonatal mortality rate,2024,32.9369250443993,24.225490553402,43.8052309309517
LSO,Neonatal mortality rate,2000,37.1118182548122,33.6110729516716,41.0357252257786
LSO,Neonatal mortality rate,2001,37.5316143785354,34.0182378198139,41.4402128226683
LSO,Neonatal mortality rate,2002,37.950068090073,34.3713405482023,41.7914426281086
LSO,Neonatal mortality rate,2003,38.3174248412713,34.6375266468858,42.1529736518429
LSO,Neonatal mortality rate,2004,38.5847609253613,34.8246984706236,42.494142559486
LSO,Neonatal mortality rate,2005,38.704932964301,34.9507936686941,42.7055620680194
LSO,Neonatal mortality rate,2006,38.6422589970248,34.7863331221974,42.8506713543667
LSO,Neonatal mortality rate,2007,38.3218576832171,34.3657211090314,42.6980438055169
LSO,Neonatal mortality rate,2008,37.8084008494313,33.6939484482323,42.3641917251936
LSO,Neonatal mortality rate,2009,37.195015142883,33.0016300987833,41.9128608530809
LSO,Neonatal mortality rate,2010,36.5665103138663,32.3742826186946,41.2743817983259
LSO,Neonatal mortality rate,2011,36.0074904675079,31.6973649730533,40.772788915489
LSO,Neonatal mortality rate,2012,35.5551644343319,31.2474080384393,40.4089367552909
LSO,Neonatal mortality rate,2013,35.1641870681303,30.8494876704906,40.008804499143
LSO,Neonatal mortality rate,2014,34.6530370552552,30.3934776261917,39.5851387365515
LSO,Neonatal mortality rate,2015,34.1329996845159,29.8797262745343,39.0842789816444
LSO,Neonatal mortality rate,2016,33.5084416606661,29.0883718815788,38.7140971167722
LSO,Neonatal mortality rate,2017,32.8372696407928,28.043931046838,38.3420521832057
LSO,Neonatal mortality rate,2018,32.0884275220969,26.957414661427,38.1106394493262
LSO,Neonatal mortality rate,2019,31.4344536097414,25.6930582888354,38.1502586819875
LSO,Neonatal mortality rate,2020,30.8098029291365,24.4112602007997,38.4328436853984
LSO,Neonatal mortality rate,2021,30.2174885439664,23.0917237607341,39.0749896037357
LSO,Neonatal mortality rate,2022,29.6555256226084,21.7982539143396,39.6256784100738
LSO,Neonatal mortality rate,2023,29.0752279279475,20.5760253379153,40.3193552009979
LSO,Neonatal mortality rate,2024,28.4909315683785,19.3882467934708,41.0844516886559
MDG,Neonatal mortality rate,2000,31.0030919143989,28.0702021919557,34.1977268211547
MDG,Neonatal mortality rate,2001,30.2367412966737,27.2958069648304,33.3726587519416
MDG,Neonatal mortality rate,2002,29.5186303799997,26.614340969353,32.6283351685183
MDG,Neonatal mortality rate,2003,28.8258845670123,26.0159472311763,31.8963244634218
MDG,Neonatal mortality rate,2004,28.181209989006,25.3819369579141,31.2326953988777
MDG,Neonatal mortality rate,2005,27.5460909212011,24.8149846385215,30.5516148666245
MDG,Neonatal mortality rate,2006,26.9187565681605,24.2171121447243,29.9113329124499
MDG,Neonatal mortality rate,2007,26.3252098200639,23.5935449824505,29.3109687643053
MDG,Neonatal mortality rate,2008,25.7738187957305,23.085944768418,28.7827086548086
MDG,Neonatal mortality rate,2009,25.2555055487764,22.5385295278718,28.323254691225
MDG,Neonatal mortality rate,2010,24.8289309843416,22.0803151776447,27.9191545624853
MDG,Neonatal mortality rate,2011,24.51119225537,21.682806824296,27.5703323366119
MDG,Neonatal mortality rate,2012,24.2113791873739,21.3406253871748,27.3356712099759
MDG,Neonatal mortality rate,2013,23.9802403683297,21.0942326740855,27.138479369732
MDG,Neonatal mortality rate,2014,23.8034164473215,20.9046239368862,27.0337117833428
MDG,Neonatal mortality rate,2015,23.6818238426735,20.7613343651266,26.9764632039845
MDG,Neonatal mortality rate,2016,23.6338408456658,20.6349495070847,27.0847878556365
MDG,Neonatal mortality rate,2017,23.6395321625727,20.4926041231187,27.2273806058732
MDG,Neonatal mortality rate,2018,23.6213657748261,20.3145036829818,27.5296892676661
MDG,Neonatal mortality rate,2019,23.6475761460348,20.0353745578517,27.9376949907122
MDG,Neonatal mortality rate,2020,23.6884446838832,19.6747712892752,28.5909894321517
MDG,Neonatal mortality rate,2021,23.6401084380678,19.1893271421197,29.2708481553985
MDG,Neonatal mortality rate,2022,23.5333745927419,18.6787835725945,29.9052049006394
MDG,Neonatal mortality rate,2023,23.3208177393417,17.9923843922667,30.5546042228253
MDG,Neonatal mortality rate,2024,23.0591487889782,17.3459616160437,31.1497247775583
MLI,Neonatal mortality rate,2000,51.5881809868992,46.6456058999455,57.0049784461655
MLI,Neonatal mortality rate,2001,49.9446637651194,45.0156454314093,55.3447185571115
MLI,Neonatal mortality rate,2002,48.3699521588084,43.6215786629841,53.5809049957696
MLI,Neonatal mortality rate,2003,46.9307959450406,42.2416680212297,51.8416574865872
MLI,Neonatal mortality rate,2004,45.5843459997969,41.013873281494,50.365571603988
MLI,Neonatal mortality rate,2005,44.4098895230893,39.93266620496,49.0982970112102
MLI,Neonatal mortality rate,2006,43.3055985142228,38.8052225078152,48.0654349476391
MLI,Neonatal mortality rate,2007,42.2709355164412,37.8943286903503,47.0060263589851
MLI,Neonatal mortality rate,2008,41.271427009818,36.9631748455289,45.9454463583574
MLI,Neonatal mortality rate,2009,40.2775897899538,36.0123734963867,44.8911662362386
MLI,Neonatal mortality rate,2010,39.2861007427577,35.1185423271355,43.7685966188488
MLI,Neonatal mortality rate,2011,38.3650253634507,34.2422858925683,42.8219294879942
MLI,Neonatal mortality rate,2012,37.5658981684744,33.5391782552516,42.002490450494
MLI,Neonatal mortality rate,2013,36.8526419477563,32.8281270673186,41.2514123509349
MLI,Neonatal mortality rate,2014,36.1192109580697,32.1398285899881,40.4869151226706
MLI,Neonatal mortality rate,2015,35.3638208195182,31.399768419105,39.7474996964591
MLI,Neonatal mortality rate,2016,34.5522237715716,30.5835859630782,39.0401347355457
MLI,Neonatal mortality rate,2017,33.7218329190407,29.7202397901981,38.2391063405163
MLI,Neonatal mortality rate,2018,32.8450514809251,28.7600046898694,37.5263362461287
MLI,Neonatal mortality rate,2019,31.9901248591842,27.7118557926104,36.8518134956174
MLI,Neonatal mortality rate,2020,31.1720000007905,26.6674297768892,36.2503771009553
MLI,Neonatal mortality rate,2021,30.3000183794525,25.5109065038216,35.7789593263302
MLI,Neonatal mortality rate,2022,29.4929947616111,24.434319938127,35.3353234630875
MLI,Neonatal mortality rate,2023,28.7026971061366,23.3693954158802,34.9758142162179
MLI,Neonatal mortality rate,2024,27.9933206308862,22.321175035331,34.7101361622164
MOZ,Neonatal mortality rate,2000,44.3469940635381,39.5630454038398,49.3986456333416
MOZ,Neonatal mortality rate,2001,41.8208460140621,37.2617858323727,46.5767028749393
MOZ,Neonatal mortality rate,2002,39.493850970784,35.1626689326128,43.9852649291864
MOZ,Neonatal mortality rate,2003,37.3986315116482,33.2962694844763,41.707592099302
MOZ,Neonatal mortality rate,2004,35.5841116800917,31.5987837073405,39.6798421277098
MOZ,Neonatal mortality rate,2005,33.9969454740354,30.0980733465079,37.9161543784821
MOZ,Neonatal mortality rate,2006,32.6313635382432,28.933180378501,36.4594048101631
MOZ,Neonatal mortality rate,2007,31.4804722934978,27.9577940953215,35.1348477910228
MOZ,Neonatal mortality rate,2008,30.4033455441944,26.9861714695204,33.9554927976506
MOZ,Neonatal mortality rate,2009,29.4319907768875,26.0827044449809,32.9382962792871
MOZ,Neonatal mortality rate,2010,28.5651697432594,25.1313442355993,32.0613785425504
MOZ,Neonatal mortality rate,2011,27.8311766757108,24.3325252394158,31.3758699598748
MOZ,Neonatal mortality rate,2012,27.2313060499983,23.6659743124974,30.8609287458781
MOZ,Neonatal mortality rate,2013,26.8586237515129,23.2619385506424,30.5528862758697
MOZ,Neonatal mortality rate,2014,26.6419513039636,23.1077324533808,30.3714568177278
MOZ,Neonatal mortality rate,2015,26.5637292042332,23.0960491844478,30.4051249491034
MOZ,Neonatal mortality rate,2016,26.6058573842267,23.121343880705,30.5911043188505
MOZ,Neonatal mortality rate,2017,26.6580737431046,23.1072512919752,30.9059112867777
MOZ,Neonatal mortality rate,2018,26.6747718581649,22.9449671021768,31.3089365486167
MOZ,Neonatal mortality rate,2019,26.6379966568132,22.6411941804092,31.7326619012778
MOZ,Neonatal mortality rate,2020,26.4988310242098,22.0738848128293,32.1120552183653
MOZ,Neonatal mortality rate,2021,26.2678530048569,21.4114174173161,32.5224041342149
MOZ,Neonatal mortality rate,2022,25.9536290960836,20.6170330765668,32.8270233261487
MOZ,Neonatal mortality rate,2023,25.5513217906723,19.7894864752074,33.0884873666934
MOZ,Neonatal mortality rate,2024,25.0800364511959,18.9404118877785,33.3765342935516
MRT,Neonatal mortality rate,2000,38.9187427381997,34.657449049665,43.6359353799798
MRT,Neonatal mortality rate,2001,37.6341353877485,33.4733261640996,42.1999950552402
MRT,Neonatal mortality rate,2002,36.3060513621008,32.2564415710129,40.662374126393
MRT,Neonatal mortality rate,2003,34.9791445389094,31.0918248775896,39.13345793631
MRT,Neonatal mortality rate,2004,33.6877256043466,29.8926209088163,37.8333364022065
MRT,Neonatal mortality rate,2005,32.4861906111667,28.7296217635576,36.5962759491498
MRT,Neonatal mortality rate,2006,31.3740920739663,27.6459055825803,35.4456961472155
MRT,Neonatal mortality rate,2007,30.4301612322129,26.7725389112129,34.5275165630366
MRT,Neonatal mortality rate,2008,29.6042614236992,26.0266659342275,33.6407030936151
MRT,Neonatal mortality rate,2009,28.9062094793545,25.3792441153532,32.8177551812345
MRT,Neonatal mortality rate,2010,28.3233996993419,24.8295457553099,32.1446277501399
MRT,Neonatal mortality rate,2011,27.7682545668555,24.3530089953139,31.5570553840408
MRT,Neonatal mortality rate,2012,27.2487940666726,23.8586971579184,31.0463931624885
MRT,Neonatal mortality rate,2013,26.7254799619293,23.2830709078598,30.5308512018145
MRT,Neonatal mortality rate,2014,26.1712880662167,22.7031634200064,30.1546419111121
MRT,Neonatal mortality rate,2015,25.5873605242264,22.0328520915931,29.6876727330641
MRT,Neonatal mortality rate,2016,25.0372833417968,21.3159692099492,29.3503016234562
MRT,Neonatal mortality rate,2017,24.4653031626676,20.5278284403849,29.1865197400792
MRT,Neonatal mortality rate,2018,23.9153410046097,19.6168334993905,29.2889318405986
MRT,Neonatal mortality rate,2019,23.3738390101237,18.690770523374,29.4862994212211
MRT,Neonatal mortality rate,2020,22.8662138199108,17.7761845720833,29.5736353264934
MRT,Neonatal mortality rate,2021,22.3825207043097,16.8339327569963,29.8065415256141
MRT,Neonatal mortality rate,2022,21.832808859857,16.0142189678583,30.117753813704
MRT,Neonatal mortality rate,2023,21.3088583698846,15.2068165269472,30.3343876340372
MRT,Neonatal mortality rate,2024,20.8197373308287,14.4003430044677,30.5182064878489
MUS,Neonatal mortality rate,2000,12.3952989549002,11.6383524168012,13.1562089564161
MUS,Neonatal mortality rate,2001,11.2904149763086,10.6068315021255,11.9593175958237
MUS,Neonatal mortality rate,2002,10.5325201738703,9.87345534698981,11.1836688407383
MUS,Neonatal mortality rate,2003,10.1484590095982,9.48586117483936,10.83198451179
MUS,Neonatal mortality rate,2004,10.1127450144006,9.49581506157392,10.7473590755299
MUS,Neonatal mortality rate,2005,10.1797343920417,9.50008948782152,10.8837738471798
MUS,Neonatal mortality rate,2006,10.1341838476528,9.48422688468346,10.8225035978971
MUS,Neonatal mortality rate,2007,9.96659093449614,9.31787498443422,10.6538195731679
MUS,Neonatal mortality rate,2008,9.74011010063817,9.07202695994513,10.4359023017037
MUS,Neonatal mortality rate,2009,9.51407926953645,8.88035897719775,10.1781840034986
MUS,Neonatal mortality rate,2010,9.37011424501435,8.6758631666736,10.1006713289947
MUS,Neonatal mortality rate,2011,9.35988152902436,8.69014707795269,10.0659006943456
MUS,Neonatal mortality rate,2012,9.40333053180422,8.74680784878783,10.1214525336275
MUS,Neonatal mortality rate,2013,9.36513297228265,8.66714878524147,10.1074226491612
MUS,Neonatal mortality rate,2014,9.19331139413547,8.53255208075029,9.87472441953314
MUS,Neonatal mortality rate,2015,9.05924332618048,8.35346397550897,9.79764405957238
MUS,Neonatal mortality rate,2016,9.1367748391507,8.45234619983626,9.86294816641202
MUS,Neonatal mortality rate,2017,9.38860800559496,8.70173190903638,10.1204441060136
MUS,Neonatal mortality rate,2018,9.66255788701424,8.94596289423126,10.4467544036331
MUS,Neonatal mortality rate,2019,9.86046306937325,9.16381102091926,10.5939770460775
MUS,Neonatal mortality rate,2020,9.90532766631898,9.16490804921048,10.7008661267654
MUS,Neonatal mortality rate,2021,9.79587584773323,9.08024879848737,10.5605311935247
MUS,Neonatal mortality rate,2022,9.60706402278012,8.86759000035448,10.383372861138
MUS,Neonatal mortality rate,2023,9.52051808778476,8.75738971875652,10.3563792040329
MUS,Neonatal mortality rate,2024,9.59147823608422,8.54197491529085,10.7731422360751
MWI,Neonatal mortality rate,2000,37.8695506645728,33.8351244826101,41.9205002255236
MWI,Neonatal mortality rate,2001,37.1636429702834,33.2375289550566,41.0401516680703
MWI,Neonatal mortality rate,2002,33.7716355455294,30.1227244941215,37.4245931075628
MWI,Neonatal mortality rate,2003,31.9699237538056,28.6122869785533,35.3596756417302
MWI,Neonatal mortality rate,2004,30.5180196525936,27.4001405971375,33.6858694815419
MWI,Neonatal mortality rate,2005,29.4194862927268,26.5046627533655,32.4352615440693
MWI,Neonatal mortality rate,2006,28.7100555467557,25.9630071133067,31.5838552958371
MWI,Neonatal mortality rate,2007,28.2669924891045,25.5185384659158,31.1070727590221
MWI,Neonatal mortality rate,2008,27.8401315682852,25.103250732163,30.723642851641
MWI,Neonatal mortality rate,2009,27.32392670195,24.6280324252027,30.2566048090253
MWI,Neonatal mortality rate,2010,26.7007667457986,24.0775909225525,29.6594290560153
MWI,Neonatal mortality rate,2011,26.0614848823073,23.5574843779027,28.8803325173476
MWI,Neonatal mortality rate,2012,25.3760095392617,22.8846736611364,28.0955104889693
MWI,Neonatal mortality rate,2013,24.7818021516205,22.2033887478279,27.5778580461616
MWI,Neonatal mortality rate,2014,24.3471856710162,21.6649798375578,27.3151308619166
MWI,Neonatal mortality rate,2015,24.0487691463763,21.1135292089039,27.2300104884756
MWI,Neonatal mortality rate,2016,23.860239315659,20.7577766671984,27.3019669895526
MWI,Neonatal mortality rate,2017,23.781089963786,20.4817682156085,27.4953600689253
MWI,Neonatal mortality rate,2018,23.756973445017,20.2626645039278,27.8074913367569
MWI,Neonatal mortality rate,2019,23.7676331857563,20.035615958285,28.2106402691621
MWI,Neonatal mortality rate,2020,23.8674125397323,19.7666872835275,28.6939533472868
MWI,Neonatal mortality rate,2021,23.9087077959955,19.3931810075767,29.2887274982873
MWI,Neonatal mortality rate,2022,23.8481460058492,18.868983705433,30.1968287550769
MWI,Neonatal mortality rate,2023,23.779223099815,18.1593705373156,31.2024230280045
MWI,Neonatal mortality rate,2024,23.6039871573409,17.3820419254937,32.0944930899506
NAM,Neonatal mortality rate,2000,24.0411622085455,20.9905583485468,27.5825460769441
NAM,Neonatal mortality rate,2001,23.1960172445467,20.2498404210205,26.6880667668613
NAM,Neonatal mortality rate,2002,22.4288350672398,19.5394031144604,25.7779619335904
NAM,Neonatal mortality rate,2003,21.7468818211045,18.9451037795276,25.0227818622341
NAM,Neonatal mortality rate,2004,21.2003550763955,18.4671988271399,24.357566863239
NAM,Neonatal mortality rate,2005,20.8087316951901,18.1387973562776,23.8588361609712
NAM,Neonatal mortality rate,2006,20.6095196699633,17.8995903451068,23.718585268261
NAM,Neonatal mortality rate,2007,20.61539127596,17.7344819523324,23.9999147452621
NAM,Neonatal mortality rate,2008,20.8582734055023,17.7134253160441,24.5814534058742
NAM,Neonatal mortality rate,2009,21.2700799113687,17.8166213940546,25.4510637263835
NAM,Neonatal mortality rate,2010,21.8961603381274,18.0503152127703,26.5793223722329
NAM,Neonatal mortality rate,2011,22.6518400097559,18.3346420931143,27.8161120169858
NAM,Neonatal mortality rate,2012,23.3772784263351,18.5567052687355,29.1436350168542
NAM,Neonatal mortality rate,2013,23.8514352949025,18.5722372269981,30.1775344697866
NAM,Neonatal mortality rate,2014,24.3115681061693,18.5876208692743,31.0778716389407
NAM,Neonatal mortality rate,2015,24.6147375420742,18.4993495586284,31.5327857784252
NAM,Neonatal mortality rate,2016,24.7718668927052,18.3433059570268,31.9989329927173
NAM,Neonatal mortality rate,2017,24.7477765279317,18.173939429438,32.3860712009925
NAM,Neonatal mortality rate,2018,24.5501630301161,18.0452882842197,32.579555120903
NAM,Neonatal mortality rate,2019,24.2253171220839,17.7636699563388,32.5707996869833
NAM,Neonatal mortality rate,2020,23.7983349387792,17.3759044299905,32.264156187818
NAM,Neonatal mortality rate,2021,23.2860784301169,17.0135349378706,31.97493439765
NAM,Neonatal mortality rate,2022,22.7259908761678,16.5124184261955,32.1677044593453
NAM,Neonatal mortality rate,2023,22.0908154206582,15.7461178832499,32.5491608560297
NAM,Neonatal mortality rate,2024,21.3781128704748,14.5782706160113,32.8334089836116
NER,Neonatal mortality rate,2000,44.0549413123078,38.3252477513837,50.183547210463
NER,Neonatal mortality rate,2001,42.5558854483689,36.934317116024,48.6053220822227
NER,Neonatal mortality rate,2002,41.090445770034,35.5207768682833,47.0469433087127
NER,Neonatal mortality rate,2003,39.7813403082652,34.4316055576882,45.4457560330282
NER,Neonatal mortality rate,2004,38.5532033226301,33.4562340097296,44.0429785963267
NER,Neonatal mortality rate,2005,37.5182319460544,32.5868669258659,42.9017265611711
NER,Neonatal mortality rate,2006,36.6462011201012,31.7826582443854,41.8837965993797
NER,Neonatal mortality rate,2007,35.8730896514475,31.158265735169,41.0863306464565
NER,Neonatal mortality rate,2008,35.2430949293252,30.5306902252023,40.4313801959735
NER,Neonatal mortality rate,2009,34.7706430502439,29.9696213061014,39.9782441064508
NER,Neonatal mortality rate,2010,34.4250333884254,29.7041689729127,39.7153450754862
NER,Neonatal mortality rate,2011,34.2487562130631,29.4798547115572,39.6275448539411
NER,Neonatal mortality rate,2012,34.2217023094282,29.2493018783123,39.8222372896449
NER,Neonatal mortality rate,2013,34.2619350395817,29.1877418171973,40.0765005883821
NER,Neonatal mortality rate,2014,34.3529597027385,29.0923785595668,40.5215724958518
NER,Neonatal mortality rate,2015,34.4571228161317,28.945815474592,40.8484750327585
NER,Neonatal mortality rate,2016,34.4409003690251,28.7693708575355,41.2847478872345
NER,Neonatal mortality rate,2017,34.4414290717205,28.5144004447996,41.7605314143932
NER,Neonatal mortality rate,2018,34.3451547915581,28.1385937253452,42.284971553049
NER,Neonatal mortality rate,2019,34.2978449968053,27.7054545022484,42.8678179926063
NER,Neonatal mortality rate,2020,34.1769064489417,26.9750966867276,43.6043042569667
NER,Neonatal mortality rate,2021,33.9325302402408,26.1927897166334,44.2877571507435
NER,Neonatal mortality rate,2022,33.6200720839832,25.2808658577461,44.9007771415387
NER,Neonatal mortality rate,2023,33.2443037936125,24.2460950356772,45.5910547308489
NER,Neonatal mortality rate,2024,32.7507182301293,23.3316269783197,46.4919769357095
NGA,Neonatal mortality rate,2000,46.1036762063587,41.9175223263361,50.525409746924
NGA,Neonatal mortality rate,2001,44.7711971815936,40.613229542052,49.0705925227442
NGA,Neonatal mortality rate,2002,43.4139774418906,39.3111601358285,47.6197654237141
NGA,Neonatal mortality rate,2003,42.0590035024768,38.1018071806647,46.2527633184827
NGA,Neonatal mortality rate,2004,40.9417542920509,36.9820420008444,45.0662377843238
NGA,Neonatal mortality rate,2005,40.0209239279157,36.2231627945807,44.0280266972717
NGA,Neonatal mortality rate,2006,39.3109056773343,35.595177764597,43.2501105677633
NGA,Neonatal mortality rate,2007,38.7790992489661,35.1733501878974,42.6450796191025
NGA,Neonatal mortality rate,2008,38.3962287410991,34.8028380290069,42.2234875596791
NGA,Neonatal mortality rate,2009,38.06663616293,34.4301031427779,41.9386469949518
NGA,Neonatal mortality rate,2010,37.8501886119536,34.199403271114,41.6330863594341
NGA,Neonatal mortality rate,2011,37.6963437417282,34.0295621100553,41.5305046681625
NGA,Neonatal mortality rate,2012,37.6273506468636,33.9245734247208,41.4789214239149
NGA,Neonatal mortality rate,2013,37.6627148777399,33.9389343003213,41.5664550270002
NGA,Neonatal mortality rate,2014,37.7780492918116,34.0653900538017,41.8132392298908
NGA,Neonatal mortality rate,2015,37.985969120384,34.2021872015913,42.1826145220768
NGA,Neonatal mortality rate,2016,38.2096489510365,34.3248404158434,42.6026247305649
NGA,Neonatal mortality rate,2017,38.4777875333784,34.508334887418,43.1223603342802
NGA,Neonatal mortality rate,2018,38.7370684671704,34.5646187631499,43.6638376863655
NGA,Neonatal mortality rate,2019,38.9593628567833,34.5323613408761,44.2609999131453
NGA,Neonatal mortality rate,2020,39.1644421294986,34.3512780211926,44.8325155571683
NGA,Neonatal mortality rate,2021,39.2835777405861,33.9772653198764,45.5588989348712
NGA,Neonatal mortality rate,2022,39.3335485892136,33.4418677269539,46.3545527625709
NGA,Neonatal mortality rate,2023,39.2394184711156,32.8080955038625,47.2585661555017
NGA,Neonatal mortality rate,2024,39.0457229325518,31.9121766253568,48.0808446253349
RWA,Neonatal mortality rate,2000,43.0719628110831,38.8081320693689,47.7337432019384
RWA,Neonatal mortality rate,2001,40.2568122354412,36.3487359800074,44.5117131101296
RWA,Neonatal mortality rate,2002,37.4341235556501,33.7656983624014,41.3377038332511
RWA,Neonatal mortality rate,2003,34.7954187947898,31.2885256089687,38.4653577106144
RWA,Neonatal mortality rate,2004,32.3737524318588,28.994755165487,35.8836309798974
RWA,Neonatal mortality rate,2005,30.2247237449791,27.0434657577927,33.5836646494142
RWA,Neonatal mortality rate,2006,28.4010909317941,25.3814916553379,31.6387187834347
RWA,Neonatal mortality rate,2007,26.8492926748343,23.9081428360223,30.0312808689684
RWA,Neonatal mortality rate,2008,25.4880043694021,22.6259654809273,28.6058940599517
RWA,Neonatal mortality rate,2009,24.2926571455388,21.501616899486,27.3422974888429
RWA,Neonatal mortality rate,2010,23.2574938735887,20.3731856334139,26.3579932553471
RWA,Neonatal mortality rate,2011,22.3398660008421,19.3642185747291,25.628688845456
RWA,Neonatal mortality rate,2012,21.5524357084972,18.3913808552657,25.0983544928549
RWA,Neonatal mortality rate,2013,20.8603257381321,17.5530097230775,24.6949780201503
RWA,Neonatal mortality rate,2014,20.3301274887338,16.9108648144834,24.3530946996994
RWA,Neonatal mortality rate,2015,19.8896224130486,16.4314046898764,24.0651389390283
RWA,Neonatal mortality rate,2016,19.5534148818223,16.0164989169381,23.8854050022546
RWA,Neonatal mortality rate,2017,19.2460395883205,15.5767041740659,23.6941986530603
RWA,Neonatal mortality rate,2018,18.9754347510958,15.2413463515557,23.5362561462304
RWA,Neonatal mortality rate,2019,18.7006005449201,14.9412472006762,23.2822516734312
RWA,Neonatal mortality rate,2020,18.444697838303,14.7339255877749,23.0714348991673
RWA,Neonatal mortality rate,2021,18.1737231435708,14.3182810984094,22.9775070303824
RWA,Neonatal mortality rate,2022,17.9391242513199,13.6440483485281,23.2849303855292
RWA,Neonatal mortality rate,2023,17.6468204675242,12.8111585451307,24.0479568728364
RWA,Neonatal mortality rate,2024,17.3512665068342,11.9301006168549,25.0544001977798
SDN,Neonatal mortality rate,2000,36.3440683160122,31.9515425515962,40.9205279597232
SDN,Neonatal mortality rate,2001,35.656797963155,31.3182957704403,40.0824221360433
SDN,Neonatal mortality rate,2002,34.9750500825265,30.7258829487333,39.5032303465123
SDN,Neonatal mortality rate,2003,34.3388231379792,30.1567716691704,38.7910063234103
SDN,Neonatal mortality rate,2004,33.904601440295,29.7498754525783,38.39411616838
SDN,Neonatal mortality rate,2005,33.3349034407989,29.2809176579036,37.8634261461128
SDN,Neonatal mortality rate,2006,32.5656647154439,28.5595216298082,37.089822863022
SDN,Neonatal mortality rate,2007,32.0668210170458,28.0351934577079,36.7066355971831
SDN,Neonatal mortality rate,2008,31.5712160330074,27.519272649562,36.2469455912514
SDN,Neonatal mortality rate,2009,31.1310025340421,26.9608010172518,35.9924161890158
SDN,Neonatal mortality rate,2010,30.6887279546106,26.3434637602186,35.7407316205909
SDN,Neonatal mortality rate,2011,30.2250473301391,25.6922769649981,35.5157801903056
SDN,Neonatal mortality rate,2012,29.7484587189621,24.8929135350221,35.3657534967549
SDN,Neonatal mortality rate,2013,29.2627190980896,24.1644304629762,35.2837151862737
SDN,Neonatal mortality rate,2014,28.7439725515369,23.4054232753621,35.1172005193842
SDN,Neonatal mortality rate,2015,28.1801807111773,22.5969933697121,34.9509879890756
SDN,Neonatal mortality rate,2016,27.6493909963354,21.7679788392371,34.9403453328709
SDN,Neonatal mortality rate,2017,27.1287418665466,20.8244055815951,35.1278838867942
SDN,Neonatal mortality rate,2018,26.5816724931965,19.942812506585,35.2326229735717
SDN,Neonatal mortality rate,2019,26.0699526306749,18.9786058141443,35.6389179035487
SDN,Neonatal mortality rate,2020,25.5903559768614,18.0703865881305,35.9604588823043
SDN,Neonatal mortality rate,2021,25.0608521565131,17.153809818532,36.3857399436214
SDN,Neonatal mortality rate,2022,24.515487128311,16.2510665453871,36.8492796792543
SDN,Neonatal mortality rate,2023,24.2307965707724,15.6433043421489,37.4458048559012
SDN,Neonatal mortality rate,2024,23.7111864011919,14.8032887018862,37.799129491198
SEN,Neonatal mortality rate,2000,37.7860307022051,34.2984989425632,41.5528699497813
SEN,Neonatal mortality rate,2001,36.7158186843079,33.3777831095683,40.3914377549571
SEN,Neonatal mortality rate,2002,35.4522229114918,32.2936898482282,38.8842916718857
SEN,Neonatal mortality rate,2003,34.0528967137072,31.0199325292359,37.3334210528906
SEN,Neonatal mortality rate,2004,32.5760920304184,29.6767257149387,35.7054489934169
SEN,Neonatal mortality rate,2005,31.084724627906,28.3683768694549,34.0564941254371
SEN,Neonatal mortality rate,2006,29.7568287699423,27.1184725663447,32.5888561428281
SEN,Neonatal mortality rate,2007,28.687361694084,26.1051750534794,31.3924597293514
SEN,Neonatal mortality rate,2008,27.8185504668505,25.3165812843906,30.4579232757773
SEN,Neonatal mortality rate,2009,27.1117078679585,24.6618521072088,29.6874600083109
SEN,Neonatal mortality rate,2010,26.4978065246814,24.0960055742837,29.023855564195
SEN,Neonatal mortality rate,2011,26.0304112471993,23.645911643991,28.5222870789225
SEN,Neonatal mortality rate,2012,25.7155410105039,23.3926337028678,28.2086680539204
SEN,Neonatal mortality rate,2013,25.5194822196226,23.1574044176726,28.0423252132486
SEN,Neonatal mortality rate,2014,25.4342681399817,23.0473975311648,27.9965519375692
SEN,Neonatal mortality rate,2015,25.3921681454865,23.0103355633832,28.0618500953616
SEN,Neonatal mortality rate,2016,25.3506856615729,22.8238166245895,28.2628273657562
SEN,Neonatal mortality rate,2017,25.2322634641827,22.5599548141643,28.4203074439207
SEN,Neonatal mortality rate,2018,24.9523361302908,22.1116442513734,28.4088182170926
SEN,Neonatal mortality rate,2019,24.5077444286419,21.5005671729325,28.2133208852965
SEN,Neonatal mortality rate,2020,23.8936838371881,20.668013072665,27.898695098609
SEN,Neonatal mortality rate,2021,23.1795890925706,19.6117790204392,27.5986586680155
SEN,Neonatal mortality rate,2022,22.4053812285294,18.4590688652208,27.4512894386369
SEN,Neonatal mortality rate,2023,21.6557780504026,17.2149424580368,27.3281447353143
SEN,Neonatal mortality rate,2024,20.9417976699027,16.0755625270108,27.2369188781346
SLE,Neonatal mortality rate,2000,47.9770564301132,42.5278277873735,54.1923105947469
SLE,Neonatal mortality rate,2001,47.276869965161,41.9967445875962,53.4071969139622
SLE,Neonatal mortality rate,2002,46.5558731070092,41.3019644009281,52.7446552135046
SLE,Neonatal mortality rate,2003,45.8908458172489,40.7863218018749,51.981221724742
SLE,Neonatal mortality rate,2004,45.2282975565311,40.1162037174207,51.2334569625142
SLE,Neonatal mortality rate,2005,44.4625362596974,39.4113494222089,50.3578094251633
SLE,Neonatal mortality rate,2006,43.5629540924063,38.7026902886474,49.1754637174444
SLE,Neonatal mortality rate,2007,42.4970921835251,37.6720724353505,48.0399887494402
SLE,Neonatal mortality rate,2008,41.2367011172884,36.5342158351619,46.5454299342977
SLE,Neonatal mortality rate,2009,40.0205188886466,35.3145224050464,44.9815401840194
SLE,Neonatal mortality rate,2010,38.7928709993914,34.1598282041857,43.5517237378459
SLE,Neonatal mortality rate,2011,37.6426658216971,33.0602414810212,42.389007175285
SLE,Neonatal mortality rate,2012,36.5378957397394,31.9029430005662,41.4461055072512
SLE,Neonatal mortality rate,2013,35.5506745177927,30.859173538497,40.544932981649
SLE,Neonatal mortality rate,2014,34.6943960420859,29.9495446966601,39.7433553907353
SLE,Neonatal mortality rate,2015,33.9974320763561,29.1632098113489,39.1658428010218
SLE,Neonatal mortality rate,2016,33.0936854134261,28.0921786910106,38.5269757847558
SLE,Neonatal mortality rate,2017,32.4014446449645,26.8888854231342,38.346878156374
SLE,Neonatal mortality rate,2018,31.7639029965291,25.8299744875772,38.3153816146275
SLE,Neonatal mortality rate,2019,31.0731008677269,24.9187583278305,38.1722279873024
SLE,Neonatal mortality rate,2020,30.4572149168589,24.016495238965,38.0673595092498
SLE,Neonatal mortality rate,2021,29.859518874961,23.0866759492911,38.153559457212
SLE,Neonatal mortality rate,2022,29.3561979644084,22.0769369985911,38.4097805718108
SLE,Neonatal mortality rate,2023,28.8101383009271,21.0685623970811,38.6657100230756
SLE,Neonatal mortality rate,2024,28.2605970351447,19.9970241148201,39.1502662095137
SOM,Neonatal mortality rate,2000,44.7119769775491,32.5315799005169,61.8113414683293
SOM,Neonatal mortality rate,2001,45.1196637642228,32.6703007980133,62.3459348601959
SOM,Neonatal mortality rate,2002,45.4265353285198,32.8379415138554,63.057949635189
SOM,Neonatal mortality rate,2003,45.6986265894542,32.9816230020116,63.7378936272436
SOM,Neonatal mortality rate,2004,45.7806592909619,32.4189707738548,65.0584494199149
SOM,Neonatal mortality rate,2005,45.7423503827868,31.8708805338777,66.6860413507416
SOM,Neonatal mortality rate,2006,45.749401405255,31.3735656813528,67.5270942631066
SOM,Neonatal mortality rate,2007,45.4300775403717,30.7301358810134,67.8731485858714
SOM,Neonatal mortality rate,2008,45.0221102555107,29.6859198670828,68.6955204460909
SOM,Neonatal mortality rate,2009,44.3491279055688,28.2678256262879,70.1756547190101
SOM,Neonatal mortality rate,2010,44.1728835183016,27.6123490596825,71.6638992421013
SOM,Neonatal mortality rate,2011,46.4275654737699,29.2748362927282,75.8766643088172
SOM,Neonatal mortality rate,2012,42.8767539049029,25.2041203126801,74.384140206463
SOM,Neonatal mortality rate,2013,41.667604358635,23.5073649251742,74.7288177999975
SOM,Neonatal mortality rate,2014,40.9963547480571,22.4817977944883,76.0329257267726
SOM,Neonatal mortality rate,2015,40.263127473105,21.5723539801159,76.3182634866177
SOM,Neonatal mortality rate,2016,39.5392628654677,20.5616885251455,77.2878552072779
SOM,Neonatal mortality rate,2017,39.3413263009615,20.0705486757562,78.6046915680625
SOM,Neonatal mortality rate,2018,38.3089049303506,18.9404768534333,79.2547064283971
SOM,Neonatal mortality rate,2019,37.3636382416957,17.8593984572282,79.3391734577737
SOM,Neonatal mortality rate,2020,36.7334214160682,17.1804960490322,79.8539471273629
SOM,Neonatal mortality rate,2021,36.1542468604712,16.3933183484814,80.4210727518961
SOM,Neonatal mortality rate,2022,36.1123825991036,16.3404023951029,82.1720188475334
SOM,Neonatal mortality rate,2023,34.846225815148,15.0956314686183,81.7432702303569
SOM,Neonatal mortality rate,2024,34.2430391801083,14.3932185136528,81.8620615962159
SSD,Neonatal mortality rate,2000,55.6138597473953,40.5119402083864,75.2106745989766
SSD,Neonatal mortality rate,2001,54.2201255973736,39.9851417200801,73.4095761090874
SSD,Neonatal mortality rate,2002,52.8586339770829,38.8647115015615,71.4661753288942
SSD,Neonatal mortality rate,2003,51.558361938042,38.3953973368728,69.5693711876609
SSD,Neonatal mortality rate,2004,50.2893694443711,37.3098555198286,68.0189280461116
SSD,Neonatal mortality rate,2005,48.9233077165951,36.1343111236733,66.5079956815326
SSD,Neonatal mortality rate,2006,47.7259566556394,34.492549832947,65.6231150718111
SSD,Neonatal mortality rate,2007,46.3476765038129,32.1662641537065,66.0334557340631
SSD,Neonatal mortality rate,2008,44.9181256143277,29.8265383059626,66.3852884941991
SSD,Neonatal mortality rate,2009,43.4761088188533,27.610919983139,66.3413691257242
SSD,Neonatal mortality rate,2010,42.0869509775127,25.6695099375725,66.1316006306992
SSD,Neonatal mortality rate,2011,40.8398417245422,23.8078773259941,66.4358400128662
SSD,Neonatal mortality rate,2012,40.0319567711721,22.2170406198747,67.3102758357263
SSD,Neonatal mortality rate,2013,39.5921442465417,20.927096423556,69.4591241682209
SSD,Neonatal mortality rate,2014,40.8067684048256,21.0006265056289,73.8505446240153
SSD,Neonatal mortality rate,2015,41.8052209023758,20.8476027561181,77.7678701736758
SSD,Neonatal mortality rate,2016,42.3228860803932,20.3181384142424,81.9036861362897
SSD,Neonatal mortality rate,2017,42.6408914818865,19.4614426731142,86.1471052352952
SSD,Neonatal mortality rate,2018,40.007086024337,15.8508352649446,87.8947990607165
SSD,Neonatal mortality rate,2019,39.4551247235988,14.159280487864,93.1517408110688
SSD,Neonatal mortality rate,2020,39.5013256765815,13.1204489912081,98.6935537036308
SSD,Neonatal mortality rate,2021,39.4821909989511,12.2125749593101,103.290950581465
SSD,Neonatal mortality rate,2022,39.5577978202485,11.2489247749322,109.436476136915
SSD,Neonatal mortality rate,2023,39.5258317730907,10.4057496021167,116.130117788653
SSD,Neonatal mortality rate,2024,39.4657732064148,9.43669621343312,124.291982141838
STP,Neonatal mortality rate,2000,22.1656000897711,17.0009256053055,27.4579194380844
STP,Neonatal mortality rate,2001,21.6899599406299,16.8343771928326,26.6135955821557
STP,Neonatal mortality rate,2002,21.1206202274016,16.4342778848329,25.976127169078
STP,Neonatal mortality rate,2003,20.4971324733296,16.0497431935155,25.2442803092652
STP,Neonatal mortality rate,2004,19.879477623621,15.660338832216,24.4771072162882
STP,Neonatal mortality rate,2005,19.2657970626445,15.2406412553119,23.704513681336
STP,Neonatal mortality rate,2006,18.6724055014876,14.7893979808974,23.1025985389663
STP,Neonatal mortality rate,2007,18.0683633208377,14.3231686855979,22.5925997614991
STP,Neonatal mortality rate,2008,17.4414548244172,13.7167348114059,21.9387010031541
STP,Neonatal mortality rate,2009,16.7977099283427,13.0649714473436,21.3478017279343
STP,Neonatal mortality rate,2010,16.0697598018922,12.4132888923954,20.5867871771966
STP,Neonatal mortality rate,2011,14.9630118879869,11.3432814252538,19.3940956067299
STP,Neonatal mortality rate,2012,13.8722582042151,10.2585674127928,18.4268321363753
STP,Neonatal mortality rate,2013,12.8605917812763,9.25650553184833,17.6300710236101
STP,Neonatal mortality rate,2014,11.9118151032804,8.30654770079665,16.9329499500105
STP,Neonatal mortality rate,2015,10.9617091791442,7.41154872504689,16.2498051974404
STP,Neonatal mortality rate,2016,10.090538808372,6.56338326463963,15.6310590101678
STP,Neonatal mortality rate,2017,9.2812515343687,5.79753779306806,15.0939296256697
STP,Neonatal mortality rate,2018,8.62717546376073,5.20116230167861,14.6845906960018
STP,Neonatal mortality rate,2019,8.08488734906058,4.70691223202592,14.2755053210278
STP,Neonatal mortality rate,2020,7.64712280489585,4.31990086148504,13.8403252141213
STP,Neonatal mortality rate,2021,7.29224426302873,3.97286228534297,13.5170610844572
STP,Neonatal mortality rate,2022,6.9757249587272,3.67749332830839,13.3538278613276
STP,Neonatal mortality rate,2023,6.66622599495649,3.41679151505747,13.0644099250408
STP,Neonatal mortality rate,2024,6.4039944205506,3.16566481968296,12.7751254699342
SWZ,Neonatal mortality rate,2000,24.9049191760491,21.6735282080111,28.5881453531761
SWZ,Neonatal mortality rate,2001,25.8738868998698,22.5663111423795,29.5330593067751
SWZ,Neonatal mortality rate,2002,26.562453253197,23.2002555351086,30.2757645092259
SWZ,Neonatal mortality rate,2003,26.9314394318137,23.5878093682609,30.6930284412744
SWZ,Neonatal mortality rate,2004,27.1120018379802,23.7188877939902,30.9645360895039
SWZ,Neonatal mortality rate,2005,27.2403363706391,23.836788595216,31.1182472619089
SWZ,Neonatal mortality rate,2006,27.3779142573154,23.8581129864839,31.259766248394
SWZ,Neonatal mortality rate,2007,27.5217431941859,23.8787735440036,31.5018393891544
SWZ,Neonatal mortality rate,2008,27.6215179508441,23.9038365547032,31.7571922749186
SWZ,Neonatal mortality rate,2009,27.6180005290446,23.7233527977953,32.1099178061954
SWZ,Neonatal mortality rate,2010,27.3449037712828,23.2595913729564,32.1161368377829
SWZ,Neonatal mortality rate,2011,26.8876787436817,22.6087399151504,31.8837217128276
SWZ,Neonatal mortality rate,2012,26.5683022998132,22.0099779701007,31.8495588357223
SWZ,Neonatal mortality rate,2013,26.4209554926675,21.5669863752294,32.1838267977755
SWZ,Neonatal mortality rate,2014,26.4513346712685,21.2938383398821,32.8741348937166
SWZ,Neonatal mortality rate,2015,26.6061233616024,21.0759720346996,33.7768655623449
SWZ,Neonatal mortality rate,2016,26.7967797112548,20.7824513891139,34.9820021179249
SWZ,Neonatal mortality rate,2017,26.9256255851267,20.3990481189578,36.3693150318454
SWZ,Neonatal mortality rate,2018,27.0570832579301,19.9206462070998,37.6323338750923
SWZ,Neonatal mortality rate,2019,27.0125267060391,19.3033604860979,38.8875909974471
SWZ,Neonatal mortality rate,2020,26.7658735085396,18.6004456637627,39.8788961196504
SWZ,Neonatal mortality rate,2021,26.3723853425703,17.8165375547394,40.4482450253957
SWZ,Neonatal mortality rate,2022,26.009027959852,16.9871497683981,40.7663320919004
SWZ,Neonatal mortality rate,2023,25.4833994773893,16.2210184145322,40.9742339034202
SWZ,Neonatal mortality rate,2024,25.0047174251111,15.3609300862121,41.3284470552377
SYC,Neonatal mortality rate,2000,8.71725120569351,7.62692133309356,9.88213589941108
SYC,Neonatal mortality rate,2001,8.71763462661818,7.63672514274662,9.87495308665249
SYC,Neonatal mortality rate,2002,8.72522684142529,7.65877251995341,9.87279837943029
SYC,Neonatal mortality rate,2003,8.72946491248891,7.67813471727234,9.88750034299421
SYC,Neonatal mortality rate,2004,8.72752959265046,7.68362740066658,9.90349559037042
SYC,Neonatal mortality rate,2005,8.72669881710605,7.67918806479902,9.88358218220654
SYC,Neonatal mortality rate,2006,8.72553149280194,7.6891271310291,9.89155645669024
SYC,Neonatal mortality rate,2007,8.73084876819022,7.68946323886595,9.88549472827026
SYC,Neonatal mortality rate,2008,8.72363417383385,7.69057375056587,9.88934556708977
SYC,Neonatal mortality rate,2009,8.74127921019045,7.67596049131692,9.90817862144574
SYC,Neonatal mortality rate,2010,8.74450188626707,7.69895122175641,9.91915979891353
SYC,Neonatal mortality rate,2011,8.75938482032721,7.69941607113547,9.94014316288085
SYC,Neonatal mortality rate,2012,8.78612998804238,7.70128628832332,9.95466820161391
SYC,Neonatal mortality rate,2013,8.80914834281305,7.70103369741474,9.99047514868797
SYC,Neonatal mortality rate,2014,8.82500635814165,7.68897100654169,10.0179815361972
SYC,Neonatal mortality rate,2015,8.84632433177972,7.70493470977509,10.0635845227949
SYC,Neonatal mortality rate,2016,8.87038353388465,7.67563439937425,10.1318231667994
SYC,Neonatal mortality rate,2017,8.89015917460525,7.62390655398902,10.2246169047858
SYC,Neonatal mortality rate,2018,8.90252593275517,7.55525820997994,10.4011510316277
SYC,Neonatal mortality rate,2019,8.90294994844426,7.41054842389353,10.610255478601
SYC,Neonatal mortality rate,2020,8.89127907834814,7.23344850687465,10.8240466053445
SYC,Neonatal mortality rate,2021,8.80826020817908,6.95434489026447,11.0385568552428
SYC,Neonatal mortality rate,2022,8.69364805958169,6.64430687188553,11.2225187721403
SYC,Neonatal mortality rate,2023,8.53344279400187,6.29119000220776,11.3656147784127
SYC,Neonatal mortality rate,2024,8.34157930105009,5.9711778752869,11.460706619091
TCD,Neonatal mortality rate,2000,43.6501067456138,38.2817124611746,49.6448402994627
TCD,Neonatal mortality rate,2001,42.6688111721508,37.3405523456833,48.6651888476154
TCD,Neonatal mortality rate,2002,41.7181981444653,36.3348770616268,47.6918835007545
TCD,Neonatal mortality rate,2003,40.9053784271839,35.3485319182376,46.8276849595078
TCD,Neonatal mortality rate,2004,40.1849502462254,34.5115836101711,46.1749535537104
TCD,Neonatal mortality rate,2005,39.479975621837,33.829640479553,45.4830358034005
TCD,Neonatal mortality rate,2006,38.9380417336494,33.2823101188854,44.9696116680522
TCD,Neonatal mortality rate,2007,38.5146735844014,32.8573623953157,44.6082763251391
TCD,Neonatal mortality rate,2008,38.1732961585997,32.5747510640041,44.2582844054603
TCD,Neonatal mortality rate,2009,37.9147023269856,32.3441973753979,44.0992884738304
TCD,Neonatal mortality rate,2010,37.6374173462311,32.0126199380872,43.9310612704734
TCD,Neonatal mortality rate,2011,37.294770388132,31.5113859140546,43.7707901233356
TCD,Neonatal mortality rate,2012,36.887978617558,30.7791852458306,43.9345445435705
TCD,Neonatal mortality rate,2013,36.4020711201752,29.7982118271198,44.0284805955733
TCD,Neonatal mortality rate,2014,35.900207106469,28.789672907185,44.1803146131919
TCD,Neonatal mortality rate,2015,35.4294172990955,27.6493340401072,44.3553211007235
TCD,Neonatal mortality rate,2016,34.9537023867741,26.6262179485145,44.5763761437414
TCD,Neonatal mortality rate,2017,34.3778051225533,25.5358057746247,44.8959005316288
TCD,Neonatal mortality rate,2018,33.8392823470517,24.4777457995526,45.3392253895427
TCD,Neonatal mortality rate,2019,33.2480564027651,23.482339115617,45.7787791284751
TCD,Neonatal mortality rate,2020,32.6585605710412,22.3811970126277,46.4280658806373
TCD,Neonatal mortality rate,2021,32.0558000234037,21.4087302564345,47.1054187561975
TCD,Neonatal mortality rate,2022,31.5011611808172,20.3325902111472,47.8674557217557
TCD,Neonatal mortality rate,2023,30.9391700016052,19.4025114352739,48.5357957184931
TCD,Neonatal mortality rate,2024,30.3878423920215,18.5025795837491,49.0370385976485
TGO,Neonatal mortality rate,2000,36.5430753574265,32.5732506365543,41.092903909501
TGO,Neonatal mortality rate,2001,35.689395405689,31.7397913292452,40.1014947517457
TGO,Neonatal mortality rate,2002,34.8727915914887,30.9439311183858,39.1541228784304
TGO,Neonatal mortality rate,2003,34.0750245545494,30.2632979214424,38.307063271074
TGO,Neonatal mortality rate,2004,33.3721228457045,29.6119137664665,37.4941622965037
TGO,Neonatal mortality rate,2005,32.6590421376356,28.9112973851692,36.6998348430829
TGO,Neonatal mortality rate,2006,31.9542414729618,28.303445102762,35.9588788702165
TGO,Neonatal mortality rate,2007,31.2502426679147,27.5898187034761,35.2584606205115
TGO,Neonatal mortality rate,2008,30.5736256710704,26.90095875312,34.5701434291436
TGO,Neonatal mortality rate,2009,29.9042688761658,26.2134083621127,33.8794552151477
TGO,Neonatal mortality rate,2010,29.2701112730052,25.460523662398,33.3724114037611
TGO,Neonatal mortality rate,2011,28.7137970436032,24.798704687412,32.920870716761
TGO,Neonatal mortality rate,2012,28.2034852159911,24.2010453461095,32.6037950444237
TGO,Neonatal mortality rate,2013,27.7244746739059,23.6075906201628,32.3578673580056
TGO,Neonatal mortality rate,2014,27.2305556289388,22.920665662118,32.116594311403
TGO,Neonatal mortality rate,2015,26.7267661026788,22.2229464360853,31.9138073854613
TGO,Neonatal mortality rate,2016,26.2712932296108,21.5003577005271,31.8172027282567
TGO,Neonatal mortality rate,2017,25.7841946129242,20.7181613309009,31.8314651832939
TGO,Neonatal mortality rate,2018,25.3066820254904,19.870754249838,31.8753470206411
TGO,Neonatal mortality rate,2019,24.8064719912215,19.0219609361274,32.1002193738807
TGO,Neonatal mortality rate,2020,24.3238533903906,18.1339137196382,32.3383858644326
TGO,Neonatal mortality rate,2021,23.8758968018594,17.2797361895083,32.6004406774483
TGO,Neonatal mortality rate,2022,23.4573618103335,16.4404967563642,33.0302500274885
TGO,Neonatal mortality rate,2023,23.0068646442098,15.679325074806,33.2644113937952
TGO,Neonatal mortality rate,2024,22.5900204064739,14.9241114593115,33.572000984755
TZA,Neonatal mortality rate,2000,32.6437875551431,29.2733974380539,36.2219604739485
TZA,Neonatal mortality rate,2001,31.5890025293443,28.3811207481064,34.9792255378624
TZA,Neonatal mortality rate,2002,30.4826080019752,27.3479894376464,33.7774857864266
TZA,Neonatal mortality rate,2003,29.3959293239966,26.3365401582906,32.634807699246
TZA,Neonatal mortality rate,2004,28.4363652525179,25.4357173879876,31.5175179327085
TZA,Neonatal mortality rate,2005,27.557318123568,24.6257031840591,30.5832584748854
TZA,Neonatal mortality rate,2006,26.8212041507912,23.9136120542293,29.8100328537889
TZA,Neonatal mortality rate,2007,26.1962124081936,23.3015043590967,29.1442470685455
TZA,Neonatal mortality rate,2008,25.6217905896042,22.6756331289216,28.4898891608212
TZA,Neonatal mortality rate,2009,25.0719837838227,22.1543464191341,27.9389612559646
TZA,Neonatal mortality rate,2010,24.5782269055233,21.6819436488294,27.4519123264324
TZA,Neonatal mortality rate,2011,24.1921006173223,21.3109817451928,27.0793991488638
TZA,Neonatal mortality rate,2012,23.8791085483685,21.0475324044576,26.7898258720783
TZA,Neonatal mortality rate,2013,23.6647458040832,20.8942768788198,26.6669329258025
TZA,Neonatal mortality rate,2014,23.5452370582918,20.7952516269104,26.5810378898044
TZA,Neonatal mortality rate,2015,23.4457201019872,20.7001948272374,26.7046828239394
TZA,Neonatal mortality rate,2016,23.3783701040203,20.4734432829739,26.8937499542302
TZA,Neonatal mortality rate,2017,23.2833155889804,20.1441437067527,27.0312258819254
TZA,Neonatal mortality rate,2018,23.0966735274987,19.7399236506725,27.1749760278159
TZA,Neonatal mortality rate,2019,22.7440685933815,19.1232919913154,27.2112866510454
TZA,Neonatal mortality rate,2020,22.2830395041343,18.3778487975179,27.1316175935533
TZA,Neonatal mortality rate,2021,21.7363485320141,17.5308028020834,27.000307201272
TZA,Neonatal mortality rate,2022,21.1502528263016,16.6284947824656,26.8466520793348
TZA,Neonatal mortality rate,2023,20.5784172188168,15.7842479203975,26.7096788814609
TZA,Neonatal mortality rate,2024,19.9012292205424,14.7795113217323,26.6386953530006
UGA,Neonatal mortality rate,2000,32.3432507791298,28.9101102167401,36.0910721530652
UGA,Neonatal mortality rate,2001,31.5446627071739,28.0937513893547,35.2363638935016
UGA,Neonatal mortality rate,2002,30.5633633143774,27.277692679223,34.2259849565126
UGA,Neonatal mortality rate,2003,29.6701960370485,26.4557571282007,33.1594226134277
UGA,Neonatal mortality rate,2004,28.9108756608926,25.7777635871541,32.2544298623364
UGA,Neonatal mortality rate,2005,28.2746126494032,25.2495508205675,31.5271910811064
UGA,Neonatal mortality rate,2006,27.7161109570412,24.7969709216258,30.8750882405937
UGA,Neonatal mortality rate,2007,27.1569671802913,24.4360390044621,30.1783909574274
UGA,Neonatal mortality rate,2008,26.6263766115288,24.014952952915,29.5588127624363
UGA,Neonatal mortality rate,2009,26.182083477024,23.609440749212,29.0241994146885
UGA,Neonatal mortality rate,2010,25.7450826479653,23.1592644380685,28.6727041807627
UGA,Neonatal mortality rate,2011,25.2971593850636,22.6135458757439,28.290753749924
UGA,Neonatal mortality rate,2012,24.8126546669893,22.0958340346286,27.7874186294669
UGA,Neonatal mortality rate,2013,24.2777211751464,21.545733386562,27.3109718589122
UGA,Neonatal mortality rate,2014,23.7835965587801,20.9991240907347,26.8978124073853
UGA,Neonatal mortality rate,2015,23.3023187107795,20.5010515243175,26.5739366568066
UGA,Neonatal mortality rate,2016,22.8906285635427,19.9852109542804,26.2813861973036
UGA,Neonatal mortality rate,2017,22.5572120242922,19.5081822014239,26.0547956151634
UGA,Neonatal mortality rate,2018,22.2595140263108,19.060602317563,25.8590109671551
UGA,Neonatal mortality rate,2019,22.0053628856383,18.7667297835983,25.6772339867148
UGA,Neonatal mortality rate,2020,21.819396859613,18.4470357396104,25.6089534169
UGA,Neonatal mortality rate,2021,21.648057526311,18.0898729151628,25.679152008832
UGA,Neonatal mortality rate,2022,21.5562208461303,17.673158020284,25.8247464335184
UGA,Neonatal mortality rate,2023,21.4694458609668,17.1351004523204,26.2069131629876
UGA,Neonatal mortality rate,2024,21.3397488676111,16.5514735680765,26.6870544405326
ZAF,Neonatal mortality rate,2000,13.4715945317232,11.1753792754646,16.5686192467497
ZAF,Neonatal mortality rate,2001,12.9619618211765,10.7671161073501,15.9885135347714
ZAF,Neonatal mortality rate,2002,12.6933994489913,10.4655299464276,15.7082599378105
ZAF,Neonatal mortality rate,2003,12.5987251841591,10.3460998198924,15.5396931857803
ZAF,Neonatal mortality rate,2004,12.644694701074,10.3339236318053,15.5711136944644
ZAF,Neonatal mortality rate,2005,12.8356029292055,10.4115935825682,15.7243367226277
ZAF,Neonatal mortality rate,2006,13.0579958394958,10.562553581561,15.9142617558789
ZAF,Neonatal mortality rate,2007,13.2729129709764,10.7076218284485,15.9979620122905
ZAF,Neonatal mortality rate,2008,13.3847429897581,10.7525863608704,16.0297868187412
ZAF,Neonatal mortality rate,2009,13.31046549911,10.7148429777468,15.7873276976282
ZAF,Neonatal mortality rate,2010,12.9743319145268,10.5060229255219,15.3597610588316
ZAF,Neonatal mortality rate,2011,12.5487014535023,10.2924331827714,14.7378544189986
ZAF,Neonatal mortality rate,2012,12.146977032037,10.0395137323403,14.2405661810877
ZAF,Neonatal mortality rate,2013,11.8766458871498,9.88777001065654,13.8840867922309
ZAF,Neonatal mortality rate,2014,11.7452358449518,9.91425130456627,13.6492009639629
ZAF,Neonatal mortality rate,2015,11.6666518300087,9.88988123409444,13.4725176713102
ZAF,Neonatal mortality rate,2016,11.5537607235322,9.8552449383669,13.2462733031034
ZAF,Neonatal mortality rate,2017,11.48038919041,9.85277590142413,13.1673904834283
ZAF,Neonatal mortality rate,2018,11.4404469673405,9.86347884146399,13.161666685858
ZAF,Neonatal mortality rate,2019,11.4669372136274,9.93110278624625,13.1769742025737
ZAF,Neonatal mortality rate,2020,11.5647411177452,10.0391076051027,13.3022877000603
ZAF,Neonatal mortality rate,2021,11.7291432436145,10.166557643059,13.449838741802
ZAF,Neonatal mortality rate,2022,11.9576405425751,10.2338589687428,13.7937317734146
ZAF,Neonatal mortality rate,2023,12.2063612768948,10.2041802153299,14.4204762502422
ZAF,Neonatal mortality rate,2024,12.4404438983748,10.0127578079941,15.321907001791
ZMB,Neonatal mortality rate,2000,32.9725999466232,29.8350295961322,36.4154726043818
ZMB,Neonatal mortality rate,2001,32.1439938109455,29.1019319678569,35.5237800555303
ZMB,Neonatal mortality rate,2002,30.9655634277478,28.0701771095265,34.2281792918401
ZMB,Neonatal mortality rate,2003,29.6035041261503,26.8972179066948,32.7098230415287
ZMB,Neonatal mortality rate,2004,28.3392903934425,25.6866413788001,31.2798789328903
ZMB,Neonatal mortality rate,2005,27.2371744211034,24.6969103112118,30.1191209349366
ZMB,Neonatal mortality rate,2006,26.4051705252559,23.9322622882743,29.2515115559055
ZMB,Neonatal mortality rate,2007,25.8122833739337,23.3945605428831,28.6101396735241
ZMB,Neonatal mortality rate,2008,25.421744244978,23.0513667165014,28.1398099573615
ZMB,Neonatal mortality rate,2009,25.0951063804823,22.6816842187114,27.7417764392189
ZMB,Neonatal mortality rate,2010,24.8006135905806,22.3795796573843,27.4451511371038
ZMB,Neonatal mortality rate,2011,24.5311897332305,22.0689495484289,27.1847116593247
ZMB,Neonatal mortality rate,2012,24.2470493757977,21.7418279471473,26.9449428548987
ZMB,Neonatal mortality rate,2013,23.944186136132,21.4184644957837,26.7353747177893
ZMB,Neonatal mortality rate,2014,23.6754656610053,21.1221385153967,26.5370561525414
ZMB,Neonatal mortality rate,2015,23.3911378651416,20.7422272005288,26.3477546519479
ZMB,Neonatal mortality rate,2016,23.0937848465616,20.3349700611132,26.1595279181305
ZMB,Neonatal mortality rate,2017,22.74091529246,19.9161477618603,25.9502023199683
ZMB,Neonatal mortality rate,2018,22.3963549670918,19.5805006798193,25.7420814486424
ZMB,Neonatal mortality rate,2019,22.0955283196494,19.1726402128945,25.5366094493573
ZMB,Neonatal mortality rate,2020,21.852408377301,18.8278817885189,25.4553954691909
ZMB,Neonatal mortality rate,2021,21.6930274991128,18.4889946728931,25.5708463086839
ZMB,Neonatal mortality rate,2022,21.6260807610183,18.0314841768789,25.9342780435265
ZMB,Neonatal mortality rate,2023,21.5497596139942,17.4583963262924,26.6291716868278
ZMB,Neonatal mortality rate,2024,21.441307228395,16.7719574027509,27.4195502112601
ZWE,Neonatal mortality rate,2000,23.0042602760952,20.5062342078015,25.7917734868262
ZWE,Neonatal mortality rate,2001,22.921253379599,20.4902130375277,25.7368317549259
ZWE,Neonatal mortality rate,2002,23.1977454883379,20.6871992490207,26.0571666763992
ZWE,Neonatal mortality rate,2003,23.6808990583291,21.0939468702707,26.6224616951332
ZWE,Neonatal mortality rate,2004,24.3679086189976,21.6938114409094,27.306300714714
ZWE,Neonatal mortality rate,2005,25.3364193271043,22.5363972954552,28.3685404333447
ZWE,Neonatal mortality rate,2006,26.5113338592204,23.7230008466326,29.5539992251657
ZWE,Neonatal mortality rate,2007,27.6784030071967,24.6824271189642,30.9438942397902
ZWE,Neonatal mortality rate,2008,28.3917899235787,25.268183394464,31.8182645285917
ZWE,Neonatal mortality rate,2009,28.4870091833563,25.3643292595515,31.9537979560058
ZWE,Neonatal mortality rate,2010,28.123451428492,24.9894476578234,31.6063658196934
ZWE,Neonatal mortality rate,2011,27.5281946417255,24.4864660300961,30.8479040690922
ZWE,Neonatal mortality rate,2012,26.969057662737,23.7932348294142,30.3204156613843
ZWE,Neonatal mortality rate,2013,26.7034553287246,23.4671632436302,30.2605117987477
ZWE,Neonatal mortality rate,2014,26.8512493272006,23.5082485578409,30.627183413656
ZWE,Neonatal mortality rate,2015,27.3005891981999,23.8079929273319,31.4111067680085
ZWE,Neonatal mortality rate,2016,27.8638202075477,24.2107168065573,32.2262261569539
ZWE,Neonatal mortality rate,2017,28.5832950561545,24.5475877650715,33.4830425831288
ZWE,Neonatal mortality rate,2018,29.4178505395929,25.0383315323882,34.8581279263589
ZWE,Neonatal mortality rate,2019,30.3296552738576,25.4873104721061,36.3485770923508
ZWE,Neonatal mortality rate,2020,31.2767936149628,25.8735705284019,37.8585682994311
ZWE,Neonatal mortality rate,2021,32.2451795244801,26.0632644529341,39.7314818723321
ZWE,Neonatal mortality rate,2022,33.0718164105516,25.3800267254274,42.5387379388568
ZWE,Neonatal mortality rate,2023,33.5747914675158,24.180009049842,45.9249310292819
ZWE,Neonatal mortality rate,2024,33.6802772543565,22.5175082199489,49.7006674213766
AGO,Under-five mortality rate,2000,184.987578303872,162.84731298968,209.995757961094
AGO,Under-five mortality rate,2001,176.332822654603,154.747047623438,201.579936475991
AGO,Under-five mortality rate,2002,166.399339565927,145.746618690272,191.135418264834
AGO,Under-five mortality rate,2003,155.546527600225,135.646647432105,179.142487025379
AGO,Under-five mortality rate,2004,143.726422726157,124.679645863908,165.807847573721
AGO,Under-five mortality rate,2005,131.532829022653,113.3189753477,152.414584287536
AGO,Under-five mortality rate,2006,119.842360999943,102.2228883636,139.639737915792
AGO,Under-five mortality rate,2007,109.012479295281,91.5173882647154,128.100135952772
AGO,Under-five mortality rate,2008,99.1546702055768,81.9779970477134,118.061890771946
AGO,Under-five mortality rate,2009,90.7467605961166,73.7120918832183,109.339584938705
AGO,Under-five mortality rate,2010,83.3722674566398,67.1808674050788,101.550954486955
AGO,Under-five mortality rate,2011,77.2073224606419,61.6487720447658,94.5017145487818
AGO,Under-five mortality rate,2012,72.0433429530114,57.4038558178545,88.7651944210472
AGO,Under-five mortality rate,2013,67.9051715724919,54.3030289719109,83.9286547952509
AGO,Under-five mortality rate,2014,64.5358428466595,51.8278220659402,79.6937146007021
AGO,Under-five mortality rate,2015,61.7606027621502,49.9347739453636,76.1685734422218
AGO,Under-five mortality rate,2016,59.6430399353582,48.259035449496,73.3546577148638
AGO,Under-five mortality rate,2017,57.8993808911325,46.7618875759657,71.595716895117
AGO,Under-five mortality rate,2018,56.4902852840718,45.3007546751176,70.4200429311162
AGO,Under-five mortality rate,2019,55.3480735373936,43.6070053707264,70.229309664867
AGO,Under-five mortality rate,2020,54.2161381195574,41.5364607289375,70.7737813738681
AGO,Under-five mortality rate,2021,53.1777154902945,39.3293411984332,71.9925811839974
AGO,Under-five mortality rate,2022,51.8639872004402,37.2548576765298,73.295192371844
AGO,Under-five mortality rate,2023,50.5134355847153,35.2641473274192,74.5942333218593
AGO,Under-five mortality rate,2024,48.9996655816384,33.3458650504888,75.8202922233003
BDI,Under-five mortality rate,2000,152.387308951996,138.146053185457,168.702974716222
BDI,Under-five mortality rate,2001,147.524498286016,133.304520881212,163.730398505417
BDI,Under-five mortality rate,2002,142.347965342302,128.125659317078,158.545410756189
BDI,Under-five mortality rate,2003,136.618446072048,122.646870718771,152.796261136735
BDI,Under-five mortality rate,2004,130.409107793627,116.56889660644,146.436671296137
BDI,Under-five mortality rate,2005,123.704138696102,110.22371181074,139.068196227093
BDI,Under-five mortality rate,2006,116.558600969313,103.486604151211,131.368912767287
BDI,Under-five mortality rate,2007,109.455801151727,96.8158826138309,123.736602135306
BDI,Under-five mortality rate,2008,102.646358649877,90.1232799022054,116.797786156361
BDI,Under-five mortality rate,2009,96.0843437000628,83.7334791809295,110.523395422608
BDI,Under-five mortality rate,2010,90.2153712917402,77.7833788221434,104.775807648629
BDI,Under-five mortality rate,2011,84.7182706323911,72.183941122508,99.5667629690241
BDI,Under-five mortality rate,2012,79.5786237774959,66.3355406860079,95.4679131800637
BDI,Under-five mortality rate,2013,74.8864431448066,60.6454313136327,92.1621190655464
BDI,Under-five mortality rate,2014,70.5792139319676,55.2091927521421,89.7533169217131
BDI,Under-five mortality rate,2015,66.9375505532429,50.7833927697395,87.8064137968242
BDI,Under-five mortality rate,2016,63.7037324741168,46.6932407938576,86.0846423877121
BDI,Under-five mortality rate,2017,60.8766598590854,43.1855889311323,85.0809358332097
BDI,Under-five mortality rate,2018,58.4852601324362,40.042599440584,84.3902030963964
BDI,Under-five mortality rate,2019,56.2182400715095,37.2045847553396,83.6319539611986
BDI,Under-five mortality rate,2020,54.2724374104505,34.4261937608425,83.1210265169144
BDI,Under-five mortality rate,2021,52.2696425120978,31.9929141051036,82.7325960587407
BDI,Under-five mortality rate,2022,50.3405514960702,30.000434935475,82.291887497037
BDI,Under-five mortality rate,2023,48.6836722800881,28.271482690983,82.3922424833205
BDI,Under-five mortality rate,2024,47.0576894611973,26.6512657614251,81.5146901307279
BEN,Under-five mortality rate,2000,134.971206120351,126.018568885512,144.445788400612
BEN,Under-five mortality rate,2001,131.700414079545,122.882256100796,141.074057093008
BEN,Under-five mortality rate,2002,128.529119258317,119.772314141503,137.813829730487
BEN,Under-five mortality rate,2003,125.420631492339,116.711884694955,134.61476693604
BEN,Under-five mortality rate,2004,122.478219346988,113.741471476414,131.683056947519
BEN,Under-five mortality rate,2005,119.663895721723,110.94534142258,128.852392777523
BEN,Under-five mortality rate,2006,116.958006644884,108.332727771456,126.098568075214
BEN,Under-five mortality rate,2007,114.409012244263,105.799497621051,123.677714253151
BEN,Under-five mortality rate,2008,111.998579641862,103.295034262614,121.334774778064
BEN,Under-five mortality rate,2009,109.669536752609,100.832729151473,119.092360157294
BEN,Under-five mortality rate,2010,107.351809207011,98.4151418050378,116.841712015011
BEN,Under-five mortality rate,2011,105.101719658027,96.0118806824706,114.838934326541
BEN,Under-five mortality rate,2012,102.873584882841,93.5199990485459,112.869323357174
BEN,Under-five mortality rate,2013,100.630486838522,91.0770854221906,111.019930168784
BEN,Under-five mortality rate,2014,98.3568366151565,88.6060611059988,109.009412238517
BEN,Under-five mortality rate,2015,96.1365892937771,86.0221400677298,107.307094698651
BEN,Under-five mortality rate,2016,93.9700699397071,83.4503599445495,105.636693178075
BEN,Under-five mortality rate,2017,91.7506035802212,80.7375673694709,103.936006636959
BEN,Under-five mortality rate,2018,89.4324685136106,77.5682821336035,102.596288163662
BEN,Under-five mortality rate,2019,87.0473643712942,73.98756316118,101.916062566736
BEN,Under-five mortality rate,2020,84.5844796159718,70.4178890056499,101.342571228139
BEN,Under-five mortality rate,2021,82.1894094337238,66.4869240672978,101.311179179634
BEN,Under-five mortality rate,2022,79.6440922497497,62.6154284898237,101.499203790908
BEN,Under-five mortality rate,2023,77.1826848189933,58.9023675476812,101.604895628632
BEN,Under-five mortality rate,2024,74.7495024695341,55.1397266874954,102.056111391241
BFA,Under-five mortality rate,2000,176.005107718852,163.539991719015,189.737687233237
BFA,Under-five mortality rate,2001,171.861572965384,159.494728395054,185.669987701576
BFA,Under-five mortality rate,2002,167.33237379806,155.070739861824,181.080380735663
BFA,Under-five mortality rate,2003,162.316197212657,150.029232483253,175.977957977982
BFA,Under-five mortality rate,2004,156.774117021735,144.645364449795,170.270477580359
BFA,Under-five mortality rate,2005,150.752560515924,138.714986729478,164.067830238955
BFA,Under-five mortality rate,2006,144.378960636509,132.424477145119,157.608920261098
BFA,Under-five mortality rate,2007,138.090890898643,126.22268542358,151.036032340298
BFA,Under-five mortality rate,2008,132.08183870847,120.157251543296,144.920713164829
BFA,Under-five mortality rate,2009,126.484638473427,114.317602009404,139.484812444323
BFA,Under-five mortality rate,2010,121.30089623265,108.692260721986,134.816706544583
BFA,Under-five mortality rate,2011,116.590307357788,103.402926178298,130.739597985355
BFA,Under-five mortality rate,2012,112.269246321112,98.3564113927416,127.61320720919
BFA,Under-five mortality rate,2013,108.195568300443,93.3637489945327,125.161846054772
BFA,Under-five mortality rate,2014,104.333708520317,88.4927022755802,123.486848689538
BFA,Under-five mortality rate,2015,100.754965618567,83.5561057626985,122.222411338733
BFA,Under-five mortality rate,2016,97.4259499335102,78.8172706073244,120.994694264123
BFA,Under-five mortality rate,2017,94.116269447001,74.2630531312588,119.988066465476
BFA,Under-five mortality rate,2018,91.0326365555653,69.7501792552475,119.673597650073
BFA,Under-five mortality rate,2019,88.0912982469623,65.3045107637823,119.015932844908
BFA,Under-five mortality rate,2020,85.1248372652755,61.0586166065828,118.347165522978
BFA,Under-five mortality rate,2021,82.4152639469581,57.1733420552015,118.619766689594
BFA,Under-five mortality rate,2022,79.8139740479789,53.4790812374507,119.00256405892
BFA,Under-five mortality rate,2023,77.3590276942138,49.9518949630585,118.990445561889
BFA,Under-five mortality rate,2024,74.8904128304467,46.8012917831815,119.069009644715
BWA,Under-five mortality rate,2000,79.8400799999861,58.5188415074467,118.150347124666
BWA,Under-five mortality rate,2001,79.3029257702909,58.2353103813968,111.413535309367
BWA,Under-five mortality rate,2002,77.8741930725473,58.4874934009492,102.507360789856
BWA,Under-five mortality rate,2003,76.7368588600615,59.3683790832832,96.2861694513606
BWA,Under-five mortality rate,2004,75.6745473203033,59.0951732096208,93.7536726563914
BWA,Under-five mortality rate,2005,70.8280985802632,54.4776039049715,89.8425284152458
BWA,Under-five mortality rate,2006,66.0153154970955,49.1978720876251,88.0426386751252
BWA,Under-five mortality rate,2007,64.3325244760624,46.6220371624106,89.8542420932418
BWA,Under-five mortality rate,2008,63.7478194722243,45.4348998627963,92.7479853035646
BWA,Under-five mortality rate,2009,60.6149155332617,43.1494953618285,90.9348605422803
BWA,Under-five mortality rate,2010,58.4235332627443,41.7729160198181,89.5126378550236
BWA,Under-five mortality rate,2011,58.8208074659155,41.9660469630204,92.5360614104255
BWA,Under-five mortality rate,2012,53.8662350293899,38.0567381674193,89.9704689689747
BWA,Under-five mortality rate,2013,50.2998905217598,33.900125023019,91.6113066400466
BWA,Under-five mortality rate,2014,48.9668919834504,30.0194898459385,97.3424517206155
BWA,Under-five mortality rate,2015,46.7255752588115,25.4622299253433,100.219006907005
BWA,Under-five mortality rate,2016,45.1353305079552,22.0357979497212,104.412963676941
BWA,Under-five mortality rate,2017,42.1222784949161,18.5670256391149,105.696259506974
BWA,Under-five mortality rate,2018,41.1708909829091,16.5986695432533,108.9158418036
BWA,Under-five mortality rate,2019,39.9787790651293,14.8092460370258,111.00616187352
BWA,Under-five mortality rate,2020,38.8832829923505,13.4660823888161,112.794046449104
BWA,Under-five mortality rate,2021,37.0691291479525,12.1113526669917,111.23437684485
BWA,Under-five mortality rate,2022,35.6672624836745,11.0451794874674,110.066493046846
BWA,Under-five mortality rate,2023,34.5706820193209,10.3114038689509,111.069121275725
BWA,Under-five mortality rate,2024,33.3114651319399,9.59121526948998,110.953518694926
CAF,Under-five mortality rate,2000,165.457867681709,149.898479972944,184.10721329504
CAF,Under-five mortality rate,2001,162.486669333879,147.062822862988,181.177967242341
CAF,Under-five mortality rate,2002,159.047119631176,143.768910378288,177.807233340482
CAF,Under-five mortality rate,2003,155.590402786042,140.177967600472,174.163524711012
CAF,Under-five mortality rate,2004,151.825308752156,136.59291902561,169.743479051478
CAF,Under-five mortality rate,2005,147.910171740256,132.673360407358,165.407764758055
CAF,Under-five mortality rate,2006,143.480960757692,128.202226056839,160.313545271096
CAF,Under-five mortality rate,2007,139.312008593441,124.176445536561,155.9265584673
CAF,Under-five mortality rate,2008,135.465913119195,120.285258653776,152.210451613248
CAF,Under-five mortality rate,2009,489.290961311267,432.602656462574,552.556373313823
CAF,Under-five mortality rate,2010,150.740632178403,132.582185289791,171.122670854336
CAF,Under-five mortality rate,2011,125.090355723804,109.540334159349,142.661273432014
CAF,Under-five mortality rate,2012,121.940492792421,106.092974314091,139.760237581753
CAF,Under-five mortality rate,2013,134.211372264786,116.1778077282,154.486187323821
CAF,Under-five mortality rate,2014,186.847163506313,160.737029677261,216.486374150319
CAF,Under-five mortality rate,2015,113.706548131951,97.1465172407403,132.874511334478
CAF,Under-five mortality rate,2016,126.768881866546,107.213793354631,149.442452494783
CAF,Under-five mortality rate,2017,155.207764928732,129.932721960581,185.120184507291
CAF,Under-five mortality rate,2018,120.233071331939,99.6306967362936,145.02133117729
CAF,Under-five mortality rate,2019,254.691597697322,208.646615584552,311.332166768102
CAF,Under-five mortality rate,2020,124.187852358338,100.092128196479,154.727226953679
CAF,Under-five mortality rate,2021,178.700096791505,141.320200964936,227.502463345257
CAF,Under-five mortality rate,2022,424.579201665498,327.997553289066,553.130444091525
CAF,Under-five mortality rate,2023,92.6056815279805,69.1808615955461,123.706807401971
CAF,Under-five mortality rate,2024,89.7277827228626,64.8443350595541,123.053450767606
CIV,Under-five mortality rate,2000,140.435093227129,130.411810291752,151.959545677229
CIV,Under-five mortality rate,2001,136.910751954744,126.89163653001,148.327858393498
CIV,Under-five mortality rate,2002,133.13875739116,123.302848062666,144.253439349754
CIV,Under-five mortality rate,2003,129.227325200665,119.416664899651,140.128201899125
CIV,Under-five mortality rate,2004,125.283414242147,115.683068437978,135.890433608021
CIV,Under-five mortality rate,2005,121.185991168464,111.847607396306,131.620158332321
CIV,Under-five mortality rate,2006,117.385613267817,108.177742034519,127.53221485354
CIV,Under-five mortality rate,2007,113.531967882878,104.407665572346,123.399370801486
CIV,Under-five mortality rate,2008,108.98781227946,100.054340180845,118.609892154402
CIV,Under-five mortality rate,2009,105.209883013661,96.4337452291117,114.687815910837
CIV,Under-five mortality rate,2010,101.574223919733,92.82061831211,110.91838343939
CIV,Under-five mortality rate,2011,98.4340311546622,89.6374068302191,107.716281050866
CIV,Under-five mortality rate,2012,95.3453627452649,86.5813099526073,104.679629645807
CIV,Under-five mortality rate,2013,91.9971489599895,83.2841742161105,101.310275680823
CIV,Under-five mortality rate,2014,88.619755202886,79.9613252704182,97.8969587853322
CIV,Under-five mortality rate,2015,85.4823544028228,76.9955083327432,94.9766331384798
CIV,Under-five mortality rate,2016,82.9817638483916,74.2939776244981,92.6382393618794
CIV,Under-five mortality rate,2017,80.5291592957843,71.6240844924667,90.7082814963975
CIV,Under-five mortality rate,2018,77.8963298034264,68.5231445393124,88.5982758812027
CIV,Under-five mortality rate,2019,75.2996540943492,65.3406088100131,86.794007405935
CIV,Under-five mortality rate,2020,73.0413651557674,62.4910172342672,85.4989447068672
CIV,Under-five mortality rate,2021,70.8010280043287,59.7129544986238,84.1924021501334
CIV,Under-five mortality rate,2022,68.6941392520608,56.6457237932272,83.0752008032837
CIV,Under-five mortality rate,2023,66.5433459864149,53.7092026360396,82.3835347173287
CIV,Under-five mortality rate,2024,64.471332067145,50.5528254099347,81.753605303102
CMR,Under-five mortality rate,2000,143.926197917726,132.920795208602,156.34808728128
CMR,Under-five mortality rate,2001,141.000783176583,129.989053247829,153.005213861182
CMR,Under-five mortality rate,2002,137.603999778341,126.693525972234,149.500868418021
CMR,Under-five mortality rate,2003,134.280782170777,123.394857268755,146.093256062171
CMR,Under-five mortality rate,2004,130.881794293349,119.993423058734,142.671921578225
CMR,Under-five mortality rate,2005,127.614725416628,116.672949380703,139.642315816307
CMR,Under-five mortality rate,2006,124.197253156459,113.263586662929,136.276905380079
CMR,Under-five mortality rate,2007,120.844257512546,110.156184054227,132.741045842732
CMR,Under-five mortality rate,2008,117.211014344835,106.785980902712,128.956443600411
CMR,Under-five mortality rate,2009,113.70823909016,103.516304057458,125.219423655441
CMR,Under-five mortality rate,2010,109.453341952405,99.4894079196083,120.652084383071
CMR,Under-five mortality rate,2011,105.163529263862,95.4805732099163,116.033968639385
CMR,Under-five mortality rate,2012,100.790402451019,91.225911624024,111.321240748129
CMR,Under-five mortality rate,2013,96.4567264404596,87.0712422605386,106.817229923499
CMR,Under-five mortality rate,2014,92.3591118537566,83.2291580074945,102.797500643166
CMR,Under-five mortality rate,2015,88.4996529205111,79.4091860865495,99.0602030302662
CMR,Under-five mortality rate,2016,85.0798755294862,75.808356080965,96.1109350872959
CMR,Under-five mortality rate,2017,81.8696645604259,71.8537855103836,93.9071623178822
CMR,Under-five mortality rate,2018,78.9252356930963,67.805262082984,92.359594897883
CMR,Under-five mortality rate,2019,76.6216001094497,64.125032789683,91.7203287031762
CMR,Under-five mortality rate,2020,74.3543421357596,60.2116642218403,91.3496113000914
CMR,Under-five mortality rate,2021,71.9217303572208,56.4362566942184,90.9532198993872
CMR,Under-five mortality rate,2022,69.4258731636488,52.8187684433947,90.1315721778074
CMR,Under-five mortality rate,2023,66.9760341433521,49.1074277737161,89.6247306494574
CMR,Under-five mortality rate,2024,64.8378791901584,46.0767077850406,89.7950624893515
COD,Under-five mortality rate,2000,184.570516429234,167.569151534841,203.496029112947
COD,Under-five mortality rate,2001,178.449798167476,161.929508175423,196.947013854734
COD,Under-five mortality rate,2002,172.188731546788,156.22005699889,189.97384221125
COD,Under-five mortality rate,2003,165.872487973561,150.42969087109,182.679223842234
COD,Under-five mortality rate,2004,159.438158135697,144.577706336418,175.715614942977
COD,Under-five mortality rate,2005,124.395257769997,112.600121849992,137.291429736196
COD,Under-five mortality rate,2006,118.907928869935,107.450481501482,131.787583629493
COD,Under-five mortality rate,2007,113.79167304589,102.40128426555,126.721173499435
COD,Under-five mortality rate,2008,109.152635341078,97.4673295577601,122.12024512828
COD,Under-five mortality rate,2009,104.95327138054,93.1902924014672,118.060268113481
COD,Under-five mortality rate,2010,101.386620475737,89.3279996944799,114.549374277744
COD,Under-five mortality rate,2011,98.3429911347261,86.1262351136971,111.651640013661
COD,Under-five mortality rate,2012,95.9156189428694,83.7801738339951,109.308970508276
COD,Under-five mortality rate,2013,94.0606074771601,81.8503568469779,107.447566605751
COD,Under-five mortality rate,2014,92.7321896205669,80.5779522175566,106.054732963564
COD,Under-five mortality rate,2015,91.9225318925488,79.8455607993067,105.211428260506
COD,Under-five mortality rate,2016,91.5183250973584,79.5001120722423,104.945199797897
COD,Under-five mortality rate,2017,91.4546444672548,79.4389478505978,105.129402098709
COD,Under-five mortality rate,2018,91.7119814442977,79.5217547411346,105.838577063724
COD,Under-five mortality rate,2019,92.2324870168861,79.3364156667145,107.255535669482
COD,Under-five mortality rate,2020,92.7341609773476,78.8052581589882,109.14230671859
COD,Under-five mortality rate,2021,92.9133288140811,77.7325472206149,111.633992222487
COD,Under-five mortality rate,2022,92.4828269938522,75.9883066765014,113.485502160591
COD,Under-five mortality rate,2023,91.3143265805965,73.3559144141065,115.206812021532
COD,Under-five mortality rate,2024,89.6781339947253,70.3737837858338,116.736211280192
COG,Under-five mortality rate,2000,112.465252672966,100.41870123187,126.212901270099
COG,Under-five mortality rate,2001,109.342222521529,97.6708516488253,122.836602459427
COG,Under-five mortality rate,2002,104.623596682549,93.6866608475135,117.503534865989
COG,Under-five mortality rate,2003,98.9128385789806,88.4686895543294,110.963110805987
COG,Under-five mortality rate,2004,92.3185607775096,82.6048586132131,103.787501475155
COG,Under-five mortality rate,2005,85.7299479883276,76.4175836080696,96.5739153579083
COG,Under-five mortality rate,2006,79.5012012781863,70.3527655281663,89.8388259153408
COG,Under-five mortality rate,2007,73.9380187577542,65.0433952325246,84.0081735039898
COG,Under-five mortality rate,2008,69.1526506356928,60.47556399547,79.190521184998
COG,Under-five mortality rate,2009,65.3367895197491,56.5168608896751,75.3389317303333
COG,Under-five mortality rate,2010,62.3773148661783,53.0341648093868,72.6038708394668
COG,Under-five mortality rate,2011,59.9549342048576,49.3356330604988,71.3946711657133
COG,Under-five mortality rate,2012,57.9290430401881,45.6510252571913,71.392738189569
COG,Under-five mortality rate,2013,56.1851472598724,42.2188940296733,72.2127946548801
COG,Under-five mortality rate,2014,54.4709843954326,39.0805040884385,73.4074014823111
COG,Under-five mortality rate,2015,52.6852469740668,36.2793047888877,74.1425119308697
COG,Under-five mortality rate,2016,50.9734226412847,33.779989494322,75.101547969267
COG,Under-five mortality rate,2017,49.2826126342883,31.5238208179787,75.8187644849275
COG,Under-five mortality rate,2018,47.587729678048,29.5728007182057,76.6725389621919
COG,Under-five mortality rate,2019,52.2448816269801,31.3442294973401,87.133687062082
COG,Under-five mortality rate,2020,44.5071766533034,25.9155722267319,76.9692137340469
COG,Under-five mortality rate,2021,42.98191847914,24.2815003457981,77.4391441162759
COG,Under-five mortality rate,2022,41.5393445329617,22.7934826940851,77.0034639794104
COG,Under-five mortality rate,2023,40.2958795510943,21.4485699008633,76.6990403716189
COG,Under-five mortality rate,2024,39.1124114644673,20.20871947608,76.4021444358261
COM,Under-five mortality rate,2000,79.8658048113412,66.3704089681218,93.0641152710243
COM,Under-five mortality rate,2001,76.7715865226264,63.3209742272194,89.9345855396906
COM,Under-five mortality rate,2002,73.7894257813725,60.2464769062284,86.8225478191302
COM,Under-five mortality rate,2003,70.999287207487,57.4963841886682,83.8550167215997
COM,Under-five mortality rate,2004,68.3301855711673,55.0459618287306,81.0772004280353
COM,Under-five mortality rate,2005,65.8327169171313,52.6248333408569,78.2574596481062
COM,Under-five mortality rate,2006,63.4178353516756,50.470634476816,75.5657903956426
COM,Under-five mortality rate,2007,61.2390950357402,48.5622353263203,72.9665400101153
COM,Under-five mortality rate,2008,59.2073969313136,46.8502560139593,70.5137218766212
COM,Under-five mortality rate,2009,57.3240310786965,45.5555093815953,68.2114434985602
COM,Under-five mortality rate,2010,55.5594612036873,44.3478530115956,66.1285101362763
COM,Under-five mortality rate,2011,54.0064609469682,43.3444167813096,64.0012895775966
COM,Under-five mortality rate,2012,52.5474162671923,42.5166918292922,62.1521779620719
COM,Under-five mortality rate,2013,51.2125088952889,41.6433577382855,60.4158990462516
COM,Under-five mortality rate,2014,50.0252597703319,40.8643157961184,58.8334539013895
COM,Under-five mortality rate,2015,48.906893775743,40.00243554342,57.4132376347613
COM,Under-five mortality rate,2016,47.8514545394338,39.1510076281448,56.1422479146263
COM,Under-five mortality rate,2017,46.8588547986506,38.2118857045059,55.1139918267638
COM,Under-five mortality rate,2018,45.8498175995742,37.0166671737398,54.3226693347485
COM,Under-five mortality rate,2019,44.8398483640025,35.9022103347819,53.7690226293397
COM,Under-five mortality rate,2020,43.7215005841554,34.5826262245482,53.4502964093502
COM,Under-five mortality rate,2021,42.5886454376546,33.2578023136006,53.1199279108963
COM,Under-five mortality rate,2022,41.3710666956507,31.7101970085554,52.8477182485413
COM,Under-five mortality rate,2023,40.1859199193298,30.16517492006,52.6926515675168
COM,Under-five mortality rate,2024,38.9734472132848,28.6047252591886,52.5691590756403
CPV,Under-five mortality rate,2000,36.0095012019431,34.9188502304141,37.0969413239468
CPV,Under-five mortality rate,2001,32.7686623422656,31.7052486362805,33.8262107372867
CPV,Under-five mortality rate,2002,30.4736216746401,29.4694516870453,31.5144026216808
CPV,Under-five mortality rate,2003,28.9981896279942,28.0241949102701,30.0601277927597
CPV,Under-five mortality rate,2004,28.2466394562575,27.2958850351854,29.3025620685086
CPV,Under-five mortality rate,2005,28.0083995602745,27.0494275499897,29.0378552766993
CPV,Under-five mortality rate,2006,28.0190105179688,27.0335132195915,29.0474527261781
CPV,Under-five mortality rate,2007,28.05227075898,27.0549750496255,29.0843436153117
CPV,Under-five mortality rate,2008,27.9254077336802,26.9259263818255,29.0002907157444
CPV,Under-five mortality rate,2009,27.5006484934306,26.5156472023878,28.5667257679433
CPV,Under-five mortality rate,2010,26.7380131175692,25.7339250629432,27.7902994215794
CPV,Under-five mortality rate,2011,25.6308877022275,24.6119430043495,26.6837493170353
CPV,Under-five mortality rate,2012,24.230477255784,23.2339662678835,25.2582034936775
CPV,Under-five mortality rate,2013,22.6076429261489,21.6182217172648,23.6508293450118
CPV,Under-five mortality rate,2014,20.8713887577397,19.9220227528917,21.8596139724277
CPV,Under-five mortality rate,2015,19.1517261742155,18.2472598388179,20.0928706863482
CPV,Under-five mortality rate,2016,17.5750219889484,16.7298777509187,18.4631554202065
CPV,Under-five mortality rate,2017,16.2141986031638,15.4265703267463,17.0396847275317
CPV,Under-five mortality rate,2018,15.0584090506102,14.3168570822007,15.8579791505676
CPV,Under-five mortality rate,2019,14.1125718903304,13.3763201212993,14.9188253010497
CPV,Under-five mortality rate,2020,13.3253771048488,12.543255497778,14.2074357249273
CPV,Under-five mortality rate,2021,12.6652040777827,11.7517529516227,13.7108640367025
CPV,Under-five mortality rate,2022,12.0986579007689,10.9918230718078,13.3567802591097
CPV,Under-five mortality rate,2023,11.5966612393976,10.2715973110018,13.1307653243837
CPV,Under-five mortality rate,2024,11.1393454162454,9.57044095044349,12.9737361970835
DJI,Under-five mortality rate,2000,98.4553534732521,84.2148570011512,116.635411476249
DJI,Under-five mortality rate,2001,96.299604746975,81.9765800959874,114.584429846496
DJI,Under-five mortality rate,2002,94.0013149064516,79.6657329885076,112.356199817705
DJI,Under-five mortality rate,2003,91.6223303636803,77.2513219937772,109.995656852696
DJI,Under-five mortality rate,2004,89.28922354372,74.8694606351901,107.715877901033
DJI,Under-five mortality rate,2005,86.8994672255784,72.273557567393,105.691221828263
DJI,Under-five mortality rate,2006,84.5706837353728,69.8901684333659,103.631576406757
DJI,Under-five mortality rate,2007,82.2718051457744,67.3956742994678,101.810415509562
DJI,Under-five mortality rate,2008,79.9124747608562,64.7056241098374,100.39608486886
DJI,Under-five mortality rate,2009,77.6590661120991,61.7458317870738,99.3316666611553
DJI,Under-five mortality rate,2010,75.5298731541442,58.6626962783744,98.385836076008
DJI,Under-five mortality rate,2011,73.422858582322,55.5065702450776,97.6304809833552
DJI,Under-five mortality rate,2012,71.3271877440063,52.535275039358,96.6334028899552
DJI,Under-five mortality rate,2013,69.2049089536081,49.6334072632697,95.7761010854188
DJI,Under-five mortality rate,2014,67.1949488326006,46.8905971850466,95.2641762431466
DJI,Under-five mortality rate,2015,65.1634291486018,44.1493265390133,94.964881076698
DJI,Under-five mortality rate,2016,63.2008377649948,41.5947002350902,94.7086543349042
DJI,Under-five mortality rate,2017,61.1747024889461,38.9487446589321,94.2786666263518
DJI,Under-five mortality rate,2018,59.374353848928,36.6449544915756,94.1247322671273
DJI,Under-five mortality rate,2019,57.4932179975805,34.6313983715783,94.317786973296
DJI,Under-five mortality rate,2020,55.6748779427141,32.6154427025071,94.0544085742167
DJI,Under-five mortality rate,2021,54.0074980011065,30.4529575098593,93.1911090024078
DJI,Under-five mortality rate,2022,52.1479626379603,28.6622645683638,93.065085943637
DJI,Under-five mortality rate,2023,50.5057840831968,27.0793663960878,92.6612438754591
DJI,Under-five mortality rate,2024,48.8576538344729,25.3930523334791,92.5913453241137
ERI,Under-five mortality rate,2000,85.277909983152,76.8712261110031,94.8180162745887
ERI,Under-five mortality rate,2001,81.1004697635315,72.8381595571483,90.2973141448521
ERI,Under-five mortality rate,2002,77.3194609568578,69.1795352738183,86.2815282818958
ERI,Under-five mortality rate,2003,73.7821172202707,65.7083329131365,82.6914562007502
ERI,Under-five mortality rate,2004,70.5335593433573,62.555035319323,79.2570304866585
ERI,Under-five mortality rate,2005,67.4957798694448,59.6434579844039,76.2184555467357
ERI,Under-five mortality rate,2006,64.6813072547352,56.8663541626646,73.3267534015739
ERI,Under-five mortality rate,2007,62.036095761604,54.0860575051346,70.8301990610029
ERI,Under-five mortality rate,2008,59.6113870718037,51.4293600276585,68.7164075585272
ERI,Under-five mortality rate,2009,57.317036923581,48.6952551910199,67.0824357896815
ERI,Under-five mortality rate,2010,55.2256182884689,45.8542739297837,66.3733991322971
ERI,Under-five mortality rate,2011,53.2744598922601,42.9829679308114,65.9487446192414
ERI,Under-five mortality rate,2012,51.4474879669548,40.2436089029073,65.77346804267
ERI,Under-five mortality rate,2013,49.6830499048339,37.5981964785598,65.9685819257824
ERI,Under-five mortality rate,2014,48.0606030215577,34.9596556623109,66.021337951759
ERI,Under-five mortality rate,2015,46.3724888293243,32.4735965464532,66.3989271761406
ERI,Under-five mortality rate,2016,44.7333328165431,30.3500079304405,66.5540238376839
ERI,Under-five mortality rate,2017,43.322606799715,28.3603854879123,66.5794486370641
ERI,Under-five mortality rate,2018,41.8955316733818,26.5468518291629,66.7542546561907
ERI,Under-five mortality rate,2019,40.5027694429178,24.9376578134677,66.5936888377062
ERI,Under-five mortality rate,2020,39.1151378282338,23.5303611451703,66.5447823481078
ERI,Under-five mortality rate,2021,37.8230409708943,22.1692399962809,66.2273751206043
ERI,Under-five mortality rate,2022,36.5856345423349,20.8536508473924,65.8793455770214
ERI,Under-five mortality rate,2023,35.4124475836133,19.6600944015444,66.0246045707867
ERI,Under-five mortality rate,2024,34.2970581350292,18.5001171334505,65.2253090270158
ETH,Under-five mortality rate,2000,140.127220072297,130.498818967498,150.563066853367
ETH,Under-five mortality rate,2001,133.826951227223,124.686273330565,143.901148526751
ETH,Under-five mortality rate,2002,127.433319935824,118.757527642565,137.153300210368
ETH,Under-five mortality rate,2003,121.045424728383,112.677457381534,130.192991781111
ETH,Under-five mortality rate,2004,114.580575985388,106.710163217904,123.268233350676
ETH,Under-five mortality rate,2005,108.346519125225,100.704164237343,116.83904416496
ETH,Under-five mortality rate,2006,102.425280092939,95.0352113253957,110.658707404822
ETH,Under-five mortality rate,2007,96.9382889006484,89.7228218583051,104.783290966673
ETH,Under-five mortality rate,2008,91.8297317417267,84.6968037487285,99.4349427147118
ETH,Under-five mortality rate,2009,87.0638821806096,80.158544981059,94.4379597257764
ETH,Under-five mortality rate,2010,82.6771310437138,75.9575974329403,90.0015622710914
ETH,Under-five mortality rate,2011,78.6108958137503,72.0328005806162,85.8590139471247
ETH,Under-five mortality rate,2012,74.7918421735683,68.1709198844716,82.0244681330676
ETH,Under-five mortality rate,2013,71.1959743286274,64.4364588715874,78.558567651974
ETH,Under-five mortality rate,2014,67.7117206728722,60.7735840978106,75.3836258041508
ETH,Under-five mortality rate,2015,64.4203683062808,57.0878208583071,72.6374017115774
ETH,Under-five mortality rate,2016,61.2687039923113,53.5735753462242,70.2390179017878
ETH,Under-five mortality rate,2017,58.4071352773053,50.1480014500862,68.0874838450055
ETH,Under-five mortality rate,2018,55.848024186298,47.0191493318738,66.3954844158948
ETH,Under-five mortality rate,2019,53.5948195525446,43.9037362674855,65.2854884061587
ETH,Under-five mortality rate,2020,51.5209119296862,40.9825380274512,64.4475117370251
ETH,Under-five mortality rate,2021,70.3509237209152,54.3548820021376,90.5552811031693
ETH,Under-five mortality rate,2022,68.0599966359288,50.8366904395059,90.5635602360134
ETH,Under-five mortality rate,2023,51.4884096955929,37.3749852210288,70.5332653505397
ETH,Under-five mortality rate,2024,44.5044643885028,31.341071047103,63.370179222701
GAB,Under-five mortality rate,2000,73.2616335996967,64.761294798039,83.1685119387994
GAB,Under-five mortality rate,2001,71.466356372726,63.0703693228479,81.0739043589633
GAB,Under-five mortality rate,2002,69.6267739904934,61.3606580509094,78.93365834054
GAB,Under-five mortality rate,2003,67.6610744527947,59.4721984500711,76.757955451828
GAB,Under-five mortality rate,2004,65.606321396391,57.5508003624525,74.3180925238849
GAB,Under-five mortality rate,2005,63.5890171393725,55.6740584867523,72.0854585006399
GAB,Under-five mortality rate,2006,61.773167527283,54.0343231977158,70.1242566116429
GAB,Under-five mortality rate,2007,59.6702009297338,52.2293859204743,67.862113302351
GAB,Under-five mortality rate,2008,57.5793259541352,50.3476799551562,65.6378397221214
GAB,Under-five mortality rate,2009,55.5662739407286,48.5478486141614,63.4495416222679
GAB,Under-five mortality rate,2010,53.3734500875187,46.4583347459904,61.1165174539641
GAB,Under-five mortality rate,2011,51.3441741301987,44.5076025457748,59.1153265808733
GAB,Under-five mortality rate,2012,49.3690846381758,42.523070092111,57.2475453133318
GAB,Under-five mortality rate,2013,47.3253983648121,40.4639409589033,55.4618509465728
GAB,Under-five mortality rate,2014,45.7837847739343,38.8058174213152,54.2978063457833
GAB,Under-five mortality rate,2015,44.3724257614702,37.1631976930764,53.5443058040767
GAB,Under-five mortality rate,2016,42.7466500223909,35.3718114710802,52.5318247960722
GAB,Under-five mortality rate,2017,41.3981234962001,33.8404505127713,51.9969163197968
GAB,Under-five mortality rate,2018,39.9390756647433,32.2377369123019,51.2146499915893
GAB,Under-five mortality rate,2019,38.4618286977889,30.5194665543146,50.2884240535062
GAB,Under-five mortality rate,2020,36.7786433253844,28.5823125146628,49.2625651383429
GAB,Under-five mortality rate,2021,35.8083286062042,26.9887223409257,49.1569243137688
GAB,Under-five mortality rate,2022,34.6721286194129,25.4589376342625,49.0706143089855
GAB,Under-five mortality rate,2023,33.7822953189997,24.100820856526,49.1297664864195
GAB,Under-five mortality rate,2024,32.6268686709949,22.5045131941112,48.8920705182845
GHA,Under-five mortality rate,2000,99.9439504767374,94.0912290448351,105.789825083906
GHA,Under-five mortality rate,2001,95.8183146696825,90.2056515003703,101.630867865944
GHA,Under-five mortality rate,2002,91.8574240951595,86.5217589215909,97.6473910816628
GHA,Under-five mortality rate,2003,88.2423432809791,83.0891090605108,93.878070738053
GHA,Under-five mortality rate,2004,84.9693675301661,79.9129321474862,90.5105375235249
GHA,Under-five mortality rate,2005,82.01345917036,77.0390320504549,87.362713906836
GHA,Under-five mortality rate,2006,79.1413869836528,74.2629565205901,84.2946148769023
GHA,Under-five mortality rate,2007,76.1752183649888,71.3854885887338,81.1262643440525
GHA,Under-five mortality rate,2008,73.0659006694952,68.3340091589625,77.9279562094958
GHA,Under-five mortality rate,2009,69.806167081197,65.1354455133401,74.6761563693389
GHA,Under-five mortality rate,2010,66.5220820017596,61.893019165934,71.3118972027342
GHA,Under-five mortality rate,2011,63.315866527025,58.7524824478307,68.0627759237131
GHA,Under-five mortality rate,2012,60.2622270524978,55.730775484094,65.0376319777892
GHA,Under-five mortality rate,2013,57.4914076970156,52.9635133014427,62.2947459046768
GHA,Under-five mortality rate,2014,54.9278341347138,50.4169768556936,59.7090217153085
GHA,Under-five mortality rate,2015,52.5371410687636,48.0408617505277,57.3305433725812
GHA,Under-five mortality rate,2016,50.3141940609891,45.6883178583552,55.2521322941955
GHA,Under-five mortality rate,2017,48.1961660210274,43.382726452965,53.3997180000989
GHA,Under-five mortality rate,2018,46.1194000581297,41.0953429625316,51.7765315040565
GHA,Under-five mortality rate,2019,44.0824866007137,38.7170390847066,50.402814338847
GHA,Under-five mortality rate,2020,42.1611269497947,36.3079471905654,49.3375807578029
GHA,Under-five mortality rate,2021,40.2905947800474,33.8355272056067,48.3713360880094
GHA,Under-five mortality rate,2022,38.6436163296649,31.6945549586562,47.6028301718791
GHA,Under-five mortality rate,2023,37.1857796193778,29.5956517121096,46.9790387162042
GHA,Under-five mortality rate,2024,35.8776270570832,27.5989127625348,46.6620552172725
GIN,Under-five mortality rate,2000,165.681395886317,153.59276398406,178.567644877335
GIN,Under-five mortality rate,2001,159.00067553987,147.158614090757,171.6925009619
GIN,Under-five mortality rate,2002,152.659271743337,141.081010991479,165.118304607139
GIN,Under-five mortality rate,2003,146.894501662783,135.558653742852,159.069855365876
GIN,Under-five mortality rate,2004,141.602025936857,130.481136649752,153.693918629065
GIN,Under-five mortality rate,2005,137.020812386156,125.980722197201,148.83179635727
GIN,Under-five mortality rate,2006,133.056133503999,122.165556922624,144.726947033587
GIN,Under-five mortality rate,2007,129.732820745232,119.09536533776,141.111299270354
GIN,Under-five mortality rate,2008,126.878884417749,116.399539927013,138.060897939626
GIN,Under-five mortality rate,2009,124.369717845041,113.898534645296,135.691942288257
GIN,Under-five mortality rate,2010,122.195077653516,111.795289364366,133.560980495379
GIN,Under-five mortality rate,2011,120.269073367682,109.677038188083,131.861766705182
GIN,Under-five mortality rate,2012,118.396541451866,107.566787301963,130.230008973978
GIN,Under-five mortality rate,2013,116.55395947205,105.498297518945,128.899946708325
GIN,Under-five mortality rate,2014,115.44856684399,103.855106044907,128.200434245591
GIN,Under-five mortality rate,2015,113.739017393101,101.697131130117,127.255559287896
GIN,Under-five mortality rate,2016,111.380266171324,98.706036657261,125.642005853199
GIN,Under-five mortality rate,2017,109.543455743765,96.1427097148688,124.97009719147
GIN,Under-five mortality rate,2018,107.519296586569,93.4183003585576,124.331563127339
GIN,Under-five mortality rate,2019,105.364125955406,90.1674101468413,123.650893501024
GIN,Under-five mortality rate,2020,102.888342351939,86.3901186782804,123.367503137152
GIN,Under-five mortality rate,2021,100.319426484901,82.2580152485722,123.374383639095
GIN,Under-five mortality rate,2022,97.6290069310484,77.6816093989089,123.556641994544
GIN,Under-five mortality rate,2023,94.9500426064148,73.2497544151872,123.85984400838
GIN,Under-five mortality rate,2024,92.1446034790722,68.8369084726324,124.437276223887
GMB,Under-five mortality rate,2000,112.815324793838,102.916710456906,123.543676092419
GMB,Under-five mortality rate,2001,108.107719795686,98.4630939933419,118.569340618938
GMB,Under-five mortality rate,2002,103.581643000641,94.0862088211585,113.828771328155
GMB,Under-five mortality rate,2003,99.1706335471581,89.9106575747857,109.244171329868
GMB,Under-five mortality rate,2004,94.8725175706751,85.7909786291848,104.710734925545
GMB,Under-five mortality rate,2005,90.7400391896911,81.8102133553831,100.307495758265
GMB,Under-five mortality rate,2006,86.8312331864433,77.9396603597753,96.1420725992985
GMB,Under-five mortality rate,2007,83.0401335443286,74.2670660105591,92.3144980579911
GMB,Under-five mortality rate,2008,79.4064120497943,70.7354480930959,88.5835836431862
GMB,Under-five mortality rate,2009,76.0003854859165,67.5153750108142,85.0674331109141
GMB,Under-five mortality rate,2010,72.7473917718295,64.3866889814762,81.7248759730406
GMB,Under-five mortality rate,2011,69.6868366710958,61.4763501289046,78.5073592693191
GMB,Under-five mortality rate,2012,66.7975767734538,58.6951550131968,75.627965234504
GMB,Under-five mortality rate,2013,64.0324032607696,56.0297624743934,72.8297387895112
GMB,Under-five mortality rate,2014,61.4444286112243,53.3805592578593,70.2904131284738
GMB,Under-five mortality rate,2015,58.947698917294,50.8015149355809,67.9734298758563
GMB,Under-five mortality rate,2016,56.56912995384,48.3442391073139,65.8413126879281
GMB,Under-five mortality rate,2017,54.3421826679169,45.867111945598,63.9743837347175
GMB,Under-five mortality rate,2018,52.3195225555888,43.4653375724224,62.3381589028429
GMB,Under-five mortality rate,2019,50.3889093851712,41.2037491187736,61.0502591594129
GMB,Under-five mortality rate,2020,48.6304320196308,38.7883314006896,60.327071513485
GMB,Under-five mortality rate,2021,46.9756819674179,36.4400518514011,59.8139136306211
GMB,Under-five mortality rate,2022,45.3374391778157,34.1412415352547,59.2924482885046
GMB,Under-five mortality rate,2023,43.8424041819014,32.1261386086382,59.1205646923289
GMB,Under-five mortality rate,2024,42.4071570119419,30.0119793773913,59.1188393673305
GNB,Under-five mortality rate,2000,174.832855781427,156.795090336494,194.580603694263
GNB,Under-five mortality rate,2001,169.31889540202,151.499631956217,188.963834832844
GNB,Under-five mortality rate,2002,163.566818316076,146.016115478177,183.081961216495
GNB,Under-five mortality rate,2003,157.689513738582,140.436308480554,177.46083191162
GNB,Under-five mortality rate,2004,151.585259015807,134.372906589582,171.236051421662
GNB,Under-five mortality rate,2005,145.329781085407,128.079573392305,164.749597413142
GNB,Under-five mortality rate,2006,139.055299376116,121.695209098203,158.581246093657
GNB,Under-five mortality rate,2007,132.800429922331,115.074086515153,152.643572304526
GNB,Under-five mortality rate,2008,126.462434165059,108.239574173724,147.590179560069
GNB,Under-five mortality rate,2009,120.172913877722,101.482617775174,142.849117656691
GNB,Under-five mortality rate,2010,114.303398408977,94.5208519574299,138.529547493415
GNB,Under-five mortality rate,2011,108.591432844012,87.6500847177792,134.861937787982
GNB,Under-five mortality rate,2012,103.556925885288,81.3152130342287,131.294986019505
GNB,Under-five mortality rate,2013,99.1117216102778,75.7027823770119,128.414868191282
GNB,Under-five mortality rate,2014,95.1637433847005,70.5292590906929,126.239343382133
GNB,Under-five mortality rate,2015,91.6014700659797,65.6869999255374,124.130654743913
GNB,Under-five mortality rate,2016,88.221124118301,61.2988062060156,122.986297271555
GNB,Under-five mortality rate,2017,85.1305189238695,57.4253534999623,121.843744558699
GNB,Under-five mortality rate,2018,82.2184876137811,53.5418455106973,121.134520686842
GNB,Under-five mortality rate,2019,79.4528780651149,50.2076982669236,120.089375986943
GNB,Under-five mortality rate,2020,76.7453557431808,46.9251631036868,119.835426424644
GNB,Under-five mortality rate,2021,74.349986353217,44.2114067503677,119.377983549311
GNB,Under-five mortality rate,2022,72.0308932266975,41.4510002978437,119.068478210938
GNB,Under-five mortality rate,2023,69.6960638564149,39.0205068198317,118.182516414141
GNB,Under-five mortality rate,2024,67.3361328119606,36.7817806831519,117.540730552884
GNQ,Under-five mortality rate,2000,154.490509655878,137.693990225631,177.867921615105
GNQ,Under-five mortality rate,2001,150.203745274526,133.160532894652,173.488011502735
GNQ,Under-five mortality rate,2002,145.85739708978,128.431471788181,169.097431867495
GNQ,Under-five mortality rate,2003,141.456200254344,123.736433656994,164.904012651349
GNQ,Under-five mortality rate,2004,136.973336178317,118.888873679867,159.995638764352
GNQ,Under-five mortality rate,2005,132.347782941112,113.770229153394,155.224290593927
GNQ,Under-five mortality rate,2006,127.423960290081,108.463560047855,151.011288984105
GNQ,Under-five mortality rate,2007,122.619063239513,103.112481990704,147.158619297186
GNQ,Under-five mortality rate,2008,118.006745478711,97.3380616182781,143.587064203946
GNQ,Under-five mortality rate,2009,113.478057463265,91.4930333827346,140.724521828576
GNQ,Under-five mortality rate,2010,109.409866814793,85.7744395555835,138.211724829931
GNQ,Under-five mortality rate,2011,105.622477197448,80.6783156823858,135.954640392548
GNQ,Under-five mortality rate,2012,101.97441926374,75.7320381686654,134.443224101794
GNQ,Under-five mortality rate,2013,98.5715951120871,70.7823728900068,132.983847114695
GNQ,Under-five mortality rate,2014,95.2930834555491,66.2169032103635,132.147898859638
GNQ,Under-five mortality rate,2015,92.126518503062,62.1070535279944,132.028703387767
GNQ,Under-five mortality rate,2016,89.0129290755067,58.3181518047699,131.166359663917
GNQ,Under-five mortality rate,2017,86.1151925480007,54.5269961244207,130.711621911337
GNQ,Under-five mortality rate,2018,83.1570133291797,50.9112335329061,130.264549895451
GNQ,Under-five mortality rate,2019,80.6655534938508,47.7958472424711,129.939535751527
GNQ,Under-five mortality rate,2020,77.8502427740464,45.077999340256,129.691225782379
GNQ,Under-five mortality rate,2021,75.1236878077373,42.3338724672029,128.929034542558
GNQ,Under-five mortality rate,2022,72.8071701499772,39.7941089504784,128.552432655365
GNQ,Under-five mortality rate,2023,70.4429146644442,37.4450857359723,128.618288047103
GNQ,Under-five mortality rate,2024,67.9690179026601,35.0080804766247,128.097123336915
KEN,Under-five mortality rate,2000,95.1924314854561,88.4800671627943,102.538723045682
KEN,Under-five mortality rate,2001,90.5210485551854,84.0799214636097,97.4680329428414
KEN,Under-five mortality rate,2002,85.6429100914994,79.3877218198876,92.1443643689731
KEN,Under-five mortality rate,2003,80.8348054491132,74.7616268533345,87.0860169248624
KEN,Under-five mortality rate,2004,76.0986975845741,70.1203356203525,82.258046659616
KEN,Under-five mortality rate,2005,71.1950081510042,65.3936807185521,77.2340183423191
KEN,Under-five mortality rate,2006,66.8490613687806,61.1545086844694,72.6704607642065
KEN,Under-five mortality rate,2007,62.9070174115926,57.5136550860751,68.5090856904731
KEN,Under-five mortality rate,2008,57.9710513364059,53.0314248620779,63.1644121562415
KEN,Under-five mortality rate,2009,55.1950328672191,50.5436708083074,60.1625301781333
KEN,Under-five mortality rate,2010,53.1431571286458,48.6901452942157,57.9473697713154
KEN,Under-five mortality rate,2011,51.6712701617331,47.301095886474,56.4385906181381
KEN,Under-five mortality rate,2012,50.6640407717839,46.3402731908056,55.4969204547564
KEN,Under-five mortality rate,2013,49.441511434197,45.1383948701466,54.3396330183645
KEN,Under-five mortality rate,2014,48.2829488390016,44.0143918021766,53.1147048461698
KEN,Under-five mortality rate,2015,46.7863148455816,42.6020440629926,51.544208790775
KEN,Under-five mortality rate,2016,45.4617909232215,41.344291461888,50.2742724652546
KEN,Under-five mortality rate,2017,44.7229595487061,40.5898999905981,49.5520416424737
KEN,Under-five mortality rate,2018,43.6767751864687,39.5297496992432,48.5939985348294
KEN,Under-five mortality rate,2019,42.7081113843593,38.3751953805835,47.8848623203936
KEN,Under-five mortality rate,2020,42.0949258488572,37.3482470745308,47.7312889156489
KEN,Under-five mortality rate,2021,41.2970168549546,36.107026724937,47.5171763111194
KEN,Under-five mortality rate,2022,40.5444868307221,34.6914127116152,47.4848311725148
KEN,Under-five mortality rate,2023,39.6248653186726,33.0890006392543,47.4766103251272
KEN,Under-five mortality rate,2024,38.8478101451668,31.6640602492245,47.6434511301657
LBR,Under-five mortality rate,2000,194.857661689603,180.418309962727,210.899486797877
LBR,Under-five mortality rate,2001,181.661567833825,168.046742672168,196.802288899949
LBR,Under-five mortality rate,2002,168.553969004425,155.906754032968,182.659930329224
LBR,Under-five mortality rate,2003,156.167471155665,144.406694342649,169.280732254585
LBR,Under-five mortality rate,2004,144.807641723961,133.801934196636,157.145775019894
LBR,Under-five mortality rate,2005,134.90002880725,124.360966491597,146.343072395225
LBR,Under-five mortality rate,2006,126.491250657315,116.252934617123,137.379173126654
LBR,Under-five mortality rate,2007,119.643415445017,109.793962875919,130.163231891256
LBR,Under-five mortality rate,2008,114.029742972051,104.526851541872,124.280174386529
LBR,Under-five mortality rate,2009,109.480060739549,100.172985131983,119.735756380703
LBR,Under-five mortality rate,2010,105.711486421316,96.4385858327788,115.818880774723
LBR,Under-five mortality rate,2011,102.40344700184,93.2317619299376,112.618805926542
LBR,Under-five mortality rate,2012,99.5345064113075,90.2958244408237,110.013142532033
LBR,Under-five mortality rate,2013,96.9965176527624,87.6377239523192,107.891068146201
LBR,Under-five mortality rate,2014,96.9524058064044,87.3750437940152,108.369681547581
LBR,Under-five mortality rate,2015,93.2133166285268,83.4539267637909,104.552421163184
LBR,Under-five mortality rate,2016,91.5098789863343,81.6246133806159,103.034462963639
LBR,Under-five mortality rate,2017,90.2990454352372,80.202466350399,102.172411595872
LBR,Under-five mortality rate,2018,89.3796207945349,78.7648006027667,101.554423038326
LBR,Under-five mortality rate,2019,88.7369410686744,77.1251749153227,101.357020523674
LBR,Under-five mortality rate,2020,88.3286938606045,75.5952963439285,101.497588657461
LBR,Under-five mortality rate,2021,88.0075340735586,73.7607753697672,102.320489846132
LBR,Under-five mortality rate,2022,87.7786414560066,71.4950060509521,103.968350869873
LBR,Under-five mortality rate,2023,87.2936049083,68.849933534868,106.116512606826
LBR,Under-five mortality rate,2024,86.387671540874,66.1146335233724,108.380826557289
LSO,Under-five mortality rate,2000,108.299227056109,99.2405472840304,118.539995972236
LSO,Under-five mortality rate,2001,110.316415289645,101.12999926426,120.707450853515
LSO,Under-five mortality rate,2002,112.087103761306,102.528519824896,122.39358609301
LSO,Under-five mortality rate,2003,113.230674408124,103.494707360968,123.55015645886
LSO,Under-five mortality rate,2004,113.872373948547,104.040199232085,124.264718810045
LSO,Under-five mortality rate,2005,114.634674857619,104.74033818402,125.282281042975
LSO,Under-five mortality rate,2006,114.671956152124,104.589701717462,125.870815825315
LSO,Under-five mortality rate,2007,111.859636662101,101.79726182594,123.083238200366
LSO,Under-five mortality rate,2008,111.616309258707,101.254821092073,123.192842686809
LSO,Under-five mortality rate,2009,99.0679612885161,89.7337848270101,109.696747329822
LSO,Under-five mortality rate,2010,90.8737782625561,82.0701432386052,100.97936637276
LSO,Under-five mortality rate,2011,85.1966344521334,76.7117953610152,94.962746916036
LSO,Under-five mortality rate,2012,81.3591952031408,73.2038778871948,90.7696837619968
LSO,Under-five mortality rate,2013,79.263958632339,71.2590165307063,88.4451441689819
LSO,Under-five mortality rate,2014,77.5990437761402,69.7863686895417,86.8888225799133
LSO,Under-five mortality rate,2015,75.1128610445185,67.4059796180151,84.4067910362217
LSO,Under-five mortality rate,2016,71.3903943407601,63.3958333226988,80.6330626564482
LSO,Under-five mortality rate,2017,70.1006427365294,61.4485933436362,79.981971993596
LSO,Under-five mortality rate,2018,68.8177475146124,59.1392925139999,80.0891897105504
LSO,Under-five mortality rate,2019,68.1140516487506,57.0485468754017,80.9089007829416
LSO,Under-five mortality rate,2020,66.2691638812362,53.8374822939852,81.1625348958763
LSO,Under-five mortality rate,2021,64.0124200308288,50.0547662675764,80.7111017744282
LSO,Under-five mortality rate,2022,62.0399404572646,46.8667279402167,80.7157243128454
LSO,Under-five mortality rate,2023,61.3121534202979,44.7311412222875,82.4516691740071
LSO,Under-five mortality rate,2024,59.9572488383015,42.3061534326992,82.9422900053031
MDG,Under-five mortality rate,2000,104.427966424951,97.0172922245437,112.477141577325
MDG,Under-five mortality rate,2001,99.8062348720987,92.6650330967009,107.716203853109
MDG,Under-five mortality rate,2002,95.5552224074624,88.5413300227619,103.268996602112
MDG,Under-five mortality rate,2003,91.5820059873844,84.7021193590253,98.9388386868541
MDG,Under-five mortality rate,2004,87.7953233494504,81.038768538804,94.9799199273257
MDG,Under-five mortality rate,2005,84.134555645442,77.5325801582306,91.1573819133492
MDG,Under-five mortality rate,2006,80.7564677504221,74.2960336016608,87.6374304750154
MDG,Under-five mortality rate,2007,77.6166559854235,71.2094879210345,84.5601862836401
MDG,Under-five mortality rate,2008,74.79797978408,68.3262362110684,81.823927594037
MDG,Under-five mortality rate,2009,72.3818523555689,65.7654597158294,79.5071916725101
MDG,Under-five mortality rate,2010,70.3483895430368,63.594449051597,77.5503184754103
MDG,Under-five mortality rate,2011,68.6279545644107,61.8575954887838,75.8919984066144
MDG,Under-five mortality rate,2012,67.3053088939916,60.473240917839,74.6068311981198
MDG,Under-five mortality rate,2013,66.3613171154086,59.441096232655,73.6000370972044
MDG,Under-five mortality rate,2014,65.6913073108404,58.7095823065824,73.0044871071827
MDG,Under-five mortality rate,2015,65.2573585991228,58.2921590086469,72.6841832755658
MDG,Under-five mortality rate,2016,64.924914241352,57.9140147400121,72.7316892118777
MDG,Under-five mortality rate,2017,64.8724280043756,57.6407621712785,73.1630981908996
MDG,Under-five mortality rate,2018,64.9422711264663,57.2380161354578,73.9780610920888
MDG,Under-five mortality rate,2019,65.0115425609742,56.5719898803362,75.1559713254146
MDG,Under-five mortality rate,2020,65.1098487774771,55.5004638929515,76.9387543394625
MDG,Under-five mortality rate,2021,65.025451613786,54.1255656717656,78.8857396347216
MDG,Under-five mortality rate,2022,64.4928557469381,52.3430154828395,80.2103671497397
MDG,Under-five mortality rate,2023,63.6302284299462,50.2573740021077,81.3331554907104
MDG,Under-five mortality rate,2024,62.4018798363122,47.9473936882916,81.969194306184
MLI,Under-five mortality rate,2000,189.930760919439,178.136298918793,202.390037063059
MLI,Under-five mortality rate,2001,183.895533835581,172.447640183815,195.964158494787
MLI,Under-five mortality rate,2002,177.746448457118,166.673000049215,189.505421722565
MLI,Under-five mortality rate,2003,171.699450204846,160.869501746247,183.253242043818
MLI,Under-five mortality rate,2004,165.806091710661,155.380912789168,177.175143437763
MLI,Under-five mortality rate,2005,160.087799949772,149.936755443995,171.149109038739
MLI,Under-five mortality rate,2006,154.612898259463,144.66275584972,165.466242327039
MLI,Under-five mortality rate,2007,149.239736756657,139.398273503897,159.882081694527
MLI,Under-five mortality rate,2008,143.98163841072,134.385468716147,154.459468143301
MLI,Under-five mortality rate,2009,138.864310111906,129.452570711419,149.084864631034
MLI,Under-five mortality rate,2010,133.777906111573,124.469108095305,143.885368888095
MLI,Under-five mortality rate,2011,128.779317691542,119.541566812182,138.904003254816
MLI,Under-five mortality rate,2012,123.874403352889,114.778888450573,133.778165768339
MLI,Under-five mortality rate,2013,119.084185425328,109.939349946832,129.0270738775
MLI,Under-five mortality rate,2014,114.385175654412,105.327318373752,124.152652432463
MLI,Under-five mortality rate,2015,109.724612573219,100.746117301795,119.415595705559
MLI,Under-five mortality rate,2016,105.132399445986,96.2977691039099,114.830319511666
MLI,Under-five mortality rate,2017,100.647420193869,91.7608044623061,110.288503932532
MLI,Under-five mortality rate,2018,96.2069115873463,87.2737267918484,106.106317275026
MLI,Under-five mortality rate,2019,91.8900662344017,82.7074284630814,101.979388176526
MLI,Under-five mortality rate,2020,87.6284631101115,78.1947481149334,98.1226293929495
MLI,Under-five mortality rate,2021,83.6068664851621,73.6140431763606,94.6202964531032
MLI,Under-five mortality rate,2022,79.7216448036851,69.1798775106791,91.281523832992
MLI,Under-five mortality rate,2023,76.208505926193,65.0355224344914,88.3406853908179
MLI,Under-five mortality rate,2024,72.9812656876394,61.3213170278845,85.8294625565983
MOZ,Under-five mortality rate,2000,164.620952364678,152.148056137698,178.000726096025
MOZ,Under-five mortality rate,2001,155.73963394985,143.844275987349,168.43704486976
MOZ,Under-five mortality rate,2002,147.459273552944,136.074153276405,159.645213219572
MOZ,Under-five mortality rate,2003,139.768468235553,128.900490943666,151.279429760338
MOZ,Under-five mortality rate,2004,132.539296695402,122.036977454124,143.623072654216
MOZ,Under-five mortality rate,2005,125.74704883511,115.739012801017,136.343602551572
MOZ,Under-five mortality rate,2006,118.771397146868,109.270123540147,128.923193903864
MOZ,Under-five mortality rate,2007,110.673424503047,101.756578115721,120.384750829088
MOZ,Under-five mortality rate,2008,104.393714127787,95.7736821076375,113.562808779884
MOZ,Under-five mortality rate,2009,98.2692519755913,90.0709241887158,107.049331384932
MOZ,Under-five mortality rate,2010,95.6198802500808,87.380441490875,104.2775217658
MOZ,Under-five mortality rate,2011,91.1344107059059,83.1031147049548,99.6789693231088
MOZ,Under-five mortality rate,2012,86.4750551724983,78.7083558947129,94.9981599929239
MOZ,Under-five mortality rate,2013,82.9002591679162,75.2489702471496,91.3360006199735
MOZ,Under-five mortality rate,2014,79.7138281931561,72.0074201516173,88.3791035015165
MOZ,Under-five mortality rate,2015,75.8066145538534,68.117875778051,84.5187771638734
MOZ,Under-five mortality rate,2016,73.2635736227917,65.4405500418068,82.2333659603141
MOZ,Under-five mortality rate,2017,71.9671354615627,63.8381554470181,81.3461385848307
MOZ,Under-five mortality rate,2018,70.1521430830678,61.7413692968,79.8761247563689
MOZ,Under-five mortality rate,2019,68.607696374709,59.7419209150713,79.1123569907171
MOZ,Under-five mortality rate,2020,67.5654552049307,57.911090427292,79.2155463668546
MOZ,Under-five mortality rate,2021,65.5233469282418,55.202339878827,78.316905197056
MOZ,Under-five mortality rate,2022,63.9277148718714,52.7019768528724,78.2667907985735
MOZ,Under-five mortality rate,2023,61.6510879640598,49.4472765329346,77.1177759028096
MOZ,Under-five mortality rate,2024,59.4183251290932,46.3113527018822,76.2561982117029
MRT,Under-five mortality rate,2000,98.0071169248503,89.5604332153189,107.671948488712
MRT,Under-five mortality rate,2001,93.3806150822317,85.2136631526017,102.531837876787
MRT,Under-five mortality rate,2002,88.1746772764853,80.2757514753102,96.7416892488029
MRT,Under-five mortality rate,2003,82.8182273364098,75.1631577399994,90.8895510024691
MRT,Under-five mortality rate,2004,77.5033376549474,70.0160120074081,85.2711683721846
MRT,Under-five mortality rate,2005,72.4950704890961,65.0156404705116,80.1706581477055
MRT,Under-five mortality rate,2006,68.0877137529964,60.7685473688669,75.7439270111142
MRT,Under-five mortality rate,2007,64.348167525798,57.3350811058168,71.9059069584956
MRT,Under-five mortality rate,2008,61.2618339953431,54.5632117579512,68.6434758665569
MRT,Under-five mortality rate,2009,58.8150666461997,52.3656901455843,65.7515373175587
MRT,Under-five mortality rate,2010,56.779846009088,50.5787198885292,63.3943583288615
MRT,Under-five mortality rate,2011,55.1089974614124,48.9537087009035,61.5374690412846
MRT,Under-five mortality rate,2012,53.5442632349811,47.4894254431258,59.8965831360869
MRT,Under-five mortality rate,2013,52.0896806531323,46.0603972993355,58.5170673597158
MRT,Under-five mortality rate,2014,50.5979855287919,44.5943522910021,57.2735893563112
MRT,Under-five mortality rate,2015,49.1419469188355,43.1249476920748,55.9575722191596
MRT,Under-five mortality rate,2016,47.6748384372604,41.3890983051721,54.905616997401
MRT,Under-five mortality rate,2017,46.1751176441233,39.5156415742745,54.2306642837421
MRT,Under-five mortality rate,2018,44.7479570511789,37.5354369649847,53.8579330930651
MRT,Under-five mortality rate,2019,43.3783302364296,35.3478851141102,53.6383086322029
MRT,Under-five mortality rate,2020,41.9916060484086,33.2436012697732,53.5309285650715
MRT,Under-five mortality rate,2021,40.6633048258733,31.258169871524,53.5190519583761
MRT,Under-five mortality rate,2022,39.4316374531352,29.4114226379933,53.3832859450266
MRT,Under-five mortality rate,2023,38.1331870110733,27.5695798357959,53.3065841151531
MRT,Under-five mortality rate,2024,36.912905547527,25.9037312178611,53.4585942373828
MUS,Under-five mortality rate,2000,18.7987881748117,17.8699221931367,19.7639075892968
MUS,Under-five mortality rate,2001,17.5178003963462,16.6787191764244,18.3805646579887
MUS,Under-five mortality rate,2002,16.59534110613,15.7907697177888,17.4688681340666
MUS,Under-five mortality rate,2003,16.0196941683974,15.1962383789733,16.9022192042998
MUS,Under-five mortality rate,2004,15.7421478501539,14.9696838694094,16.551683344968
MUS,Under-five mortality rate,2005,15.5873099701055,14.7180826863949,16.4878030565862
MUS,Under-five mortality rate,2006,15.4035694415197,14.5863646385211,16.2524155007208
MUS,Under-five mortality rate,2007,15.1832284895243,14.384593329841,16.048028056916
MUS,Under-five mortality rate,2008,14.9909939843559,14.1264482738674,15.9111658304354
MUS,Under-five mortality rate,2009,14.8626281845535,14.0249600481149,15.7181851354785
MUS,Under-five mortality rate,2010,14.8268336880681,13.9000210671334,15.7936501043646
MUS,Under-five mortality rate,2011,14.8981358955919,14.0277600426541,15.8307128289801
MUS,Under-five mortality rate,2012,14.9902573936648,14.10708669978,15.9356269487
MUS,Under-five mortality rate,2013,14.9411315882105,14.0075681761762,15.9200316215648
MUS,Under-five mortality rate,2014,14.7137982088614,13.8512253925859,15.6236937704646
MUS,Under-five mortality rate,2015,14.5339642871289,13.578879926989,15.5306553868106
MUS,Under-five mortality rate,2016,14.6475454678767,13.7421836714393,15.6038828449744
MUS,Under-five mortality rate,2017,15.0060372330388,14.1050966678605,15.9475054751529
MUS,Under-five mortality rate,2018,15.4039459734872,14.4625984573358,16.408088033924
MUS,Under-five mortality rate,2019,15.7005406291824,14.8011106482343,16.6650284217736
MUS,Under-five mortality rate,2020,15.8198723269967,14.8324364599673,16.8894778238817
MUS,Under-five mortality rate,2021,15.7407547008439,14.7468532956922,16.7707185451858
MUS,Under-five mortality rate,2022,15.5334509984951,14.5279751575758,16.6214540651986
MUS,Under-five mortality rate,2023,15.3917706495115,14.364509331968,16.4917338537753
MUS,Under-five mortality rate,2024,15.3669901737552,13.9318321636506,17.0160604716053
MWI,Under-five mortality rate,2000,170.984425434164,160.365359987521,182.242442336593
MWI,Under-five mortality rate,2001,238.99345463641,223.919702582627,254.628455070401
MWI,Under-five mortality rate,2002,143.24276903845,134.165216855479,152.661882740932
MWI,Under-five mortality rate,2003,130.007806581783,121.510427791608,138.878793635624
MWI,Under-five mortality rate,2004,118.748602455559,110.780666117014,127.29280460374
MWI,Under-five mortality rate,2005,109.686588624471,102.133571559289,117.662888101498
MWI,Under-five mortality rate,2006,102.726080488589,95.7744448646434,110.058494869057
MWI,Under-five mortality rate,2007,96.8984556543118,90.3008751565144,104.092191940952
MWI,Under-five mortality rate,2008,91.0459467433391,84.427784453747,98.4395168339053
MWI,Under-five mortality rate,2009,85.3468046775058,78.9697908312335,92.5727336223638
MWI,Under-five mortality rate,2010,80.1306339610071,74.1619974950992,87.1887573431394
MWI,Under-five mortality rate,2011,74.019626915761,68.3715207264262,80.4683450207723
MWI,Under-five mortality rate,2012,67.8828480900788,62.4443600256876,73.9446958884263
MWI,Under-five mortality rate,2013,62.8586822995853,57.3009582297485,68.8804851815113
MWI,Under-five mortality rate,2014,60.034010232756,54.2406834718367,66.3088279859228
MWI,Under-five mortality rate,2015,57.3939491098124,51.2530846152723,63.924945982004
MWI,Under-five mortality rate,2016,55.8271802126769,49.2612892317831,62.8632485286586
MWI,Under-five mortality rate,2017,53.8020320415328,46.9171605914503,61.2543677748157
MWI,Under-five mortality rate,2018,52.0266274244189,44.8862483195296,59.929230566974
MWI,Under-five mortality rate,2019,51.2938479303391,43.8189932389628,59.6837965943666
MWI,Under-five mortality rate,2020,50.4241467507674,42.5345858285037,59.5512207817044
MWI,Under-five mortality rate,2021,49.9787308562768,41.2629386199349,60.2843121142698
MWI,Under-five mortality rate,2022,50.0865127758908,40.221992068393,62.2404524386798
MWI,Under-five mortality rate,2023,49.6349790948417,38.5719087245074,64.0150276584767
MWI,Under-five mortality rate,2024,48.7827316524982,36.5664391145447,65.4910052399888
NAM,Under-five mortality rate,2000,78.239125415528,68.794124805346,89.4523215219455
NAM,Under-five mortality rate,2001,77.5867042664173,68.2175263245772,88.6467975036678
NAM,Under-five mortality rate,2002,76.5556787922345,67.0920267165908,87.5806825038039
NAM,Under-five mortality rate,2003,75.557299491185,66.3268939397973,86.4788220035185
NAM,Under-five mortality rate,2004,74.3835361600638,65.3341111258748,84.9547153594497
NAM,Under-five mortality rate,2005,70.9818017570793,62.4802509142658,80.9173608660234
NAM,Under-five mortality rate,2006,65.9723709907358,57.8478426891141,75.2700218169117
NAM,Under-five mortality rate,2007,61.9647096085422,53.9197621404991,71.3121732540179
NAM,Under-five mortality rate,2008,57.4962727784019,49.6691036171186,66.879197791279
NAM,Under-five mortality rate,2009,53.243990930777,45.3895720068286,62.8234692572464
NAM,Under-five mortality rate,2010,50.2817269711759,42.4221825645092,60.21860118491
NAM,Under-five mortality rate,2011,49.9743784379438,41.5177375429929,60.307151479634
NAM,Under-five mortality rate,2012,52.5690162084179,43.0814439428368,63.8721057829977
NAM,Under-five mortality rate,2013,50.7952346915119,40.9965145874252,61.9391669442612
NAM,Under-five mortality rate,2014,49.9563961715346,39.7706761947109,60.7025700023398
NAM,Under-five mortality rate,2015,51.8264834714575,40.8574594160275,62.5701175376259
NAM,Under-five mortality rate,2016,51.3961530724525,40.5221916660832,62.1390586627784
NAM,Under-five mortality rate,2017,49.7557915019481,39.322524853293,60.7723497132394
NAM,Under-five mortality rate,2018,48.4765566801151,38.7600194199369,60.1086460383398
NAM,Under-five mortality rate,2019,46.5654236149715,37.6385733095441,58.4409597671514
NAM,Under-five mortality rate,2020,44.7796848163822,36.7728599576643,57.0493662269155
NAM,Under-five mortality rate,2021,43.2199060963021,35.8363605889781,56.2326203649962
NAM,Under-five mortality rate,2022,41.5845565573464,34.4567095686711,55.9226302035705
NAM,Under-five mortality rate,2023,41.0691352832714,33.1452349220887,57.5581344682183
NAM,Under-five mortality rate,2024,39.4611324259644,30.456135796868,57.8392733110869
NER,Under-five mortality rate,2000,227.854691822454,210.508965720938,246.895238690615
NER,Under-five mortality rate,2001,217.415198015794,200.505257242928,236.290047211972
NER,Under-five mortality rate,2002,205.91393703542,190.069640710514,223.850938369045
NER,Under-five mortality rate,2003,194.083037344006,179.095409095857,210.983916965298
NER,Under-five mortality rate,2004,182.358233580891,168.452734863206,197.825660035852
NER,Under-five mortality rate,2005,171.382919288988,158.162931836686,185.964309077389
NER,Under-five mortality rate,2006,161.556191816188,148.6008694804,175.595215576774
NER,Under-five mortality rate,2007,153.090992772177,140.43600304321,166.810929975822
NER,Under-five mortality rate,2008,146.018119380262,133.505053653889,159.582830189741
NER,Under-five mortality rate,2009,140.332968898735,127.856931717909,153.863346268171
NER,Under-five mortality rate,2010,136.007360557459,123.501170267094,149.576932220931
NER,Under-five mortality rate,2011,132.686437482036,119.992405562198,146.386781174091
NER,Under-five mortality rate,2012,130.254637832536,117.271146195163,144.203569995964
NER,Under-five mortality rate,2013,128.338868378213,115.106090614238,142.762132989385
NER,Under-five mortality rate,2014,126.827637261542,113.201639306357,141.800986367008
NER,Under-five mortality rate,2015,125.388056027332,111.350262138446,141.202779566754
NER,Under-five mortality rate,2016,124.283170070239,109.503602029455,140.460491276736
NER,Under-five mortality rate,2017,123.09803606453,107.627471978919,140.17581874537
NER,Under-five mortality rate,2018,121.933635455556,105.684193462949,140.056442733091
NER,Under-five mortality rate,2019,120.762617345605,103.17484812958,140.727547679382
NER,Under-five mortality rate,2020,119.518703988303,99.8124413653101,141.959107674288
NER,Under-five mortality rate,2021,118.010016751548,96.1872447685318,143.600563621573
NER,Under-five mortality rate,2022,115.987734788178,92.0610637542168,144.876354281382
NER,Under-five mortality rate,2023,113.467525618226,87.4210077281984,146.258692548888
NER,Under-five mortality rate,2024,110.720344180286,82.8560451974837,147.564446682599
NGA,Under-five mortality rate,2000,177.277882875689,166.965866838768,188.018540035572
NGA,Under-five mortality rate,2001,170.544260589948,160.601233062892,180.82545530448
NGA,Under-five mortality rate,2002,163.865363088154,154.380720095042,173.871874104046
NGA,Under-five mortality rate,2003,157.426218431215,148.395347580632,167.245883803162
NGA,Under-five mortality rate,2004,151.38094909268,142.587607540735,160.794332694898
NGA,Under-five mortality rate,2005,145.840129317066,137.319874316674,154.930339741278
NGA,Under-five mortality rate,2006,140.879342374414,132.465696260364,149.68385796904
NGA,Under-five mortality rate,2007,136.461352502799,128.139137465826,145.181814343269
NGA,Under-five mortality rate,2008,132.549256856828,124.339103724174,141.261902247224
NGA,Under-five mortality rate,2009,129.223994047902,120.948750917186,137.735232174736
NGA,Under-five mortality rate,2010,126.33990959224,117.997407436099,134.869040996973
NGA,Under-five mortality rate,2011,123.802070265185,115.441343269058,132.598413539775
NGA,Under-five mortality rate,2012,121.643842793423,113.21936565293,130.596785624806
NGA,Under-five mortality rate,2013,119.932795704944,111.496033140136,129.016579800112
NGA,Under-five mortality rate,2014,118.683497154385,110.06583802544,127.932521055412
NGA,Under-five mortality rate,2015,117.82143672882,109.072038053627,127.311647505954
NGA,Under-five mortality rate,2016,117.354964401929,108.418449626548,127.233487438225
NGA,Under-five mortality rate,2017,117.174891115683,107.942166625619,127.448313255061
NGA,Under-five mortality rate,2018,117.187172377659,107.654692829253,127.900985931466
NGA,Under-five mortality rate,2019,117.36662959195,107.284833736886,128.52988218632
NGA,Under-five mortality rate,2020,117.422625557429,106.62443175723,129.677920319559
NGA,Under-five mortality rate,2021,117.555869775409,105.446742174643,131.052184166124
NGA,Under-five mortality rate,2022,117.455259297469,104.005749030124,132.800081288681
NGA,Under-five mortality rate,2023,116.816468972674,101.796288011281,134.522310670227
NGA,Under-five mortality rate,2024,115.649433639974,98.8479874283228,136.188585455153
RWA,Under-five mortality rate,2000,184.158111363021,172.095399894053,197.199311226613
RWA,Under-five mortality rate,2001,166.51378663123,155.195325773331,178.650018976483
RWA,Under-five mortality rate,2002,149.091253978856,138.537171542639,160.381225284733
RWA,Under-five mortality rate,2003,132.690762310541,122.980531555331,143.36850121146
RWA,Under-five mortality rate,2004,117.548260059302,108.720927864573,127.141916152219
RWA,Under-five mortality rate,2005,104.469112120624,96.0982945713428,113.179566164449
RWA,Under-five mortality rate,2006,93.3676103779496,85.5755421427748,101.648168042324
RWA,Under-five mortality rate,2007,84.1093488500845,76.7770988803967,92.0648213047396
RWA,Under-five mortality rate,2008,76.0304972686832,69.0141954637528,83.5617612985222
RWA,Under-five mortality rate,2009,69.1181262306295,62.5610064232351,76.3574974506925
RWA,Under-five mortality rate,2010,63.261204875449,56.7386388535567,70.4812334424248
RWA,Under-five mortality rate,2011,58.0787636068264,51.2741822350995,65.4580589922904
RWA,Under-five mortality rate,2012,54.2437666790573,47.1406156864671,62.3407467159869
RWA,Under-five mortality rate,2013,51.4186628377436,43.9141999817685,59.934704031307
RWA,Under-five mortality rate,2014,49.1731627584274,41.5317619025092,57.8520453369677
RWA,Under-five mortality rate,2015,47.297747475403,39.5515466751064,56.1587785091025
RWA,Under-five mortality rate,2016,45.7949697923589,38.098458719934,54.9124425643801
RWA,Under-five mortality rate,2017,44.6932864910337,36.9264185859863,53.8094263766807
RWA,Under-five mortality rate,2018,43.682221573058,35.9053849562102,52.9618585771152
RWA,Under-five mortality rate,2019,42.6613820211005,35.2321903096213,51.8185677215469
RWA,Under-five mortality rate,2020,41.5780891941825,34.3219626706311,50.7392434553315
RWA,Under-five mortality rate,2021,40.5813660223506,33.0567517784237,49.8490242868574
RWA,Under-five mortality rate,2022,39.6543074223434,31.2168044338438,50.4174896440309
RWA,Under-five mortality rate,2023,38.8091079994808,28.994378092126,51.6418370432108
RWA,Under-five mortality rate,2024,37.7365445998216,26.6767885173562,53.2274729543606
SDN,Under-five mortality rate,2000,101.981091376915,93.1903644287038,111.820709698287
SDN,Under-five mortality rate,2001,98.6406520207079,89.9984194974983,108.14845041597
SDN,Under-five mortality rate,2002,95.242282863272,86.702619697769,104.555131768645
SDN,Under-five mortality rate,2003,91.9316044688488,83.4971276585164,101.117037213361
SDN,Under-five mortality rate,2004,101.14711536252,91.5589060343529,111.477986774063
SDN,Under-five mortality rate,2005,98.7935329542254,89.1408571021927,109.054157289077
SDN,Under-five mortality rate,2006,83.0119304029926,74.6719654874807,91.9560245723535
SDN,Under-five mortality rate,2007,80.3955767872437,71.9903225935713,89.3629569504994
SDN,Under-five mortality rate,2008,77.9155504878828,69.4589104842711,86.9884701709444
SDN,Under-five mortality rate,2009,75.5398050042394,66.9676279986325,84.8170600044018
SDN,Under-five mortality rate,2010,73.3759325619013,64.5006080587151,82.8467325476756
SDN,Under-five mortality rate,2011,71.2813472313172,62.0497492245659,81.2169423635483
SDN,Under-five mortality rate,2012,69.2856830355836,59.6343115206317,79.9472405211795
SDN,Under-five mortality rate,2013,67.3499537886283,57.2638997470234,78.6513020342034
SDN,Under-five mortality rate,2014,65.4272239865577,54.9013583822857,77.4618617267966
SDN,Under-five mortality rate,2015,63.4731890265534,52.4207922879859,76.5013028023226
SDN,Under-five mortality rate,2016,61.5726537537292,49.8200788017643,75.7178038408215
SDN,Under-five mortality rate,2017,59.6772297709582,47.1848587841636,75.4008638831451
SDN,Under-five mortality rate,2018,57.8096577189169,44.6050169180663,75.1498228586731
SDN,Under-five mortality rate,2019,56.065624564146,41.7882244790861,74.8348425004517
SDN,Under-five mortality rate,2020,54.3093618149863,39.2103531008374,74.8529067402693
SDN,Under-five mortality rate,2021,52.6662486312746,36.7314471359316,74.988309299195
SDN,Under-five mortality rate,2022,50.9517803711511,34.5179596502703,74.8773829053253
SDN,Under-five mortality rate,2023,63.0881272641427,41.2456323869064,96.0037805728394
SDN,Under-five mortality rate,2024,61.6023223076518,39.0243251684026,96.3261094142863
SEN,Under-five mortality rate,2000,128.869828152752,121.1609125645,136.957899950816
SEN,Under-five mortality rate,2001,121.72378157381,114.494803618241,129.199493848693
SEN,Under-five mortality rate,2002,113.153179587523,106.386394628998,120.099381762735
SEN,Under-five mortality rate,2003,104.15809724396,97.8219106665404,110.656571112101
SEN,Under-five mortality rate,2004,95.5058530599287,89.7507244745665,101.50248116149
SEN,Under-five mortality rate,2005,87.6040445134934,82.3896611829535,93.276898113244
SEN,Under-five mortality rate,2006,80.7661548885673,75.8947996500608,86.062109677551
SEN,Under-five mortality rate,2007,74.9671857219946,70.3685874840311,80.040342325796
SEN,Under-five mortality rate,2008,70.1015932232617,65.5954454664165,74.977618757131
SEN,Under-five mortality rate,2009,66.1143618818666,61.7771809165856,70.8797633907135
SEN,Under-five mortality rate,2010,62.7614702780806,58.614438011045,67.3570390187767
SEN,Under-five mortality rate,2011,59.9598115142807,55.937747212677,64.37980543651
SEN,Under-five mortality rate,2012,57.5524256784621,53.6052687820299,61.8978625969355
SEN,Under-five mortality rate,2013,55.4929962631217,51.5540488694965,59.7667641032515
SEN,Under-five mortality rate,2014,53.7428749721894,49.8568291756385,58.0096154088796
SEN,Under-five mortality rate,2015,52.211836554006,48.2653108293977,56.6090807415725
SEN,Under-five mortality rate,2016,50.8186956835138,46.7628047983032,55.4189029399434
SEN,Under-five mortality rate,2017,49.4425207023928,45.1164281772637,54.320117973642
SEN,Under-five mortality rate,2018,47.9204933218443,43.3328136235596,53.2209038878969
SEN,Under-five mortality rate,2019,46.1603393953986,41.2702833726858,51.7368664183003
SEN,Under-five mortality rate,2020,44.2422429033386,38.9113238340701,50.3205893985272
SEN,Under-five mortality rate,2021,42.1676593885117,36.2507352962325,49.0279467370279
SEN,Under-five mortality rate,2022,40.0953102158391,33.4394913109095,47.8624240619191
SEN,Under-five mortality rate,2023,38.2419515907875,30.8094012696707,47.0668599316625
SEN,Under-five mortality rate,2024,36.5298021848993,28.5242018136756,46.627567751764
SLE,Under-five mortality rate,2000,222.837455356141,208.016791907597,238.561422129282
SLE,Under-five mortality rate,2001,217.264331288859,202.733400198945,232.78196632175
SLE,Under-five mortality rate,2002,211.648098903328,197.35429425596,226.643696662121
SLE,Under-five mortality rate,2003,205.72523961093,191.749491602532,220.326170369414
SLE,Under-five mortality rate,2004,199.560072921573,185.99556984007,213.777672700742
SLE,Under-five mortality rate,2005,193.221435289521,180.041079539936,207.082961926853
SLE,Under-five mortality rate,2006,186.5355784534,173.719987145767,200.040057323762
SLE,Under-five mortality rate,2007,179.555143169647,167.198631469367,192.64780810382
SLE,Under-five mortality rate,2008,172.435337210868,160.351139904996,185.20728681933
SLE,Under-five mortality rate,2009,165.152813523385,153.400023507645,177.838071239489
SLE,Under-five mortality rate,2010,157.879742444529,146.390237029375,170.228059611572
SLE,Under-five mortality rate,2011,150.771566236077,139.521488027962,163.141564418049
SLE,Under-five mortality rate,2012,144.092524837473,133.006688638948,156.594529808133
SLE,Under-five mortality rate,2013,137.925093259028,126.885799648879,150.581207178855
SLE,Under-five mortality rate,2014,135.927727173624,124.280666364598,149.16590741538
SLE,Under-five mortality rate,2015,136.75172725116,124.045432292333,151.107015293034
SLE,Under-five mortality rate,2016,121.753700370396,109.384450741201,136.024732485327
SLE,Under-five mortality rate,2017,116.974797589572,103.599233515686,132.340938185214
SLE,Under-five mortality rate,2018,112.44414614033,97.9727123589785,129.08742237774
SLE,Under-five mortality rate,2019,108.269022800188,92.7648641301511,126.226908730082
SLE,Under-five mortality rate,2020,104.354311285817,87.7062064243827,123.910114225334
SLE,Under-five mortality rate,2021,100.631692020638,82.6506093648416,122.753621893829
SLE,Under-five mortality rate,2022,97.0946855093239,77.7165170182538,121.673085295826
SLE,Under-five mortality rate,2023,93.7724386602517,72.7986687044818,121.133175356409
SLE,Under-five mortality rate,2024,90.4995856673996,68.0246307175651,120.184272516703
SOM,Under-five mortality rate,2000,173.230022603383,136.028404879654,226.057910889384
SOM,Under-five mortality rate,2001,173.230022603383,136.028404879654,226.057910889384
SOM,Under-five mortality rate,2002,173.230022603383,136.028404879654,226.057910889383
SOM,Under-five mortality rate,2003,173.230022603383,136.028404879654,226.057910889384
SOM,Under-five mortality rate,2004,173.230022603383,136.028404879654,226.057910889384
SOM,Under-five mortality rate,2005,173.184454991385,135.991392091979,225.990492981308
SOM,Under-five mortality rate,2006,172.576250048682,135.14021867314,225.513018371759
SOM,Under-five mortality rate,2007,170.532034992997,132.183051418188,225.368874371373
SOM,Under-five mortality rate,2008,166.715361735147,125.995148403403,226.464831689833
SOM,Under-five mortality rate,2009,162.388588302669,118.976721167661,227.857880017489
SOM,Under-five mortality rate,2010,186.715345310816,131.455596967695,272.424494646824
SOM,Under-five mortality rate,2011,363.090594734054,246.793194147675,553.134151395357
SOM,Under-five mortality rate,2012,185.369253790552,122.193744024913,292.737444613562
SOM,Under-five mortality rate,2013,143.219346192362,90.6407217606159,234.347180595809
SOM,Under-five mortality rate,2014,138.621298583555,84.2575994559262,234.597860332797
SOM,Under-five mortality rate,2015,134.311528516251,79.2416803486416,234.597604431973
SOM,Under-five mortality rate,2016,130.196336412399,74.566004969527,234.748615344936
SOM,Under-five mortality rate,2017,156.438544451755,87.1770438941541,290.122887518322
SOM,Under-five mortality rate,2018,136.366087623134,73.6131301618259,261.605286664748
SOM,Under-five mortality rate,2019,118.368122698499,61.9143850297549,233.623686503646
SOM,Under-five mortality rate,2020,114.701221421191,58.1329986559452,232.836799802899
SOM,Under-five mortality rate,2021,110.999844985271,54.7807380536663,229.552052782271
SOM,Under-five mortality rate,2022,143.063153865958,69.0851998157199,302.151309166959
SOM,Under-five mortality rate,2023,104.290355579674,48.8071224428877,225.404719625663
SOM,Under-five mortality rate,2024,101.065720782696,46.4061703437511,222.820225890742
SSD,Under-five mortality rate,2000,180.053267615633,151.729449049682,212.690364733799
SSD,Under-five mortality rate,2001,171.069203955223,144.673119426129,201.711181927653
SSD,Under-five mortality rate,2002,162.240064014894,137.301697615316,190.819958017446
SSD,Under-five mortality rate,2003,153.731067710236,129.956871200718,181.019156067751
SSD,Under-five mortality rate,2004,145.814385610304,122.253778023252,172.505097725454
SSD,Under-five mortality rate,2005,138.401326188802,114.697283726228,165.475381085468
SSD,Under-five mortality rate,2006,131.4513711495,106.85040458086,159.674805983438
SSD,Under-five mortality rate,2007,124.856733173974,98.7147844229282,154.869579994606
SSD,Under-five mortality rate,2008,118.680714114682,91.039039364131,151.298347061084
SSD,Under-five mortality rate,2009,112.671616402585,82.872185170927,148.708189841161
SSD,Under-five mortality rate,2010,107.157830454908,74.9987807316858,147.118019631523
SSD,Under-five mortality rate,2011,102.332033838313,67.8724841117037,146.193776269193
SSD,Under-five mortality rate,2012,98.9155725383923,62.0571540841492,146.824749970697
SSD,Under-five mortality rate,2013,97.1788795469032,57.5911380081467,151.285543185677
SSD,Under-five mortality rate,2014,182.629180937717,102.009829339214,297.536469508427
SSD,Under-five mortality rate,2015,240.791417637226,125.77540621665,409.690574542411
SSD,Under-five mortality rate,2016,272.880542214183,132.796053401848,490.408149700603
SSD,Under-five mortality rate,2017,292.048258375538,130.992348313035,552.206786349825
SSD,Under-five mortality rate,2018,133.715441744417,56.0664845824338,266.152895235957
SSD,Under-five mortality rate,2019,96.7113347494942,37.6634434817018,206.668069796347
SSD,Under-five mortality rate,2020,96.7113347494942,34.7512599159791,219.547891900684
SSD,Under-five mortality rate,2021,96.7113347494943,32.0653850224088,233.955691832308
SSD,Under-five mortality rate,2022,96.7113347494942,29.2605162668611,249.088640672523
SSD,Under-five mortality rate,2023,96.7113347494943,26.7644343101449,265.633640805336
SSD,Under-five mortality rate,2024,96.7113347494942,24.9357255702743,283.180989501414
STP,Under-five mortality rate,2000,82.1672030781171,72.3971185351128,93.4192825951392
STP,Under-five mortality rate,2001,76.6659900349496,67.2411253050036,87.5315913776578
STP,Under-five mortality rate,2002,71.0633394644925,62.0869209954477,81.5016541381993
STP,Under-five mortality rate,2003,65.6640553112091,57.0953473260137,75.6190532185911
STP,Under-five mortality rate,2004,60.5044813804104,52.3274618333086,70.0902507389217
STP,Under-five mortality rate,2005,55.6621587388818,47.8377465956158,64.8344713073135
STP,Under-five mortality rate,2006,51.0976049027762,43.5718235103933,59.9321847177706
STP,Under-five mortality rate,2007,46.8760730485759,39.5419719407049,55.5369944879459
STP,Under-five mortality rate,2008,43.0560260473232,35.7979557653497,51.5264477802157
STP,Under-five mortality rate,2009,39.5260514394342,32.3336073254544,47.8885678591112
STP,Under-five mortality rate,2010,36.2371938527659,29.1386542826346,44.6704556687277
STP,Under-five mortality rate,2011,33.2253904316259,26.1691077444083,41.7056990687096
STP,Under-five mortality rate,2012,30.4232145998881,23.4449742664016,39.1173870493839
STP,Under-five mortality rate,2013,27.894073464009,20.8952653903369,36.9074699491794
STP,Under-five mortality rate,2014,25.5156228604634,18.5592601529112,34.9286203086701
STP,Under-five mortality rate,2015,23.3399873776089,16.3754007053859,33.15796610919
STP,Under-five mortality rate,2016,21.3307089481453,14.360348334912,31.6745208553325
STP,Under-five mortality rate,2017,19.6069387344966,12.6959415211752,30.4098611096696
STP,Under-five mortality rate,2018,18.2058139232395,11.352851078256,29.3779828745745
STP,Under-five mortality rate,2019,17.0542809296226,10.3046176454748,28.4343734823652
STP,Under-five mortality rate,2020,16.1268210897593,9.45176365688652,27.8079816696749
STP,Under-five mortality rate,2021,15.3331917693376,8.75864297577092,27.0540383874314
STP,Under-five mortality rate,2022,14.7198863870961,8.17649266125569,26.3795909038926
STP,Under-five mortality rate,2023,14.0960982769183,7.63676065545201,25.9762745453665
STP,Under-five mortality rate,2024,13.554487684926,7.17379573178286,25.5281182115556
SWZ,Under-five mortality rate,2000,112.49701162763,100.26207822311,126.001003862934
SWZ,Under-five mortality rate,2001,115.67700420182,103.146035611049,129.61480814564
SWZ,Under-five mortality rate,2002,116.971715791316,104.159253827062,130.987442386464
SWZ,Under-five mortality rate,2003,117.920660140892,105.165401880562,132.093890636532
SWZ,Under-five mortality rate,2004,118.028523120577,105.320661806808,132.217002610447
SWZ,Under-five mortality rate,2005,116.994219671469,104.370671441608,131.090942949319
SWZ,Under-five mortality rate,2006,106.387428386752,94.7921970831818,119.528500361105
SWZ,Under-five mortality rate,2007,100.323547264795,88.9859086188585,113.082357496355
SWZ,Under-five mortality rate,2008,97.8810401525268,86.2577206006279,110.837136230135
SWZ,Under-five mortality rate,2009,92.4372364959325,81.0216297355884,105.405632495946
SWZ,Under-five mortality rate,2010,82.133466969943,71.27606863506,94.3987290947258
SWZ,Under-five mortality rate,2011,67.5629444520968,57.8472897973258,78.5735008352281
SWZ,Under-five mortality rate,2012,62.669821085643,52.9119964517532,73.925270481112
SWZ,Under-five mortality rate,2013,59.6639441032788,49.7543067628709,71.6613268219888
SWZ,Under-five mortality rate,2014,59.9679716725893,49.1631667910959,73.6282375981975
SWZ,Under-five mortality rate,2015,57.5116005375532,46.4195301749551,72.332036859378
SWZ,Under-five mortality rate,2016,54.360152957062,43.063920767946,70.2548598320221
SWZ,Under-five mortality rate,2017,53.5844035376235,41.4218214978525,71.3680562164177
SWZ,Under-five mortality rate,2018,50.3567970394074,37.8002300551198,69.3092529981313
SWZ,Under-five mortality rate,2019,51.4906690098233,37.563508160899,73.255044070107
SWZ,Under-five mortality rate,2020,50.4979127506558,35.8765436466401,73.642325910504
SWZ,Under-five mortality rate,2021,47.8746136908952,33.1129986037873,71.255161140674
SWZ,Under-five mortality rate,2022,47.2828014982111,31.7373614070591,72.2385782944117
SWZ,Under-five mortality rate,2023,46.2137957286919,30.0895608824144,72.3560358329592
SWZ,Under-five mortality rate,2024,45.1180312015767,28.5410066981259,72.6817292487095
SYC,Under-five mortality rate,2000,13.7760691586776,12.4024283660996,15.2880766629152
SYC,Under-five mortality rate,2001,13.7562866468844,12.370447211841,15.262730164654
SYC,Under-five mortality rate,2002,13.7460922403969,12.3583353708305,15.2289498777875
SYC,Under-five mortality rate,2003,13.7568534452781,12.3483483771335,15.2314357569026
SYC,Under-five mortality rate,2004,13.7755165150068,12.3891018426924,15.2664268196016
SYC,Under-five mortality rate,2005,13.8050679111513,12.4189734201398,15.2805005394988
SYC,Under-five mortality rate,2006,13.8408554500311,12.4748324644544,15.3250288471013
SYC,Under-five mortality rate,2007,13.8935023970906,12.5300243283377,15.4078477015234
SYC,Under-five mortality rate,2008,13.9487797283596,12.580773615761,15.4848206274507
SYC,Under-five mortality rate,2009,14.0112689400366,12.6527945598123,15.5563035206438
SYC,Under-five mortality rate,2010,14.0886757127954,12.7244241415129,15.6564214079149
SYC,Under-five mortality rate,2011,14.1851531909817,12.8049022128602,15.7440985156535
SYC,Under-five mortality rate,2012,14.2806303259883,12.8946582571845,15.8578749873909
SYC,Under-five mortality rate,2013,14.378807267763,12.9823638816579,15.9729737616017
SYC,Under-five mortality rate,2014,14.4750311545278,13.0706966808851,16.0711684175899
SYC,Under-five mortality rate,2015,14.5643296190636,13.0999874696662,16.1747241898513
SYC,Under-five mortality rate,2016,14.6502906580725,13.120047301963,16.3374984814409
SYC,Under-five mortality rate,2017,14.7144186845017,13.0873953815835,16.5449113577007
SYC,Under-five mortality rate,2018,14.7867453583006,12.9789591625003,16.8327513764404
SYC,Under-five mortality rate,2019,14.8332192485233,12.7864736734077,17.2066176534068
SYC,Under-five mortality rate,2020,14.8289871327045,12.4957675585558,17.6431926816984
SYC,Under-five mortality rate,2021,14.7223123000781,12.0930172685568,18.015490062499
SYC,Under-five mortality rate,2022,14.5335561557156,11.613185038106,18.2629577777826
SYC,Under-five mortality rate,2023,14.2632974991298,11.05249885954,18.4497421198769
SYC,Under-five mortality rate,2024,13.9585637027311,10.4452794078954,18.6421124975233
TCD,Under-five mortality rate,2000,182.432785172706,167.988050846199,198.290570228218
TCD,Under-five mortality rate,2001,179.021182437262,164.67650793333,194.905005555517
TCD,Under-five mortality rate,2002,175.61401533222,161.429498417473,191.467773822923
TCD,Under-five mortality rate,2003,172.279896066298,157.946156763571,187.979658838877
TCD,Under-five mortality rate,2004,168.84377177169,154.512352177861,184.549733541233
TCD,Under-five mortality rate,2005,165.395298667131,150.770558418215,181.223216671174
TCD,Under-five mortality rate,2006,161.785067803146,146.961856253683,177.866847797448
TCD,Under-five mortality rate,2007,158.100555466946,143.086973023688,174.318783593487
TCD,Under-five mortality rate,2008,154.343794046351,139.061680356275,170.965185302624
TCD,Under-five mortality rate,2009,150.518834714492,134.828880199615,167.695772109303
TCD,Under-five mortality rate,2010,146.705402139895,130.509847985068,164.405468501111
TCD,Under-five mortality rate,2011,142.932502166091,126.142756050743,161.207805842614
TCD,Under-five mortality rate,2012,139.265235807963,121.748118723668,158.63138336287
TCD,Under-five mortality rate,2013,135.788475315547,117.189437956482,156.256856754589
TCD,Under-five mortality rate,2014,132.276727375431,112.693369467101,153.905088013802
TCD,Under-five mortality rate,2015,128.694820752403,108.012520108206,151.703797659747
TCD,Under-five mortality rate,2016,124.974728420566,103.368677874989,149.762605242853
TCD,Under-five mortality rate,2017,121.35708559909,97.8267308410718,148.686273718901
TCD,Under-five mortality rate,2018,117.602849195513,92.0685738029706,147.828239217262
TCD,Under-five mortality rate,2019,113.978599483247,86.9859287189619,147.165573887979
TCD,Under-five mortality rate,2020,110.585968644095,81.725145326505,147.366867131527
TCD,Under-five mortality rate,2021,107.251964458977,76.4814061664901,147.831212708415
TCD,Under-five mortality rate,2022,103.875691081879,72.0980708790225,148.627361944742
TCD,Under-five mortality rate,2023,100.581424805735,67.6241084428012,147.964579221167
TCD,Under-five mortality rate,2024,97.257531378838,63.2758541056783,147.577674941466
TGO,Under-five mortality rate,2000,119.236720357462,110.670370647055,128.762324552645
TGO,Under-five mortality rate,2001,115.721130448809,107.249407512824,124.946747304982
TGO,Under-five mortality rate,2002,112.164983681927,103.875977115285,121.122044010399
TGO,Under-five mortality rate,2003,108.786520237673,100.502137321818,117.566532342855
TGO,Under-five mortality rate,2004,105.467500828478,97.3156911432116,114.186264364984
TGO,Under-five mortality rate,2005,102.363154177706,94.2538101400396,111.076883507358
TGO,Under-five mortality rate,2006,99.328300891683,91.3471495732984,108.22265728814
TGO,Under-five mortality rate,2007,96.47057442675,88.5357731751592,105.390204838897
TGO,Under-five mortality rate,2008,93.6661188658262,85.7292334974962,102.507554688111
TGO,Under-five mortality rate,2009,90.9341742533767,82.9368265823121,99.8287097845606
TGO,Under-five mortality rate,2010,88.259162526417,80.1311685160925,97.2982054730592
TGO,Under-five mortality rate,2011,85.5612148380242,77.2053684391217,94.7740950519615
TGO,Under-five mortality rate,2012,82.8706092727912,74.3742282893707,92.3703568271095
TGO,Under-five mortality rate,2013,80.2090763200805,71.4596291448227,90.2274862732585
TGO,Under-five mortality rate,2014,77.6711978345041,68.5837714507919,88.0966516308368
TGO,Under-five mortality rate,2015,75.188676644847,65.6415531458572,86.2570457141798
TGO,Under-five mortality rate,2016,72.7936326971489,62.6088106451784,84.6418082115993
TGO,Under-five mortality rate,2017,70.4279195902579,59.5170306343134,83.216576699246
TGO,Under-five mortality rate,2018,68.1307291070544,56.5529910958482,82.3573034001557
TGO,Under-five mortality rate,2019,65.9614480856859,53.3631486794708,81.8129209077688
TGO,Under-five mortality rate,2020,63.9422372697389,50.2909481871917,81.4399068837604
TGO,Under-five mortality rate,2021,61.9707042871944,47.208955652765,81.404505808231
TGO,Under-five mortality rate,2022,60.0341646696069,44.1493933634932,81.4168489842549
TGO,Under-five mortality rate,2023,58.0686935906097,41.4044313358301,81.3606575269775
TGO,Under-five mortality rate,2024,56.1280177235099,38.6841969723951,81.0039527661032
TZA,Under-five mortality rate,2000,128.047520623727,119.767554742472,136.776214115177
TZA,Under-five mortality rate,2001,120.253661773664,112.421942375987,128.418142075074
TZA,Under-five mortality rate,2002,112.393630248833,104.924699808371,120.059366159522
TZA,Under-five mortality rate,2003,104.997068154974,97.854212033731,112.369813471073
TZA,Under-five mortality rate,2004,98.3449585880403,91.3923787903421,105.534006247427
TZA,Under-five mortality rate,2005,92.1863088382476,85.5893739716447,99.212890227403
TZA,Under-five mortality rate,2006,86.6965863244271,80.2945463840203,93.5747458201372
TZA,Under-five mortality rate,2007,81.2618323397221,75.1332004125748,87.7991595215143
TZA,Under-five mortality rate,2008,76.6199161313901,70.7624940060223,82.7684107811217
TZA,Under-five mortality rate,2009,71.9853535370122,66.3246055627715,77.9951027330158
TZA,Under-five mortality rate,2010,68.1593662080343,62.6824699578034,73.9768083338687
TZA,Under-five mortality rate,2011,64.5894106459427,59.2656036747126,70.4272972971606
TZA,Under-five mortality rate,2012,61.6668726665163,56.4708843795753,67.4115362827954
TZA,Under-five mortality rate,2013,59.0314662127604,53.897992295241,64.8109535857425
TZA,Under-five mortality rate,2014,56.3268518413118,51.1706020561139,62.1474970776095
TZA,Under-five mortality rate,2015,54.2903383074874,49.0786417872017,60.1212875205432
TZA,Under-five mortality rate,2016,52.0156690374835,46.7695230883748,57.8273406378365
TZA,Under-five mortality rate,2017,49.8002533152712,44.4219269121787,55.821279700785
TZA,Under-five mortality rate,2018,47.5926490255822,41.9798267055668,53.9438584636963
TZA,Under-five mortality rate,2019,45.5594092580402,39.7083298659679,52.3655303263204
TZA,Under-five mortality rate,2020,43.7567893555985,37.3843176135849,51.3657050863557
TZA,Under-five mortality rate,2021,41.724268454026,34.8632695926964,50.0692016250868
TZA,Under-five mortality rate,2022,40.1144965414977,32.8010385117451,49.3607694363627
TZA,Under-five mortality rate,2023,38.4865016891488,30.6131511390751,48.5246714405026
TZA,Under-five mortality rate,2024,36.9992502667486,28.5333438579522,47.7520093661898
UGA,Under-five mortality rate,2000,143.851523614041,134.687473463176,153.300402467835
UGA,Under-five mortality rate,2001,137.204927891661,128.333518840102,146.426259444807
UGA,Under-five mortality rate,2002,129.878383732964,121.46237869202,138.791524205411
UGA,Under-five mortality rate,2003,122.117397048833,114.074757310117,130.713932019517
UGA,Under-five mortality rate,2004,114.200984357631,106.619073488112,122.279413685873
UGA,Under-five mortality rate,2005,106.492176277597,99.3026771891199,114.0603209825
UGA,Under-five mortality rate,2006,99.2417485637489,92.4547511566996,106.44231789041
UGA,Under-five mortality rate,2007,92.4923097290186,86.1336853648074,99.3673387968389
UGA,Under-five mortality rate,2008,86.4480272476041,80.3410325280956,92.9907722036773
UGA,Under-five mortality rate,2009,81.1837740578763,75.3953722362557,87.4635714668008
UGA,Under-five mortality rate,2010,76.0204209551341,70.385617293314,82.1343722094823
UGA,Under-five mortality rate,2011,70.856017391806,65.2132958405262,76.8473756319719
UGA,Under-five mortality rate,2012,66.5076660782421,60.9150063639563,72.5286399143307
UGA,Under-five mortality rate,2013,62.8462156206634,57.3516454444727,68.9410348624468
UGA,Under-five mortality rate,2014,60.2011965685269,54.4879282325259,66.333982560297
UGA,Under-five mortality rate,2015,57.8824216845764,52.0904390836431,64.1504882007659
UGA,Under-five mortality rate,2016,55.6291401222935,49.7914258658024,62.0525923083457
UGA,Under-five mortality rate,2017,54.0314879457638,48.007669410371,60.7265225648641
UGA,Under-five mortality rate,2018,52.7362999243581,46.5784653928622,59.5706720490017
UGA,Under-five mortality rate,2019,51.6439129500205,45.3327385650901,58.6764897660097
UGA,Under-five mortality rate,2020,50.8632666103609,44.4775325093936,58.054712641258
UGA,Under-five mortality rate,2021,50.1623461064375,43.4671143865503,57.5253231278097
UGA,Under-five mortality rate,2022,49.9818899248666,42.8013634744179,57.6562481680995
UGA,Under-five mortality rate,2023,49.3762862972195,41.5253385509866,57.7481363882609
UGA,Under-five mortality rate,2024,48.7104683468247,40.0236793357579,58.4798162273967
ZAF,Under-five mortality rate,2000,71.3688671022346,65.8610824095437,76.9416849668066
ZAF,Under-five mortality rate,2001,74.5479828094361,69.3637307597108,79.8849357233752
ZAF,Under-five mortality rate,2002,76.9691082143774,71.7638118268587,82.3203578767487
ZAF,Under-five mortality rate,2003,79.2017107669235,74.0328440659265,84.4959013861081
ZAF,Under-five mortality rate,2004,80.68987161896,75.4465231873666,85.9407336006807
ZAF,Under-five mortality rate,2005,79.7517422821837,74.7888998407826,84.78833367156
ZAF,Under-five mortality rate,2006,76.8732168216673,72.2882113904979,81.9246535411221
ZAF,Under-five mortality rate,2007,71.2270837417845,66.9834232687107,76.0958963097141
ZAF,Under-five mortality rate,2008,63.7416241391218,59.8089897848003,68.2320719045566
ZAF,Under-five mortality rate,2009,56.8532987205893,53.2456148787155,61.0328417769913
ZAF,Under-five mortality rate,2010,50.2535791646988,47.0614880231409,53.9460074179358
ZAF,Under-five mortality rate,2011,45.5758952069485,42.6275669282018,48.8302364509023
ZAF,Under-five mortality rate,2012,43.0515247405051,40.3568830478711,46.0970117430012
ZAF,Under-five mortality rate,2013,41.3907350112107,38.8604212688175,44.1571525007034
ZAF,Under-five mortality rate,2014,39.7487406780576,37.3369176421485,42.3612928247071
ZAF,Under-five mortality rate,2015,38.1998799610377,35.8552965326531,40.7040554391235
ZAF,Under-five mortality rate,2016,36.8384763807184,34.4655551037296,39.2483120725307
ZAF,Under-five mortality rate,2017,35.7052441990868,33.2299984859868,38.1189055758904
ZAF,Under-five mortality rate,2018,34.8892385728702,32.3918769503077,37.2672739984711
ZAF,Under-five mortality rate,2019,34.3295766293555,31.8145099161248,36.7274388886004
ZAF,Under-five mortality rate,2020,33.8910777953079,31.5532311046029,36.2573029109409
ZAF,Under-five mortality rate,2021,33.9699047100541,31.6442230756263,36.4514504478501
ZAF,Under-five mortality rate,2022,34.3058389865701,31.5086829206027,37.4670391414603
ZAF,Under-five mortality rate,2023,34.7582181546649,30.997895467976,39.1406587436422
ZAF,Under-five mortality rate,2024,35.0646906268431,30.1089642825237,41.3218182248946
ZMB,Under-five mortality rate,2000,151.756215776661,141.134107118474,163.181825948506
ZMB,Under-five mortality rate,2001,143.188146340069,133.176211907832,154.163911581211
ZMB,Under-five mortality rate,2002,132.8554195954,123.79104580095,142.884752656541
ZMB,Under-five mortality rate,2003,122.091023919134,113.859492805524,131.214373749779
ZMB,Under-five mortality rate,2004,111.714075449583,103.62570330448,120.452741692966
ZMB,Under-five mortality rate,2005,102.65943263002,94.8652598866735,110.869443481969
ZMB,Under-five mortality rate,2006,94.7682778865784,87.4274497741158,102.448317228036
ZMB,Under-five mortality rate,2007,89.0728148697362,82.3401174386305,96.2107510118751
ZMB,Under-five mortality rate,2008,84.23194306372,77.8409056306532,91.0251108800941
ZMB,Under-five mortality rate,2009,78.4234013469032,72.318129610958,85.0939046684637
ZMB,Under-five mortality rate,2010,74.3343646479696,68.4152876924231,80.8086247073018
ZMB,Under-five mortality rate,2011,71.8395522398654,65.9907789404995,78.3648682756825
ZMB,Under-five mortality rate,2012,69.2150778102739,63.4380465239067,75.7263747793669
ZMB,Under-five mortality rate,2013,65.9835589149996,60.2267903757387,72.3177440203436
ZMB,Under-five mortality rate,2014,62.5756431916158,56.8340914275139,68.7989749521413
ZMB,Under-five mortality rate,2015,60.1602562723903,54.387096973179,66.3242614900205
ZMB,Under-five mortality rate,2016,57.1379844688831,51.4156490724808,63.3457883954915
ZMB,Under-five mortality rate,2017,55.1533513970925,49.3427880503359,61.5433874496822
ZMB,Under-five mortality rate,2018,54.6752453823209,48.6188058516907,61.3507745908276
ZMB,Under-five mortality rate,2019,53.4757184145862,47.3198455335745,60.433655812062
ZMB,Under-five mortality rate,2020,52.4710956050654,46.1686533798554,59.7046796942366
ZMB,Under-five mortality rate,2021,50.3543903938898,43.7940132772784,58.040510865288
ZMB,Under-five mortality rate,2022,49.4846083677702,42.272243387447,58.0558036048216
ZMB,Under-five mortality rate,2023,49.133866067513,40.8490504503651,59.4343392222359
ZMB,Under-five mortality rate,2024,48.3652143961706,38.9583365721191,60.6620837107477
ZWE,Under-five mortality rate,2000,99.3915301445375,89.8385630176975,109.960126800406
ZWE,Under-five mortality rate,2001,96.3132963134474,87.1617590488331,106.546081305537
ZWE,Under-five mortality rate,2002,93.838278633494,84.8567386828763,103.568367832463
ZWE,Under-five mortality rate,2003,91.8763047257522,83.2571035905834,101.067684452436
ZWE,Under-five mortality rate,2004,91.2020869929241,82.8533305642801,100.160092769339
ZWE,Under-five mortality rate,2005,91.6338079831938,83.4158276775354,100.398083455454
ZWE,Under-five mortality rate,2006,87.6404988903655,80.1646754287604,95.8028553368671
ZWE,Under-five mortality rate,2007,90.5822502330026,82.8138441132517,99.2717836278541
ZWE,Under-five mortality rate,2008,91.1197725052774,83.267747428164,99.934496341609
ZWE,Under-five mortality rate,2009,89.8193965756948,82.1038930642808,98.3609732827
ZWE,Under-five mortality rate,2010,85.248894516181,77.8466050869772,93.5895420935169
ZWE,Under-five mortality rate,2011,77.16454991843,70.2868073938814,84.5567517338608
ZWE,Under-five mortality rate,2012,67.9914595324995,61.4623237195685,74.9848349582784
ZWE,Under-five mortality rate,2013,62.6336128671135,56.2304254626607,69.6205243487339
ZWE,Under-five mortality rate,2014,59.8241554344364,53.3086910066022,66.8091769972983
ZWE,Under-five mortality rate,2015,59.2367851618715,52.5030432121023,66.7464100251076
ZWE,Under-five mortality rate,2016,57.5174706409323,50.6567509241726,65.3089852043997
ZWE,Under-five mortality rate,2017,56.7406461343733,49.3686293717019,65.2971675529141
ZWE,Under-five mortality rate,2018,56.337864347128,48.5247453545448,65.7270951891532
ZWE,Under-five mortality rate,2019,58.640052915412,50.0958500851471,69.2261098800426
ZWE,Under-five mortality rate,2020,61.6544348776705,51.9632009992135,73.478607015889
ZWE,Under-five mortality rate,2021,62.3747669805675,51.3844541854641,75.8959885027891
ZWE,Under-five mortality rate,2022,64.0362832172506,50.0183763543678,81.2121559043739
ZWE,Under-five mortality rate,2023,64.1975290255617,46.962692815715,86.1738082736008
ZWE,Under-five mortality rate,2024,64.6609056221108,43.9718954819574,93.2338737810354
