iso3,year,malaria_incidence_per1000,fertility_rate,urban_pct,employment_pop_pct,hiv_prev_pct,health_exp_pc_usd,sanitation_basic_pct,open_defecation_pct
AGO,2000,326.54,6.639,50.5070653484197,64.484,1.4,13.15998554,33.8004076625916,31.7063514307485
AGO,2001,330.8,6.601,51.7224790407329,64.451,1.4,29.26095772,34.2558546036306,31.2796029323129
AGO,2002,315.7,6.567,52.8926234794038,64.617,1.5,29.37077141,34.7112995930867,30.8528575537651
AGO,2003,319.29,6.533,54.0043545370761,64.59,1.5,35.2206955,35.7566857674784,30.6604684372213
AGO,2004,312.65,6.499,55.0445280863936,64.677,1.6,50.23310852,36.8026608112345,30.4355544935086
AGO,2005,313.87,6.461,56.0,64.679,1.6,54.66142273,37.8465318357126,30.1810112773105
AGO,2006,299.9,6.419,56.8939032662772,64.804,1.6,70.28185272,38.7338819151989,30.0635282716999
AGO,2007,269.53,6.372,57.7564632930133,64.842,1.7,93.42698669,39.6205689404056,29.9262778862818
AGO,2008,228.06,6.32,58.5851745819614,64.775,1.7,136.34094238,40.5073529931406,29.7685402890593
AGO,2009,193.51,6.26,59.3775316348744,64.6,1.7,120.5289917,41.3926874563562,29.5922296496081
AGO,2010,170.36,6.194,60.1310289535053,64.438,1.7,96.95197296,42.2777189153195,29.3961861141103
AGO,2011,157.06,6.12,60.8431610396073,64.35,1.8,122.11888123,43.1620627220945,29.1810246508511
AGO,2012,153.05,6.039,61.5114223949332,64.296,1.8,121.84848022,44.0453181222275,28.9474058924479
AGO,2013,158.1,5.953,62.1333075212361,64.119,1.8,142.78450012,44.9270819739207,28.6960640795283
AGO,2014,163.86,5.864,62.723115793241,63.952,1.8,130.5861969,45.8077399649675,28.4267180278409
AGO,2015,174.47,5.774,63.51567832685,63.638,1.8,107.52857208,46.6837650963553,28.1444628371784
AGO,2016,189.78,5.686,64.2992302517989,63.321,1.8,94.01481628,47.555908833618,27.848771939298
AGO,2017,215.31,5.6,65.0850525086068,63.045,1.8,112.75364685,48.4237656848917,27.5407271870453
AGO,2018,232.44,5.519,65.8732136723372,62.812,1.7,83.87555695,49.2865229934191,27.2220451127768
AGO,2019,243.1,5.442,66.6637823180533,62.644,1.7,64.4466095,49.5470237290202,26.8345097354645
AGO,2020,244.53,5.371,67.4568270208187,61.078,1.7,56.01641846,49.8016376564917,26.4557422062591
AGO,2021,258.61,5.304,68.2524163556969,64.306,1.7,66.94487,50.0511353702384,26.084576486195
AGO,2022,260.09,5.209,69.0506188977513,64.619,1.6,103.94506073,50.2951359158799,25.7215935286929
AGO,2023,255.47,5.124,69.8515032220457,64.369,1.6,76.07118225,,
AGO,2024,258.9,5.048,70.6551379036435,64.383,1.6,,,
AGO,2025,,,71.4615915176085,64.236,,,,
BDI,2000,427.48,6.872,8.04381449833197,80.062,3.4,5.67927122,45.8832028889367,2.55898619091524
BDI,2001,416.12,6.849,8.24107308668089,79.277,3.1,7.50815582,45.9762261657477,2.53680294867499
BDI,2002,388.13,6.819,8.45108277415092,78.474,2.8,6.46998882,46.0714530473161,2.51433338450844
BDI,2003,343.45,6.785,8.67614339385788,77.678,2.6,5.87316799,46.1690271798233,2.49157787052623
BDI,2004,295.97,6.746,8.9185547789176,76.826,2.4,8.88248062,46.0744530371063,2.46852797553744
BDI,2005,284.48,6.708,9.1806167624459,75.95,2.2,11.13118172,45.9780778470214,2.44517592093477
BDI,2006,287.78,6.659,9.4646291775586,74.981,2.0,14.10514736,45.8797490696037,2.42150213026509
BDI,2007,287.94,6.588,9.77289185737152,75.809,1.9,15.26294613,45.7793823625363,2.39750901141187
BDI,2008,288.77,6.515,10.1064353383035,76.607,1.8,14.67025566,45.6767816936833,2.3731635016677
BDI,2009,281.56,6.409,10.4979900434482,76.891,1.7,18.31996346,45.5719158266356,2.34849337188238
BDI,2010,259.34,6.26,10.9843097335487,77.156,1.6,24.45114708,45.4645083129414,2.32343787431542
BDI,2011,245.35,6.108,11.5616652230006,77.307,1.6,23.16802216,45.354450786345,2.29799848143562
BDI,2012,232.24,5.991,12.2244596804615,77.448,1.5,20.01195908,45.2416177840798,2.27217821063972
BDI,2013,234.96,5.889,12.9670962745892,77.59,1.4,20.26322556,45.125751746761,2.2459223842758
BDI,2014,250.86,5.794,13.7839781740413,77.697,1.4,18.06601143,45.0067757440714,2.21926296466159
BDI,2015,285.0,5.695,14.6695085474754,78.337,1.3,17.67629051,44.8844503584829,2.19215836021955
BDI,2016,321.3,5.587,15.6180905635494,78.843,1.2,18.59472847,44.7585847024572,2.16459551879648
BDI,2017,346.29,5.481,16.6241273909209,79.093,1.2,19.16676521,44.6289841238283,2.13656167140058
BDI,2018,350.82,5.38,17.6820221982475,79.126,1.1,18.67819214,44.4954380894811,2.10804369184408
BDI,2019,345.28,5.271,18.786178154187,78.909,1.1,22.2435379,44.3577388229315,2.07902898585401
BDI,2020,345.14,5.177,19.9309984273971,77.737,1.0,26.21934319,44.4548070620661,2.04950448536706
BDI,2021,349.97,5.078,21.1108861865354,78.21,0.9,23.11420059,44.5545225988873,2.01945730486357
BDI,2022,342.31,4.98,22.3202446002597,78.385,0.9,25.52155113,44.6569603684061,1.98885468666442
BDI,2023,323.25,4.878,23.5534768372276,78.082,0.8,28.14028931,44.6456125902738,1.98151639725707
BDI,2024,314.9,4.789,24.8302838651025,77.774,0.8,,44.6339890793582,1.97399824743581
BDI,2025,,,25.6870184681663,77.533,,,,
BEN,2000,416.0,5.937,38.2759517258875,71.212,1.5,14.42371464,8.52812393636387,68.1506638293869
BEN,2001,434.27,5.848,38.6186257669218,71.242,1.4,16.26979828,8.93975126867492,67.2959687722487
BEN,2002,453.46,5.793,39.0035069872981,71.255,1.4,16.9179287,9.37391256843619,66.4111005510139
BEN,2003,473.3,5.763,39.4169696013044,71.228,1.4,21.06955719,9.83877331929082,65.4753711034459
BEN,2004,495.55,5.718,39.8525699078742,71.212,1.3,24.52665329,10.3155921363995,64.5444404332292
BEN,2005,510.17,5.692,40.3097749006517,71.176,1.3,25.12485313,10.8039533008181,63.6193153594447
BEN,2006,508.93,5.673,40.7877794072449,71.17,1.2,26.60264206,11.3039620341641,62.6995423321105
BEN,2007,496.75,5.627,41.2857782552618,71.174,1.2,26.79680061,11.8157291558234,61.7847011189109
BEN,2008,473.51,5.548,41.8029662723105,71.194,1.1,28.12486076,12.3390077692944,60.8753020062063
BEN,2009,448.56,5.491,42.338538285999,71.169,1.1,29.69425583,12.8733600744969,59.972284926821
BEN,2010,417.07,5.452,42.8916891239353,71.118,1.1,29.37720871,13.4190757934874,59.0747609223836
BEN,2011,382.99,5.436,43.4616136137276,69.977,1.1,31.76816368,13.9760843860142,58.1827665815885
BEN,2012,365.18,5.429,44.0475065829838,70.518,1.1,32.95616913,14.5443123134086,57.2963419345572
BEN,2013,362.14,5.41,44.6502883669319,71.109,1.1,33.53426743,15.1233051054282,56.4163710275969
BEN,2014,369.11,5.374,45.2880529235999,71.687,1.0,32.41182327,15.7143302277075,55.5399198644977
BEN,2015,390.76,5.32,45.9407403257663,72.132,1.0,27.34733391,16.3169481534553,54.6679438000785
BEN,2016,415.92,5.254,46.6094559006664,72.563,1.0,36.58565903,16.9310972411709,53.8005439406105
BEN,2017,415.74,5.155,47.2942774880391,73.058,0.9,38.75862122,17.5567124078682,52.9378019837309
BEN,2018,407.71,5.031,47.9952829275963,73.642,0.9,39.54786301,18.1937303852969,52.0798194224024
BEN,2019,399.91,4.9,48.7125500590248,74.183,0.9,33.9457283,18.8420840944928,51.2266898882158
BEN,2020,377.01,4.795,49.4461567219896,73.645,0.8,36.62052536,19.501704357901,50.3785055613926
BEN,2021,378.2,4.707,50.1961807561354,74.681,0.8,38.45053101,20.1721169387367,49.5361125244112
BEN,2022,376.6,4.634,50.9627000010887,74.995,0.7,37.76291275,20.853650768615,48.698826375691
BEN,2023,361.26,4.556,51.7457922964593,75.023,0.7,46.52822113,21.5460291941212,47.8671049386307
BEN,2024,354.25,4.48,52.5455354818423,75.022,0.7,,22.248968702791,47.0413783927768
BEN,2025,,,53.3620073968188,75.143,,,,
BFA,2000,597.17,6.519,18.0003503329444,79.869,1.9,10.00902748,8.8416258208353,74.1190715862175
BFA,2001,597.54,6.431,18.8591452143893,79.609,1.8,10.27519512,9.13087025476494,73.5732882497352
BFA,2002,592.47,6.339,19.725053583448,79.303,1.6,11.93992615,10.0598427351821,71.3611018918678
BFA,2003,582.14,6.28,20.563327262892,79.156,1.5,16.02656555,11.0080883489168,69.1595270893122
BFA,2004,559.01,6.216,21.3392180754924,78.372,1.4,21.12279129,11.9759949734472,66.9674375558958
BFA,2005,528.52,6.182,22.0179778440204,77.734,1.3,21.34285545,12.9610876994314,64.7889100598546
BFA,2006,511.16,6.17,22.5528306908743,77.783,1.2,23.55202866,13.9636797865369,62.6228813559564
BFA,2007,519.27,6.11,22.9741760828193,77.861,1.2,29.72483063,14.9188541884319,60.5836323073411
BFA,2008,549.65,6.05,23.3633747838557,77.477,1.1,30.76880074,15.8385590424802,58.6462615997806
BFA,2009,568.59,5.992,23.7452325601116,77.075,1.1,31.26260567,16.7713190117343,56.7235724095005
BFA,2010,568.37,5.936,24.115092498158,76.847,1.0,33.05819321,17.717348101652,54.8146816894044
BFA,2011,554.68,5.869,24.4682976845657,76.538,1.0,33.70409393,18.6760821491649,52.9200728998326
BFA,2012,533.39,5.793,24.8001912059054,76.292,0.9,33.66717529,19.6465931645733,51.0408173353595
BFA,2013,487.14,5.697,25.106116148748,75.898,0.9,42.26796341,20.6283173579476,49.1773374485234
BFA,2014,446.14,5.595,25.3814155996643,75.506,0.8,38.24516678,21.6210077487698,47.3295159702035
BFA,2015,417.95,5.478,25.621432645225,75.102,0.8,32.3375206,22.623723352134,45.4983612906875
BFA,2016,373.17,5.331,25.821510372001,74.767,0.8,39.50990677,23.6358671659231,43.6843034641868
BFA,2017,356.56,5.17,25.9769918665632,74.479,0.7,43.37775803,24.6558918981723,41.8892701321051
BFA,2018,356.23,4.921,26.0832202154822,74.215,0.7,38.48573303,25.6835548762607,40.1130417352632
BFA,2019,356.49,4.681,26.1187254401157,74.13,0.7,41.06895828,26.7185691114763,38.3554784716963
BFA,2020,378.17,4.44,26.3578373628627,71.738,0.6,57.17589188,27.7597483878875,36.6178462400332
BFA,2021,378.58,4.361,26.8114307743017,70.646,0.6,63.59171295,28.8068022658045,34.8999842232582
BFA,2022,356.27,4.275,27.2791369742712,69.567,0.6,64.38339996,29.8585926182987,33.2030338080238
BFA,2023,353.49,4.186,27.7872478365158,68.631,0.5,71.73455048,30.9150753845811,31.526422565127
BFA,2024,353.49,4.11,28.3352514896662,67.651,0.5,,31.7963485938203,29.8715935336527
BFA,2025,,,28.9226360719085,67.57,,,,
BWA,2000,17.23,3.294,53.2047727398794,49.294,25.9,206.93144226,53.7395555164228,21.9291842880615
BWA,2001,6.79,3.248,54.0489894446035,47.914,25.7,203.01203918,54.7451404334018,21.0436535831811
BWA,2002,3.17,3.175,55.0142988603802,46.451,25.3,206.11392212,55.6040876882088,20.3018351501278
BWA,2003,1.58,3.106,56.0979233496432,45.107,24.9,269.58544922,56.4322629301627,19.5883986996083
BWA,2004,1.02,3.063,57.2582489329358,46.497,24.5,297.2512207,57.2488048403831,18.884338913104
BWA,2005,1.2,3.082,58.4535554684584,47.82,24.2,281.38796997,58.0524375220249,18.1907014430436
BWA,2006,3.86,3.114,59.6421228144112,49.243,23.9,258.01873779,58.8441205990319,17.506382742921
BWA,2007,1.02,3.127,60.7822308289942,50.523,23.6,305.22042847,59.9949103231663,16.4813999216606
BWA,2008,1.9,3.131,61.8321593704079,51.717,23.4,324.54284668,61.1111581446206,15.4914391528129
BWA,2009,2.06,3.133,62.7501882968523,52.547,23.2,336.53146362,62.1889472021203,14.5394944141237
BWA,2010,1.65,3.135,63.4945974665277,49.171,23.0,389.55178833,63.2298770256248,13.6233860404655
BWA,2011,0.5,3.103,64.0187810722889,49.638,22.8,427.70709229,64.2325786938522,12.7437030033031
BWA,2012,0.22,3.07,64.3993247826904,50.21,22.7,418.82244873,65.037275052661,12.0451763880712
BWA,2013,0.51,3.045,64.7579735458393,50.399,22.4,433.29150391,65.7908304969597,11.3913544446412
BWA,2014,1.44,3.027,65.0965122400825,50.472,22.1,418.82452393,66.5214936855642,10.756001847502
BWA,2015,0.31,3.008,65.4103584313295,50.428,21.8,374.79058838,67.2288878869323,10.1391196686848
BWA,2016,0.67,2.99,65.6949296854899,50.389,21.4,389.3107605,67.9129615984092,9.54042883278264
BWA,2017,1.96,2.969,65.9456435684731,50.419,20.9,471.05056763,68.5731443566445,8.96010589046588
BWA,2018,0.53,2.941,66.1579176461888,50.697,20.3,447.4473877,69.2069921595304,8.3999517713965
BWA,2019,0.17,2.906,66.3271694845464,50.724,19.7,438.28546143,69.8150599678289,7.85911899861236
BWA,2020,1.13,2.861,66.4488166494554,48.415,19.0,386.28860474,70.3974291175514,7.33719011646553
BWA,2021,0.67,2.827,66.5182767068255,49.208,18.2,492.14276123,70.9542350453954,6.83370264105856
BWA,2022,0.34,2.785,66.5889787170477,49.361,17.4,477.77633667,71.4864919930582,6.34746483710432
BWA,2023,0.47,2.732,67.0212655349864,52.313,16.6,489.59677124,71.9941392506475,5.87821782155524
BWA,2024,0.2,2.703,67.4623537838418,52.243,15.7,,72.115456599001,5.42516672493848
BWA,2025,,,67.9559561532102,51.958,,,,
CAF,2000,438.12,5.851,37.7014879765364,68.469,7.5,9.9123354,20.5939671158027,22.6650891810619
CAF,2001,438.51,5.807,37.7560236207831,68.426,7.3,9.20995235,20.5472812527442,22.8377343788281
CAF,2002,447.85,5.785,37.8169752995511,68.379,7.0,10.44132614,20.5005930190466,23.0099075189963
CAF,2003,455.24,5.799,37.8863171931924,68.347,6.7,12.15000153,20.4536055406808,23.1819064066855
CAF,2004,461.27,5.784,37.9626889392062,68.393,6.4,12.96809387,20.4063183359002,23.3537303080458
CAF,2005,465.26,5.812,38.0448510426866,68.406,6.0,13.93517494,19.9721484876891,23.5190160547678
CAF,2006,467.93,5.84,38.134433681123,68.479,5.7,15.15495491,19.5450443579564,23.6776980796945
CAF,2007,467.59,5.867,38.2343339436079,68.544,5.5,18.24629021,19.1248924348841,23.8293988100388
CAF,2008,465.74,5.902,38.3474489192338,68.602,5.2,18.02888489,18.7110288344225,23.9743581843229
CAF,2009,463.55,5.936,38.476675697093,68.611,5.1,21.37773895,18.3030854351949,24.1125118049761
CAF,2010,453.11,5.963,38.6244963104203,68.621,4.9,17.01008034,17.9009516216973,24.2434793658533
CAF,2011,443.04,6.009,38.8030669465007,68.714,4.6,19.62990761,17.5040118095515,24.3675021265007
CAF,2012,434.79,6.047,39.0301696038517,68.884,4.4,21.33021736,17.1121597682915,24.4842027524404
CAF,2013,427.32,6.075,39.3042963482777,69.036,4.2,17.36794472,16.7250416550218,24.5935139342063
CAF,2014,420.39,6.099,39.6226521868738,69.169,4.0,18.7120266,16.3420825760043,24.6956730797882
CAF,2015,410.31,6.126,39.9824421267351,69.181,3.8,18.44194221,15.9631877672806,24.790303569272
CAF,2016,395.97,6.126,40.3808711749566,69.166,3.6,21.07796097,15.5882414691861,24.8770186348387
CAF,2017,387.44,6.127,40.8151443386334,69.14,3.4,28.81619644,15.2164870297134,24.9563766335719
CAF,2018,385.26,6.108,41.2824666248606,69.153,3.3,51.3541069,14.8478356260426,25.0279964388468
CAF,2019,383.29,6.09,41.7800430407332,69.08,3.1,35.76099014,14.481982156805,25.0918034966502
CAF,2020,376.08,6.059,42.3050785933463,67.986,3.0,42.63476563,14.1186349646869,25.1477309860778
CAF,2021,364.25,6.052,42.8547782897949,67.76,2.8,46.25038147,13.7575074575386,25.1957088549697
CAF,2022,354.5,6.023,43.2751967457285,68.81,2.7,47.91523361,13.8462941483121,25.0446350064242
CAF,2023,345.98,6.012,43.6983692134165,68.886,2.5,53.81136703,13.939220081887,24.8865191799163
CAF,2024,343.84,5.954,44.1243555638904,68.83,2.4,,14.0362838980325,24.7213622058804
CAF,2025,,,44.5532156681816,68.802,,,,
CIV,2000,490.52,5.773,43.0840065011913,62.308,6.7,30.33073425,20.0416175559052,38.1705180717979
CIV,2001,502.24,5.704,43.4670149035012,62.216,6.4,30.58369255,20.7171311612942,37.1710728695869
CIV,2002,506.32,5.641,43.859032147728,62.154,6.0,32.55319595,21.3928455958678,36.1802292333804
CIV,2003,509.61,5.572,44.2593744150531,62.072,5.7,43.81231308,22.0684596804749,35.1985776828354
CIV,2004,500.36,5.527,44.667357886658,62.169,5.3,47.04700851,22.7442737383766,34.2256427917453
CIV,2005,466.34,5.499,45.082298743724,62.239,4.9,46.69436264,23.5549453716697,33.2629688638099
CIV,2006,425.61,5.448,45.5035131674326,62.383,4.6,47.08904266,24.3743169320385,32.3095650332623
CIV,2007,391.51,5.403,45.930317338965,62.347,4.3,56.15083694,25.2023258965762,31.365464339424
CIV,2008,392.97,5.357,46.3620274395029,62.421,4.0,64.67678833,26.0389018909406,30.4307002057202
CIV,2009,426.16,5.332,46.7979596502274,62.433,3.8,71.06480408,26.8833706227341,29.5061948139995
CIV,2010,458.12,5.292,47.2374301523201,62.549,3.6,70.04605103,27.736273942075,28.5910535093175
CIV,2011,461.58,5.244,47.6797551269623,62.326,3.4,67.97618103,28.5975387967836,27.6853086565929
CIV,2012,375.19,5.19,48.1242507553354,62.411,3.2,69.86203003,29.4667970282772,26.7894038453444
CIV,2013,287.39,5.135,48.5702332186208,64.302,3.1,67.13149261,30.3439798658214,25.9033380974425
CIV,2014,243.25,5.071,49.0173144557368,64.855,2.9,74.3581543,31.2290182892459,25.0271112047906
CIV,2015,242.12,4.97,49.4694894689553,65.217,2.7,58.43181992,32.1245714539308,24.1573772340895
CIV,2016,258.1,4.873,49.929991034032,65.562,2.6,61.85705566,33.0299664803717,23.2951720645301
CIV,2017,268.54,4.757,50.3977309654344,63.958,2.5,63.77943039,33.945429522791,22.4403930668268
CIV,2018,280.22,4.596,50.8718477756395,63.541,2.3,65.87952423,34.8708875943719,21.5933193214765
CIV,2019,292.76,4.523,51.3514799771241,63.131,2.2,68.30471039,35.8059580233634,20.7545588138758
CIV,2020,295.66,4.461,51.8357660823651,63.214,2.1,78.97766876,36.7505613601134,19.9243569950964
CIV,2021,283.64,4.411,52.3183461956059,64.496,2.0,92.39588928,37.704616869195,19.1029560720673
CIV,2022,280.87,4.349,52.8492549676673,65.598,1.9,84.89915466,38.6680398290793,18.2906015881025
CIV,2023,269.25,4.283,53.4075201638704,65.61,1.8,87.68105316,39.6407426651959,17.4875420061576
CIV,2024,267.95,4.23,53.9733113940142,65.583,1.7,,40.4070687976128,16.6940217986522
CIV,2025,,,54.5489501450761,65.532,,,,
CMR,2000,394.85,5.514,46.2449829402599,75.776,5.5,30.438097,37.5661811000038,8.32387818258556
CMR,2001,426.29,5.441,46.7627509050978,75.796,5.6,29.82297325,37.7799954148968,8.13636982438164
CMR,2002,437.17,5.435,47.2589242513436,76.367,5.7,31.79577446,37.9947075137207,7.95084093852736
CMR,2003,441.4,5.432,47.7325523560061,76.985,5.6,38.56394196,38.3633336781567,7.76743200985819
CMR,2004,438.73,5.436,48.1826845960942,77.627,5.6,42.25278473,38.736762781943,7.5860211168047
CMR,2005,435.58,5.421,48.5837852394685,78.167,5.5,43.10830688,39.1141100533379,7.40699257861123
CMR,2006,425.95,5.369,49.2044173412861,78.698,5.4,44.52022934,39.4959944299355,7.23009606927786
CMR,2007,409.95,5.343,49.7027028593758,79.223,5.2,50.30911255,39.8824343932762,7.05533742543322
CMR,2008,391.63,5.294,50.0858325268669,77.304,5.1,54.58909225,40.2734502147764,6.88272229601191
CMR,2009,351.15,5.236,50.4714131335678,75.254,5.0,51.14823914,40.6687438087427,6.71237157797848
CMR,2010,295.67,5.154,50.8505075371362,73.097,4.8,50.03335571,41.0686436848584,6.54417185035239
CMR,2011,266.6,5.052,51.2229843034125,72.237,4.7,58.33031845,41.47285114669,6.37824208790075
CMR,2012,261.14,4.982,51.5887119982861,71.371,4.5,56.96441269,41.8813685431632,6.21458069372382
CMR,2013,271.1,4.905,51.9475591877024,70.475,4.3,57.22771454,42.2938755253473,6.05329710477614
CMR,2014,272.51,4.844,52.2993944376709,69.551,4.1,71.61038208,42.7103744161323,5.894385733666
CMR,2015,271.06,4.841,52.6440863142742,68.65,3.9,58.38298035,43.1308620153925,5.73784027389134
CMR,2016,268.53,4.842,52.9815033836792,67.747,3.7,57.99372482,43.555339313602,5.58365624110511
CMR,2017,258.98,4.804,53.3115142121504,66.832,3.5,56.7457695,43.9831129823405,5.43202934293341
CMR,2018,248.98,4.74,53.6339873660653,65.919,3.4,58.32909393,44.4148640176423,5.28274495974733
CMR,2019,243.44,4.651,53.9487914119331,65.003,3.2,56.79493713,44.8498829146317,5.13599220648208
CMR,2020,264.81,4.557,54.2557949164174,63.358,3.1,66.17185211,45.2885112207418,4.99165752360627
CMR,2021,270.65,4.468,54.5548664463635,62.718,2.9,72.59731293,45.7300133468788,4.84991860415716
CMR,2022,265.03,4.397,54.8458745688318,63.185,2.8,72.12950897,46.1747220268822,4.71066069048736
CMR,2023,259.08,4.322,55.1286878511388,63.188,2.7,79.09996796,46.6226225275107,4.57386595710919
CMR,2024,260.46,4.261,55.4031748609078,63.168,2.5,,47.0729484414837,4.43969509442749
CMR,2025,,,55.6692041661323,62.823,,,,
COD,2000,458.24,6.702,34.9008752617485,70.174,2.1,17.52071953,23.7477310886232,10.4570877705557
COD,2001,457.6,6.663,35.4153526820763,70.177,2.0,5.4341011,23.2925757259411,10.5569932785044
COD,2002,460.7,6.606,35.937064393184,70.242,1.9,4.17578602,22.8409794207926,10.6552219952984
COD,2003,467.36,6.549,36.4654627231369,70.348,1.8,6.03257608,22.3929738740922,10.7517585190445
COD,2004,467.62,6.53,37.0,70.419,1.8,7.83304834,21.9485957968142,10.8465927820612
COD,2005,468.33,6.526,37.4018738621901,70.442,1.7,8.55065727,21.5079480867388,10.939196570225
COD,2006,464.8,6.547,37.8024827128113,69.418,1.6,10.37645721,21.0891369417888,11.0292809223702
COD,2007,448.32,6.559,38.201781337298,68.38,1.5,11.5629034,20.6788073735842,11.1168095683432
COD,2008,429.83,6.58,38.5997245210844,67.334,1.4,15.36659527,20.2769257473546,11.2020074308262
COD,2009,405.23,6.591,38.9962670496049,66.255,1.4,12.75762081,19.8835866395137,11.2845788931419
COD,2010,381.32,6.587,39.391363708294,65.191,1.3,12.1423111,19.4987263873328,11.3647570667377
COD,2011,360.23,6.582,39.7849692825859,64.116,1.2,11.89942932,19.1224518584775,11.4422376679405
COD,2012,335.8,6.559,40.1770385579151,63.064,1.2,13.20595551,18.754668067258,11.5172591570224
COD,2013,310.49,6.527,40.5675263197158,62.839,1.1,15.37901688,18.3953621300218,11.5897924309303
COD,2014,297.36,6.483,40.9563873534225,62.626,1.1,18.22281265,18.044594889942,11.6596675237396
COD,2015,303.04,6.437,41.3435764444694,62.391,1.0,18.57252884,17.7022823048892,11.7269927680648
COD,2016,310.28,6.392,41.7290483782911,62.081,1.0,19.3114109,17.3684018777428,11.7917383415574
COD,2017,324.07,6.349,42.1127579403217,61.769,0.9,18.14648819,17.0428367247806,11.8540205546605
COD,2018,337.42,6.302,42.4946599159958,61.53,0.9,17.29077148,16.7256345274003,11.9136668322075
COD,2019,339.77,6.253,42.8747090907476,61.335,0.9,19.20812035,16.416662028181,11.9707970340757
COD,2020,338.92,6.206,43.2528602500115,60.043,0.9,20.5593071,16.1158651582213,12.025383976295
COD,2021,338.04,6.156,43.6290681792218,60.257,0.8,21.58848572,16.1461710925268,11.9361555688791
COD,2022,327.94,6.106,44.003287663813,61.441,0.8,24.3800106,16.1744730669276,11.8461802605472
COD,2023,325.29,6.051,44.3754734892194,61.519,0.8,23.43148804,16.2386817602994,11.7554574399187
COD,2024,321.89,5.981,44.7455804408753,61.564,0.7,,16.3033122368932,11.6641368992514
COD,2025,,,45.1135633042151,61.454,,,,
COG,2000,349.6,4.724,58.8947380255871,54.686,4.5,17.35089302,11.9201113215231,8.2370541480663
COG,2001,349.06,4.67,59.4417859130405,54.57,4.3,20.30390549,11.9684717452745,8.176407424154
COG,2002,327.04,4.697,59.9716066874511,54.725,4.2,16.99031258,12.2942562189499,8.24689438577286
COG,2003,327.91,4.696,60.4694583791889,54.538,4.0,21.51475716,12.623677389001,8.31287579077136
COG,2004,325.79,4.69,60.9205990186239,54.465,3.9,27.50056839,13.081524943127,8.37438211080018
COG,2005,309.02,4.669,61.310286636126,54.473,3.7,30.90304375,13.5511098859657,8.43144508995192
COG,2006,286.84,4.651,61.6237792620651,54.573,3.6,35.94208145,14.0325360521402,8.48409523346518
COG,2007,254.97,4.649,61.8502563370293,54.299,3.5,41.96711731,14.526041670099,8.53220135051199
COG,2008,226.41,4.726,62.0354815675203,54.262,3.5,63.41820908,15.0320398597223,8.5754432933853
COG,2009,214.45,4.808,62.2172294650265,54.314,3.4,48.65313721,15.5506904084731,8.61380546920377
COG,2010,214.44,4.851,62.3922871058739,54.662,3.4,54.56225586,16.0823108780158,8.64709410353976
COG,2011,215.68,4.826,62.5597508130231,54.614,3.4,59.51348114,16.6267539486772,8.67564502645029
COG,2012,215.9,4.785,62.7187169094345,54.641,3.3,71.2766571,17.1843319193312,8.69926891426898
COG,2013,218.19,4.731,62.8682817180686,54.477,3.3,71.85824585,17.7552084772419,8.71795165494727
COG,2014,213.06,4.665,63.0075415618859,54.644,3.3,71.03118896,18.3393600656814,8.73187484920415
COG,2015,210.62,4.607,63.135592763847,54.475,3.2,57.30290604,18.9369281667441,8.74103934153866
COG,2016,215.75,4.546,63.2515316469123,54.314,3.2,54.3000145,19.5480521293593,8.74544623021877
COG,2017,235.9,4.496,63.3544545340423,54.022,3.2,52.29982376,20.1728789551264,8.74509344291793
COG,2018,249.77,4.442,63.4434577481975,53.945,3.2,47.310215,20.2685707874205,8.64698682293602
COG,2019,245.94,4.38,63.5176376123385,54.159,3.2,58.42106628,20.3642632516174,8.54888042748428
COG,2020,240.84,4.329,63.5760904494257,50.469,3.2,80.09735107,20.4597460251332,8.45098920430503
COG,2021,232.02,4.28,63.6179125824196,51.124,3.2,78.60149384,20.5548099594917,8.353527808019
COG,2022,220.52,4.215,63.6422003342807,54.267,3.2,53.11892319,,
COG,2023,219.46,4.157,63.6626757615625,54.373,3.2,75.55332184,,
COG,2024,221.02,4.109,63.8866111699904,54.349,3.2,,,
COG,2025,,,64.1236534817412,54.344,,,,
COM,2000,66.37,5.227,28.0360512192055,39.883,0.1,47.59479904,24.4251137817351,0.61010883140622
COM,2001,65.07,5.195,27.9902886596605,39.822,0.1,45.34629059,26.1545650647282,0.661116404418854
COM,2002,63.81,5.155,27.9586267103537,39.776,0.1,51.12159729,27.7107884685143,0.712160198917175
COM,2003,62.56,5.115,27.9448864609618,39.63,0.1,63.91786194,29.2480866735385,0.7632416995402
COM,2004,61.31,5.065,27.9596300229124,39.485,0.1,70.61806488,30.7668527595674,0.814358343092686
COM,2005,60.09,5.012,28.016895208368,39.796,0.1,67.80059814,32.2696522597859,0.865473858783923
COM,2006,58.91,4.934,28.1143215973031,40.108,0.1,65.72916412,33.75605986205,0.916568465835901
COM,2007,57.75,4.859,28.2493321448949,40.405,0.1,69.87202454,35.2256531986229,0.967622437049322
COM,2008,56.61,4.805,28.4193498063202,40.724,0.1,73.75498962,36.6778613088967,1.01861963367685
COM,2009,55.49,4.778,28.6217975367563,41.068,0.1,69.4848938,38.1124210259684,1.06953747598162
COM,2010,55.8,4.755,28.8540982913801,41.413,0.1,69.21523285,39.5290364231299,1.12035183093436
COM,2011,37.21,4.722,29.1136750253686,41.741,0.1,81.19863892,40.9270162396415,1.17105135151705
COM,2012,73.12,4.652,29.397950693899,42.051,0.1,77.10220337,42.3060704892515,1.22161226504753
COM,2013,76.35,4.572,29.7043482521482,42.398,0.1,81.81765747,43.665877233981,1.27200929169182
COM,2014,3.1,4.489,30.0302906552932,42.696,0.1,84.63935852,45.005792347169,1.32223336026798
COM,2015,2.59,4.42,30.3732008585112,44.226,0.1,61.16300201,46.3255872493184,1.37225318090847
COM,2016,1.98,4.348,30.7305018169792,45.726,0.1,63.53099442,47.6248040673008,1.42204766910466
COM,2017,5.15,4.278,31.0996559689293,47.259,0.1,75.01337433,48.9029223957365,1.47160311891372
COM,2018,19.68,4.208,31.4073645195839,48.769,0.1,74.89152527,50.159514854681,1.5208998408843
COM,2019,22.37,4.138,31.7287584068243,50.274,0.1,78.23674774,51.3942491790653,1.56990185424167
COM,2020,5.67,4.071,32.0638072194881,51.082,0.1,89.67817688,52.6066035113726,1.61859549344234
COM,2021,12.88,3.999,32.4124444313246,52.77,0.1,100.50016785,53.7961210274577,1.66695973970063
COM,2022,24.78,3.935,32.7746035528748,53.317,0.1,124.14363861,54.9623663372908,1.71496427151149
COM,2023,24.75,3.878,33.1502180946901,53.298,0.1,102.23101807,56.104836588019,1.76259645561783
COM,2024,62.79,3.822,33.5392215673301,53.275,0.1,,57.2230888156822,1.80982542383871
COM,2025,,,33.941547481361,53.642,,,,
CPV,2000,1.22,3.545,53.9332149202283,50.668,0.7,59.54011154,36.827954010232,50.9729207109413
CPV,2001,0.89,3.366,54.7762172320995,50.309,0.7,63.55782318,39.1910554393962,48.7363545072915
CPV,2002,0.63,3.192,55.5703407979481,49.999,0.7,69.12203979,41.5375071985025,46.5203545531834
CPV,2003,0.55,3.033,56.3297071979641,49.638,0.7,84.6628952,43.8664094982459,44.3259286615397
CPV,2004,0.36,2.9,57.0677167011018,49.491,0.7,93.43228912,46.1784728572733,42.1522663060291
CPV,2005,0.54,2.726,57.7977695763157,49.268,0.7,96.08917999,48.4726022548582,40.0005831825153
CPV,2006,0.63,2.555,58.5332660925599,49.07,0.7,113.13097382,50.7498010778296,37.869731699888
CPV,2007,0.14,2.409,59.287606518789,48.885,0.7,127.73626709,53.0093493269466,35.7605090578426
CPV,2008,0.27,2.298,60.0741911239572,48.644,0.7,127.79390717,55.2521980462488,33.6718396158335
CPV,2009,0.49,2.246,60.906420177019,48.293,0.7,130.23704529,57.4769284411617,31.6052657217416
CPV,2010,0.35,2.329,61.7974262732302,52.812,0.7,146.07247925,59.6818514080991,29.562573281192
CPV,2011,0.05,2.329,62.7419929036884,52.651,0.7,157.08999634,61.8006547143134,27.6153209399159
CPV,2012,0.01,2.153,63.7260454520996,52.546,0.7,174.66062927,63.9530735782999,25.6803772047363
CPV,2013,0.17,2.067,64.7486207521826,52.404,0.7,191.1048584,66.0992428842147,23.7578967304739
CPV,2014,0.2,2.031,65.8085112712742,52.24,0.8,193.39482117,68.2388818808702,21.8477765794682
CPV,2015,0.05,1.968,66.9045094767116,52.109,0.8,150.28823853,70.3717073692285,19.9499107459541
CPV,2016,0.37,1.966,68.0354078358316,52.02,0.8,157.39906311,72.496932762021,18.0647679261072
CPV,2017,3.17,1.93,69.1999988159713,51.936,0.8,174.43547058,74.6142580571751,16.192317849914
CPV,2018,0.01,1.804,70.3970748844677,48.798,0.8,205.5345459,76.7237249815456,14.3321418125344
CPV,2019,0.0,1.698,71.6254285086577,50.468,0.9,211.24963379,78.8249549430518,12.4843435287343
CPV,2020,0.0,1.591,72.8838521558784,45.581,0.9,249.71989441,80.9181460926349,10.6483480882825
CPV,2021,0.0,1.554,74.1607930892827,46.636,0.9,262.42272949,83.0030877232497,8.82407750472169
CPV,2022,0.0,1.533,75.033738060849,50.197,0.9,297.08233643,83.045304882988,7.01128155501144
CPV,2023,0.0,1.522,75.9064245753376,50.335,0.9,290.12619019,83.0869470550891,5.20960507691469
CPV,2024,0.14,1.511,76.7721471004354,50.256,0.9,,83.1279216157097,3.41893190395771
CPV,2025,,,77.6300668010068,50.217,,,,
DJI,2000,3.07,4.601,73.3486361649708,24.944,3.6,35.48954773,43.8005585471414,19.2930114148879
DJI,2001,3.07,4.518,72.8935327252495,24.882,3.6,33.61427689,43.8212949493816,19.2637933577471
DJI,2002,3.07,4.41,72.4503357641707,24.809,3.6,39.49966431,43.8420347636871,19.2345711870831
DJI,2003,3.07,4.296,72.0304414068997,24.814,3.5,46.27521896,43.8627723780355,19.2053496594579
DJI,2004,3.07,4.162,71.6452457786012,24.824,3.4,40.04951477,43.883509634259,19.1761320732982
DJI,2005,3.07,4.035,71.3061450044404,24.798,3.3,45.12551498,45.4139101542283,19.0031237855578
DJI,2006,3.07,3.899,71.0245352095823,24.761,3.2,53.26344299,46.9402321181691,18.8296119751455
DJI,2007,3.07,3.756,70.8118125191918,24.71,3.0,55.18254471,48.4620248883816,18.6562259750318
DJI,2008,3.07,3.621,70.6793730584341,24.66,2.8,55.90976715,49.9792625492526,18.4829719628656
DJI,2009,3.93,3.521,70.6383251554484,24.527,2.7,56.92132568,51.4914501079009,18.3104720902883
DJI,2010,1.45,3.431,70.6486554782903,24.431,2.5,55.7044487,53.0040688366127,18.1318291752979
DJI,2011,3.07,3.341,70.6776532458676,24.37,2.4,61.89852524,54.5173591170882,17.947088166262
DJI,2012,3.07,3.255,70.7266311335377,24.333,2.2,64.8536911,56.031031232703,17.7569121712518
DJI,2013,2.28,3.187,70.7969331287484,24.258,2.0,60.57233047,57.545815952446,17.5607170399893
DJI,2014,12.55,3.116,70.8899032189478,24.161,1.9,65.53726196,59.060863750812,17.3597872672765
DJI,2015,12.38,3.041,71.0068853915837,24.089,1.7,79.54257965,60.5779617075524,17.1522982349681
DJI,2016,17.76,2.969,71.1492236341041,24.004,1.6,68.82745361,62.0957006266769,16.9401476618971
DJI,2017,18.72,2.916,71.318261933957,23.861,1.5,64.94396973,63.6147917367826,16.7227544974678
DJI,2018,30.91,2.858,71.5153442785902,23.704,1.4,68.79101563,65.1354027813767,16.5001593873288
DJI,2019,60.51,2.798,71.7418146554518,23.565,1.3,68.4744873,66.6577106028334,16.2723930961856
DJI,2020,88.72,2.745,71.9990170519895,22.821,1.2,66.53086853,66.7421157146302,16.1821022972341
DJI,2021,70.07,2.699,72.2882954556515,23.003,1.1,86.88237762,66.8311205695029,16.08689555783
DJI,2022,47.67,2.653,72.6109938538856,23.437,1.0,79.13184357,66.9247194918968,15.986775295231
DJI,2023,45.04,2.609,72.8408245988921,23.49,1.0,77.57087708,67.0234840121481,15.8811270684721
DJI,2024,45.09,2.618,72.9052635052978,23.509,0.9,,,
DJI,2025,,,72.9758660686475,23.486,,,,
ERI,2000,19.0,5.397,34.0983619689941,76.192,2.3,14.03034782,8.28530072689983,82.7289449093465
ERI,2001,23.56,5.306,34.3253211975098,75.992,2.2,14.90675831,8.6404789305264,81.4913313627706
ERI,2002,13.72,5.233,34.5420799255371,75.775,2.0,15.77544498,8.98629579771191,80.2456283161561
ERI,2003,19.84,5.143,34.7451286315918,75.582,1.9,19.81480217,9.32208650503035,78.9924773897468
ERI,2004,5.81,5.036,34.9324645996094,75.461,1.7,23.15624809,9.64744722939411,77.7319295876693
ERI,2005,10.4,4.934,35.1022033691406,75.416,1.6,21.92651939,9.96153520031783,76.4651918963578
ERI,2006,6.08,4.881,35.2525177001953,75.471,1.4,23.77408791,10.2644175982683,75.1911849732382
ERI,2007,13.69,4.812,35.3820953369141,75.464,1.3,19.62666321,10.5550786241031,73.9116676641442
ERI,2008,7.37,4.737,35.4897117614746,75.428,1.2,21.55065727,10.8337740406528,72.6249983014432
ERI,2009,9.58,4.656,35.5742034912109,75.219,1.1,24.35102463,11.0220414202395,71.5641691127549
ERI,2010,28.34,4.571,35.6346549987793,75.037,1.0,26.00652122,11.2019452505005,70.502002204031
ERI,2011,25.57,4.486,35.6706275939941,74.901,1.0,35.55129623,11.3735403344941,69.4379557347033
ERI,2012,17.28,4.407,35.6824264526367,74.842,0.9,27.78689003,11.5365173088441,68.3726109751039
ERI,2013,16.04,4.335,35.6713333129883,74.856,0.8,31.64078712,11.6362700094956,68.0342076341195
ERI,2014,35.44,4.273,35.639720916748,74.646,0.8,32.93448257,11.7366810070379,67.6935767461356
ERI,2015,20.61,4.217,35.591007232666,74.649,0.7,29.22208977,11.8379124928254,67.3501559794062
ERI,2016,27.7,4.164,35.5254287719727,74.516,0.7,26.00592422,11.9399660140866,67.003948372899
ERI,2017,36.8,4.112,35.4427146911621,74.411,0.6,25.10270691,,
ERI,2018,31.23,4.056,35.3451042175293,74.158,0.6,26.68201256,,
ERI,2019,61.84,3.997,35.2352333068848,73.832,0.6,28.42930794,,
ERI,2020,48.28,3.933,35.116138458252,72.568,0.5,27.66697884,,
ERI,2021,27.74,3.867,34.9871139526367,72.892,0.5,27.58759499,,
ERI,2022,40.89,3.786,34.8469276428223,73.623,0.5,27.0898056,,
ERI,2023,63.39,3.713,34.696403503418,73.718,0.4,28.29782677,,
ERI,2024,102.42,3.68,34.5365524291992,73.679,0.4,,,
ERI,2025,,,34.5404504255216,73.664,,,,
ETH,2000,189.18,6.654,14.9193096160889,79.202,2.7,5.28970861,2.9657663244498,71.8676912235825
ETH,2001,210.9,6.579,15.1177673339844,79.491,2.6,5.50955105,3.22631881592251,69.5069850733232
ETH,2002,193.55,6.499,15.333233833313,79.575,2.4,5.14964151,3.48709965924687,67.1505789521775
ETH,2003,208.94,6.4,15.5438537597656,79.599,2.2,5.70984173,3.74769441878364,64.8003213499545
ETH,2004,217.88,6.301,15.7585906982422,79.768,2.0,5.7385993,4.03281392420472,62.455736026007
ETH,2005,149.48,6.194,15.982967376709,79.971,1.8,6.4820013,4.31725101635963,60.1169275896844
ETH,2006,138.01,6.047,16.2148475646973,80.008,1.7,8.42413712,4.60119614731006,57.7835175860537
ETH,2007,116.37,5.887,16.0948330261902,79.914,1.6,11.63210678,4.88681883136837,55.4485135830551
ETH,2008,96.3,5.695,16.7936706542969,79.828,1.5,13.03863621,5.196915075959,53.0400178370639
ETH,2009,133.79,5.488,17.1511001586914,79.733,1.4,15.1445961,5.50779854946485,50.6426946366389
ETH,2010,153.84,5.282,17.4937839508057,79.663,1.4,16.17102051,5.82002469888892,48.255578681092
ETH,2011,143.7,5.08,17.863790512085,79.587,1.3,14.62286568,6.13343630352376,45.8799595385216
ETH,2012,159.67,4.887,18.2061367034912,79.505,1.3,20.00217628,6.44846430368166,43.515431671736
ETH,2013,184.1,4.708,18.615514755249,79.409,1.2,19.26698494,6.76236331987807,41.1695024241516
ETH,2014,144.07,4.605,19.0262870788574,77.728,1.2,21.6064415,7.07793835749952,38.8352968608427
ETH,2015,130.06,4.529,19.451566696167,76.079,1.1,23.21817207,7.39517563066231,36.5135698725713
ETH,2016,92.89,4.473,19.8763618469238,74.416,1.1,24.34373283,7.71437321783047,34.2043694989125
ETH,2017,70.71,4.401,20.3084850311279,72.766,1.0,24.18239403,8.0353579200927,31.9087189061453
ETH,2018,36.46,4.371,20.7838096618652,71.104,1.0,23.5205574,8.35875920842316,29.626084609132
ETH,2019,33.61,4.347,21.2486705780029,69.478,0.9,25.93511963,8.68474048756754,27.3569393884392
ETH,2020,52.28,4.274,21.6260051727295,66.617,0.9,28.28001595,9.01330021395482,25.1020044941873
ETH,2021,45.56,4.177,22.1067085266113,65.567,0.8,26.06931114,9.3447728615381,22.8614697014885
ETH,2022,59.89,4.082,22.7367687225342,66.153,0.8,27.06845474,9.67915935964554,20.6360215914041
ETH,2023,109.24,3.989,23.0586471557617,66.149,0.7,34.79846954,10.0168072289161,18.4258854308816
ETH,2024,138.5,3.909,23.6222839355469,66.168,0.7,,10.3577188356734,16.2317132901497
ETH,2025,,,24.1096952088946,66.185,,,,
GAB,2000,364.66,4.469,79.5660404650438,39.542,4.7,123.197258,26.818195491378,2.4724405293659
GAB,2001,353.69,4.417,80.4090993437448,39.512,4.8,120.90242767,27.9500597734658,2.41200698730738
GAB,2002,323.31,4.36,81.2205241874174,39.722,4.8,132.07215881,29.1019683421917,2.35277725843498
GAB,2003,259.04,4.299,81.9970830091574,39.83,4.7,166.59495544,30.2734572599332,2.29474739335743
GAB,2004,196.66,4.252,82.7355438220611,39.868,4.7,183.92318726,31.4642634106599,2.23788798690293
GAB,2005,158.04,4.21,83.4326746392243,40.001,4.6,188.91426086,32.6738741656831,2.1821923888669
GAB,2006,131.79,4.17,84.0852434737431,39.695,4.6,211.9914093,33.9024749587278,2.12758475086087
GAB,2007,121.2,4.142,84.6900183387136,39.55,4.5,246.78276062,35.1495484187274,2.07405908446848
GAB,2008,124.41,4.118,85.2437672472316,39.282,4.4,275.89450073,36.4153101145998,2.02154285749888
GAB,2009,147.03,4.138,85.7432582123932,39.212,4.4,277.62945557,37.6987238584805,1.97007279564261
GAB,2010,177.88,4.153,86.1852592472945,39.071,4.3,206.87702942,39.0002582968992,1.91955626293535
GAB,2011,195.4,4.151,86.5665383650315,39.513,4.2,261.37597656,40.3193752929904,1.86998678355906
GAB,2012,200.15,4.086,86.8838635787001,39.86,4.1,225.07722473,41.6563306484328,1.82129744248377
GAB,2013,199.19,4.019,87.1482480671637,40.052,4.0,261.29452515,43.0100058976352,1.773520071784
GAB,2014,193.87,3.953,87.6236017962969,40.22,4.0,233.05368042,44.3780097930999,1.72675445989001
GAB,2015,185.36,3.921,88.085308383892,40.41,3.9,187.27270508,45.7595556064781,1.68097918563933
GAB,2016,182.55,3.921,88.5445883406178,40.551,3.8,207.50273132,47.1547496987424,1.63611769458419
GAB,2017,184.66,3.913,89.0009733256896,40.678,3.7,192.47543335,48.5637395217699,1.59209778454807
GAB,2018,186.73,3.908,89.4539949981866,40.789,3.6,209.28697205,49.9863984455825,1.54886747149588
GAB,2019,190.72,3.884,89.9031850170394,40.945,3.4,205.99945068,51.4223011158649,1.50639303004306
GAB,2020,193.57,3.831,90.3480750410147,37.692,3.3,227.2480011,52.8720170958258,1.46459376918279
GAB,2021,189.19,3.776,90.7881967286967,38.22,3.2,228.46922302,54.3351602742865,1.42344012156874
GAB,2022,188.68,3.712,91.2243355459988,41.097,3.0,243.09941101,55.8117052668054,1.38288837124766
GAB,2023,191.3,3.647,91.6375962797313,41.117,2.9,252.98246765,57.3016336632799,1.3428962955288
GAB,2024,187.0,3.592,91.8632094677575,41.005,2.8,,57.4015026293834,1.33898608873547
GAB,2025,,,92.0876666682068,40.768,,,,
GHA,2000,430.36,4.827,43.9373786640616,64.906,2.6,10.46035767,5.7234427408028,20.3120026448652
GHA,2001,411.18,4.768,44.6410507317701,65.459,2.5,12.15051079,5.81107386081924,20.198659683945
GHA,2002,392.1,4.687,45.3484692124806,66.055,2.4,14.30371571,6.75045552246998,20.0854415911479
GHA,2003,365.98,4.597,46.0547973581418,66.707,2.4,18.96423721,7.7086235468762,19.9723518736588
GHA,2004,340.21,4.504,46.7572004525685,67.349,2.3,23.57214928,8.68540857696259,19.8591658344261
GHA,2005,323.73,4.496,47.4528437795757,67.969,2.2,38.51657486,9.68014854216275,19.7467878345764
GHA,2006,311.34,4.399,48.1388926229785,68.571,2.1,49.34616852,10.6928566524772,19.6345436545194
GHA,2007,305.83,4.288,48.8125122665918,68.361,2.1,57.34096527,11.7231535267872,19.5226595207355
GHA,2008,314.58,4.217,49.4708679942306,68.271,2.0,63.45487595,12.7707576406742,19.4111351184727
GHA,2009,340.42,4.179,50.1111250897099,68.053,2.0,62.44382095,13.8350497335121,19.300643205005
GHA,2010,366.4,4.181,50.7296926788704,67.977,1.9,80.6833725,14.9161840108112,19.1902903448043
GHA,2011,375.14,4.177,51.3304086646488,68.756,1.9,91.70959473,16.0135300837222,19.0807456007967
GHA,2012,367.32,4.154,51.9197918381031,69.474,1.9,81.96895599,17.126673080362,18.9722261940184
GHA,2013,344.33,4.114,52.4985794475913,70.094,1.9,105.34784698,18.2550635017005,18.8651766676722
GHA,2014,313.81,4.029,53.0663398797148,67.363,1.8,78.46701813,19.3983890713711,18.7595898267724
GHA,2015,275.99,3.982,53.6226415210752,64.54,1.8,78.21643066,20.556338766229,18.6554606668602
GHA,2016,244.92,3.873,54.167052758274,64.488,1.8,64.86400604,21.7286047018582,18.5527837779392
GHA,2017,226.19,3.715,54.6991419779128,64.603,1.7,54.10602188,22.9147548943672,18.4517727803524
GHA,2018,212.76,3.65,55.218477566593,63.191,1.7,53.37788773,24.1144852694417,18.3524235448639
GHA,2019,215.27,3.593,55.7246279109161,61.758,1.7,71.14958191,25.327363008811,18.2549454745029
GHA,2020,219.63,3.541,56.2171613974837,59.656,1.6,97.37677765,26.5532224510153,18.1591148441541
GHA,2021,212.47,3.492,56.6952556826536,58.456,1.6,94.40388489,27.7916388048117,18.0651429427454
GHA,2022,210.79,3.434,57.250609602871,57.404,1.6,82.32108307,29.0423190138112,17.9730212496199
GHA,2023,194.92,3.397,57.8074737774654,57.397,1.5,70.25730896,30.3048454596217,17.8829579660775
GHA,2024,195.77,3.344,58.3654868038581,57.391,1.5,,31.5789404731982,17.794946030478
GHA,2025,,,58.9246861473125,56.781,,,,
GIN,2000,415.77,5.918,30.9231105645224,61.287,1.5,22.71741867,9.16230658478803,29.0731614450505
GIN,2001,414.39,5.834,31.2176948406254,61.4,1.5,21.76875114,9.88629196850462,27.9717992688192
GIN,2002,418.97,5.781,31.5131362085814,61.486,1.6,24.83917809,10.6114415301292,26.8776194000702
GIN,2003,425.18,5.744,31.8086015036327,60.818,1.6,25.60194969,11.3379449716538,25.7903140439578
GIN,2004,425.36,5.733,32.1032575610216,60.145,1.7,26.41420937,12.2068746539465,24.7103009993857
GIN,2005,420.24,5.727,32.3962712159907,59.452,1.7,19.66388702,13.0950354311112,23.6376264588604
GIN,2006,404.99,5.704,32.6868093037822,58.792,1.7,16.15967941,14.0026334670864,22.5720158127917
GIN,2007,384.49,5.664,32.9740386596386,58.205,1.7,22.64143372,14.9294878110963,21.513851012121
GIN,2008,378.78,5.596,33.2571261188022,57.557,1.7,22.97397041,15.8756067639013,20.4631720993076
GIN,2009,393.8,5.528,33.5352385165154,56.849,1.7,23.71565628,16.8410008400224,19.4200229848841
GIN,2010,415.74,5.435,33.8075426880206,56.142,1.7,22.59741783,17.8258882415396,18.3841840679713
GIN,2011,428.78,5.337,34.0732054685603,55.492,1.7,24.12806129,18.8300745161128,17.3559847198778
GIN,2012,431.75,5.232,34.3313936933767,54.928,1.7,23.70012856,19.8535699723585,16.3354634291142
GIN,2013,413.73,5.151,34.5812741977122,54.234,1.7,25.90467834,20.8963805102335,15.3226617191738
GIN,2014,396.69,5.07,34.8177920826682,53.521,1.7,36.63517761,21.958517184142,14.3176233149312
GIN,2015,384.39,5.002,35.0373191833496,52.804,1.7,43.41540527,23.0429534538905,13.3179371621242
GIN,2016,366.52,4.915,35.3100280761719,52.228,1.6,38.42609406,24.1498387012441,12.3241814625886
GIN,2017,358.48,4.793,35.5827331542969,51.64,1.6,32.63646317,25.2793165342665,11.3369321727486
GIN,2018,350.28,4.669,35.8554382324219,50.989,1.6,34.88978195,26.4315341873572,10.3567664837116
GIN,2019,321.2,4.576,36.1281547546387,50.225,1.5,42.16910172,27.6063983510435,9.38439439633605
GIN,2020,304.94,4.489,36.4802208060551,49.23,1.5,41.1027565,28.8045342946628,8.42011227752738
GIN,2021,294.45,4.399,36.8502178436256,49.564,1.5,44.10476303,30.0258495167405,7.46464311908503
GIN,2022,285.7,4.303,37.2384967469106,50.087,1.4,53.2922287,31.2707423118105,6.51847200173058
GIN,2023,285.5,4.217,37.6454083954705,50.096,1.4,59.33010101,32.538855541003,5.58237303555587
GIN,2024,286.08,4.131,38.0713036688655,50.083,1.3,,32.6496371481415,4.65675323560598
GIN,2025,,,38.5165334466562,49.894,,,,
GMB,2000,309.72,5.716,46.9722332873784,43.707,1.6,74.83678436,51.0627069646761,5.37271659721325
GMB,2001,301.46,5.67,48.3491979765917,43.756,1.7,55.65046692,49.9139746844975,5.05457314652411
GMB,2002,293.32,5.656,49.5731153377033,43.487,1.8,35.99459839,48.7879556235198,4.7436288480623
GMB,2003,285.25,5.656,50.6010077995371,43.518,1.9,28.3001461,47.7243148779708,4.44261120260384
GMB,2004,277.25,5.683,51.5062022597801,43.543,1.9,32.15613174,46.6954252889106,4.15823545428186
GMB,2005,269.36,5.708,52.3582132660613,43.475,2.0,33.2039566,46.5783414763304,3.87980590805368
GMB,2006,261.65,5.736,53.1603285370566,43.253,2.0,33.41355896,46.4862604097152,3.60731046827679
GMB,2007,254.15,5.685,53.9196109423854,43.126,2.0,35.91078568,46.4185276331036,3.34073637912985
GMB,2008,246.86,5.625,54.6431233516671,43.287,2.0,40.0297699,46.3744960730948,3.08001873843002
GMB,2009,239.74,5.574,55.3379286345209,43.415,2.0,34.59326172,46.3534874804285,2.82535510026957
GMB,2010,232.81,5.558,56.0110896605662,43.452,2.0,32.99832535,46.3547731022519,2.57656093776159
GMB,2011,238.87,5.542,56.6696692994225,43.029,2.0,31.05148888,46.3775424677641,2.33370739013831
GMB,2012,256.47,5.519,57.3207304207091,42.988,2.0,29.56409264,46.4212058311807,2.09668299621603
GMB,2013,204.12,5.392,57.970305611505,43.392,1.9,25.59075928,46.4844347761008,1.86564272407158
GMB,2014,140.32,5.197,58.6141799655551,43.934,1.9,17.33743477,46.5660263360159,1.64054349942537
GMB,2015,202.51,5.003,59.2458499408388,44.378,1.9,19.67725563,46.6646737011035,1.42132656256362
GMB,2016,130.07,4.809,59.8652472486563,44.809,1.8,20.77086067,46.7787647028692,1.20793781033458
GMB,2017,63.21,4.614,60.471712657237,45.339,1.8,21.55331612,46.9072182092037,1.00023990813879
GMB,2018,81.75,4.42,61.0645869348107,45.833,1.7,22.17474365,47.0485303132535,0.79813775674185
GMB,2019,44.76,4.33,61.643210849607,45.613,1.6,23.21861267,47.2014093425827,0.601510938592732
GMB,2020,83.83,4.248,62.2069251698555,44.891,1.6,28.9169693,47.3645750957407,0.410239235280395
GMB,2021,62.48,4.165,62.7550706637859,44.677,1.5,29.77283478,47.5364188505618,0.224203402766022
GMB,2022,95.52,4.078,63.2869880996278,44.71,1.4,29.57811737,47.7159912011406,0.0923819520077128
GMB,2023,87.51,4.006,63.8020182456108,44.469,1.4,25.74407768,47.9457928819298,0.0706035269185963
GMB,2024,75.44,3.907,64.2994103409645,44.428,1.3,,48.1711442175538,0.0483800529726289
GMB,2025,,,64.9884861325581,44.362,,,,
GNB,2000,396.46,5.786,36.8412054388232,61.671,3.8,13.2785511,4.53445720097512,35.9280280462056
GNB,2001,320.17,5.688,37.1627839410066,61.88,4.2,13.50725842,5.01574870772438,34.465329698289
GNB,2002,251.22,5.634,37.4734924367695,61.717,4.4,14.02086544,5.72910394514667,33.0143712942041
GNB,2003,182.29,5.577,37.7773055741583,61.663,4.5,14.70093441,6.75416506576179,31.5762149650633
GNB,2004,121.23,5.5,38.0781980012196,61.585,4.5,18.42279816,7.78216486739306,30.1504777406643
GNB,2005,93.26,5.46,38.3801443659997,61.574,4.4,20.99864388,8.8783527585904,28.7380958051724
GNB,2006,78.21,5.406,38.6871193165452,61.571,4.4,22.77665329,9.9897316228944,27.3378752783931
GNB,2007,76.5,5.365,39.0030975009025,61.552,4.3,25.56799126,11.1161885061566,25.950730742994
GNB,2008,87.5,5.266,39.3320535671181,61.495,4.2,34.26661301,12.2580921089513,24.5763543289195
GNB,2009,106.34,5.176,39.6716434222135,61.451,4.1,26.88874054,13.4152955008386,23.2155432241406
GNB,2010,124.54,5.111,40.0095596313477,61.434,4.0,29.23748016,14.5887141664203,21.8669749084804
GNB,2011,129.31,5.067,40.4391136169434,61.421,3.8,44.72909927,15.7782187068147,20.5314841203815
GNB,2012,126.55,5.003,40.8686027526855,61.338,3.7,37.75499725,16.9842205721111,19.2088801830683
GNB,2013,120.88,4.93,41.2976379394531,61.267,3.6,46.05934143,18.2067554736928,17.8995960386295
GNB,2014,105.73,4.79,41.7271995544434,61.144,3.4,64.99989319,19.4462525723006,16.6034775716538
GNB,2015,89.59,4.661,42.1568145751953,61.157,3.3,52.45866776,20.7029543822311,15.3206778421165
GNB,2016,74.16,4.519,42.586109161377,61.105,3.2,56.60805511,21.9768833616634,14.051579280174
GNB,2017,70.21,4.347,43.0155792236328,61.054,3.0,54.8225174,23.2682682564985,12.7962889150232
GNB,2018,71.68,4.241,43.4449081420898,60.934,2.9,58.87445068,24.5775735612132,11.5547175888753
GNB,2019,87.1,4.153,43.8745574951172,60.667,2.8,53.98390961,25.9048078160921,10.3271954914066
GNB,2020,95.17,4.075,44.3038330078125,60.697,2.7,67.88795471,27.2502045881432,9.11382660274433
GNB,2021,98.71,3.998,44.7334136962891,61.842,2.5,70.21189117,28.6139998460415,7.91471576810473
GNB,2022,97.61,3.911,45.1627159118652,63.11,2.4,68.01049042,28.7228575496477,7.85541171439409
GNB,2023,97.81,3.836,45.5923843383789,63.091,2.3,82.13543701,28.8319728978299,7.79596877138112
GNB,2024,110.13,3.757,46.113204421822,63.037,2.2,,28.9416006403664,7.73624603844603
GNB,2025,,,46.6510315281292,63.081,,,,
GNQ,2000,334.3,5.834,38.8154587133988,57.11,,20.14153671,54.790530594174,10.6799032548534
GNQ,2001,331.5,5.785,38.8638365386531,56.6,,29.59247589,55.776966411997,10.0138344082628
GNQ,2002,325.04,5.731,39.1969150391705,56.012,,74.93979645,56.7470042992933,9.3583916985792
GNQ,2003,332.79,5.675,39.895902485648,55.409,,86.82926178,57.6992350383254,8.71391717222794
GNQ,2004,346.23,5.618,40.9304009672368,54.874,,104.54925537,58.6335894811516,8.08038479021043
GNQ,2005,357.64,5.559,42.2814597171299,54.509,,122.75533295,59.5483734842498,7.45810982760049
GNQ,2006,356.69,5.498,43.9301279685204,54.406,,143.95661926,60.4443395996533,6.84682168884011
GNQ,2007,353.65,5.433,45.8574549546013,54.38,,179.49963379,61.3207811186255,6.24654743377311
GNQ,2008,332.63,5.363,48.0444899085658,54.44,,225.50572205,62.1777142751886,5.6571377803411
GNQ,2009,303.16,5.288,50.4722820636069,54.497,,248.9617157,63.0143173257129,5.07855677705549
GNQ,2010,288.37,5.209,53.1218806529176,54.631,,237.85783386,63.831192420274,4.5104905053744
GNQ,2011,290.83,5.126,55.9743349096911,54.945,,265.38485718,64.6283695926991,3.95270401378998
GNQ,2012,312.77,5.04,59.0106940671203,55.35,,280.90136719,65.4060732402599,3.4049129354325
GNQ,2013,333.66,4.952,62.2120073583984,55.754,,286.33657837,66.0469451872043,2.87691400233803
GNQ,2014,334.0,4.863,65.5593240167184,56.077,,290.53604126,66.1151129596268,2.87105658963044
GNQ,2015,333.82,4.774,68.951270615355,56.265,,222.81713867,66.1825230692518,2.86526437941596
GNQ,2016,315.21,4.686,69.253269853051,56.43,,221.49227905,66.2485390317556,2.85959161063924
GNQ,2017,291.23,4.599,69.5516019132985,56.497,,223.4354248,66.3127866671561,2.85407109397555
GNQ,2018,268.08,4.513,69.8396623666175,56.513,,240.49389648,,
GNQ,2019,247.4,4.429,70.1175419547293,56.353,,223.14128113,,
GNQ,2020,244.3,4.346,70.3853314193247,52.085,,213.59317017,,
GNQ,2021,239.58,4.266,70.6431215020592,52.589,,243.81242371,,
GNQ,2022,237.56,4.17,70.8910029445467,56.036,,215.32841492,,
GNQ,2023,229.81,4.081,71.1290664883517,56.117,,233.68379211,,
GNQ,2024,227.73,4.116,71.3574028749806,55.856,,,,
GNQ,2025,,,71.5761028458697,55.469,,,,
KEN,2000,220.26,5.136,19.4553832211834,70.421,8.8,21.53400993,23.6473801064419,16.9240313729931
KEN,2001,243.23,5.094,20.4416297068833,70.544,8.3,22.11487579,24.3164597238105,16.4367448305956
KEN,2002,227.55,5.027,21.8586568137501,70.632,7.8,22.28772163,25.0346081207823,15.9515900786266
KEN,2003,220.14,4.937,23.563889811899,70.782,7.4,25.64012337,25.7535178867465,15.4686312623508
KEN,2004,184.42,4.861,25.4147539714454,70.917,6.9,27.65002823,26.4731149422539,14.9879313697485
KEN,2005,138.92,4.801,27.2686745625048,71.11,6.5,30.9943428,27.1932269454509,14.5098660863416
KEN,2006,125.53,4.754,28.9830768551925,71.274,6.2,40.3040123,27.9138955031129,14.0341723368369
KEN,2007,94.84,4.718,30.4153861196239,71.413,6.0,49.44605255,28.6350439627237,13.5609136165485
KEN,2008,79.78,4.66,31.4230276259143,71.448,5.8,54.35681915,29.3565994040011,13.0901544212364
KEN,2009,77.6,4.567,31.8603086707305,71.515,5.6,55.455616,30.0784132028819,12.6222355819892
KEN,2010,80.27,4.446,31.8713287706458,71.646,5.5,58.8164711,30.8004947681643,12.1569271728644
KEN,2011,82.58,4.284,31.8673949025409,71.83,5.3,57.02286911,31.5229174481557,11.6936464690239
KEN,2012,84.23,4.116,31.8558130142761,71.96,5.2,64.48231506,32.2455260120869,11.232647100123
KEN,2013,85.44,3.955,31.8324454433988,72.011,5.0,67.59809875,32.9682462912978,10.773803024215
KEN,2014,84.43,3.843,31.7931545274563,72.121,4.9,72.84589386,33.6908976254492,10.3174893608377
KEN,2015,81.8,3.766,31.7338026039958,72.237,4.7,70.94755554,34.4133695043635,9.86370693819181
KEN,2016,77.26,3.689,31.6502520105647,72.354,4.5,73.88768005,35.1355349703251,9.41258782271518
KEN,2017,76.85,3.609,31.5383650847102,69.745,4.3,66.46552277,35.857250498731,8.96425699680817
KEN,2018,74.15,3.536,31.3940041639796,67.099,4.1,75.27681732,36.5783889502292,8.51874533784815
KEN,2019,71.67,3.433,31.1895566421135,64.404,3.9,85.64528656,37.298797647533,8.0763845331293
KEN,2020,85.0,3.364,31.2063494632616,63.316,3.7,86.5921936,38.018340896347,7.63710764754706
KEN,2021,88.69,3.312,31.2879334021971,63.621,3.6,94.20249176,38.7368777065186,7.20114357599299
KEN,2022,82.09,3.262,31.4307820066946,63.747,3.4,91.18416595,39.454252565811,6.76853753785675
KEN,2023,73.77,3.208,31.6330340816429,63.814,3.2,84.958992,40.1703366344741,6.33958683996232
KEN,2024,74.17,3.167,31.8937831721599,63.719,3.0,,40.8849654611543,5.9142602628714
KEN,2025,,,32.2121192871745,63.713,,,,
LBR,2000,397.08,5.875,43.7710042955819,75.542,2.7,7.93455124,12.1734894943623,54.3821776695556
LBR,2001,406.05,5.774,44.1509656015089,75.462,2.6,6.46313238,12.4677838881013,53.5502146027939
LBR,2002,415.53,5.653,44.566701526991,75.362,2.5,6.59576607,12.7650839146354,52.7179858662692
LBR,2003,423.21,5.547,45.0004573003041,75.206,2.4,5.76429653,13.0649848713731,51.8864105311728
LBR,2004,406.13,5.506,45.4344781497244,75.206,2.3,16.7787571,13.3677053295354,51.0550358350584
LBR,2005,403.18,5.519,45.8510093035277,75.225,2.2,19.14579582,13.6730363587121,50.2243189523138
LBR,2006,390.79,5.53,46.2322959899902,75.344,2.0,18.34446335,14.1158011729766,49.3942576413137
LBR,2007,372.68,5.462,46.6104850769043,75.399,1.9,15.8568964,14.564331528772,48.5643993182345
LBR,2008,357.06,5.328,47.1080497871025,75.408,1.9,26.30083656,15.018343502263,47.7351991119012
LBR,2009,342.42,5.174,47.6245255922562,75.384,1.8,40.21982574,15.4802745365152,46.90170258354
LBR,2010,322.14,5.058,48.1407517057907,75.36,1.7,40.8739624,15.9501173630923,46.0639402741897
LBR,2011,299.38,4.97,48.6583302770849,75.319,1.6,47.58517075,16.4280907750626,45.2214942490777
LBR,2012,266.12,4.881,49.1773247639526,75.311,1.6,46.67208862,16.9137232016405,44.3752936329002
LBR,2013,260.75,4.749,49.6977986242077,75.38,1.5,48.72935104,17.4074580077978,43.5244742496357
LBR,2014,287.7,4.622,50.2198153156642,75.382,1.4,54.82420349,17.9088071106971,42.6699616530859
LBR,2015,318.13,4.523,50.7434382961363,74.997,1.4,68.89793396,18.4179781203981,41.8113413296599
LBR,2016,348.7,4.461,51.2687310234384,74.567,1.3,67.68016052,18.9349390175014,40.9486420237229
LBR,2017,356.09,4.396,51.7957569553849,74.551,1.3,67.8789978,19.4591800299081,40.0827807842884
LBR,2018,331.58,4.336,52.3245795497906,74.522,1.2,68.88298798,19.9911366216728,39.2129015475056
LBR,2019,300.8,4.257,52.85526226447,74.464,1.2,51.1932373,20.5305258325317,38.339474402078
LBR,2020,276.93,4.174,53.3878685572381,72.972,1.1,76.11009979,21.0772995001903,37.4625313060363
LBR,2021,216.07,4.089,53.9224618859098,73.405,1.1,88.54867554,21.631407651363,36.5820989656063
LBR,2022,181.79,4.016,54.4591057083,74.42,1.0,100.49607086,22.1923063601074,35.69907970252
LBR,2023,179.32,3.95,54.997863482224,74.421,1.0,103.94123077,22.7604195167576,34.8126282540739
LBR,2024,172.34,3.864,55.5387986654968,74.379,0.9,,23.3351954904068,33.9236395077726
LBR,2025,,,56.0819747159338,74.373,,,,
LSO,2000,,3.605,19.3273988558381,60.701,22.0,23.71122551,13.9109680595621,45.8004000694464
LSO,2001,,3.63,19.8975236019886,60.329,22.5,28.22144127,15.4957394207867,44.3502928704601
LSO,2002,,3.682,20.4926272688562,59.891,22.8,23.20003891,17.0718164332742,42.9083943345884
LSO,2003,,3.619,21.1231084926925,59.463,23.1,32.02215576,18.6189165343031,41.4755367191259
LSO,2004,,3.508,21.7993659097494,58.944,23.2,41.18851089,20.1519465673748,40.051277933378
LSO,2005,,3.428,22.5317981562788,58.577,23.3,41.66717911,21.6703679710685,38.6376573416917
LSO,2006,,3.414,23.3329886243114,58.101,23.5,49.67809296,23.1744368605151,37.2338192701407
LSO,2007,,3.442,24.2187949905661,57.715,23.8,65.80387878,24.6557826139107,35.8767074079371
LSO,2008,,3.392,25.1966303659683,57.308,24.2,69.06710052,26.1239917400803,34.5288337389893
LSO,2009,,3.309,26.2591028264855,56.656,24.6,80.82315063,27.5788226829742,33.1915405254133
LSO,2010,,3.25,27.4004815007995,56.212,24.8,85.87903595,29.020495938413,31.8640093120511
LSO,2011,,3.343,28.6150355175921,55.699,24.9,117.67031097,30.4489318304881,30.5468630605521
LSO,2012,,3.296,29.8970340055453,55.448,24.9,125.37831116,31.8586043360402,29.2791335736958
LSO,2013,,3.283,31.2407460933407,54.85,24.9,131.35578918,33.2568347766841,28.0203789945281
LSO,2014,,3.239,32.6404409096604,53.732,24.7,121.21549988,34.6437079655808,26.7704199310354
LSO,2015,,3.217,34.0903875831861,52.592,24.3,104.59999847,36.0192915871812,25.5291419400322
LSO,2016,,3.18,35.5077950709441,51.59,23.8,91.0127182,37.3835722556357,24.2972480965038
LSO,2017,,3.105,36.5283648068846,50.376,23.1,115.43321228,38.7366301247734,23.0746052418693
LSO,2018,,3.016,37.569092747415,49.161,22.3,130.93614197,40.0785080651777,21.859953775949
LSO,2019,,2.924,38.6040920446259,47.925,21.5,235.94372559,41.4091356196007,20.6538896761652
LSO,2020,,2.846,39.6329305425532,46.608,20.7,96.84536743,42.7284382834052,19.4563327948911
LSO,2021,,2.769,40.6551760851997,46.452,19.8,115.81448364,44.0363729437393,18.2680910039229
LSO,2022,,2.716,41.6703965165322,47.942,18.9,133.32562256,45.3328485039477,17.0891328805209
LSO,2023,,2.694,42.6781596804785,48.066,18.0,122.63982391,46.6178621737328,15.9202157540976
LSO,2024,,2.664,43.6780334209246,48.039,17.1,,47.8913481422717,14.7615161748465
LSO,2025,,,44.6695855817109,47.798,,,,
MDG,2000,54.85,5.665,25.0095755608264,81.308,0.1,11.1882658,3.82452281975997,44.4425254515865
MDG,2001,65.26,5.528,25.3079943968146,81.742,0.1,13.13894939,4.27623527366861,43.7651099514652
MDG,2002,51.2,5.412,25.6037489918904,81.706,0.1,15.02957344,4.72902485932566,43.0891674190881
MDG,2003,65.3,5.329,25.8967668078478,82.164,0.1,17.64075851,5.18344484506749,42.415044455477
MDG,2004,44.83,5.264,26.1869753064804,83.095,0.1,14.29298973,5.63879503752012,41.7424392211629
MDG,2005,34.6,5.195,26.4743019495822,84.237,0.1,15.9498682,6.12117413127887,40.9718755606688
MDG,2006,33.78,5.133,26.7586741989468,83.984,0.1,16.44085503,6.60626042533301,40.2036198089405
MDG,2007,30.68,5.083,27.0400195163682,83.777,0.2,19.33553123,7.09404608313975,39.43806506217
MDG,2008,29.9,5.043,27.31826536364,83.578,0.2,20.91898537,7.58477414006482,38.6747019672848
MDG,2009,44.57,5.003,27.5933392025561,83.167,0.2,19.56957817,8.07809172690129,37.9150891560074
MDG,2010,44.52,4.896,27.8651684949103,82.79,0.2,21.13975906,8.57423264106828,37.1587000240727
MDG,2011,37.08,4.737,28.1336807024963,84.26,0.2,22.88667488,9.07317377918647,36.4058871928254
MDG,2012,70.79,4.613,28.3988032871081,85.84,0.2,19.30151749,9.57497737668474,35.6567085431357
MDG,2013,63.67,4.527,28.6604637105393,85.409,0.2,19.33186913,10.0796108433394,34.9114959705509
MDG,2014,49.8,4.421,28.9185894345838,84.966,0.3,22.56570244,10.5872297277492,34.170027152872
MDG,2015,106.98,4.335,29.1731079210354,84.506,0.3,22.29386139,11.0976984755033,33.4328956889934
MDG,2016,63.37,4.285,29.4239466316878,84.157,0.3,24.20793915,11.6111708038341,32.6998693404511
MDG,2017,77.22,4.259,29.671033028335,83.828,0.3,23.62072182,12.1276026442495,31.9712586523012
MDG,2018,71.86,4.246,29.9181125346909,83.527,0.3,21.12731934,12.647045200372,31.2470939942034
MDG,2019,71.73,4.221,30.3046972370204,83.25,0.3,15.50084877,13.1693375483997,30.5279180889216
MDG,2020,138.73,4.17,30.7019474167548,81.804,0.3,16.78295326,13.6947390405503,29.8132404509041
MDG,2021,166.33,4.104,31.1137123216036,82.058,0.4,17.17938805,14.2229663442332,29.1038313351778
MDG,2022,117.08,4.036,31.5397813465886,82.725,0.4,15.85809231,14.7542849047499,28.399210853008
MDG,2023,200.02,3.972,31.9799438860946,82.864,0.4,17.44003487,15.2883891812498,27.7001072060296
MDG,2024,255.45,3.912,32.4339893339844,82.866,0.5,,15.3671469967754,27.006046797692
MDG,2025,,,32.9017070836898,82.895,,,,
MLI,2000,394.98,6.886,18.977631037325,69.289,1.7,14.00473022,17.3336177697569,19.3597132773063
MLI,2001,396.22,6.852,19.3181950112665,69.319,1.7,13.15901566,18.5366288294077,18.5926641631692
MLI,2002,405.09,6.819,19.6792980362731,69.278,1.6,15.89499378,19.7478525761063,17.83385559854
MLI,2003,412.36,6.783,20.0594231247985,69.33,1.6,18.76944542,20.9666083854735,17.083970056087
MLI,2004,417.89,6.741,20.4570532892964,69.232,1.5,21.72010231,22.193273656424,16.3428353714942
MLI,2005,419.83,6.708,20.8706715422205,69.281,1.5,23.97353554,23.4264099806876,15.6116712469386
MLI,2006,395.08,6.677,21.2987608960246,69.286,1.4,26.93190002,24.6671660825145,14.8897260194682
MLI,2007,378.67,6.647,21.7398043631622,69.33,1.4,29.63545799,25.9143828499992,14.1779677624323
MLI,2008,369.17,6.624,22.1922849560871,69.354,1.4,33.21391678,27.1686715784898,13.4760747716204
MLI,2009,364.79,6.592,22.6557955217884,69.377,1.4,34.64731598,28.4286615146563,12.7850944320064
MLI,2010,373.6,6.579,23.1359461824894,69.445,1.3,31.36436844,29.6932856424804,12.1057729441305
MLI,2011,394.18,6.545,23.6379674039304,69.476,1.3,31.67968369,30.9622372812507,11.438301484941
MLI,2012,424.29,6.523,24.1606168848588,69.506,1.3,27.53120613,32.2352227048023,10.7828398922703
MLI,2013,441.0,6.491,24.7033626854883,69.526,1.2,30.06661987,33.5119596461235,10.139517197507
MLI,2014,429.54,6.441,25.2656728660325,69.574,1.2,35.7261734,34.7924079704944,9.50831240078206
MLI,2015,381.71,6.385,25.847015486705,69.57,1.2,28.97842216,36.0760821566718,8.88943254046965
MLI,2016,374.39,6.319,26.4468586077195,68.909,1.1,27.58086205,37.3629585814102,8.28281046644614
MLI,2017,376.98,6.251,27.0646702892896,68.123,1.1,28.49467659,38.6530201870083,7.68837826244291
MLI,2018,377.17,6.118,27.6999185916288,67.178,1.0,31.16962242,39.9458152875809,7.10625293923418
MLI,2019,325.76,5.892,28.3520715749509,65.177,1.0,31.4089489,41.2415636688459,6.53623834012747
MLI,2020,349.39,5.85,29.0205972994693,63.591,0.9,28.20211601,42.5396302417606,5.97847622425601
MLI,2021,345.92,5.779,29.7049638253978,64.091,0.9,30.55883217,43.8404477380485,5.43266891841366
MLI,2022,346.22,5.692,30.4015705681899,65.631,0.8,31.0949192,45.1434215383033,4.89889209227288
MLI,2023,346.22,5.614,31.0031889023235,65.227,0.8,33.9802475,46.4485840749361,4.37696469797832
MLI,2024,346.22,5.51,31.6075621182225,65.209,0.8,,47.7561676952566,3.86666009901461
MLI,2025,,,32.2127137183989,65.138,,,,
MOZ,2000,473.67,5.83,29.2423697311441,82.607,8.8,7.00877714,10.7368086528161,58.5751563260203
MOZ,2001,489.94,5.755,29.4137097764239,82.937,9.4,8.53719139,11.6891382934177,56.7984156464788
MOZ,2002,494.65,5.667,29.5686323334348,83.211,9.9,10.00207806,12.6706023887281,55.0256782125182
MOZ,2003,483.85,5.6,29.7146340268639,83.572,10.3,11.03660774,13.6597206754492,53.2574408493434
MOZ,2004,459.3,5.551,29.8592114813982,83.006,10.6,14.12452602,14.656791437849,51.4932625466504
MOZ,2005,442.25,5.5,30.0098613217248,82.439,10.9,18.40718079,15.661495607588,49.7336083708358
MOZ,2006,417.42,5.452,30.1740801725307,81.927,11.1,18.05057144,16.6744657730016,47.9776454754027
MOZ,2007,388.02,5.466,30.3598131347122,81.364,11.3,19.29700851,17.6947339130943,46.2266610943974
MOZ,2008,369.61,5.598,30.5625357695184,80.798,11.6,24.48562622,18.8175728896395,44.3685715589436
MOZ,2009,371.47,5.681,30.7715592059159,80.165,11.8,27.68954468,19.9603052560203,42.5115978081612
MOZ,2010,377.94,5.66,30.9861779822921,79.552,12.0,26.26061249,21.1157832994067,40.6648263030298
MOZ,2011,375.99,5.599,31.2062230032794,78.938,12.3,30.42516136,22.2833615319123,38.8291913347898
MOZ,2012,375.23,5.518,31.4315251735105,78.332,12.4,35.24672699,23.4630594441157,37.0048400453942
MOZ,2013,372.38,5.43,31.6619153976179,77.684,12.6,41.5031395,24.6548929254595,35.191921981089
MOZ,2014,361.47,5.304,31.8972245802342,77.029,12.7,43.50259018,25.8588794084376,33.390591387497
MOZ,2015,353.67,5.245,32.1372836259918,76.345,12.8,40.35658646,27.0750381576231,31.6009937907265
MOZ,2016,345.21,5.188,32.3819234395234,76.135,12.9,31.85357285,28.3033808340067,29.8232807955335
MOZ,2017,333.74,5.128,32.6274411492675,75.875,12.8,36.75825882,29.5435460585168,28.0578792435095
MOZ,2018,331.3,5.07,32.9902559073541,75.626,12.8,41.29206467,30.7959176592195,26.3046376170431
MOZ,2019,323.97,5.016,33.4177241517032,75.396,12.7,41.01906586,32.0616645064997,24.5629459189494
MOZ,2020,320.65,4.959,33.9044006416285,74.227,12.6,34.92252731,33.3404532645595,22.8333088035144
MOZ,2021,312.45,4.905,34.4499259401554,73.848,12.4,44.09894943,34.6331153020155,21.1154937784577
MOZ,2022,304.5,4.84,35.0536638047945,73.466,12.1,47.69813538,35.9385123672753,19.4104461319689
MOZ,2023,303.5,4.763,35.7149783148407,73.562,11.8,52.96166611,37.257486002339,17.7179507668865
MOZ,2024,295.1,4.69,36.4332337447237,73.529,11.5,,38.5900804802051,16.0382664797858
MOZ,2025,,,37.2077944927189,73.493,,,,
MRT,2000,96.39,5.456,38.0555858542174,41.386,0.7,23.00290108,18.1529733941699,59.1096345410087
MRT,2001,93.67,5.407,38.1070763150421,41.155,0.7,23.28163338,19.3093273656577,57.2957198595334
MRT,2002,92.59,5.373,38.3900378438208,40.939,0.7,25.96999741,20.5759918023257,55.2922883381554
MRT,2003,96.01,5.364,38.8866922319919,40.887,0.7,29.51877594,21.8519258918573,53.3043769795815
MRT,2004,86.37,5.374,39.5685575664461,40.767,0.7,31.47280884,23.1372199810227,51.3322179366052
MRT,2005,84.33,5.376,40.407151934074,40.663,0.7,34.00539017,24.4309798679279,49.3777324546
MRT,2006,76.41,5.404,41.3739934217664,40.603,0.6,35.14922333,25.9997164897389,47.4405084558905
MRT,2007,75.8,5.426,42.4406001164139,40.342,0.6,40.41820145,27.6037678904985,45.5207150746765
MRT,2008,65.48,5.436,43.5784901049073,40.054,0.6,49.2858696,29.2444593327866,43.6179978962861
MRT,2009,32.98,5.406,44.7591814741371,39.651,0.5,44.64679718,30.9205985186658,41.7356456373937
MRT,2010,36.28,5.384,45.9541923109942,39.521,0.5,43.759655,32.634513910578,39.8716501274632
MRT,2011,46.39,5.38,47.1350407023691,39.389,0.4,47.77469254,34.3867695026877,38.0266359830753
MRT,2012,24.34,5.352,48.2732447351525,39.255,0.4,49.2515831,36.1778963960657,36.2011837659291
MRT,2013,27.11,5.317,49.3553973225913,38.785,0.4,55.47412872,38.0075543396616,34.3967758974517
MRT,2014,56.3,5.261,50.4694791226856,38.299,0.3,59.39431381,39.8731407401327,32.6170378735995
MRT,2015,73.55,5.211,51.6680350049622,37.826,0.3,57.1233139,41.7742652183786,30.8625599143822
MRT,2016,94.53,5.157,52.9185627319946,37.311,0.3,49.90084076,43.7104270690001,29.1338385643543
MRT,2017,72.79,5.106,54.1970448502004,36.854,0.2,55.22446442,45.6828446170813,27.4295803212618
MRT,2018,79.68,5.044,55.1305077000081,36.803,0.2,49.68307495,47.6904380054199,25.7506533802358
MRT,2019,60.21,4.984,56.0596215779146,36.77,0.2,54.63365555,49.7339098436372,24.0961762753848
MRT,2020,64.11,4.912,56.9836701058893,36.067,0.2,53.89974594,51.8124755125379,22.4664899271771
MRT,2021,26.25,4.848,57.901535141641,36.173,0.2,73.6309433,53.9267671870648,20.8607016586712
MRT,2022,57.55,4.77,58.8120996197226,36.632,0.2,91.54125977,56.0758490078081,19.2790731338827
MRT,2023,42.86,4.697,59.7142464747058,36.682,0.1,92.11444092,58.2608340232933,17.7203472590885
MRT,2024,69.55,4.625,60.6068586411829,36.701,0.1,,58.676920295931,16.1850808201012
MRT,2025,,,61.4888190537696,36.564,,,,
MUS,2000,,1.99,42.063123063288,53.473,,115.89820862,90.5194424395301,0.0671124529085729
MUS,2001,,1.91,41.8827214180181,52.305,,116.36106873,90.8010935078889,0.074826864177646
MUS,2002,,1.94,41.6986829938864,53.477,,132.38633728,91.0831578826494,0.0825424052397741
MUS,2003,,1.87,41.5127065251754,55.485,,157.68417358,91.3656724156252,0.090258815252675
MUS,2004,,1.92,41.3265540022042,53.944,,184.74328613,91.6486409323772,0.0979760931062504
MUS,2005,,1.88,41.1419874152917,53.622,,192.13858032,91.9320916263266,0.105693956645842
MUS,2006,,1.77,40.9607687547567,53.689,,203.24180603,92.2159724037212,0.113412973304468
MUS,2007,,1.74,40.7846600109183,53.275,,229.2313385,92.5003340946351,0.121132564619625
MUS,2008,,1.67,40.6154231740954,54.124,,312.88540649,92.7851254425672,0.128853312475363
MUS,2009,,1.59,40.4548202346069,54.192,,301.67260742,93.0703993955795,0.136574626987373
MUS,2010,,1.57,40.3046131827718,54.671,,357.17382813,93.356133421421,0.144296805729761
MUS,2011,,1.55,40.1665923228716,54.075,,385.76248169,93.6423302206656,0.152019850892811
MUS,2012,,1.56,40.0369511615085,54.304,,387.1026001,93.928957338752,0.159744057527327
MUS,2013,,1.45,39.9108848558771,55.336,,440.00280762,94.2160990172905,0.16746851168631
MUS,2014,,1.44,39.7887571971735,55.495,,544.44122314,94.5036776997777,0.17519413448389
MUS,2015,,1.37,39.6709610617726,55.871,,515.72247314,94.7917221671352,0.182920622092249
MUS,2016,,1.41,39.5578893260494,55.593,,540.39239502,95.0806649213747,0.190641117545119
MUS,2017,,1.46,39.4499348663789,55.844,,594.86120605,95.3704562123422,0.198355372271819
MUS,2018,,1.42,39.3474905591359,55.465,,640.62182617,95.6610436549434,0.206063137248671
MUS,2019,,1.41,39.2509492806955,55.964,,639.18286133,95.9523952887646,0.213764199996155
MUS,2020,,1.46,39.1607039074325,50.908,,541.95184326,96.2430585209024,0.221455416622002
MUS,2021,,1.42,39.077147315722,48.525,,593.77947998,96.5249988240641,0.229119158201407
MUS,2022,,1.33,39.0000125885784,52.046,,590.91522217,96.8074578506506,0.236774116004845
MUS,2023,,1.4,39.0039901092226,55.709,,616.20739746,97.0904086099851,0.244419326894901
MUS,2024,,1.44,39.0162147027917,55.41,,,97.3737391141644,0.252055172824386
MUS,2025,,,39.0369663368524,55.249,,,,
MWI,2000,452.55,6.002,14.6770603287659,76.764,15.3,8.84964848,9.3511917456521,14.6008314931004
MWI,2001,464.48,5.943,14.780400724713,76.612,14.8,7.42542601,9.35302758911489,14.0636688358669
MWI,2002,439.55,5.903,14.8722487440558,76.582,14.3,11.17413807,9.35480608724583,13.5274487781221
MWI,2003,404.31,5.875,14.9551384691108,76.641,13.6,12.3155899,9.35670106577719,12.9920462667513
MWI,2004,376.52,5.864,15.0316039821946,76.797,12.9,15.94395351,9.35853844568126,12.4575987491851
MWI,2005,373.65,5.848,15.1041793656241,76.822,12.3,17.24028015,11.6430173155279,11.9239889790154
MWI,2006,359.15,5.802,15.1753987017157,75.743,11.8,20.95070648,13.9195182666637,11.391344157107
MWI,2007,348.76,5.724,15.2477960727861,74.695,11.3,25.0216465,16.1881872542677,10.859559833354
MWI,2008,359.36,5.609,15.3238029928378,73.601,11.1,32.73482132,18.4488656297589,10.3287509628545
MWI,2009,377.56,5.453,15.4015312766848,72.448,10.9,35.56456757,20.7030011916433,9.79778981941519
MWI,2010,389.81,5.263,15.4776969380518,71.164,10.7,33.99194336,22.950220782325,9.26686954919118
MWI,2011,395.25,5.083,15.5523153908723,69.836,10.5,39.29234314,25.1902507973083,8.73609939688636
MWI,2012,354.96,4.902,15.6253133040464,68.294,10.3,32.53762817,27.4226021008412,8.20576697468664
MWI,2013,306.13,4.759,15.6966173464742,66.77,10.1,39.54008484,29.6470619671529,7.67592063041487
MWI,2014,275.05,4.569,15.766154187056,65.226,9.9,35.33760452,31.8630595478382,7.14691829799636
MWI,2015,260.88,4.384,15.8338504946918,63.64,9.6,34.97310638,34.0704035850355,6.61876865794715
MWI,2016,260.92,4.216,15.899632938282,61.963,9.4,34.0307579,36.2684898070789,6.09188188101701
MWI,2017,264.44,4.113,15.9634281867266,60.264,9.0,37.60110092,38.4570661478088,5.56629790182964
MWI,2018,270.95,4.021,16.0221486554255,60.192,8.7,36.70302963,40.6356741988533,5.0422580414846
MWI,2019,280.29,3.952,16.1383746619001,60.13,8.3,36.91519165,42.8038384563156,4.52004321801163
MWI,2020,283.01,3.877,16.2961471756409,64.36,7.9,42.37881851,44.9611479828173,3.99980889497236
MWI,2021,280.49,3.791,16.4881925800694,59.374,7.4,46.41017532,47.1071277327455,3.48184252795905
MWI,2022,285.5,3.72,16.7146031979436,59.904,7.0,40.03453827,49.2412879464451,2.96633587553154
MWI,2023,291.01,3.648,16.9748746665356,59.843,6.6,41.26664734,49.23687867184,2.45360064365149
MWI,2024,294.53,3.59,17.268503531213,59.747,6.2,,49.2322090448262,1.94383747326708
MWI,2025,,,17.5949868386317,59.403,,,,
NAM,2000,53.57,3.991,32.1168956399877,43.142,13.4,217.55029297,27.1488440827973,59.222232522207
NAM,2001,69.81,3.827,32.8575058425719,42.983,13.7,201.46917725,27.5998396163148,58.1995339358308
NAM,2002,46.92,3.693,33.6459301456028,42.919,13.8,187.86433411,28.1968311809375,56.9791056045286
NAM,2003,44.39,3.58,34.5460063719633,42.832,13.8,278.70162964,28.8122875122617,55.7353803776218
NAM,2004,68.43,3.545,35.5356476670033,43.061,13.6,373.46408081,29.4178256763319,54.507182206538
NAM,2005,41.83,3.571,36.5870014553064,43.272,13.4,402.20068359,30.0109518702615,53.297916760576
NAM,2006,43.12,3.601,37.6722151614564,43.639,13.3,437.56240845,30.5926680157068,52.1062444637611
NAM,2007,12.9,3.608,38.763436210037,43.708,13.2,493.60388184,31.1618359120794,50.9337117590085
NAM,2008,7.44,3.616,39.8328120256318,43.993,13.2,443.17068481,31.7185868742759,49.7801681415088
NAM,2009,3.68,3.633,40.8524900328246,44.063,13.1,420.74865723,32.2603036353343,48.649180016241
NAM,2010,1.55,3.657,41.7946176561991,44.368,13.1,567.35003662,32.7891161090276,47.5378564610022
NAM,2011,1.81,3.658,42.6276075621535,46.099,13.1,624.59814453,33.3028894118118,46.4491185620641
NAM,2012,3.13,3.676,43.3804079185694,47.884,13.0,606.36633301,33.8118744896686,45.3690149425702
NAM,2013,4.39,3.653,44.1106769079132,49.961,12.8,539.41345215,34.3053246503093,44.3122110614125
NAM,2014,14.05,3.635,44.8214248210559,49.56,12.6,452.2585144,34.7830478360411,43.2789666159782
NAM,2015,7.99,3.604,45.5103554445325,48.031,12.4,476.50784302,35.243867972916,42.2709052115209
NAM,2016,16.55,3.574,46.1751725648784,46.336,12.1,409.78051758,35.68218646148,41.2956275788227
NAM,2017,44.81,3.511,46.8135799686288,46.692,11.8,447.95223999,36.0971096744774,40.3543499994241
NAM,2018,24.55,3.462,47.4232814423189,47.175,11.5,457.6807251,36.4891060185928,39.4464249012086
NAM,2019,2.71,3.404,48.0019807724839,47.18,11.1,419.14828491,36.9123066913261,38.5712121863347
NAM,2020,9.32,3.349,48.547381745659,44.224,10.6,370.81643677,37.3147816708838,37.7288471325661
NAM,2021,9.56,3.303,49.0571881483796,44.66,10.2,449.95172119,37.6969593429633,36.9186083454708
NAM,2022,7.38,3.248,49.5291037671807,47.353,9.8,418.53683472,38.0587226800855,36.1404981479604
NAM,2023,8.24,3.212,49.9545837830821,47.617,9.4,397.09063721,38.4005446833098,35.3937310321168
NAM,2024,7.2,3.211,50.4088030252155,47.593,9.0,,38.7229020528394,34.6775080592689
NAM,2025,,,50.8666984399326,47.488,,,,
NER,2000,359.24,7.829,16.1307678222656,77.885,0.7,9.04467964,6.49095998473198,81.0830465993796
NER,2001,350.71,7.81,16.2687225341797,77.901,0.7,9.68088055,6.90942898388813,80.4327550556915
NER,2002,327.87,7.797,16.2687206268311,77.687,0.6,10.84433079,7.30986882133162,79.8377144066865
NER,2003,298.92,7.789,16.2687225341797,77.475,0.6,12.55038452,7.71048737435581,79.2419714559293
NER,2004,302.78,7.777,16.2687225341797,77.051,0.6,14.06374931,8.11105189403746,78.6462280873362
NER,2005,310.49,7.769,16.2687225341797,76.829,0.5,18.67140198,8.51225299855436,78.0511810426961
NER,2006,307.39,7.744,16.2675724894628,77.335,0.5,19.9213028,8.91225988238255,77.4554379123891
NER,2007,315.37,7.726,16.2641887037781,77.785,0.5,20.96952438,9.3108172797856,76.8596972102743
NER,2008,351.76,7.702,16.2586706998252,78.176,0.4,24.86141586,9.70763488348427,76.2646604380377
NER,2009,377.45,7.679,16.2511180003032,78.511,0.4,24.54927635,10.1032794598234,75.6689179868238
NER,2010,410.05,7.64,16.2416301279116,78.928,0.4,23.47736168,10.4974697713474,75.0731791133938
NER,2011,424.02,7.592,16.2303066053496,79.265,0.3,24.84123039,10.8898889805879,74.4781402107539
NER,2012,427.97,7.527,16.2141284004355,75.959,0.3,22.71487427,11.2811585980416,73.882405995431
NER,2013,416.72,7.445,16.2162595696064,74.606,0.3,24.61338997,11.6709689397012,73.2866653801385
NER,2014,410.12,7.342,16.2450424611665,73.18,0.3,25.09494019,12.0644714438851,72.6804235931184
NER,2015,404.9,7.215,16.3035606587493,72.935,0.3,25.96905327,12.4627973884211,72.0622726409308
NER,2016,389.33,7.043,16.3898280543236,72.716,0.2,22.68474007,12.8657160959019,71.4336031525215
NER,2017,367.77,6.874,16.5036987906896,72.487,0.2,29.09627533,13.2744201872419,70.7930197632381
NER,2018,349.75,6.706,16.6449011799221,72.277,0.2,30.61364555,13.6886629942744,70.141912939065
NER,2019,332.56,6.537,16.813146499685,72.053,0.2,31.89424324,14.10969749241,69.4788861540906
NER,2020,330.78,6.369,17.0081420003794,73.707,0.2,35.75537109,14.5380631441061,68.80391979542
NER,2021,304.18,6.2,17.2295936666686,75.899,0.2,35.39406204,14.973899415173,68.1177259254085
NER,2022,305.14,6.135,17.477207007512,79.291,0.2,26.50681686,15.4185833482363,67.4188845732568
NER,2023,305.14,6.061,17.7506873295237,79.236,0.2,26.01301575,15.8722896113192,66.7081038128417
NER,2024,305.14,5.935,18.0497398450803,79.262,0.2,,16.336047650863,65.9846786592625
NER,2025,,,18.3740697195469,79.427,,,,
NGA,2000,401.79,6.124,43.2785051250243,80.075,2.2,17.15887642,27.9946368630353,24.298091604714
NGA,2001,394.49,6.128,44.1262421418539,79.938,2.2,17.96053314,28.0339074690086,24.0888421176208
NGA,2002,381.75,6.116,44.9793025536893,79.898,2.2,17.53752899,28.6863485385753,23.872840874865
NGA,2003,382.09,6.1,45.8372080921761,79.665,2.2,37.91439438,29.3592592810807,23.650176694539
NGA,2004,390.12,6.09,46.6994804889599,79.476,2.2,42.81798172,30.053264298702,23.4209537213641
NGA,2005,395.9,6.063,47.5656414756863,79.109,2.1,52.24337006,30.7689136757313,23.1854750260152
NGA,2006,398.57,6.053,48.424271994461,78.89,2.1,63.63072205,31.5068491941473,22.9434967948368
NGA,2007,400.61,6.027,49.2357987173198,78.694,2.0,66.90659332,32.2676921129548,22.6949543623227
NGA,2008,402.01,6.024,50.0505212312351,78.514,2.0,77.45053101,33.0520750926105,22.4397878733942
NGA,2009,389.96,5.993,50.86453484762,78.45,2.0,65.71811676,33.8602860424374,22.1787280889282
NGA,2010,363.36,5.948,51.6778188255446,78.239,2.0,73.008255,34.6931346813428,21.9111446438792
NGA,2011,339.51,5.893,52.490352424079,78.061,1.9,80.2377243,35.5499413895312,21.6394441895487
NGA,2012,316.22,5.797,53.302114902293,78.007,1.9,87.89523315,36.4309338253294,21.3636817441605
NGA,2013,297.83,5.694,54.1130855192568,77.844,1.8,97.29588318,37.3360751927047,21.0843349321319
NGA,2014,287.7,5.622,54.9232435340404,77.615,1.8,102.39888763,38.2655103767243,20.8014745317127
NGA,2015,283.81,5.503,55.7325682057138,77.453,1.7,92.91207123,39.2193808312227,20.5151728454515
NGA,2016,284.83,5.343,56.541038793347,77.206,1.7,75.52328491,40.1973286058844,20.2261632748528
NGA,2017,288.98,5.182,57.3486345560101,76.982,1.6,70.31814575,41.1997192224782,19.9340973884571
NGA,2018,291.07,5.021,58.1553347527729,76.851,1.6,63.60244751,42.2262627362671,19.6395084065965
NGA,2019,293.0,4.861,58.9611186427056,76.785,1.5,67.6254425,43.2767522763627,19.3427269336561
NGA,2020,304.37,4.7,59.7659654848781,74.782,1.4,67.91384888,44.3511472247714,19.043857631957
NGA,2021,299.27,4.636,60.5698545383604,75.812,1.4,81.87322235,45.4491559568794,18.7432459114042
NGA,2022,299.0,4.552,61.3727650622225,78.158,1.3,89.62958527,46.5706755484283,18.4410066468131
NGA,2023,299.0,4.482,62.1746763155343,80.021,1.2,66.82009125,47.7155813553496,18.1372592328994
NGA,2024,294.25,4.382,62.9755675573659,80.053,1.2,,47.9019370619136,17.9570129436897
NGA,2025,,,63.7754180467872,79.988,,,,
RWA,2000,180.43,5.967,15.7804474645996,54.854,4.9,9.00399399,43.8876413678193,3.46009474268138
RWA,2001,171.34,5.893,16.5487399668155,54.535,4.8,7.86746025,45.6902028796929,3.34532631532291
RWA,2002,156.99,5.816,16.8778847116752,54.494,4.6,7.32393837,47.4611936352188,3.23070718260106
RWA,2003,139.22,5.737,16.8947432312369,54.209,4.4,17.25927353,49.0827278042719,3.13320998363035
RWA,2004,122.34,5.64,16.9020099536792,54.088,4.2,20.23413277,50.6829486597842,3.03818866643112
RWA,2005,152.06,5.5,16.9072114459454,53.938,4.1,25.02086639,52.2806585813749,2.9431720656894
RWA,2006,150.06,5.335,16.9110139245047,54.058,4.0,27.1564312,53.8759294452882,2.84814234624785
RWA,2007,88.02,5.141,16.9140836058266,54.042,3.9,33.50738907,55.4685962150806,2.75313571077215
RWA,2008,69.73,4.922,16.9170867063804,54.06,3.8,39.94568634,57.0587484402126,2.6581336896129
RWA,2009,153.74,4.707,16.9206894426355,53.959,3.7,43.99641418,58.6463993130751,2.56312042522885
RWA,2010,104.65,4.522,16.9255580310614,53.899,3.7,47.96871567,60.2315011971765,2.46812830976044
RWA,2011,36.94,4.332,16.9323586881273,53.765,3.6,51.64939499,61.8140834716847,2.37314072740968
RWA,2012,59.69,4.201,16.9410248882148,53.752,3.5,57.26393127,63.3941024387453,2.27814382715724
RWA,2013,109.49,4.136,17.0742206053612,53.631,3.4,47.75388718,64.9716279211285,2.18316619287675
RWA,2014,202.3,4.117,17.5020716539756,53.528,3.3,50.63835144,66.5451269597636,2.0879839863612
RWA,2015,308.04,4.108,18.1953149858416,53.466,3.2,48.81296921,68.1134578237063,1.99261238058654
RWA,2016,410.08,4.106,19.1213951786548,53.418,3.1,43.54212189,69.6758086260828,1.89710505875602
RWA,2017,711.44,4.084,20.2477568101111,53.281,3.0,40.76682663,71.2308954690674,1.80146566174972
RWA,2018,477.57,4.047,21.5418444579064,53.882,2.9,42.11674881,72.7776126104957,1.70572389479542
RWA,2019,385.35,3.985,22.9711026997362,51.883,2.7,39.81322098,74.3150494792337,1.60991973467485
RWA,2020,213.12,3.913,24.5029761132966,55.248,2.6,45.15266418,75.8419280137536,1.51407161518218
RWA,2021,118.74,3.841,26.1049092762833,49.017,2.4,51.64677429,77.3571126484404,1.41820916962515
RWA,2022,85.57,3.778,27.7806702737761,51.089,2.3,57.83102036,78.8594683891809,1.32236221225415
RWA,2023,53.64,3.698,28.8555310645477,55.8,2.2,52.65630722,80.3475631851087,1.22655272000917
RWA,2024,77.14,3.645,29.8849714294083,56.323,2.0,,81.3307323783745,1.12374669165541
RWA,2025,,,30.9133840928162,56.446,,,,
SDN,2000,89.72,5.596,32.3435880462815,42.91,0.1,13.99440289,17.3575354903131,48.0035722695498
SDN,2001,83.54,5.562,32.3760415318304,42.691,0.1,15.18372345,17.374607093096,47.9811034546498
SDN,2002,65.5,5.531,32.4038820246832,42.473,0.1,16.70709991,17.3916786977486,47.9586362044357
SDN,2003,60.42,5.489,32.4271684741748,42.235,0.1,22.58504868,17.4087500196024,47.9361683387765
SDN,2004,54.28,5.455,32.4459598296403,41.981,0.1,29.30404472,17.4258224608883,47.9137034394705
SDN,2005,53.25,5.397,32.4603150404146,41.724,0.1,37.07490158,19.1365769047278,46.3580707144476
SDN,2006,52.2,5.332,32.4702930558327,41.478,0.1,55.32660294,20.8471551509776,44.8035689473833
SDN,2007,45.08,5.27,32.4759528252296,41.228,0.1,81.79016876,22.8360801058185,43.250191521589
SDN,2008,37.18,5.212,32.4816230749746,40.919,0.1,82.84276581,24.8798414748603,41.6979490109551
SDN,2009,34.3,5.173,32.5774622972843,42.363,0.1,80.00441742,26.985005939161,40.1390448937125
SDN,2010,32.39,5.141,32.7174026591513,41.348,0.1,73.60398865,29.1517069072564,38.5737996580804
SDN,2011,32.03,5.087,32.9059760141986,40.278,0.1,80.37197876,31.3797006029968,37.0029102261612
SDN,2012,32.33,5.031,33.1425561614901,39.716,0.1,75.40776825,33.6683780592082,35.4274186575444
SDN,2013,33.7,4.965,33.4264777958103,39.189,0.1,97.4931488,36.0176959149453,33.847667050417
SDN,2014,37.1,4.912,33.7624582408117,38.67,0.1,88.78498077,38.4269401247106,32.2646804572827
SDN,2015,43.25,4.898,34.0914394628597,38.192,0.1,93.69657135,40.8962454458167,30.678510086618
SDN,2016,50.43,4.829,34.1881958841213,37.572,0.1,89.39633942,43.424779800547,29.0901880422684
SDN,2017,56.38,4.761,34.2872225663509,36.896,0.1,67.75476837,46.0119565679027,27.5004188676546
SDN,2018,59.35,4.681,34.382054222005,36.247,0.1,33.88366699,48.6574194730533,25.9096294139462
SDN,2019,63.16,4.617,34.4727685824236,35.65,0.1,31.79406929,51.3601722607621,24.3188188727782
SDN,2020,65.76,4.542,34.5594433789246,34.428,0.1,22.91861534,54.1197261681039,22.7284346937151
SDN,2021,70.36,4.457,34.6421563427994,34.101,0.2,21.69141006,56.9352476681987,21.1392126918977
SDN,2022,72.02,4.384,34.7209852053086,34.698,0.2,25.75139618,59.8058415120202,19.5518881348804
SDN,2023,97.57,4.323,34.7960076976764,,0.2,21.0830822,62.7305457858252,17.9671939060165
SDN,2024,98.25,4.264,34.8673015510839,,0.2,,65.7085965688426,16.385653844274
SDN,2025,,,34.9349444966605,,,,,
SEN,2000,230.37,5.498,40.6667555531967,49.009,0.7,21.41570663,36.6397850159843,24.8069419665782
SEN,2001,176.61,5.397,40.8763420163126,48.932,0.7,23.45893669,37.6230679917559,24.0211386301747
SEN,2002,156.98,5.301,41.1081471561292,48.78,0.7,26.46221161,38.6343782520626,23.2387246991955
SEN,2003,168.09,5.246,41.35893934855,48.725,0.7,35.14493942,39.7038070707232,22.4111972088731
SEN,2004,129.2,5.192,41.6248193895895,48.684,0.7,41.94406128,40.8160197921212,21.553024817719
SEN,2005,132.26,5.133,41.9057599695838,48.693,0.7,36.00606155,41.9259089969181,20.7035064776408
SEN,2006,121.53,5.064,42.2046413043069,48.622,0.6,38.28113556,43.0340621400577,19.8620569369359
SEN,2007,98.57,5.018,42.524343609533,48.111,0.6,40.60185623,44.1399592498468,19.0290208292781
SEN,2008,52.18,5.024,42.867747101036,47.615,0.6,49.05390167,45.2434542159987,18.2044309527332
SEN,2009,32.88,5.025,43.23773199459,47.13,0.6,50.27443314,46.3440817777614,17.3885811495985
SEN,2010,60.4,5.055,43.6371785059692,46.648,0.5,51.38805008,47.4423428976999,16.5809685941644
SEN,2011,48.31,5.099,44.0689668509475,46.133,0.5,57.93114853,48.5377592186689,15.7818977171033
SEN,2012,53.04,5.129,44.5359772452989,45.155,0.5,56.61458969,49.6298898995035,14.9916306110385
SEN,2013,57.87,5.049,45.0398750539456,44.155,0.5,60.51578903,50.7188973203129,14.2099463784271
SEN,2014,37.65,4.884,45.6020905341588,43.295,0.4,61.40605545,51.8046299171747,13.4368783482052
SEN,2015,69.27,4.751,46.2747669629858,42.412,0.4,53.32304382,52.8890432398602,12.6708746208893
SEN,2016,45.5,4.648,47.0553579909929,47.883,0.4,53.90053558,53.9714940731355,11.9124075239672
SEN,2017,52.06,4.489,47.9338349639053,44.126,0.4,56.49185944,55.0521038030032,11.1613790200231
SEN,2018,65.83,4.294,48.9001692274485,46.683,0.4,64.37467957,56.1299701818744,10.4184384134642
SEN,2019,41.11,4.1,49.9443321273477,49.26,0.3,64.33670807,57.204943845452,9.68368680710087
SEN,2020,35.59,4.003,51.0562950093282,48.976,0.3,75.16521454,58.276399086684,8.95755307038643
SEN,2021,41.85,3.936,52.2260292191155,49.906,0.3,71.12162781,59.3441523766207,8.2401587693517
SEN,2022,38.1,3.864,53.4435061024348,50.472,0.3,63.44842529,60.407587055533,7.53191447243997
SEN,2023,34.69,3.818,54.6992276190794,50.437,0.3,73.22670746,61.4661335345473,6.83318651884742
SEN,2024,36.78,3.765,55.2368169057304,50.404,0.3,,62.5195952667746,6.14409675201654
SEN,2025,,,55.7672494455246,50.596,,,,
SLE,2000,424.58,6.355,35.5327867241975,61.945,1.6,17.66835022,7.69468734199492,25.5285978182674
SLE,2001,425.06,6.305,35.763651295501,61.894,1.7,19.32042122,7.92617092793216,25.1163754090329
SLE,2002,425.58,6.23,36.0082791496616,62.113,1.7,22.29375267,8.15825825383365,24.7054131601461
SLE,2003,414.3,6.087,36.2690511597053,62.133,1.7,21.7804718,8.39095201927437,24.2957209373475
SLE,2004,405.39,5.919,36.5491283814755,63.849,1.7,23.03477859,8.94954704248469,23.8873101219003
SLE,2005,401.19,5.807,36.8485519672439,62.798,1.7,26.04933357,9.53865069026283,23.4589320334749
SLE,2006,397.65,5.737,37.1703805343647,61.845,1.6,29.63347244,10.156650697941,23.0161927135805
SLE,2007,405.15,5.643,37.5122859420526,60.9,1.6,31.90766907,10.7956031143398,22.5753816250902
SLE,2008,427.1,5.563,37.8725951588418,59.962,1.6,37.23431396,11.4555098785818,22.1365152923224
SLE,2009,445.04,5.448,38.2496351532666,59.002,1.6,39.29960632,12.1362206469185,21.6998741877011
SLE,2010,438.89,5.327,38.6417328938613,58.075,1.6,37.84529114,12.837725625722,21.2654667149613
SLE,2011,427.79,5.209,39.0472153491602,57.156,1.6,49.6336174,13.5601796070667,20.8330514115608
SLE,2012,413.44,5.064,39.4644094876975,56.266,1.6,51.99141312,14.3035861709667,20.4026448705346
SLE,2013,396.12,4.873,39.8916422780075,55.364,1.6,84.93772125,15.0676033654272,19.9747622771395
SLE,2014,380.3,4.703,40.3272406886245,54.284,1.6,143.60603333,15.8525627081666,19.5489141187052
SLE,2015,367.82,4.548,40.7669565187099,53.674,1.6,118.66024017,16.6582857856538,19.1253623297383
SLE,2016,363.56,4.466,41.229411538771,53.117,1.6,84.22316742,17.4849469878374,18.7038768810225
SLE,2017,350.55,4.389,41.7106682105058,52.676,1.6,47.37737274,18.3338579581936,18.282840077904
SLE,2018,340.61,4.294,42.2011025267803,52.191,1.6,44.82733536,19.205484723374,17.8618768862261
SLE,2019,321.88,4.192,42.7018444914441,52.086,1.5,48.13619995,20.0997388519849,17.4413180772797
SLE,2020,313.11,4.08,43.2129659123546,51.428,1.5,47.8861618,21.0167123808123,17.0212617915016
SLE,2021,305.82,3.978,43.7345385973699,51.708,1.5,44.90049362,21.9564987659226,16.6018058176019
SLE,2022,298.19,3.876,44.2666343543487,51.981,1.5,41.31875229,22.9191878036943,16.1830407253225
SLE,2023,284.08,3.791,44.809324991151,51.974,1.4,35.76205063,23.9048711595784,15.765068663946
SLE,2024,282.67,3.703,45.3626823156371,51.922,1.4,,24.9136362418086,15.3479810766351
SLE,2025,,,45.9267781356681,51.691,,,,
SOM,2000,133.15,7.645,33.0596136927225,27.72,0.3,,20.1837885796287,59.3025548203561
SOM,2001,141.04,7.636,33.5128183866634,27.747,0.3,,20.9631310018359,57.3287897947901
SOM,2002,133.37,7.626,33.9872055053711,27.773,0.2,,21.7385524325851,55.3677712312833
SOM,2003,132.19,7.603,34.4719665654476,27.803,0.2,,22.6666436152902,53.1596221476195
SOM,2004,120.72,7.568,34.9620706047618,27.84,0.2,,23.5876311312832,50.9763175642402
SOM,2005,131.66,7.527,35.4674928136211,27.898,0.2,,24.6385730237392,48.8209022939767
SOM,2006,118.99,7.49,35.9982083823331,27.971,0.2,,25.6985522654712,46.6912552859742
SOM,2007,95.9,7.457,36.5641925012053,28.041,0.2,,25.4724809628705,46.6380680870876
SOM,2008,60.03,7.415,37.1754203605454,28.041,0.2,,26.8675518309153,44.038234671017
SOM,2009,38.1,7.376,37.8418671506609,28.018,0.2,,28.2620333243978,41.4879702044595
SOM,2010,41.12,7.322,38.5735080618592,27.984,0.1,,29.6552314134568,38.9867928302114
SOM,2011,33.62,7.268,39.380318284448,27.894,0.1,,31.0429095384234,36.5396018243066
SOM,2012,34.13,7.211,40.2722730087349,27.807,0.1,,32.0476374113968,34.7109934899636
SOM,2013,40.43,7.14,41.2593474250273,27.82,0.1,12.88169384,33.058251557305,32.9042548712357
SOM,2014,46.61,7.061,42.3515167236328,27.823,0.1,13.15052128,34.0748734228162,31.1185550790284
SOM,2015,55.22,6.975,43.8618107408479,27.84,0.1,14.11613941,35.0972405875154,29.3536487079161
SOM,2016,55.25,6.878,45.942842729174,27.782,0.1,11.76618958,36.1250378584049,27.6093665466885
SOM,2017,54.91,6.766,48.3639630032265,27.809,0.1,13.51753426,37.1573619625344,25.8863964856385
SOM,2018,56.16,6.662,50.9506215336872,27.693,0.1,12.7819252,38.1938671112932,24.184611779032
SOM,2019,56.65,6.56,51.6421170703225,27.623,0.1,12.99074364,39.2334053088705,22.5050092401358
SOM,2020,56.5,6.453,52.286318011754,27.163,0.1,12.79912567,40.2756265135548,20.8474378771627
SOM,2021,55.35,6.353,52.9060649733324,27.1,0.1,15.01879692,41.3196817201459,19.2124460661803
SOM,2022,54.67,6.255,53.5010115886789,27.438,0.1,16.31684875,42.3649691614571,17.6002147607979
SOM,2023,54.37,6.132,54.0714435506882,27.48,0.1,22.37065506,43.4108945004739,16.0109241140852
SOM,2024,53.28,6.013,54.6176465524521,27.477,0.1,,44.4568438332571,14.4447518486917
SOM,2025,,,55.1399062872976,27.433,,,,
SSD,2000,344.59,6.803,16.0428540117317,65.212,2.4,,,
SSD,2001,344.91,6.654,16.2559618671544,65.242,2.4,,,
SSD,2002,339.69,6.515,16.447645411794,65.314,2.5,,,
SSD,2003,329.78,6.353,16.6154472307377,65.353,2.5,,,
SSD,2004,315.5,6.19,16.7569099090725,65.309,2.5,,,
SSD,2005,305.86,6.022,16.8695760318857,65.218,2.4,,,
SSD,2006,292.76,5.853,16.9509881842643,65.119,2.4,,,
SSD,2007,274.8,5.704,16.9986889512954,65.016,2.3,,,
SSD,2008,268.1,5.569,17.0301141193955,64.893,2.3,,,
SSD,2009,271.12,5.446,17.2937284639317,64.707,2.2,,,
SSD,2010,275.62,5.318,17.535620199576,64.561,2.2,,,
SSD,2011,281.33,5.193,17.7817678106789,64.357,2.1,,6.98593579388276,70.8638860993293
SSD,2012,278.4,5.061,18.0321885447664,64.146,2.1,,7.58007556158214,70.2438668831791
SSD,2013,276.1,4.939,18.2868996493633,64.237,2.0,,8.20089254501599,69.6116482059449
SSD,2014,271.04,4.818,18.5459183719929,64.433,2.0,,8.84915620851998,68.9665081157242
SSD,2015,269.31,4.695,18.8092619601773,64.627,2.0,,9.52607939004663,68.3068230063065
SSD,2016,265.71,4.579,19.0769476614377,64.468,1.9,,10.2323689883362,67.6322585923634
SSD,2017,277.3,4.483,19.3489927232944,64.627,1.9,28.05690956,10.968942628146,66.9420424265864
SSD,2018,276.3,4.37,19.6254143932663,64.697,1.8,31.12328529,11.737005779493,66.2349011425796
SSD,2019,285.93,4.26,19.9062299188719,64.58,1.8,35.18021774,12.5375975656084,65.510011614378
SSD,2020,281.6,4.16,20.1914565476286,62.801,1.7,47.40253067,13.0864589618101,64.7660132657946
SSD,2021,276.82,4.047,20.4811115270532,63.249,1.7,34.78803635,13.6458281034803,64.0025978833531
SSD,2022,274.78,3.964,20.7752121046616,64.363,1.6,48.03352737,14.2167630894524,63.2177623033956
SSD,2023,264.93,3.864,21.0737755279692,64.325,1.6,72.75582886,14.3201319980044,63.0137574209662
SSD,2024,254.08,3.785,21.3768190444906,,1.5,,14.4282401482886,62.8004005320106
SSD,2025,,,21.6843599017401,,,,,
STP,2000,222.02,5.157,52.9663437052108,20.703,,49.63587952,20.7903937086521,72.532155250556
STP,2001,287.52,5.097,53.9612039920776,20.321,,47.14751816,21.9474707249804,70.8713627456515
STP,2002,337.42,5.062,55.0882710997103,19.841,,50.61143494,23.1391737283234,69.1772775882609
STP,2003,277.32,5.013,56.4128470868097,20.123,,71.20994568,24.3386290849609,67.4813926240596
STP,2004,294.77,4.962,57.8774845467458,20.163,,71.05591583,25.5404255353565,65.7898340588617
STP,2005,112.22,4.939,59.4188016908917,20.067,,80.13071442,26.8577839135173,64.1038323563135
STP,2006,31.07,4.933,60.9734167306206,20.017,,57.2040329,28.1835957707981,62.4228598681396
STP,2007,14.27,4.957,62.4779478773056,20.171,,59.71631241,29.5170578703442,60.7470275754912
STP,2008,36.01,4.906,63.8690133423199,20.323,,64.58831787,30.857384929578,59.0764421343839
STP,2009,34.76,4.838,65.0832313370367,20.396,,64.90551758,32.2032374350904,57.4117968048321
STP,2010,17.3,4.769,66.0572200728291,20.513,,60.94829941,33.5544418305556,55.7525763601929
STP,2011,45.47,4.718,66.7275977610702,20.594,,69.45979309,34.9099928554753,54.0991566681164
STP,2012,66.25,4.664,67.0335889448132,20.748,,86.29039001,36.2694678517073,52.4513189806844
STP,2013,47.85,4.584,67.1306686401367,21.028,,124.59179688,37.6279828671376,50.8136121071013
STP,2014,8.91,4.485,67.2606735229492,21.278,,118.70980835,38.9858756147002,49.1851071277501
STP,2015,10.27,4.354,67.3915710449219,21.458,,85.37828827,40.3427054934035,47.5657583763091
STP,2016,10.99,4.203,67.5218887329102,21.631,,109.73142242,41.6983508891345,45.9552334871268
STP,2017,10.82,4.069,67.6520004272461,21.777,,117.07767487,43.0527347494608,44.3532076451687
STP,2018,13.97,3.977,67.7828826904297,21.721,,108.87628937,44.4058041526004,42.7593541109463
STP,2019,11.47,3.9,67.9129943847656,21.6,,106.86884308,45.7575570286583,41.1733645275685
STP,2020,8.89,3.827,68.0436706542969,20.885,,159.84396362,47.1080132831109,39.5949230117429
STP,2021,12.25,3.759,68.1738967895508,21.079,,187.06524658,48.4573502739393,38.0235996845451
STP,2022,17.54,3.695,68.3720919798341,21.402,,139.02836609,48.5350542796998,36.4592250365749
STP,2023,10.17,3.644,68.6043921103568,21.328,,171.05166626,48.6086612768342,34.9015151949728
STP,2024,30.09,3.596,68.8710170184884,21.272,,,48.6785052753612,33.3499222989238
STP,2025,,,69.1721865415984,21.21,,,,
SWZ,2000,2.7,4.03,22.8409330761997,40.168,24.2,76.93126678,50.2519164138463,22.0879730712913
SWZ,2001,4.74,3.944,22.7095619136459,39.646,25.2,75.41345978,50.7480641733809,21.1314948760786
SWZ,2002,2.26,3.854,22.5690884303038,39.235,25.9,74.66481781,51.2776269086054,20.1714631119696
SWZ,2003,1.15,3.796,22.4312316968119,38.872,26.3,131.40959167,51.8180236273176,19.2079187871084
SWZ,2004,1.91,3.76,22.3077107838089,38.544,26.6,175.89544678,52.3689358798259,18.2413225666504
SWZ,2005,0.92,3.704,22.2102447619336,38.206,26.8,217.26066589,52.9308437622057,17.2710361346607
SWZ,2006,0.51,3.632,22.1505527018245,37.897,27.0,237.50752258,53.5034552326693,16.2975123749994
SWZ,2007,0.28,3.58,22.139989967508,37.532,27.2,252.24301147,54.091290182986,15.3125230901294
SWZ,2008,0.19,3.567,22.1692008829856,37.605,27.5,265.72091675,54.7111665894608,14.2772539834646
SWZ,2009,0.34,3.504,22.2343865624794,37.698,27.7,279.68212891,55.3293473329565,13.2472992784648
SWZ,2010,0.86,3.375,22.3330792067471,37.919,28.0,343.04284668,55.9457205621273,12.2226977167936
SWZ,2011,1.21,3.317,22.4634753665393,38.212,28.4,365.25265503,56.5601896645653,11.2033618399947
SWZ,2012,1.3,3.266,22.6237715926065,38.583,28.8,340.03012085,57.1723082291424,10.1975296162052
SWZ,2013,2.3,3.237,22.8121644356992,38.851,29.2,303.40438843,57.7849166217817,9.19536774537724
SWZ,2014,1.22,3.181,23.026850446568,39.084,29.4,282.43395996,58.3979502299524,8.19700102977145
SWZ,2015,0.99,3.122,23.2660261759632,39.245,29.3,250.71520996,59.0113147479488,7.20235533102008
SWZ,2016,0.78,3.068,23.5278881746356,39.518,29.0,226.41770935,59.6244143156364,6.21103996342381
SWZ,2017,1.36,3.018,23.8052004963161,38.361,28.6,265.50152588,60.236840423133,5.22340708721643
SWZ,2018,2.1,2.971,24.0579295404227,37.157,28.1,292.33929443,60.8480464368627,4.23968710257918
SWZ,2019,0.76,2.925,24.3459549517751,36.051,27.6,320.05084229,61.4575194811054,3.26018293049568
SWZ,2020,0.7,2.888,24.6652798922192,33.171,26.9,236.99609375,62.0647533053702,2.28519844673102
SWZ,2021,1.49,2.841,25.0156180525173,32.716,26.1,297.72213745,62.6692355268683,1.31503725687426
SWZ,2022,0.63,2.801,25.396682918542,32.04,25.2,284.75802612,63.2702587161203,0.358496793524553
SWZ,2023,1.73,2.753,25.8081878500755,33.494,24.3,296.04562378,63.8676533294277,0.3588010907153
SWZ,2024,0.55,2.718,26.2498461258639,33.464,23.4,,64.4605026249554,0.359186018288598
SWZ,2025,,,26.7213709706525,33.683,,,,
SYC,2000,,2.08,43.3974230710038,,,340.23703003,95.4940997507991,1.00420910334426
SYC,2001,,1.98,43.2172985855685,,,334.48275757,95.6912191218088,0.994489616635846
SYC,2002,,2.04,43.0948464521927,,,340.82293701,95.8883384928185,0.984770129927437
SYC,2003,,2.06,43.0049328648162,,,394.09664917,96.0854578638281,0.975050643219024
SYC,2004,,2.01,42.9237756892027,,,444.24789429,96.2825772348378,0.965331156510615
SYC,2005,,2.2,42.8510349075107,,,457.77093506,96.4796966058475,0.955611669802202
SYC,2006,,2.11,42.7880431397027,,,487.17950439,96.6768159768572,0.94589218309379
SYC,2007,,2.24,42.7361330057413,,,428.61749268,96.8739353478668,0.93617269638538
SYC,2008,,2.33,42.696637125589,,,367.36502075,97.0710547188765,0.926453209676968
SYC,2009,,2.38,42.6708881192085,,,310.96310425,97.2681740898861,0.916733722968555
SYC,2010,,2.13,42.660307244583,,,449.52416992,97.4652934608958,0.907014236260146
SYC,2011,,2.3,42.6739844860866,,,457.16436768,97.6624128319055,0.897294749551733
SYC,2012,,2.32,42.7261758463169,,,562.99871826,97.8595322029151,0.88757526284332
SYC,2013,,2.21,42.815069634181,,,545.24871826,98.0566515739248,0.877855776134911
SYC,2014,,2.19,42.9386256186342,,,588.18261719,98.2537709449345,0.868136289426499
SYC,2015,,2.26,43.094803568632,,,566.96704102,98.4508903159442,0.858416802718089
SYC,2016,,2.33,43.2815632531296,,,673.19622803,98.6480096869539,0.848697316009677
SYC,2017,,2.34,43.4968644410824,,,667.09515381,98.8451290579635,0.838977829301264
SYC,2018,,2.34,43.7386669014459,,,685.10827637,98.8746286644801,0.827854900220592
SYC,2019,,2.31,44.0049304031754,,,675.47839355,98.885830584073,0.816619273748215
SYC,2020,,2.2,44.2936147152263,,,670.88684082,98.8969906145227,0.805425662464715
SYC,2021,,2.38,44.6026796065539,,,629.85974121,98.8985665517452,0.803844983204386
SYC,2022,,2.2,44.9108209981157,,,707.34448242,99.7,0.0
SYC,2023,,2.18,45.0971081321658,,,766.28778076,99.7,0.0
SYC,2024,,1.85,45.2898622460415,,,,99.7,0.0
SYC,2025,,,45.4828390704609,,,,,
TCD,2000,272.13,7.249,21.6527690760484,68.532,2.4,10.07452297,9.69267435850219,71.3704796579782
TCD,2001,276.62,7.231,21.6780982595188,68.063,2.4,11.64042854,9.7751135418566,71.0031155914639
TCD,2002,243.18,7.201,21.7007762031515,67.603,2.3,18.01737785,9.85770983495689,70.6365905870198
TCD,2003,240.34,7.179,21.7207031172239,67.152,2.2,18.0202446,9.94081082830359,70.2695649130512
TCD,2004,237.39,7.16,21.7377792120134,66.703,2.2,27.74994278,10.0242446229249,69.9027114323278
TCD,2005,241.27,7.134,21.7519046977973,66.221,2.1,31.27608871,10.1080110721991,69.5360282077295
TCD,2006,242.2,7.118,21.7629797848529,65.694,2.0,33.8651123,10.1921113947544,69.1695122260596
TCD,2007,236.14,7.092,21.7709046834576,65.118,1.9,34.0423584,10.2767459840374,68.8025099763543
TCD,2008,237.86,7.063,21.7755796038887,64.566,1.8,36.89921951,10.3615175647599,68.4363407192372
TCD,2009,245.1,7.021,21.7784396568755,64.051,1.8,34.82435226,10.4835847980319,68.070348139719
TCD,2010,244.66,6.99,21.8472378191095,63.568,1.7,35.26005936,10.6144013332631,67.69280120685
TCD,2011,228.36,6.948,21.9558736797638,63.055,1.7,37.35868073,10.7545443393763,67.3038531160002
TCD,2012,215.47,6.905,22.1061904148178,62.565,1.6,36.20247269,10.9048548883194,66.9029933690043
TCD,2013,208.02,6.839,22.2975929852391,62.009,1.5,38.59413528,11.0657152698931,66.4910187878544
TCD,2014,212.01,6.781,22.5294513486009,61.474,1.5,42.16276169,11.2377495765285,66.0680580350568
TCD,2015,215.03,6.706,22.8011258828974,60.926,1.4,33.82092285,11.421878644262,65.6336215232408
TCD,2016,214.3,6.623,23.1119734707179,60.369,1.4,31.96038055,11.6187911677525,65.1878531498828
TCD,2017,217.09,6.537,23.461349471105,59.82,1.3,29.9935894,11.8291930674672,64.7309037194822
TCD,2018,224.99,6.464,23.8486084924975,59.293,1.2,31.2043705,12.0541194503815,64.2622824094422
TCD,2019,217.22,6.412,24.2731047386633,59.299,1.2,30.23690224,12.2940184363217,63.7827846882969
TCD,2020,208.74,6.346,24.7341921795416,58.368,1.1,37.73088074,12.5503209104072,63.2912962992237
TCD,2021,206.65,6.255,25.2312246423075,58.432,1.1,37.59156799,12.823518442494,62.7886075101532
TCD,2022,209.09,6.215,25.7635558629694,59.14,1.0,40.17007446,12.9220668166821,62.6130958106164
TCD,2023,205.12,6.12,26.3305395171046,59.07,1.0,47.43893051,13.0279538007946,62.4245168026919
TCD,2024,206.14,6.028,26.9315292389497,58.968,0.9,,13.1415290614475,62.2222410158468
TCD,2025,,,27.5658786336865,58.812,,,,
TGO,2000,445.12,5.1652,33.0994844063309,56.036,3.7,13.0541811,8.03359662210635,65.2075709251444
TGO,2001,441.75,5.12801,33.5503635916513,56.018,3.7,13.04282379,8.26404186167869,63.7667625661162
TGO,2002,450.6,5.09187,34.0011370438307,55.993,3.6,14.65135479,8.49612982372265,62.3312563712711
TGO,2003,466.21,5.047961,34.4513989657696,56.033,3.5,17.7094574,8.7296739646634,60.9017622814918
TGO,2004,478.67,4.994707,34.9007435603688,55.974,3.4,18.62999153,8.96468393915561,59.47835072067
TGO,2005,481.51,5.037823,35.3487650305291,55.85,3.3,20.9699707,9.61445795262473,58.061676727275
TGO,2006,474.94,5.076201,35.795057579151,55.763,3.2,22.74487495,10.2925202802465,56.6512287041922
TGO,2007,447.26,5.102,36.2392154091353,55.966,3.0,22.34309769,10.9986369472506,55.2470763586611
TGO,2008,396.33,5.100197,36.6808327233827,56.262,2.9,26.89384079,11.7327806563873,53.8487510945476
TGO,2009,343.15,5.104276,37.1195037247939,56.507,2.8,28.3035717,12.493855912589,52.4585287110281
TGO,2010,318.53,5.087324,37.5545882975638,56.789,2.7,30.54597664,13.2824677060048,51.0742662619308
TGO,2011,310.57,4.984234,37.9872305648732,57.031,2.7,34.41139603,14.1028173218821,49.6855319091475
TGO,2012,336.21,4.853789,38.4194359598204,57.006,2.6,35.40290833,14.9528006713975,48.2976136183338
TGO,2013,369.59,4.753612,38.8516767884103,56.967,2.5,39.56414795,15.8290583040509,46.9180224152973
TGO,2014,368.98,4.701602,39.2839506458368,56.917,2.4,41.96416092,16.7317561082878,45.5457911314746
TGO,2015,372.35,4.661566,39.7162551272934,56.857,2.3,46.92110825,17.6606158910418,44.1809990161595
TGO,2016,368.57,4.633942,40.1485878279739,56.384,2.2,50.8783493,18.6162879264339,42.8217774915761
TGO,2017,351.15,4.576231,40.5809463430719,55.9,2.2,51.5464592,19.5982705218929,41.4687948422361
TGO,2018,322.45,4.513072,41.013328267781,56.35,2.1,52.43610382,20.6062840876452,40.1221972443004
TGO,2019,289.98,4.450408,41.445731197295,56.806,2.0,48.85387421,21.6400439153227,38.7821418392457
TGO,2020,283.92,4.386312,41.8781527268075,56.154,1.9,52.75213242,22.6992561746885,37.4487802392108
TGO,2021,279.51,4.323871,42.3105904515122,56.36,1.9,52.72237015,23.7836212231427,36.122273814733
TGO,2022,278.59,4.253183,42.7332327975627,56.797,1.8,55.79545593,24.8925910881783,34.8032083074598
TGO,2023,264.8,4.192401,43.2496853032436,56.796,1.7,59.60503769,25.0297462105085,33.4912864063483
TGO,2024,249.25,4.121673,43.8148491605996,56.758,1.6,,25.1681056691569,32.1870789272304
TGO,2025,,,44.3949892074399,56.692,,,,
TZA,2000,334.61,5.67,22.1944164040635,83.736,6.1,12.33031845,3.44646184127631,11.5791019111028
TZA,2001,318.45,5.617,22.5963228653037,83.85,5.9,15.1739912,4.73290413603406,11.4029603327269
TZA,2002,297.33,5.57,23.0306918214565,84.215,5.7,17.0355854,6.02169752992319,11.2266874774265
TZA,2003,278.65,5.578,23.5202087261949,84.569,5.5,20.39437675,7.3420470245643,11.0285137580161
TZA,2004,264.95,5.597,24.0832469119457,84.894,5.2,23.4493866,8.68990145112376,10.82594550799
TZA,2005,251.68,5.579,24.7061884538741,85.177,5.0,27.71374512,10.0407875300945,10.6229920386013
TZA,2006,225.72,5.511,25.3741033202009,85.434,4.9,35.59762955,11.3955838103187,10.4195599911328
TZA,2007,197.89,5.403,26.0720614791471,85.208,4.8,36.23610306,12.7548704063114,10.2157808203305
TZA,2008,174.56,5.324,26.7851328989335,84.938,4.7,36.26182556,14.1197491698762,10.0114507764777
TZA,2009,155.42,5.26,27.498387547781,84.671,4.6,33.9993782,15.4903054261921,9.80703136602248
TZA,2010,145.56,5.225,28.1968953939105,83.69,4.6,37.18493271,16.8680409613497,9.60209986492086
TZA,2011,132.97,5.141,28.865726405543,82.773,4.6,37.75179672,18.2532282424589,9.3970051368762
TZA,2012,121.45,5.137,29.4878764597911,82.429,4.5,41.99654007,19.6470733482155,9.19154457413762
TZA,2013,131.8,5.156,30.0725108782502,82.102,4.5,43.46931839,21.049832968174,8.98606367278156
TZA,2014,146.36,5.122,30.6443077170742,82.182,4.5,39.85456848,22.4616949820223,8.78089441157031
TZA,2015,141.8,5.025,31.2061566592472,82.248,4.5,33.27184296,23.8834363913571,8.57604773993649
TZA,2016,134.05,5.006,31.7577303242916,82.274,4.4,36.65267563,25.3153858621226,8.3717436070093
TZA,2017,123.18,4.988,32.2987013317296,82.305,4.4,39.03767014,26.7585271322434,8.16788236706444
TZA,2018,111.48,4.932,32.8287423010834,82.332,4.3,41.27171326,28.2133927251419,7.96457489277251
TZA,2019,116.09,4.866,33.3475258518752,82.357,4.2,39.97783661,29.6802357492442,7.76203479537662
TZA,2020,123.35,4.801,33.8547246036273,81.353,4.1,31.7036171,31.1602899873696,7.56005713409285
TZA,2021,133.33,4.734,34.3500111758619,82.162,4.0,37.53121185,32.6535108479798,7.35895593920462
TZA,2022,132.39,4.671,34.8234736377147,82.453,3.9,35.93323135,34.1608687863697,7.15862807876888
TZA,2023,138.45,4.606,35.4748019434954,82.455,3.7,36.25619888,35.6824982712263,6.95927897498839
TZA,2024,136.73,4.541,36.1684458862992,82.445,3.5,,37.2193614570345,6.76080588618329
TZA,2025,,,36.8833115936643,82.4,,,,
UGA,2000,482.77,6.788,11.6414758125187,71.674,8.5,16.42602158,14.7116633613524,14.0128565340977
UGA,2001,508.43,6.757,11.9013889740088,71.685,8.2,15.99579906,15.1044104366213,13.5325466401681
UGA,2002,501.62,6.735,12.202793574555,71.642,8.0,15.74441719,15.4966529446954,13.0549521229941
UGA,2003,479.36,6.671,12.5904136719317,71.493,7.7,14.23364067,15.8883472908915,12.5802183570616
UGA,2004,442.78,6.612,13.1221118400615,72.098,7.6,18.60707474,16.2795981231902,12.1083700499142
UGA,2005,426.27,6.525,13.7907239496723,72.623,7.5,25.86819267,16.6697698999299,11.6400295981097
UGA,2006,425.62,6.429,14.5851520274647,72.245,7.4,31.60310555,17.0595600245412,11.1747447278005
UGA,2007,417.91,6.326,15.494298100139,71.835,7.3,36.10126495,17.4484827686049,10.7130066016606
UGA,2008,417.7,6.202,16.5070641943955,71.425,7.2,40.04308701,17.8367866196346,10.2547455048866
UGA,2009,422.8,6.124,17.6123523369348,70.861,7.2,44.3670578,18.2241387733923,9.80031209772144
UGA,2010,405.97,6.019,18.7990645544572,70.692,7.2,51.88574982,18.6107811745522,9.34965474527926
UGA,2011,382.9,5.885,20.0561028736631,77.332,7.1,55.2076683,18.9965285314938,8.90302050222243
UGA,2012,349.79,5.729,21.372369321253,67.436,7.1,55.03918457,19.3814718588075,8.46047168148981
UGA,2013,310.27,5.563,22.7367659239271,82.91,7.0,52.906353,19.7651604775123,8.02240019428369
UGA,2014,292.11,5.408,24.1938503391826,75.386,6.9,50.957798,20.1480923027985,7.58863254414087
UGA,2015,288.7,5.251,24.9777856560427,73.558,6.8,40.09843445,20.5299518497404,7.15947815950945
UGA,2016,281.02,5.112,25.6953567134098,71.562,6.6,39.08125305,20.9104342628765,6.73520727766571
UGA,2017,276.51,4.987,26.4139260579546,69.299,6.5,31.43818092,21.2895047336164,6.31593618980496
UGA,2018,269.21,4.867,27.1280475018884,72.364,6.3,32.9515686,21.6668720905552,5.901886603935
UGA,2019,250.82,4.744,27.8369781799403,74.881,6.1,33.36559677,22.0428914452572,5.4930019086871
UGA,2020,255.66,4.621,28.5399752271502,75.029,5.8,44.73381805,22.4171466106688,5.08954176997491
UGA,2021,268.61,4.51,29.2362957789022,76.591,5.6,51.03484726,22.789614286416,4.69159414705439
UGA,2022,266.58,4.388,29.9251969709665,77.722,5.4,44.47286224,23.1603896161507,4.29921226748062
UGA,2023,267.57,4.283,30.6059359395495,77.795,5.2,45.21318436,23.5293222340079,3.91252654114041
UGA,2024,264.23,4.165,31.2777698213557,77.781,4.9,,23.896386630237,3.53162413870239
UGA,2025,,,31.9399557536617,77.831,,,,
ZAF,2000,3.86,2.413,56.2589954883628,44.214,13.8,236.08114624,60.4973716866815,11.4369077014795
ZAF,2001,5.57,2.373,57.0014339378269,44.094,14.5,202.81065369,61.2759508701069,10.835279236179
ZAF,2002,3.26,2.324,57.6723587528482,43.935,15.1,179.5135498,62.0623724472109,10.2330244242699
ZAF,2003,2.78,2.358,58.3724341232066,43.689,15.5,286.01998901,62.8465144848753,9.63785786899245
ZAF,2004,2.73,2.436,59.0977390950102,43.591,15.8,362.28662109,63.6233578866547,9.0534680769864
ZAF,2005,1.57,2.512,59.8241758378997,43.516,16.1,400.5355835,64.3920939153514,8.48029698968351
ZAF,2006,2.42,2.548,60.5276465215157,43.505,16.3,417.91174316,65.1530628772458,7.91793294680414
ZAF,2007,1.25,2.545,61.1840533154988,43.439,16.6,455.17498779,65.9061304060194,7.36631891498175
ZAF,2008,1.53,2.679,61.7692983894896,43.286,16.8,442.10626221,66.6513463502515,6.82526845253052
ZAF,2009,1.17,2.501,62.2592839131287,41.264,17.1,487.62774658,67.3878839823923,6.29522597084949
ZAF,2010,1.54,2.445,62.6299120560569,39.365,17.4,621.41906738,68.1161861329021,5.77572056060928
ZAF,2011,1.86,2.436,62.850627754452,39.317,17.7,686.87243652,68.8359875393952,5.26679211286048
ZAF,2012,1.23,2.447,62.9616560303263,39.524,17.9,646.49920654,69.5473276761195,4.76826513770617
ZAF,2013,1.58,2.428,63.0524024097034,40.041,18.1,593.80157471,70.2497373907273,4.28031997682857
ZAF,2014,2.11,2.424,63.1352327065742,40.044,18.3,539.30780029,70.9435261806792,3.8026016503569
ZAF,2015,0.87,2.359,63.2096349937231,40.862,18.5,491.90652466,71.6284763129344,3.33511233858753
ZAF,2016,0.75,2.261,63.2750973439347,40.195,18.6,456.56936646,72.3045193020221,2.87776521122091
ZAF,2017,4.06,2.283,63.3311078299936,40.393,18.6,527.52026367,72.9715054204693,2.43051372052171
ZAF,2018,1.63,2.27,63.3771545246841,40.319,18.6,558.80145264,73.6294078282668,1.99324180746815
ZAF,2019,0.81,2.264,63.4127255007908,39.534,18.5,538.80438232,74.2781920666219,1.56583308152209
ZAF,2020,0.74,2.257,63.4373088310982,35.779,18.4,503.46759033,74.917857781457,1.14815986291579
ZAF,2021,0.48,2.248,63.4503925883909,34.332,18.2,592.9465332,75.5483071505453,0.740138977822211
ZAF,2022,0.33,2.227,63.4766699210327,35.701,17.9,570.48028564,76.169562634684,0.397234374624048
ZAF,2023,0.84,2.216,63.5823705163545,37.359,17.6,536.58843994,76.7816295496925,0.337459670626474
ZAF,2024,0.11,2.205,63.6917984858172,37.632,17.2,,77.384521067613,0.276784679881834
ZAF,2025,,,63.8154011002522,37.58,,,,
ZMB,2000,360.33,5.921,35.8735460960387,51.852,13.5,14.80953312,21.0415384052929,29.6097678959606
ZMB,2001,379.23,5.848,35.8846482932758,51.523,13.2,18.94953918,21.6786889419233,28.3967548013236
ZMB,2002,369.96,5.774,36.0706035730014,51.042,12.9,23.19246864,22.413804959209,27.088600405681
ZMB,2003,348.03,5.71,36.3858560115875,50.658,12.6,26.75762367,23.1443864562221,25.7942537529277
ZMB,2004,300.89,5.698,36.8035881130253,50.246,12.3,29.99057961,23.8700357388516,24.513851806543
ZMB,2005,262.52,5.697,37.2969823813059,49.872,12.1,44.99598694,24.5900224977226,23.247862231651
ZMB,2006,225.93,5.679,37.8392213204204,51.417,11.9,58.68175507,25.3042918374618,21.9960702786274
ZMB,2007,194.66,5.613,38.4034874343601,52.958,11.7,51.02414322,26.0121310175446,20.7589109164983
ZMB,2008,171.62,5.53,38.9629632271162,54.47,11.7,61.82287216,26.7137426857946,19.5359227572341
ZMB,2009,166.78,5.453,39.4908312026796,52.855,11.7,59.38909531,27.4075582632773,18.3283414113985
ZMB,2010,169.92,5.359,39.9558857709992,51.272,11.7,59.98767853,28.094335855896,17.1351845608715
ZMB,2011,181.12,5.256,40.3684491825881,52.793,11.7,64.3181076,28.7731031923329,15.9570982912097
ZMB,2012,206.15,5.136,40.7698556821596,54.342,11.8,69.17604828,29.4446855204494,14.7931096943037
ZMB,2013,228.03,5.014,41.1682266235825,54.63,11.8,83.29361725,30.1087309769234,13.643344151394
ZMB,2014,237.47,4.89,41.5634741658525,54.974,11.9,65.39261627,30.7641759274322,12.5085506547609
ZMB,2015,237.78,4.775,41.9555104679652,55.266,11.9,57.38765335,31.4108659962422,11.3886747836841
ZMB,2016,229.08,4.669,42.3442476889162,55.597,11.8,55.39532089,32.0477720583314,10.2843976071506
ZMB,2017,220.1,4.567,42.7295979877011,55.924,11.8,70.93283844,32.674491350081,9.19586575660234
ZMB,2018,222.0,4.492,43.1114735233156,55.533,11.7,69.82767487,33.2903966380539,8.12340984974533
ZMB,2019,223.85,4.418,43.4897864547552,56.247,11.5,85.02349854,33.8947045843208,7.06746430783033
ZMB,2020,234.25,4.323,43.8644489410157,57.2,11.1,60.01779938,34.4868129715486,6.02831211927209
ZMB,2021,240.98,4.246,44.2353731410926,56.975,10.7,74.83802795,35.2442051458646,5.0062357096211
ZMB,2022,246.1,4.175,44.5988511178469,55.964,10.3,75.40128326,35.9950584575439,4.00151888504916
ZMB,2023,252.08,4.101,45.0285853521585,58.33,9.8,79.55635071,36.7391328457853,3.01448549239167
ZMB,2024,252.41,4.036,45.4703838491279,58.251,9.4,,37.4763362189112,2.0453716053157
ZMB,2025,,,45.9171510161461,58.268,,,,
ZWE,2000,102.59,4.009,32.3991568853313,61.884,25.8,,44.5170067494269,33.0821960451934
ZWE,2001,102.59,3.983,32.4999278382836,62.043,24.5,,44.632782507168,32.89446192182
ZWE,2002,102.59,3.925,32.5631884166934,62.215,23.2,,44.8209715461033,31.8134360115359
ZWE,2003,102.59,3.862,32.6003372313948,62.415,21.9,,44.8625993105655,30.9673615276892
ZWE,2004,102.59,3.776,32.6278168233873,62.69,20.6,,44.881689855498,30.1520953685465
ZWE,2005,102.59,3.693,32.6482709722903,62.585,19.5,,44.2555884952354,29.3321404083014
ZWE,2006,102.59,3.635,32.6640794641194,62.528,18.6,,43.6313729086374,28.5079330626085
ZWE,2007,167.62,3.677,32.67762208489,62.397,17.8,,43.0093163519356,27.6790874961934
ZWE,2008,67.51,3.783,32.6912786206175,62.196,17.1,,42.3891736287953,26.8460083511337
ZWE,2009,73.82,3.95,32.7074288573175,62.225,16.6,,41.771197354799,26.008335142873
ZWE,2010,104.38,4.04,32.7284525810054,62.319,16.3,94.44809723,41.1551654585239,25.1664550751529
ZWE,2011,67.45,4.126,32.7567295776968,62.469,16.0,83.82868195,40.5413099103148,24.3200275994952
ZWE,2012,54.46,4.134,32.7931752128328,62.75,15.6,85.69155121,39.929425197268,23.4694155716605
ZWE,2013,78.27,4.111,32.9019343169941,62.875,15.3,96.86148834,39.3197220289687,22.6143022730466
ZWE,2014,97.71,4.011,33.1628075970801,63.0,14.9,111.61201477,38.7170842481052,21.7458636161867
ZWE,2015,94.12,3.911,33.5612641766874,62.559,14.5,103.31652832,38.1206484665361,20.8648511280375
ZWE,2016,66.16,3.828,34.0799460726314,62.175,14.1,102.15909576,37.5291927779865,19.9726189064202
ZWE,2017,114.7,3.768,34.7014953017273,61.799,13.6,91.87199402,36.9416715486173,19.0702055448979
ZWE,2018,53.61,3.744,35.4085538807905,61.421,13.1,114.76815033,36.3571595127659,18.1583955923051
ZWE,2019,65.09,3.748,36.1837638266364,60.944,12.5,55.10725403,35.7743353702206,17.2387584358366
ZWE,2020,94.3,3.754,37.0097671560802,59.093,12.0,51.14250565,35.1923620543494,16.3118281925355
ZWE,2021,27.54,3.765,37.8692058859373,59.159,11.5,60.89874268,34.6099501611517,15.3791267616628
ZWE,2022,28.9,3.767,38.7055207169041,58.636,10.9,68.90727997,34.6178594063559,14.4412354909061
ZWE,2023,49.4,3.724,39.2919370795795,61.449,10.3,62.92946243,34.6283464803415,13.5282409607958
ZWE,2024,11.36,3.674,39.8933716820696,61.335,9.8,,34.6414985324477,12.6278595955807
ZWE,2025,,,40.4951287431452,61.424,,,,
